seed,map,blue,red,winner,reason,rounds,blue_captures,blue_lost,blue_killed,blue_recruited,blue_ability_uses,blue_abilities,blue_spells,blue_recruits,blue_final_units,blue_final_hp,red_captures,red_lost,red_killed,red_recruited,red_ability_uses,red_abilities,red_spells,red_recruits,red_final_units,red_final_hp
1,river_ford,league,baseline,draw,round-limit,30,0,12,2,13,0,{},{},'{\'leaguePike\':6,\'coil\':2,\'pavise\':5}',7,132,0,2,8,9,20,'{\'rally\':15,\'brace\':3,\'charge\':1,\'secondWind\':1}','{\'fireburst\':7,\'ward\':4,\'mend\':6}','{\'pikeman\':7,\'cavalier\':2}',9,223
1,river_ford,baseline,league,draw,round-limit,30,1,1,6,8,41,'{\'rally\':26,\'brace\':14,\'charge\':1}','{\'fireburst\':2,\'ward\':3,\'mend\':1}','{\'pikeman\':6,\'archer\':1,\'cavalier\':1}',9,187,0,6,1,6,0,{},{},'{\'pavise\':3,\'leaguePike\':2,\'coil\':1}',6,133
2,river_ford,league,baseline,draw,round-limit,30,0,7,2,9,0,{},{},'{\'leaguePike\':5,\'pavise\':2,\'coil\':2}',8,169,0,2,6,9,28,'{\'rally\':18,\'focusedShot\':1,\'brace\':9}','{\'ward\':6,\'fireburst\':2,\'mend\':4}','{\'pikeman\':5,\'archer\':4}',8,185
2,river_ford,baseline,league,draw,round-limit,30,0,3,3,10,44,'{\'rally\':27,\'secondWind\':4,\'charge\':2,\'brace\':11}','{\'fireburst\':2,\'ward\':2}','{\'pikeman\':7,\'archer\':1,\'cavalier\':2}',9,196,0,3,3,4,0,{},{},'{\'pavise\':3,\'leaguePike\':1}',6,112
3,river_ford,league,baseline,draw,round-limit,30,0,11,1,14,0,{},{},'{\'leaguePike\':4,\'pavise\':4,\'coil\':6}',9,185,0,1,10,9,26,'{\'rally\':18,\'brace\':2,\'secondWind\':5,\'charge\':1}','{\'fireburst\':3,\'mend\':7,\'ward\':2}','{\'pikeman\':5,\'archer\':3,\'cavalier\':1}',7,129
3,river_ford,baseline,league,draw,round-limit,30,1,11,4,19,35,'{\'rally\':24,\'brace\':8,\'secondWind\':3}','{\'fireburst\':3,\'ward\':3,\'mend\':2}','{\'archer\':4,\'pikeman\':13,\'cavalier\':2}',8,190,0,5,11,5,0,{},{},'{\'leaguePike\':3,\'relicWalker\':2}',6,104
4,river_ford,league,baseline,draw,round-limit,30,0,11,3,11,0,{},{},'{\'leaguePike\':3,\'pavise\':5,\'coil\':2,\'relicWalker\':1}',6,139,0,3,10,10,33,'{\'rally\':27,\'brace\':4,\'secondWind\':2}','{\'mend\':3,\'ward\':1,\'fireburst\':2}','{\'pikeman\':7,\'archer\':3}',8,197
4,river_ford,baseline,league,draw,round-limit,30,1,3,6,14,48,'{\'rally\':30,\'brace\':16,\'secondWind\':2}','{\'ward\':7,\'fireburst\':7,\'mend\':4}','{\'archer\':4,\'pikeman\':10}',7,157,0,10,3,9,0,{},{},'{\'pavise\':4,\'coil\':3,\'leaguePike\':2}',5,103
5,river_ford,league,baseline,draw,round-limit,30,0,10,3,10,0,{},{},'{\'leaguePike\':4,\'coil\':5,\'pavise\':1}',6,108,0,3,8,10,30,'{\'rally\':20,\'brace\':8,\'secondWind\':1,\'charge\':1}','{\'fireburst\':4,\'mend\':5,\'ward\':2}','{\'pikeman\':7,\'archer\':2,\'cavalier\':1}',7,155
5,river_ford,baseline,league,blue,keep-captured,29,1,2,7,10,39,'{\'rally\':22,\'charge\':1,\'secondWind\':1,\'brace\':9,\'focusedShot\':6}','{\'fireburst\':4,\'mend\':1,\'ward\':1}','{\'pikeman\':6,\'archer\':4}',8,197,0,9,2,2,0,{},{},'{\'pavise\':1,\'leaguePike\':1}',1,2
6,river_ford,league,baseline,draw,round-limit,30,0,13,2,12,0,{},{},'{\'leaguePike\':3,\'coil\':5,\'pavise\':4}',5,96,0,2,12,10,31,'{\'rally\':19,\'brace\':5,\'focusedShot\':4,\'secondWind\':2,\'charge\':1}','{\'fireburst\':3,\'mend\':3,\'ward\':2}','{\'pikeman\':7,\'archer\':2,\'cavalier\':1}',8,187
6,river_ford,baseline,league,draw,round-limit,30,1,7,4,13,25,'{\'rally\':17,\'brace\':5,\'charge\':2,\'secondWind\':1}','{\'fireburst\':3,\'mend\':1,\'ward\':2}','{\'archer\':3,\'pikeman\':8,\'cavalier\':2}',8,194,0,5,7,6,0,{},{},'{\'pavise\':3,\'coil\':1,\'leaguePike\':2}',6,100
7,river_ford,league,baseline,draw,round-limit,30,0,11,3,11,0,{},{},'{\'leaguePike\':3,\'coil\':5,\'pavise\':3}',6,110,0,3,10,15,31,'{\'rally\':24,\'brace\':3,\'focusedShot\':2,\'charge\':1,\'secondWind\':1}','{\'fireburst\':3,\'mend\':6}','{\'pikeman\':12,\'archer\':2,\'cavalier\':1}',7,181
7,river_ford,baseline,league,draw,round-limit,30,1,1,8,9,48,'{\'rally\':29,\'brace\':18,\'secondWind\':1}','{\'ward\':4,\'fireburst\':2}','{\'pikeman\':5,\'archer\':3,\'cavalier\':1}',7,154,0,8,1,4,0,{},{},'{\'leaguePike\':2,\'pavise\':1,\'coil\':1}',3,45
8,river_ford,league,baseline,red,keep-captured,22,0,15,1,8,0,{},{},'{\'leaguePike\':4,\'coil\':3,\'pavise\':1}',1,18,0,1,10,9,14,'{\'rally\':8,\'focusedShot\':3,\'charge\':1,\'secondWind\':2}','{\'fireburst\':6,\'mend\':4}','{\'pikeman\':6,\'archer\':3}',8,178
8,river_ford,baseline,league,draw,round-limit,30,1,0,9,7,53,'{\'rally\':35,\'secondWind\':3,\'brace\':12,\'charge\':3}','{\'fireburst\':4,\'ward\':2,\'mend\':3}','{\'pikeman\':6,\'cavalier\':1}',8,171,0,11,0,8,0,{},{},'{\'pavise\':4,\'coil\':2,\'relicWalker\':1,\'leaguePike\':1}',4,44
9,river_ford,league,baseline,draw,round-limit,30,0,12,1,9,0,{},{},'{\'leaguePike\':5,\'coil\':2,\'pavise\':2}',2,30,0,1,12,9,24,'{\'rally\':16,\'brace\':2,\'focusedShot\':1,\'secondWind\':4,\'charge\':1}','{\'ward\':7,\'fireburst\':1,\'mend\':5}','{\'pikeman\':7,\'archer\':2}',8,190
9,river_ford,baseline,league,draw,round-limit,30,2,3,5,9,43,'{\'rally\':28,\'brace\':8,\'secondWind\':6,\'charge\':1}','{\'fireburst\':4,\'ward\':4,\'mend\':1}','{\'pikeman\':6,\'archer\':1,\'cavalier\':2}',8,172,0,7,3,7,0,{},{},'{\'pavise\':6,\'coil\':1}',5,82
10,river_ford,league,baseline,draw,round-limit,30,0,13,2,10,0,{},{},'{\'leaguePike\':6,\'pavise\':2,\'coil\':2}',3,35,0,2,12,11,19,'{\'rally\':11,\'brace\':5,\'focusedShot\':1,\'charge\':1,\'secondWind\':1}','{\'fireburst\':4,\'mend\':4,\'ward\':1}','{\'archer\':6,\'pikeman\':5}',7,161
10,river_ford,baseline,league,draw,round-limit,30,1,1,7,8,35,'{\'rally\':26,\'brace\':8,\'secondWind\':1}','{\'fireburst\':3,\'mend\':4,\'ward\':1}','{\'pikeman\':6,\'archer\':1,\'cavalier\':1}',9,204,0,8,1,7,0,{},{},'{\'pavise\':3,\'coil\':3,\'leaguePike\':1}',6,123
11,river_ford,league,baseline,draw,round-limit,30,0,13,3,8,0,{},{},'{\'leaguePike\':4,\'coil\':3,\'pavise\':1}',2,42,0,3,9,10,27,'{\'rally\':18,\'brace\':5,\'focusedShot\':3,\'charge\':1}','{\'fireburst\':6,\'mend\':3,\'ward\':5}','{\'pikeman\':7,\'archer\':2,\'cavalier\':1}',7,170
11,river_ford,baseline,league,draw,round-limit,30,0,2,11,10,43,'{\'rally\':30,\'brace\':10,\'secondWind\':2,\'charge\':1}','{\'ward\':2,\'fireburst\':2}','{\'pikeman\':6,\'archer\':4}',8,200,0,11,2,7,0,{},{},'{\'leaguePike\':3,\'pavise\':2,\'coil\':2}',2,36
12,river_ford,league,baseline,draw,round-limit,30,0,9,1,12,0,{},{},'{\'leaguePike\':3,\'pavise\':5,\'coil\':4}',8,145,0,1,9,9,44,'{\'rally\':26,\'brace\':14,\'focusedShot\':1,\'secondWind\':3}','{\'fireburst\':2,\'ward\':3,\'mend\':5}','{\'archer\':2,\'pikeman\':7}',8,182
12,river_ford,baseline,league,draw,round-limit,30,1,3,3,14,42,'{\'rally\':27,\'charge\':2,\'brace\':5,\'secondWind\':8}','{\'ward\':4,\'mend\':2}','{\'pikeman\':12,\'cavalier\':1,\'archer\':1}',8,169,0,3,3,4,0,{},{},{"pavise":4},6,120
13,river_ford,league,baseline,draw,round-limit,30,0,14,1,9,0,{},{},'{\'leaguePike\':5,\'coil\':2,\'pavise\':2}',2,30,0,1,14,9,27,'{\'rally\':20,\'brace\':2,\'focusedShot\':1,\'charge\':1,\'secondWind\':3}','{\'ward\':4,\'fireburst\':4,\'mend\':4}','{\'pikeman\':6,\'archer\':2,\'cavalier\':1}',7,141
13,river_ford,baseline,league,draw,round-limit,30,2,1,10,8,54,'{\'rally\':35,\'brace\':16,\'charge\':1,\'secondWind\':2}','{\'fireburst\':3,\'ward\':5,\'mend\':4}','{\'archer\':2,\'pikeman\':6}',6,147,0,12,1,10,0,{},{},'{\'pavise\':4,\'leaguePike\':3,\'coil\':1,\'relicWalker\':2}',5,125
14,river_ford,league,baseline,draw,round-limit,30,0,10,4,8,0,{},{},'{\'leaguePike\':4,\'coil\':3,\'pavise\':1}',4,65,0,4,10,10,34,'{\'rally\':20,\'brace\':9,\'charge\':1,\'focusedShot\':2,\'secondWind\':2}','{\'fireburst\':2,\'ward\':3,\'mend\':4}','{\'pikeman\':7,\'archer\':2,\'cavalier\':1}',7,148
14,river_ford,baseline,league,draw,round-limit,30,0,1,4,8,34,'{\'rally\':22,\'brace\':11,\'secondWind\':1}','{\'fireburst\':3,\'ward\':1,\'mend\':3}','{\'pikeman\':7,\'archer\':1}',8,147,0,4,1,4,0,{},{},{"pavise":4},5,85
15,river_ford,league,baseline,draw,round-limit,30,0,4,3,4,0,{},{},'{\'leaguePike\':3,\'coil\':1}',6,89,0,3,4,10,27,'{\'rally\':19,\'focusedShot\':1,\'charge\':2,\'brace\':5}','{\'ward\':6,\'mend\':5,\'fireburst\':2}','{\'pikeman\':6,\'archer\':3,\'cavalier\':1}',8,187
15,river_ford,baseline,league,draw,round-limit,30,1,0,5,7,33,'{\'rally\':21,\'brace\':12}','{\'ward\':5,\'mend\':3,\'fireburst\':1}','{\'pikeman\':6,\'archer\':1}',8,162,0,5,0,5,0,{},{},'{\'pavise\':4,\'leaguePike\':1}',5,87
16,river_ford,league,baseline,draw,round-limit,30,0,11,4,12,0,{},{},'{\'leaguePike\':4,\'coil\':5,\'pavise\':3}',7,134,0,4,11,11,31,'{\'rally\':25,\'brace\':3,\'focusedShot\':2,\'secondWind\':1}','{\'fireburst\':3,\'ward\':4,\'mend\':2}','{\'pikeman\':7,\'archer\':4}',8,195
16,river_ford,baseline,league,draw,round-limit,30,1,2,6,10,41,'{\'rally\':28,\'secondWind\':2,\'brace\':11}','{\'ward\':4,\'mend\':1}','{\'pikeman\':6,\'archer\':4}',8,200,0,6,2,6,0,{},{},'{\'pavise\':4,\'leaguePike\':2}',5,114
17,river_ford,league,baseline,draw,round-limit,30,0,7,2,7,0,{},{},'{\'leaguePike\':3,\'coil\':3,\'pavise\':1}',6,91,0,2,7,9,47,'{\'rally\':32,\'brace\':11,\'focusedShot\':1,\'secondWind\':3}','{\'mend\':3,\'ward\':2,\'fireburst\':2}','{\'pikeman\':7,\'archer\':2}',8,177
17,river_ford,baseline,league,draw,round-limit,30,1,1,5,9,40,'{\'rally\':29,\'brace\':11}','{\'fireburst\':4,\'mend\':2}','{\'archer\':3,\'pikeman\':6}',8,185,0,6,1,7,0,{},{},'{\'pavise\':6,\'leaguePike\':1}',6,103
18,river_ford,league,baseline,draw,round-limit,30,0,12,6,11,0,{},{},'{\'leaguePike\':1,\'pavise\':5,\'coil\':5}',5,71,0,6,10,15,22,'{\'rally\':14,\'brace\':2,\'focusedShot\':1,\'secondWind\':3,\'charge\':2}','{\'mend\':5,\'ward\':2,\'fireburst\':5}','{\'pikeman\':7,\'archer\':5,\'cavalier\':3}',8,171
18,river_ford,baseline,league,draw,round-limit,30,2,3,5,9,35,'{\'rally\':27,\'secondWind\':2,\'brace\':6}','{\'fireburst\':3,\'ward\':1,\'mend\':4}','{\'pikeman\':6,\'archer\':3}',7,179,0,5,3,6,0,{},{},{"pavise":6},6,116
19,river_ford,league,baseline,draw,round-limit,30,0,6,3,6,0,{},{},'{\'leaguePike\':2,\'pavise\':2,\'coil\':2}',6,138,0,3,6,10,47,'{\'rally\':27,\'brace\':12,\'focusedShot\':3,\'secondWind\':5}','{\'mend\':6,\'ward\':2}','{\'pikeman\':7,\'cavalier\':1,\'archer\':2}',7,167
19,river_ford,baseline,league,draw,round-limit,30,1,2,7,9,37,'{\'rally\':25,\'brace\':11,\'charge\':1}','{\'ward\':3,\'fireburst\':2,\'mend\':3}','{\'archer\':3,\'pikeman\':6}',7,159,0,7,2,7,0,{},{},'{\'leaguePike\':3,\'pavise\':3,\'relicWalker\':1}',6,136
20,river_ford,league,baseline,draw,round-limit,30,0,12,1,12,0,{},{},'{\'leaguePike\':5,\'coil\':2,\'pavise\':4,\'relicWalker\':1}',6,136,0,1,12,9,25,'{\'rally\':17,\'brace\':2,\'focusedShot\':5,\'secondWind\':1}','{\'fireburst\':1,\'ward\':2}','{\'pikeman\':7,\'archer\':2}',8,190
20,river_ford,baseline,league,draw,round-limit,30,2,3,7,9,51,'{\'rally\':29,\'brace\':18,\'charge\':1,\'secondWind\':3}','{\'fireburst\':2,\'ward\':3,\'mend\':2}','{\'pikeman\':7,\'archer\':1,\'cavalier\':1}',8,170,0,8,3,9,0,{},{},'{\'leaguePike\':4,\'pavise\':4,\'coil\':1}',6,106
21,river_ford,league,baseline,draw,round-limit,30,0,9,3,13,0,{},{},'{\'leaguePike\':2,\'pavise\':6,\'coil\':4,\'relicWalker\':1}',9,181,0,3,8,10,37,'{\'rally\':28,\'brace\':8,\'secondWind\':1}','{\'fireburst\':3,\'mend\':3,\'ward\':2}','{\'pikeman\':7,\'archer\':3}',8,193
21,river_ford,baseline,league,draw,round-limit,30,1,1,4,13,45,'{\'rally\':34,\'brace\':11}','{\'ward\':6,\'mend\':4}','{\'pikeman\':12,\'archer\':1}',8,173,0,4,1,5,0,{},{},'{\'leaguePike\':2,\'pavise\':2,\'coil\':1}',7,150
22,river_ford,league,baseline,draw,round-limit,30,0,10,1,13,0,{},{},'{\'leaguePike\':4,\'pavise\':4,\'coil\':4,\'relicWalker\':1}',8,144,0,1,10,8,39,'{\'rally\':21,\'secondWind\':7,\'charge\':5,\'brace\':6}','{\'ward\':8,\'fireburst\':1}','{\'pikeman\':7,\'cavalier\':1}',8,163
22,river_ford,baseline,league,draw,round-limit,30,1,3,6,13,45,'{\'rally\':27,\'brace\':11,\'secondWind\':7}','{\'fireburst\':2,\'ward\':3}','{\'archer\':3,\'pikeman\':10}',8,179,0,6,3,4,0,{},{},'{\'leaguePike\':2,\'pavise\':1,\'coil\':1}',4,69
23,river_ford,league,baseline,draw,round-limit,30,0,11,3,12,0,{},{},'{\'leaguePike\':2,\'pavise\':7,\'coil\':2,\'relicWalker\':1}',7,159,0,3,11,10,30,'{\'rally\':20,\'brace\':4,\'focusedShot\':1,\'charge\':3,\'secondWind\':2}','{\'fireburst\':1,\'mend\':1,\'ward\':4}','{\'pikeman\':7,\'archer\':2,\'cavalier\':1}',7,165
23,river_ford,baseline,league,draw,round-limit,30,1,2,4,10,33,'{\'rally\':22,\'brace\':10,\'secondWind\':1}','{\'ward\':5,\'mend\':2,\'fireburst\':1}','{\'archer\':3,\'pikeman\':7}',8,183,0,4,2,5,0,{},{},{"pavise":5},6,112
24,river_ford,league,baseline,draw,round-limit,30,0,7,2,10,0,{},{},'{\'leaguePike\':5,\'pavise\':2,\'relicWalker\':1,\'coil\':2}',8,174,0,2,7,9,26,'{\'rally\':25,\'brace\':1}','{\'ward\':5,\'fireburst\':1,\'mend\':3}','{\'pikeman\':7,\'cavalier\':1,\'archer\':1}',7,177
24,river_ford,baseline,league,draw,round-limit,30,1,1,10,8,37,'{\'rally\':29,\'brace\':7,\'secondWind\':1}','{\'fireburst\':3,\'mend\':2}','{\'archer\':1,\'pikeman\':6,\'cavalier\':1}',9,195,0,11,1,10,0,{},{},'{\'leaguePike\':1,\'pavise\':6,\'coil\':3}',6,115
25,river_ford,league,baseline,draw,round-limit,30,0,9,3,9,0,{},{},'{\'leaguePike\':3,\'pavise\':3,\'coil\':3}',6,99,0,3,9,11,34,'{\'rally\':26,\'focusedShot\':2,\'charge\':1,\'secondWind\':1,\'brace\':4}','{\'ward\':3,\'mend\':2,\'fireburst\':3}','{\'pikeman\':7,\'archer\':4}',8,179
25,river_ford,baseline,league,draw,round-limit,30,1,2,4,9,52,'{\'rally\':30,\'secondWind\':5,\'charge\':2,\'brace\':15}','{\'ward\':1,\'fireburst\':1}','{\'pikeman\':7,\'cavalier\':1,\'archer\':1}',8,165,0,4,2,5,0,{},{},{"pavise":5},6,111
26,river_ford,league,baseline,draw,round-limit,30,0,12,2,13,0,{},{},'{\'leaguePike\':6,\'pavise\':3,\'coil\':4}',6,126,0,2,11,10,28,'{\'rally\':19,\'brace\':4,\'focusedShot\':2,\'charge\':1,\'secondWind\':2}','{\'mend\':3,\'ward\':8,\'fireburst\':2}','{\'pikeman\':7,\'archer\':3}',8,187
26,river_ford,baseline,league,draw,round-limit,30,1,3,3,9,28,'{\'rally\':20,\'brace\':3,\'charge\':2,\'secondWind\':3}','{\'ward\':3,\'mend\':5,\'fireburst\':1}','{\'pikeman\':7,\'archer\':1,\'cavalier\':1}',8,198,0,3,3,5,0,{},{},'{\'leaguePike\':2,\'pavise\':3}',7,133
27,river_ford,league,baseline,draw,round-limit,30,0,9,4,7,0,{},{},'{\'leaguePike\':3,\'pavise\':2,\'coil\':2}',4,75,0,4,8,13,37,'{\'rally\':24,\'focusedShot\':3,\'charge\':1,\'secondWind\':1,\'brace\':8}','{\'ward\':4,\'fireburst\':1,\'mend\':4}','{\'pikeman\':6,\'archer\':6,\'cavalier\':1}',8,195
27,river_ford,baseline,league,draw,round-limit,30,1,1,6,8,37,'{\'rally\':23,\'brace\':13,\'secondWind\':1}','{\'fireburst\':6,\'ward\':3,\'mend\':3}','{\'pikeman\':7,\'archer\':1}',8,161,0,8,1,8,0,{},{},'{\'pavise\':7,\'coil\':1}',5,80
28,river_ford,league,baseline,draw,round-limit,30,0,6,2,8,0,{},{},'{\'leaguePike\':2,\'pavise\':4,\'coil\':2}',7,146,0,2,6,9,27,'{\'rally\':18,\'secondWind\':2,\'charge\':1,\'brace\':6}','{\'ward\':3,\'mend\':4}','{\'pikeman\':7,\'cavalier\':2}',9,205
28,river_ford,baseline,league,draw,round-limit,30,1,0,6,8,49,'{\'rally\':32,\'brace\':17}',{"ward":2},'{\'archer\':3,\'pikeman\':5}',7,160,0,6,0,5,0,{},{},'{\'pavise\':4,\'leaguePike\':1}',4,84
29,river_ford,league,baseline,draw,round-limit,30,0,14,3,13,0,{},{},'{\'leaguePike\':3,\'pavise\':6,\'coil\':3,\'relicWalker\':1}',6,121,0,3,13,11,31,'{\'rally\':19,\'brace\':5,\'charge\':3,\'secondWind\':4}','{\'fireburst\':4,\'mend\':4,\'ward\':2}','{\'pikeman\':7,\'cavalier\':2,\'archer\':2}',8,191
29,river_ford,baseline,league,draw,round-limit,30,1,3,5,13,33,{"rally":33},'{\'fireburst\':10,\'mend\':3,\'ward\':2}','{\'pikeman\':12,\'archer\':1}',6,150,0,9,3,10,0,{},{},'{\'pavise\':3,\'coil\':2,\'leaguePike\':4,\'relicWalker\':1}',7,144
30,river_ford,league,baseline,draw,round-limit,30,0,13,2,13,0,{},{},'{\'leaguePike\':3,\'pavise\':6,\'coil\':4}',6,127,0,2,11,8,40,'{\'rally\':24,\'brace\':13,\'charge\':1,\'secondWind\':2}','{\'fireburst\':4,\'ward\':2,\'mend\':5}','{\'pikeman\':7,\'cavalier\':1}',8,190
30,river_ford,baseline,league,draw,round-limit,30,2,4,11,11,51,'{\'rally\':30,\'brace\':8,\'charge\':2,\'focusedShot\':9,\'secondWind\':2}','{\'ward\':2,\'fireburst\':5,\'mend\':1}','{\'archer\':3,\'pikeman\':8}',8,182,0,12,4,10,0,{},{},'{\'leaguePike\':4,\'pavise\':3,\'coil\':2,\'relicWalker\':1}',4,82
31,river_ford,league,baseline,draw,round-limit,30,0,12,6,15,0,{},{},'{\'leaguePike\':2,\'pavise\':10,\'coil\':3}',9,203,0,6,11,13,38,'{\'rally\':22,\'focusedShot\':5,\'charge\':2,\'secondWind\':3,\'brace\':6}','{\'mend\':5,\'fireburst\':2,\'ward\':2}','{\'pikeman\':10,\'cavalier\':2,\'archer\':1}',7,172
31,river_ford,baseline,league,draw,round-limit,30,1,2,5,9,42,'{\'rally\':30,\'brace\':10,\'charge\':1,\'secondWind\':1}','{\'fireburst\':5,\'mend\':1,\'ward\':2}','{\'archer\':3,\'pikeman\':6}',7,179,0,7,2,7,0,{},{},'{\'leaguePike\':2,\'pavise\':5}',6,76
32,river_ford,league,baseline,draw,round-limit,30,0,12,4,12,0,{},{},'{\'leaguePike\':4,\'pavise\':4,\'coil\':3,\'relicWalker\':1}',5,88,0,4,11,11,40,'{\'rally\':23,\'brace\':11,\'focusedShot\':3,\'charge\':2,\'secondWind\':1}','{\'fireburst\':4,\'mend\':1}','{\'pikeman\':7,\'archer\':2,\'cavalier\':2}',7,164
32,river_ford,baseline,league,draw,round-limit,30,1,2,7,10,51,'{\'rally\':32,\'brace\':15,\'charge\':2,\'secondWind\':2}',{"fireburst":3},'{\'pikeman\':8,\'archer\':1,\'cavalier\':1}',7,155,0,8,2,6,0,{},{},'{\'pavise\':2,\'coil\':2,\'leaguePike\':2}',4,71
33,river_ford,league,baseline,draw,round-limit,30,0,9,6,9,0,{},{},'{\'leaguePike\':1,\'pavise\':4,\'coil\':4}',5,108,0,6,9,11,35,'{\'rally\':24,\'brace\':7,\'secondWind\':4}',{"fireburst":1},'{\'pikeman\':8,\'archer\':2,\'cavalier\':1}',6,149
33,river_ford,baseline,league,draw,round-limit,30,1,5,2,12,36,'{\'rally\':22,\'brace\':9,\'secondWind\':5}','{\'ward\':2,\'mend\':3}','{\'pikeman\':11,\'archer\':1}',8,152,0,2,5,3,0,{},{},{"pavise":3},6,130
34,river_ford,league,baseline,draw,round-limit,30,0,10,4,10,0,{},{},'{\'leaguePike\':2,\'pavise\':5,\'coil\':3}',6,95,0,4,10,14,38,'{\'rally\':26,\'brace\':8,\'focusedShot\':1,\'secondWind\':2,\'charge\':1}','{\'fireburst\':4,\'ward\':2,\'mend\':1}','{\'pikeman\':10,\'cavalier\':1,\'archer\':3}',8,180
34,river_ford,baseline,league,draw,round-limit,30,1,3,4,10,36,'{\'rally\':20,\'secondWind\':7,\'brace\':9}','{\'ward\':2,\'fireburst\':2,\'mend\':3}','{\'pikeman\':6,\'archer\':3,\'cavalier\':1}',7,169,0,4,3,5,0,{},{},{"pavise":5},6,95
35,river_ford,league,baseline,draw,round-limit,30,0,9,3,10,0,{},{},'{\'leaguePike\':3,\'coil\':3,\'pavise\':4}',7,132,0,3,9,10,38,'{\'rally\':30,\'secondWind\':1,\'brace\':7}','{\'fireburst\':3,\'ward\':3,\'mend\':2}','{\'pikeman\':7,\'archer\':3}',7,169
35,river_ford,baseline,league,draw,round-limit,30,1,1,5,9,59,'{\'rally\':37,\'brace\':18,\'charge\':1,\'secondWind\':3}','{\'fireburst\':2,\'mend\':2}','{\'archer\':3,\'pikeman\':6}',8,189,0,5,1,6,0,{},{},'{\'pavise\':5,\'leaguePike\':1}',6,94
36,river_ford,league,baseline,red,keep-captured,21,0,11,1,5,0,{},{},'{\'leaguePike\':3,\'coil\':1,\'pavise\':1}',1,26,0,1,8,9,16,'{\'rally\':9,\'brace\':1,\'charge\':3,\'secondWind\':2,\'focusedShot\':1}','{\'ward\':4,\'mend\':3,\'fireburst\':4}','{\'cavalier\':1,\'pikeman\':6,\'archer\':2}',7,133
36,river_ford,baseline,league,draw,round-limit,30,1,3,4,10,26,'{\'rally\':19,\'secondWind\':4,\'brace\':3}','{\'fireburst\':4,\'ward\':7,\'mend\':2}','{\'pikeman\':6,\'archer\':3,\'cavalier\':1}',8,187,0,5,3,6,0,{},{},'{\'pavise\':5,\'relicWalker\':1}',6,87
37,river_ford,league,baseline,draw,round-limit,30,0,11,2,11,0,{},{},'{\'leaguePike\':6,\'pavise\':3,\'coil\':2}',6,115,0,2,10,9,39,'{\'rally\':21,\'brace\':13,\'focusedShot\':1,\'charge\':2,\'secondWind\':2}','{\'fireburst\':4,\'mend\':2,\'ward\':2}','{\'pikeman\':5,\'archer\':3,\'cavalier\':1}',7,147
37,river_ford,baseline,league,draw,round-limit,30,2,3,4,9,41,'{\'rally\':29,\'brace\':9,\'secondWind\':2,\'charge\':1}','{\'fireburst\':1,\'ward\':1}','{\'pikeman\':7,\'archer\':1,\'cavalier\':1}',8,176,0,4,3,5,0,{},{},{"pavise":5},6,119
38,river_ford,league,baseline,draw,round-limit,30,0,12,4,12,0,{},{},'{\'leaguePike\':4,\'pavise\':3,\'coil\':4,\'relicWalker\':1}',6,134,0,4,9,11,28,'{\'rally\':17,\'focusedShot\':2,\'brace\':8,\'charge\':1}','{\'ward\':3,\'mend\':1,\'fireburst\':4}','{\'pikeman\':4,\'archer\':6,\'cavalier\':1}',7,134
38,river_ford,baseline,league,draw,round-limit,30,1,3,5,11,34,'{\'rally\':21,\'brace\':11,\'charge\':1,\'secondWind\':1}','{\'mend\':5,\'fireburst\':2,\'ward\':1}','{\'pikeman\':8,\'archer\':1,\'cavalier\':2}',7,168,0,6,3,7,0,{},{},'{\'pavise\':4,\'leaguePike\':2,\'relicWalker\':1}',6,99
39,river_ford,league,baseline,draw,round-limit,30,0,16,2,16,0,{},{},'{\'leaguePike\':4,\'pavise\':5,\'coil\':7}',6,86,0,2,15,10,42,'{\'rally\':26,\'brace\':11,\'focusedShot\':2,\'charge\':2,\'secondWind\':1}','{\'fireburst\':3,\'ward\':2,\'mend\':2}','{\'pikeman\':7,\'archer\':2,\'cavalier\':1}',8,186
39,river_ford,baseline,league,draw,round-limit,30,1,0,6,8,46,'{\'rally\':33,\'brace\':13}','{\'ward\':1,\'fireburst\':1,\'mend\':2}','{\'archer\':2,\'pikeman\':6}',7,175,0,6,0,7,0,{},{},'{\'pavise\':6,\'leaguePike\':1}',6,120
40,river_ford,league,baseline,draw,round-limit,30,0,8,3,10,0,{},{},'{\'leaguePike\':5,\'coil\':3,\'pavise\':2}',7,122,0,3,8,10,28,'{\'rally\':9,\'brace\':1,\'focusedShot\':1,\'charge\':7,\'secondWind\':10}','{\'ward\':7,\'fireburst\':3,\'mend\':2}','{\'cavalier\':1,\'pikeman\':6,\'archer\':3}',7,158
40,river_ford,baseline,league,draw,round-limit,30,1,3,9,10,36,'{\'rally\':32,\'secondWind\':1,\'brace\':3}','{\'ward\':8,\'fireburst\':4,\'mend\':1}','{\'pikeman\':6,\'archer\':4}',8,176,0,10,3,7,0,{},{},'{\'pavise\':4,\'leaguePike\':2,\'relicWalker\':1}',3,54
41,river_ford,league,baseline,draw,round-limit,30,0,15,2,14,0,{},{},'{\'leaguePike\':6,\'pavise\':2,\'coil\':6}',5,92,0,2,13,10,30,'{\'rally\':25,\'brace\':4,\'charge\':1}','{\'fireburst\':5,\'ward\':3,\'mend\':3}','{\'pikeman\':7,\'archer\':3}',8,189
41,river_ford,baseline,league,draw,round-limit,30,0,1,4,8,41,'{\'rally\':27,\'brace\':11,\'secondWind\':3}','{\'fireburst\':2,\'mend\':3}','{\'pikeman\':6,\'cavalier\':1,\'archer\':1}',8,167,0,4,1,5,0,{},{},{"pavise":5},6,89
42,river_ford,league,baseline,red,keep-captured,18,0,9,1,3,0,{},{},'{\'leaguePike\':2,\'pavise\':1}',1,14,0,1,8,9,21,'{\'rally\':16,\'brace\':4,\'focusedShot\':1}','{\'fireburst\':7,\'mend\':5,\'ward\':2}','{\'archer\':2,\'pikeman\':7}',8,183
42,river_ford,baseline,league,draw,round-limit,30,0,2,6,8,53,'{\'rally\':32,\'brace\':17,\'charge\':1,\'secondWind\':3}','{\'fireburst\':4,\'ward\':6,\'mend\':2}','{\'pikeman\':6,\'archer\':1,\'cavalier\':1}',8,181,0,7,2,8,0,{},{},'{\'pavise\':4,\'leaguePike\':2,\'coil\':2}',6,121
43,river_ford,league,baseline,draw,round-limit,30,0,11,3,13,0,{},{},'{\'leaguePike\':3,\'pavise\':6,\'coil\':4}',7,122,0,3,9,10,43,'{\'rally\':26,\'focusedShot\':3,\'brace\':11,\'charge\':1,\'secondWind\':2}','{\'fireburst\':4,\'ward\':3,\'mend\':3}','{\'pikeman\':7,\'archer\':3}',7,151
43,river_ford,baseline,league,draw,round-limit,30,1,1,11,9,44,'{\'rally\':30,\'secondWind\':1,\'brace\':13}','{\'fireburst\':3,\'ward\':3}','{\'archer\':2,\'pikeman\':6,\'cavalier\':1}',7,169,0,12,1,8,0,{},{},'{\'pavise\':3,\'leaguePike\':2,\'relicWalker\':1,\'coil\':2}',3,54
44,river_ford,league,baseline,draw,round-limit,30,0,11,4,5,0,{},{},'{\'leaguePike\':2,\'pavise\':1,\'coil\':2}',1,2,0,4,9,11,36,'{\'rally\':23,\'focusedShot\':2,\'charge\':1,\'brace\':10}','{\'fireburst\':4,\'ward\':3,\'mend\':1}','{\'pikeman\':7,\'archer\':3,\'cavalier\':1}',8,198
44,river_ford,baseline,league,draw,round-limit,30,1,3,3,10,44,'{\'rally\':32,\'brace\':12}','{\'ward\':5,\'mend\':4}','{\'archer\':3,\'pikeman\':7}',6,149,0,3,3,4,0,{},{},{"pavise":4},6,130
45,river_ford,league,baseline,draw,round-limit,30,0,9,3,9,0,{},{},'{\'leaguePike\':4,\'pavise\':3,\'coil\':2}',6,101,0,3,9,10,36,'{\'rally\':20,\'focusedShot\':4,\'charge\':2,\'secondWind\':2,\'brace\':8}','{\'fireburst\':2,\'mend\':3,\'ward\':1}','{\'pikeman\':7,\'cavalier\':2,\'archer\':1}',9,174
45,river_ford,baseline,league,draw,round-limit,30,1,2,7,8,45,'{\'rally\':28,\'secondWind\':6,\'charge\':3,\'brace\':8}','{\'fireburst\':2,\'ward\':5,\'mend\':2}','{\'pikeman\':6,\'archer\':1,\'cavalier\':1}',8,177,0,8,2,9,0,{},{},'{\'pavise\':6,\'leaguePike\':1,\'coil\':2}',6,119
46,river_ford,league,baseline,draw,round-limit,30,0,11,1,15,0,{},{},'{\'leaguePike\':1,\'pavise\':6,\'coil\':8}',9,164,0,1,10,8,40,'{\'rally\':24,\'brace\':12,\'secondWind\':3,\'charge\':1}','{\'fireburst\':4,\'mend\':2,\'ward\':3}','{\'pikeman\':7,\'archer\':1}',7,141
46,river_ford,baseline,league,draw,round-limit,30,1,3,6,10,43,'{\'rally\':34,\'brace\':7,\'secondWind\':2}','{\'ward\':2,\'fireburst\':3,\'mend\':1}','{\'archer\':3,\'pikeman\':6,\'cavalier\':1}',7,171,0,6,3,7,0,{},{},{"pavise":7},6,90
47,river_ford,league,baseline,draw,round-limit,30,0,17,4,10,0,{},{},'{\'leaguePike\':6,\'coil\':2,\'pavise\':1,\'relicWalker\':1}',1,24,0,4,13,11,31,'{\'rally\':14,\'brace\':4,\'focusedShot\':3,\'charge\':5,\'secondWind\':5}','{\'fireburst\':7,\'mend\':4,\'ward\':5}','{\'pikeman\':6,\'cavalier\':2,\'archer\':3}',7,183
47,river_ford,baseline,league,draw,round-limit,30,1,5,6,14,34,'{\'rally\':23,\'secondWind\':1,\'brace\':10}','{\'fireburst\':4,\'ward\':5,\'mend\':4}','{\'pikeman\':11,\'archer\':1,\'cavalier\':2}',8,175,0,6,5,4,0,{},{},'{\'pavise\':2,\'leaguePike\':1,\'coil\':1}',4,56
48,river_ford,league,baseline,draw,round-limit,30,0,14,2,8,0,{},{},'{\'leaguePike\':4,\'pavise\':3,\'coil\':1}',1,30,0,2,13,10,33,'{\'rally\':24,\'brace\':8,\'secondWind\':1}','{\'fireburst\':4,\'ward\':4,\'mend\':1}','{\'pikeman\':7,\'archer\':2,\'cavalier\':1}',8,207
48,river_ford,baseline,league,draw,round-limit,30,1,4,6,11,41,'{\'rally\':29,\'brace\':10,\'charge\':1,\'secondWind\':1}','{\'fireburst\':3,\'ward\':6,\'mend\':6}','{\'archer\':3,\'pikeman\':8}',7,160,0,7,4,8,0,{},{},'{\'leaguePike\':2,\'pavise\':4,\'coil\':2}',6,110
49,river_ford,league,baseline,draw,round-limit,30,0,8,4,9,0,{},{},'{\'leaguePike\':4,\'coil\':3,\'pavise\':2}',7,132,0,4,5,11,24,'{\'rally\':20,\'brace\':3,\'charge\':1}','{\'ward\':3,\'fireburst\':4,\'mend\':2}','{\'pikeman\':6,\'archer\':5}',6,159
49,river_ford,baseline,league,draw,round-limit,30,1,3,10,11,45,'{\'rally\':35,\'charge\':1,\'brace\':9}','{\'fireburst\':2,\'ward\':3,\'mend\':1}','{\'pikeman\':7,\'archer\':3,\'cavalier\':1}',7,155,0,11,3,11,0,{},{},'{\'pavise\':4,\'leaguePike\':2,\'coil\':4,\'relicWalker\':1}',6,115
50,river_ford,league,baseline,draw,round-limit,30,0,14,2,11,0,{},{},'{\'leaguePike\':6,\'pavise\':3,\'coil\':1,\'relicWalker\':1}',3,56,0,2,12,11,31,'{\'rally\':22,\'brace\':7,\'focusedShot\':1,\'charge\':1}','{\'fireburst\':3,\'mend\':4,\'ward\':5}','{\'pikeman\':6,\'archer\':4,\'cavalier\':1}',7,156
50,river_ford,baseline,league,draw,round-limit,30,1,2,7,9,36,'{\'rally\':21,\'brace\':12,\'charge\':1,\'secondWind\':2}','{\'fireburst\':3,\'ward\':4,\'mend\':2}','{\'archer\':2,\'pikeman\':7}',6,140,0,7,2,6,0,{},{},'{\'pavise\':4,\'leaguePike\':1,\'coil\':1}',4,60
51,river_ford,league,baseline,draw,round-limit,30,0,10,1,12,0,{},{},'{\'leaguePike\':4,\'pavise\':4,\'coil\':3,\'relicWalker\':1}',8,157,0,1,10,9,27,'{\'rally\':20,\'brace\':3,\'focusedShot\':1,\'charge\':1,\'secondWind\':2}','{\'mend\':5,\'ward\':4,\'fireburst\':1}','{\'pikeman\':7,\'archer\':2}',8,178
51,river_ford,baseline,league,draw,round-limit,30,0,1,8,8,35,'{\'rally\':23,\'secondWind\':3,\'brace\':9}','{\'fireburst\':5,\'ward\':3,\'mend\':2}','{\'pikeman\':6,\'archer\':2}',7,156,0,10,1,7,0,{},{},'{\'pavise\':4,\'leaguePike\':2,\'relicWalker\':1}',3,70
52,river_ford,league,baseline,draw,round-limit,30,0,19,5,18,0,{},{},'{\'leaguePike\':5,\'coil\':8,\'pavise\':5}',5,103,0,5,14,15,39,'{\'rally\':20,\'focusedShot\':9,\'brace\':7,\'charge\':2,\'secondWind\':1}','{\'ward\':7,\'fireburst\':5,\'mend\':7}','{\'pikeman\':8,\'archer\':6,\'cavalier\':1}',6,138
52,river_ford,baseline,league,draw,round-limit,30,1,1,8,8,46,'{\'rally\':29,\'brace\':13,\'secondWind\':4}','{\'fireburst\':4,\'ward\':6,\'mend\':1}','{\'pikeman\':6,\'archer\':2}',7,169,0,8,1,7,0,{},{},'{\'leaguePike\':2,\'pavise\':1,\'coil\':3,\'relicWalker\':1}',5,105
53,river_ford,league,baseline,red,keep-captured,30,0,11,2,4,0,{},{},'{\'leaguePike\':3,\'pavise\':1}',1,22,0,2,8,9,25,'{\'rally\':12,\'brace\':4,\'secondWind\':4,\'charge\':1,\'focusedShot\':4}','{\'fireburst\':5,\'ward\':11,\'mend\':4}','{\'pikeman\':4,\'archer\':5}',7,177
53,river_ford,baseline,league,draw,round-limit,30,1,3,8,12,29,'{\'rally\':20,\'secondWind\':3,\'charge\':1,\'brace\':5}','{\'fireburst\':7,\'ward\':5,\'mend\':5}','{\'pikeman\':8,\'archer\':4}',7,170,0,12,3,8,0,{},{},'{\'pavise\':3,\'leaguePike\':2,\'relicWalker\':2,\'coil\':1}',4,79
54,river_ford,league,baseline,draw,round-limit,30,0,11,2,13,0,{},{},'{\'leaguePike\':3,\'pavise\':6,\'coil\':4}',8,117,0,2,9,10,38,'{\'rally\':19,\'brace\':10,\'secondWind\':5,\'charge\':4}','{\'fireburst\':5,\'mend\':3}','{\'pikeman\':6,\'cavalier\':2,\'archer\':2}',8,183
54,river_ford,baseline,league,draw,round-limit,30,1,4,4,10,51,'{\'rally\':31,\'secondWind\':6,\'brace\':12,\'charge\':2}','{\'fireburst\':2,\'mend\':1}','{\'pikeman\':7,\'cavalier\':2,\'archer\':1}',8,179,0,4,4,4,0,{},{},{"pavise":4},5,97
55,river_ford,league,baseline,draw,round-limit,30,0,9,4,11,0,{},{},'{\'leaguePike\':5,\'pavise\':4,\'coil\':2}',8,153,0,4,7,13,28,'{\'rally\':17,\'brace\':3,\'focusedShot\':5,\'charge\':2,\'secondWind\':1}','{\'ward\':6,\'mend\':4,\'fireburst\':2}','{\'pikeman\':6,\'archer\':5,\'cavalier\':2}',7,183
55,river_ford,baseline,league,draw,round-limit,30,1,1,6,8,46,'{\'rally\':27,\'brace\':11,\'secondWind\':7,\'charge\':1}','{\'fireburst\':1,\'ward\':1,\'mend\':1}','{\'pikeman\':6,\'cavalier\':1,\'archer\':1}',9,197,0,6,1,6,0,{},{},'{\'leaguePike\':2,\'pavise\':2,\'coil\':2}',6,118
56,river_ford,league,baseline,draw,round-limit,30,0,8,2,5,0,{},{},'{\'leaguePike\':3,\'pavise\':2}',3,57,0,2,8,10,21,'{\'rally\':18,\'brace\':2,\'secondWind\':1}','{\'fireburst\':2,\'ward\':2,\'mend\':5}','{\'pikeman\':7,\'archer\':3}',8,197
56,river_ford,baseline,league,draw,round-limit,30,1,3,6,9,36,'{\'rally\':21,\'secondWind\':3,\'brace\':12}','{\'fireburst\':5,\'ward\':2,\'mend\':3}','{\'pikeman\':7,\'archer\':1,\'cavalier\':1}',8,187,0,7,3,6,0,{},{},'{\'pavise\':4,\'leaguePike\':1,\'relicWalker\':1}',4,74
57,river_ford,league,baseline,red,keep-captured,29,0,17,4,9,0,{},{},'{\'leaguePike\':4,\'pavise\':3,\'coil\':2}',0,0,0,4,12,17,28,'{\'rally\':19,\'brace\':2,\'secondWind\':2,\'focusedShot\':3,\'charge\':2}','{\'fireburst\':8,\'mend\':1,\'ward\':2}','{\'pikeman\':13,\'archer\':2,\'cavalier\':2}',8,198
57,river_ford,baseline,league,draw,round-limit,30,0,2,5,8,38,'{\'rally\':33,\'secondWind\':4,\'brace\':1}','{\'fireburst\':2,\'ward\':4,\'mend\':2}','{\'pikeman\':6,\'cavalier\':1,\'archer\':1}',8,175,0,5,2,6,0,{},{},'{\'pavise\':5,\'leaguePike\':1}',6,106
58,river_ford,league,baseline,draw,round-limit,30,0,8,2,9,0,{},{},'{\'leaguePike\':1,\'pavise\':4,\'coil\':2,\'relicWalker\':2}',6,106,0,2,8,10,43,'{\'rally\':30,\'brace\':6,\'secondWind\':5,\'charge\':2}','{\'ward\':3,\'mend\':2,\'fireburst\':2}','{\'pikeman\':7,\'archer\':2,\'cavalier\':1}',8,176
58,river_ford,baseline,league,draw,round-limit,30,1,4,9,11,35,'{\'rally\':24,\'secondWind\':4,\'brace\':5,\'charge\':2}','{\'fireburst\':7,\'ward\':2,\'mend\':7}','{\'pikeman\':7,\'archer\':3,\'cavalier\':1}',7,167,0,11,4,9,0,{},{},'{\'pavise\':6,\'leaguePike\':2,\'coil\':1}',4,72
59,river_ford,league,baseline,draw,round-limit,30,0,11,2,14,0,{},{},'{\'leaguePike\':5,\'pavise\':5,\'coil\':3,\'relicWalker\':1}',8,146,0,2,11,10,34,'{\'rally\':20,\'brace\':8,\'charge\':2,\'secondWind\':4}','{\'fireburst\':1,\'mend\':6,\'ward\':2}','{\'pikeman\':7,\'cavalier\':1,\'archer\':2}',8,185
59,river_ford,baseline,league,draw,round-limit,30,1,7,5,14,33,'{\'rally\':20,\'secondWind\':5,\'charge\':3,\'brace\':5}','{\'fireburst\':5,\'ward\':4,\'mend\':3}','{\'pikeman\':11,\'cavalier\':2,\'archer\':1}',7,170,0,8,7,3,0,{},{},'{\'leaguePike\':1,\'pavise\':1,\'coil\':1}',1,24
60,river_ford,league,baseline,draw,round-limit,30,0,11,5,11,0,{},{},'{\'leaguePike\':5,\'coil\':3,\'pavise\':3}',6,126,0,5,10,12,21,'{\'rally\':15,\'focusedShot\':2,\'secondWind\':2,\'brace\':2}','{\'mend\':7,\'ward\':1,\'fireburst\':3}','{\'pikeman\':8,\'cavalier\':2,\'archer\':2}',7,162
60,river_ford,baseline,league,draw,round-limit,30,0,0,7,7,47,'{\'rally\':30,\'secondWind\':3,\'brace\':14}','{\'ward\':4,\'fireburst\':3,\'mend\':1}','{\'pikeman\':6,\'archer\':1}',8,174,0,7,0,8,0,{},{},{"pavise":8},6,104
61,river_ford,league,baseline,draw,round-limit,30,0,12,2,15,0,{},{},'{\'leaguePike\':5,\'pavise\':4,\'coil\':6}',8,126,0,2,11,10,40,'{\'rally\':21,\'brace\':10,\'charge\':4,\'secondWind\':5}','{\'ward\':3,\'mend\':5,\'fireburst\':2}','{\'pikeman\':6,\'archer\':3,\'cavalier\':1}',8,165
61,river_ford,baseline,league,draw,round-limit,30,1,4,6,13,40,'{\'rally\':26,\'secondWind\':3,\'charge\':1,\'brace\':10}','{\'ward\':4,\'fireburst\':2,\'mend\':3}','{\'pikeman\':9,\'archer\':1,\'cavalier\':3}',8,173,0,6,4,5,0,{},{},'{\'pavise\':2,\'leaguePike\':3}',5,114
62,river_ford,league,baseline,draw,round-limit,30,0,10,3,10,0,{},{},'{\'leaguePike\':2,\'pavise\':2,\'coil\':6}',6,132,0,3,9,10,40,'{\'rally\':29,\'charge\':2,\'secondWind\':1,\'brace\':8}','{\'ward\':5,\'mend\':3,\'fireburst\':1}','{\'pikeman\':7,\'archer\':2,\'cavalier\':1}',7,171
62,river_ford,baseline,league,draw,round-limit,30,1,5,4,12,43,'{\'rally\':29,\'secondWind\':7,\'brace\':4,\'charge\':3}',{"ward":3},'{\'pikeman\':7,\'archer\':3,\'cavalier\':2}',7,174,0,4,5,5,0,{},{},{"pavise":5},6,126
63,river_ford,league,baseline,draw,round-limit,30,0,11,0,11,0,{},{},'{\'leaguePike\':5,\'pavise\':4,\'coil\':2}',6,110,0,0,11,7,52,'{\'rally\':28,\'brace\':19,\'focusedShot\':1,\'charge\':1,\'secondWind\':3}','{\'mend\':3,\'fireburst\':3,\'ward\':2}','{\'cavalier\':1,\'pikeman\':4,\'archer\':2}',8,164
63,river_ford,baseline,league,draw,round-limit,30,0,1,4,11,36,'{\'rally\':21,\'secondWind\':4,\'brace\':11}','{\'ward\':2,\'fireburst\':1,\'mend\':1}','{\'pikeman\':8,\'archer\':3}',7,142,0,4,1,5,0,{},{},{"pavise":5},6,114
64,river_ford,league,baseline,draw,round-limit,30,0,13,1,11,0,{},{},'{\'leaguePike\':6,\'coil\':4,\'pavise\':1}',4,78,0,1,12,9,51,'{\'rally\':32,\'focusedShot\':1,\'charge\':1,\'brace\':17}','{\'ward\':4,\'fireburst\':3,\'mend\':4}','{\'pikeman\':7,\'archer\':2}',7,162
64,river_ford,baseline,league,draw,round-limit,30,1,1,6,8,49,'{\'rally\':35,\'brace\':14}','{\'ward\':4,\'mend\':2}','{\'pikeman\':7,\'archer\':1}',8,168,0,6,1,6,0,{},{},'{\'leaguePike\':2,\'pavise\':3,\'coil\':1}',6,111
65,river_ford,league,baseline,draw,round-limit,30,0,10,4,7,0,{},{},'{\'leaguePike\':4,\'coil\':3}',4,73,0,4,10,14,37,'{\'rally\':22,\'brace\':10,\'focusedShot\':3,\'secondWind\':2}','{\'fireburst\':2,\'ward\':6,\'mend\':4}','{\'pikeman\':10,\'archer\':4}',8,175
65,river_ford,baseline,league,draw,round-limit,30,1,1,8,8,45,'{\'rally\':30,\'brace\':15}','{\'ward\':2,\'fireburst\':3,\'mend\':4}','{\'pikeman\':6,\'archer\':1,\'cavalier\':1}',8,162,0,9,1,8,0,{},{},'{\'pavise\':4,\'coil\':2,\'leaguePike\':1,\'relicWalker\':1}',5,109
66,river_ford,league,baseline,draw,round-limit,30,0,11,3,13,0,{},{},'{\'leaguePike\':4,\'coil\':4,\'pavise\':4,\'relicWalker\':1}',8,190,0,3,10,15,37,'{\'rally\':26,\'brace\':4,\'secondWind\':6,\'charge\':1}','{\'ward\':3,\'mend\':2,\'fireburst\':2}','{\'pikeman\':11,\'archer\':2,\'cavalier\':2}',7,173
66,river_ford,baseline,league,draw,round-limit,30,1,3,6,9,57,'{\'rally\':28,\'brace\':15,\'secondWind\':4,\'focusedShot\':10}','{\'fireburst\':2,\'ward\':1}','{\'archer\':3,\'pikeman\':6}',7,149,0,7,3,6,0,{},{},'{\'pavise\':4,\'coil\':1,\'leaguePike\':1}',4,66
67,river_ford,league,baseline,draw,round-limit,30,0,6,3,6,0,{},{},'{\'leaguePike\':2,\'pavise\':2,\'coil\':2}',6,98,0,3,6,10,28,'{\'rally\':17,\'brace\':10,\'secondWind\':1}','{\'ward\':1,\'mend\':2,\'fireburst\':1}','{\'pikeman\':7,\'archer\':3}',8,182
67,river_ford,baseline,league,draw,round-limit,30,1,2,9,9,45,'{\'rally\':26,\'brace\':13,\'secondWind\':5,\'charge\':1}','{\'ward\':3,\'fireburst\':3,\'mend\':1}','{\'archer\':3,\'pikeman\':6}',7,150,0,9,2,11,0,{},{},'{\'leaguePike\':2,\'pavise\':7,\'relicWalker\':1,\'coil\':1}',8,154
68,river_ford,league,baseline,draw,round-limit,30,0,8,2,11,0,{},{},'{\'leaguePike\':4,\'pavise\':4,\'relicWalker\':2,\'coil\':1}',8,165,0,2,8,11,21,'{\'rally\':15,\'brace\':1,\'focusedShot\':3,\'charge\':1,\'secondWind\':1}','{\'ward\':5,\'fireburst\':1,\'mend\':1}','{\'pikeman\':7,\'archer\':4}',7,166
68,river_ford,baseline,league,draw,round-limit,30,0,1,6,8,41,'{\'rally\':27,\'secondWind\':3,\'brace\':11}','{\'fireburst\':4,\'ward\':1,\'mend\':2}','{\'pikeman\':6,\'archer\':2}',7,144,0,8,1,7,0,{},{},'{\'pavise\':4,\'coil\':2,\'leaguePike\':1}',5,90
69,river_ford,league,baseline,red,keep-captured,23,0,12,1,7,0,{},{},'{\'leaguePike\':4,\'pavise\':2,\'coil\':1}',1,20,0,1,10,9,25,'{\'rally\':15,\'brace\':3,\'focusedShot\':4,\'charge\':1,\'secondWind\':2}','{\'fireburst\':3,\'mend\':4,\'ward\':4}','{\'pikeman\':6,\'archer\':3}',7,159
69,river_ford,baseline,league,draw,round-limit,30,0,2,8,10,52,'{\'rally\':32,\'brace\':15,\'secondWind\':3,\'charge\':2}','{\'fireburst\':4,\'ward\':1}','{\'pikeman\':6,\'archer\':3,\'cavalier\':1}',8,186,0,9,2,6,0,{},{},'{\'leaguePike\':2,\'pavise\':2,\'coil\':2}',3,36
70,river_ford,league,baseline,draw,round-limit,30,0,8,2,11,0,{},{},'{\'leaguePike\':3,\'pavise\':4,\'coil\':3,\'relicWalker\':1}',8,182,0,2,8,9,33,'{\'rally\':26,\'brace\':2,\'secondWind\':4,\'charge\':1}','{\'fireburst\':1,\'mend\':2,\'ward\':6}','{\'pikeman\':7,\'archer\':2}',7,180
70,river_ford,baseline,league,draw,round-limit,30,1,3,5,9,53,'{\'rally\':34,\'brace\':16,\'charge\':1,\'secondWind\':2}','{\'ward\':3,\'fireburst\':2,\'mend\':2}','{\'archer\':1,\'pikeman\':7,\'cavalier\':1}',8,182,0,5,3,6,0,{},{},'{\'pavise\':5,\'leaguePike\':1}',6,108
71,river_ford,league,baseline,draw,round-limit,30,0,12,2,8,0,{},{},'{\'leaguePike\':5,\'coil\':1,\'pavise\':2}',2,27,0,2,12,10,35,'{\'rally\':22,\'brace\':11,\'secondWind\':1,\'charge\':1}','{\'fireburst\':2,\'ward\':4,\'mend\':1}','{\'archer\':2,\'pikeman\':7,\'cavalier\':1}',8,196
71,river_ford,baseline,league,blue,keep-captured,29,1,2,11,8,30,'{\'rally\':19,\'brace\':5,\'secondWind\':3,\'charge\':3}','{\'fireburst\':8,\'ward\':4,\'mend\':1}','{\'pikeman\':6,\'archer\':1,\'cavalier\':1}',8,164,0,13,2,6,0,{},{},'{\'pavise\':2,\'leaguePike\':1,\'coil\':2,\'relicWalker\':1}',0,0
72,river_ford,league,baseline,draw,round-limit,30,0,11,2,9,0,{},{},'{\'leaguePike\':5,\'coil\':1,\'pavise\':2,\'relicWalker\':1}',4,90,0,2,9,10,20,'{\'rally\':14,\'brace\':3,\'focusedShot\':2,\'charge\':1}','{\'fireburst\':4,\'ward\':3,\'mend\':5}','{\'pikeman\':7,\'archer\':2,\'cavalier\':1}',8,202
72,river_ford,baseline,league,draw,round-limit,30,2,9,3,15,21,'{\'rally\':11,\'brace\':2,\'charge\':5,\'secondWind\':2,\'focusedShot\':1}','{\'ward\':4,\'fireburst\':3,\'mend\':4}','{\'pikeman\':7,\'archer\':4,\'cavalier\':4}',6,156,0,6,9,1,0,{},{},{"pavise":1},1,18
73,river_ford,league,baseline,draw,round-limit,30,0,12,3,12,0,{},{},'{\'leaguePike\':4,\'coil\':4,\'pavise\':4}',6,132,0,3,12,10,39,'{\'rally\':27,\'brace\':8,\'focusedShot\':2,\'charge\':1,\'secondWind\':1}','{\'fireburst\':3,\'ward\':2,\'mend\':1}','{\'pikeman\':7,\'archer\':3}',7,165
73,river_ford,baseline,league,draw,round-limit,30,1,1,6,8,47,'{\'rally\':32,\'brace\':15}','{\'fireburst\':2,\'mend\':1,\'ward\':1}','{\'pikeman\':7,\'archer\':1}',8,191,0,6,1,6,0,{},{},'{\'pavise\':5,\'leaguePike\':1}',5,90
74,river_ford,league,baseline,draw,round-limit,30,0,9,3,12,0,{},{},'{\'leaguePike\':4,\'coil\':5,\'pavise\':3}',8,138,0,3,9,9,37,'{\'rally\':25,\'brace\':6,\'secondWind\':4,\'charge\':2}','{\'fireburst\':2,\'ward\':1,\'mend\':1}','{\'pikeman\':7,\'cavalier\':2}',8,193
74,river_ford,baseline,league,draw,round-limit,30,1,2,4,11,35,'{\'rally\':22,\'brace\':12,\'secondWind\':1}','{\'fireburst\':2,\'ward\':1,\'mend\':3}','{\'pikeman\':8,\'archer\':3}',6,140,0,4,2,5,0,{},{},{"pavise":5},6,108
75,river_ford,league,baseline,draw,round-limit,30,0,13,2,13,0,{},{},'{\'leaguePike\':4,\'pavise\':6,\'coil\':3}',6,122,0,2,9,9,37,'{\'rally\':20,\'brace\':12,\'charge\':1,\'secondWind\':4}','{\'fireburst\':6,\'ward\':3,\'mend\':2}','{\'pikeman\':6,\'archer\':2,\'cavalier\':1}',7,157
75,river_ford,baseline,league,draw,round-limit,30,1,2,4,14,34,'{\'rally\':23,\'secondWind\':2,\'brace\':9}','{\'fireburst\':2,\'ward\':2,\'mend\':2}','{\'pikeman\':11,\'archer\':3}',7,139,0,4,2,5,0,{},{},{"pavise":5},6,128
76,river_ford,league,baseline,draw,round-limit,30,0,12,3,10,0,{},{},'{\'leaguePike\':4,\'pavise\':4,\'coil\':2}',4,83,0,3,11,12,21,'{\'rally\':14,\'brace\':4,\'charge\':1,\'focusedShot\':2}','{\'fireburst\':3,\'mend\':4,\'ward\':1}','{\'pikeman\':7,\'cavalier\':2,\'archer\':3}',9,212
76,river_ford,baseline,league,draw,round-limit,30,1,2,7,11,38,'{\'rally\':23,\'brace\':11,\'charge\':2,\'secondWind\':2}','{\'ward\':6,\'fireburst\':6,\'mend\':1}','{\'archer\':1,\'pikeman\':9,\'cavalier\':1}',8,172,0,10,2,10,0,{},{},'{\'pavise\':8,\'coil\':2}',6,99
77,river_ford,league,baseline,draw,round-limit,30,0,14,2,12,0,{},{},'{\'leaguePike\':6,\'coil\':2,\'pavise\':3,\'relicWalker\':1}',5,100,0,2,13,10,28,'{\'rally\':17,\'brace\':4,\'focusedShot\':5,\'charge\':1,\'secondWind\':1}','{\'ward\':4,\'fireburst\':3,\'mend\':4}','{\'archer\':3,\'pikeman\':7}',8,190
77,river_ford,baseline,league,draw,round-limit,30,1,2,3,9,38,'{\'rally\':27,\'brace\':10,\'secondWind\':1}',{"mend":1},'{\'pikeman\':6,\'archer\':3}',8,182,0,3,2,4,0,{},{},{"pavise":4},6,117
78,river_ford,league,baseline,draw,round-limit,30,0,16,2,15,0,{},{},'{\'leaguePike\':8,\'pavise\':4,\'coil\':3}',5,73,0,2,12,12,31,'{\'rally\':23,\'focusedShot\':4,\'brace\':4}','{\'fireburst\':9,\'ward\':4,\'mend\':2}','{\'pikeman\':9,\'archer\':3}',7,165
78,river_ford,baseline,league,draw,round-limit,30,1,3,7,11,43,'{\'rally\':29,\'brace\':12,\'secondWind\':2}','{\'fireburst\':2,\'ward\':2,\'mend\':1}','{\'pikeman\':8,\'archer\':3}',6,150,0,8,3,4,0,{},{},'{\'leaguePike\':3,\'relicWalker\':1}',3,72
79,river_ford,league,baseline,draw,round-limit,30,0,15,3,17,0,{},{},'{\'leaguePike\':5,\'coil\':5,\'pavise\':6,\'relicWalker\':1}',8,167,0,3,15,11,35,'{\'rally\':20,\'brace\':7,\'charge\':2,\'secondWind\':1,\'focusedShot\':5}','{\'mend\':6,\'ward\':3,\'fireburst\':1}','{\'cavalier\':2,\'pikeman\':7,\'archer\':2}',8,184
79,river_ford,baseline,league,draw,round-limit,30,1,1,3,9,50,'{\'rally\':34,\'brace\':11,\'charge\':1,\'secondWind\':4}','{\'ward\':1,\'mend\':1,\'fireburst\':2}','{\'archer\':3,\'pikeman\':6}',8,189,0,3,1,4,0,{},{},'{\'pavise\':3,\'leaguePike\':1}',6,89
80,river_ford,league,baseline,red,keep-captured,28,0,17,3,10,0,{},{},'{\'leaguePike\':6,\'pavise\':2,\'coil\':2}',1,10,0,3,14,10,39,'{\'rally\':24,\'brace\':13,\'charge\':1,\'secondWind\':1}','{\'fireburst\':4,\'mend\':1,\'ward\':2}','{\'pikeman\':7,\'archer\':2,\'cavalier\':1}',7,168
80,river_ford,baseline,league,draw,round-limit,30,1,2,6,9,39,'{\'rally\':25,\'brace\':9,\'secondWind\':5}','{\'fireburst\':4,\'mend\':2,\'ward\':3}','{\'pikeman\':6,\'archer\':3}',7,162,0,8,2,9,0,{},{},'{\'pavise\':7,\'leaguePike\':1,\'coil\':1}',6,106
81,river_ford,league,baseline,draw,round-limit,30,0,15,3,18,0,{},{},'{\'leaguePike\':3,\'pavise\':7,\'coil\':8}',8,144,0,3,13,10,34,'{\'rally\':20,\'brace\':6,\'focusedShot\':5,\'secondWind\':2,\'charge\':1}','{\'fireburst\':6,\'ward\':5,\'mend\':3}','{\'pikeman\':7,\'archer\':2,\'cavalier\':1}',7,178
81,river_ford,baseline,league,draw,round-limit,30,1,4,8,11,44,'{\'rally\':28,\'brace\':12,\'charge\':2,\'secondWind\':2}','{\'fireburst\':2,\'mend\':1,\'ward\':1}','{\'archer\':4,\'pikeman\':6,\'cavalier\':1}',8,177,0,8,4,8,0,{},{},'{\'leaguePike\':3,\'pavise\':2,\'coil\':2,\'relicWalker\':1}',5,97
82,river_ford,league,baseline,draw,round-limit,30,0,12,5,11,0,{},{},'{\'leaguePike\':4,\'pavise\':4,\'coil\':3}',5,74,0,5,11,11,42,'{\'rally\':23,\'brace\':12,\'focusedShot\':6,\'secondWind\':1}','{\'fireburst\':2,\'ward\':2,\'mend\':2}','{\'pikeman\':8,\'cavalier\':2,\'archer\':1}',8,181
82,river_ford,baseline,league,draw,round-limit,30,0,3,3,11,43,'{\'rally\':29,\'charge\':2,\'brace\':11,\'secondWind\':1}','{\'fireburst\':4,\'ward\':4,\'mend\':3}','{\'pikeman\':7,\'archer\':3,\'cavalier\':1}',7,144,0,5,3,6,0,{},{},'{\'pavise\':5,\'coil\':1}',6,101
83,river_ford,league,baseline,draw,round-limit,30,0,10,1,12,0,{},{},'{\'leaguePike\':6,\'coil\':3,\'pavise\':3}',8,163,0,1,10,8,33,'{\'rally\':19,\'brace\':8,\'focusedShot\':4,\'charge\':1,\'secondWind\':1}','{\'fireburst\':3,\'ward\':5,\'mend\':5}','{\'pikeman\':7,\'cavalier\':1}',8,163
83,river_ford,baseline,league,draw,round-limit,30,1,4,8,11,42,'{\'rally\':23,\'brace\':15,\'charge\':3,\'secondWind\':1}','{\'ward\':2,\'fireburst\':2,\'mend\':1}','{\'archer\':3,\'pikeman\':6,\'cavalier\':2}',7,155,0,8,4,8,0,{},{},'{\'leaguePike\':2,\'pavise\':4,\'coil\':2}',5,81
84,river_ford,league,baseline,draw,round-limit,30,0,15,4,12,0,{},{},'{\'leaguePike\':3,\'pavise\':4,\'coil\':4,\'relicWalker\':1}',4,103,0,4,13,12,41,'{\'rally\':21,\'brace\':6,\'focusedShot\':11,\'secondWind\':2,\'charge\':1}','{\'fireburst\':4,\'mend\':6,\'ward\':4}','{\'pikeman\':9,\'archer\':2,\'cavalier\':1}',6,152
84,river_ford,baseline,league,draw,round-limit,30,1,3,13,10,50,'{\'rally\':32,\'brace\':11,\'charge\':1,\'secondWind\':2,\'focusedShot\':4}','{\'ward\':3,\'fireburst\':3,\'mend\':3}','{\'pikeman\':6,\'archer\':4}',7,170,0,16,3,12,0,{},{},'{\'leaguePike\':3,\'pavise\':4,\'coil\':4,\'relicWalker\':1}',3,40
85,river_ford,league,baseline,draw,round-limit,30,1,16,3,10,0,{},{},'{\'leaguePike\':4,\'pavise\':2,\'coil\':4}',1,5,0,3,12,9,39,'{\'rally\':25,\'brace\':8,\'secondWind\':4,\'charge\':1,\'focusedShot\':1}','{\'fireburst\':7,\'mend\':3}','{\'pikeman\':7,\'cavalier\':2}',8,186
85,river_ford,baseline,league,draw,round-limit,30,1,4,5,11,29,'{\'rally\':21,\'brace\':4,\'secondWind\':4}','{\'ward\':4,\'fireburst\':3,\'mend\':1}','{\'pikeman\':8,\'archer\':3}',8,182,0,6,4,6,0,{},{},'{\'leaguePike\':3,\'pavise\':3}',5,90
86,river_ford,league,baseline,draw,round-limit,30,0,12,5,12,0,{},{},'{\'leaguePike\':1,\'pavise\':5,\'coil\':5,\'relicWalker\':1}',6,120,0,5,11,17,30,'{\'rally\':21,\'brace\':4,\'focusedShot\':3,\'secondWind\':1,\'charge\':1}','{\'fireburst\':3,\'mend\':1,\'ward\':3}','{\'pikeman\':13,\'archer\':2,\'cavalier\':2}',7,181
86,river_ford,baseline,league,draw,round-limit,30,1,4,3,9,28,'{\'rally\':17,\'brace\':8,\'secondWind\':3}','{\'fireburst\':2,\'ward\':1}','{\'archer\':3,\'pikeman\':6}',8,185,0,3,4,4,0,{},{},{"pavise":4},6,108
87,river_ford,league,baseline,draw,round-limit,30,0,7,3,11,0,{},{},'{\'leaguePike\':2,\'pavise\':5,\'coil\':4}',9,149,0,3,6,10,22,'{\'rally\':11,\'brace\':1,\'charge\':4,\'secondWind\':6}','{\'fireburst\':3,\'mend\':4,\'ward\':1}','{\'pikeman\':5,\'cavalier\':2,\'archer\':3}',7,153
87,river_ford,baseline,league,draw,round-limit,30,1,2,8,10,33,'{\'rally\':21,\'brace\':11,\'charge\':1}','{\'ward\':5,\'fireburst\':4,\'mend\':6}','{\'archer\':3,\'pikeman\':6,\'cavalier\':1}',7,162,0,8,2,8,0,{},{},'{\'leaguePike\':3,\'pavise\':3,\'coil\':2}',6,108
88,river_ford,league,baseline,draw,round-limit,30,0,10,3,10,0,{},{},'{\'leaguePike\':3,\'pavise\':3,\'coil\':4}',6,112,0,3,7,15,35,'{\'rally\':23,\'brace\':5,\'charge\':3,\'secondWind\':4}','{\'mend\':4,\'ward\':5,\'fireburst\':4}','{\'pikeman\':12,\'archer\':2,\'cavalier\':1}',7,156
88,river_ford,baseline,league,draw,round-limit,30,1,1,3,9,44,'{\'rally\':28,\'brace\':14,\'charge\':1,\'secondWind\':1}','{\'fireburst\':2,\'ward\':1,\'mend\':4}','{\'archer\':3,\'pikeman\':6}',7,155,0,3,1,4,0,{},{},{"pavise":4},6,95
89,river_ford,league,baseline,draw,round-limit,30,0,9,4,7,0,{},{},'{\'leaguePike\':3,\'pavise\':2,\'coil\':2}',4,84,0,4,9,11,41,'{\'rally\':28,\'focusedShot\':1,\'charge\':2,\'secondWind\':1,\'brace\':9}','{\'ward\':10,\'fireburst\':1,\'mend\':1}','{\'pikeman\':7,\'archer\':3,\'cavalier\':1}',7,181
89,river_ford,baseline,league,draw,round-limit,30,2,3,3,10,45,'{\'rally\':31,\'brace\':7,\'charge\':1,\'secondWind\':6}','{\'ward\':4,\'fireburst\':1,\'mend\':2}','{\'archer\':2,\'pikeman\':7,\'cavalier\':1}',7,170,0,3,3,4,0,{},{},'{\'leaguePike\':1,\'pavise\':2,\'coil\':1}',6,93
90,river_ford,league,baseline,draw,round-limit,30,0,11,6,11,0,{},{},'{\'leaguePike\':4,\'pavise\':4,\'coil\':3}',6,114,0,6,9,10,35,'{\'rally\':18,\'brace\':4,\'focusedShot\':4,\'charge\':4,\'secondWind\':5}','{\'fireburst\':3,\'mend\':1,\'ward\':5}','{\'pikeman\':7,\'cavalier\':2,\'archer\':1}',7,173
90,river_ford,baseline,league,draw,round-limit,30,1,1,8,9,36,'{\'rally\':27,\'brace\':8,\'secondWind\':1}','{\'ward\':4,\'mend\':2,\'fireburst\':1}','{\'pikeman\':5,\'archer\':4}',8,191,0,8,1,8,0,{},{},'{\'leaguePike\':2,\'pavise\':6}',5,101
91,river_ford,league,baseline,draw,round-limit,30,0,14,2,17,0,{},{},'{\'leaguePike\':6,\'coil\':5,\'pavise\':6}',9,207,0,2,9,10,45,'{\'rally\':36,\'brace\':8,\'secondWind\':1}','{\'fireburst\':7,\'ward\':3}','{\'pikeman\':7,\'archer\':3}',8,188
91,river_ford,baseline,league,draw,round-limit,30,1,2,6,9,48,'{\'rally\':35,\'secondWind\':6,\'brace\':7}','{\'fireburst\':1,\'ward\':1,\'mend\':1}','{\'pikeman\':6,\'archer\':1,\'cavalier\':2}',9,202,0,6,2,6,0,{},{},'{\'pavise\':5,\'leaguePike\':1}',5,114
92,river_ford,league,baseline,draw,round-limit,30,0,5,4,7,0,{},{},'{\'leaguePike\':2,\'pavise\':5}',7,102,0,4,4,10,20,'{\'rally\':15,\'secondWind\':3,\'brace\':1,\'charge\':1}','{\'fireburst\':3,\'ward\':3,\'mend\':2}','{\'pikeman\':5,\'archer\':3,\'cavalier\':2}',7,155
92,river_ford,baseline,league,draw,round-limit,30,1,4,3,9,31,'{\'rally\':21,\'brace\':8,\'charge\':1,\'secondWind\':1}','{\'ward\':6,\'mend\':4,\'fireburst\':1}','{\'archer\':1,\'pikeman\':7,\'cavalier\':1}',8,179,0,3,4,4,0,{},{},{"pavise":4},6,122
93,river_ford,league,baseline,draw,round-limit,30,0,8,6,7,0,{},{},'{\'leaguePike\':2,\'pavise\':3,\'coil\':2}',5,108,0,6,8,15,43,'{\'rally\':26,\'brace\':12,\'focusedShot\':1,\'secondWind\':3,\'charge\':1}','{\'fireburst\':1,\'ward\':4,\'mend\':1}','{\'pikeman\':10,\'cavalier\':3,\'archer\':2}',7,167
93,river_ford,baseline,league,draw,round-limit,30,1,5,6,12,48,'{\'rally\':24,\'brace\':9,\'charge\':2,\'secondWind\':3,\'focusedShot\':10}','{\'ward\':3,\'mend\':3}','{\'archer\':5,\'pikeman\':6,\'cavalier\':1}',6,166,0,6,5,6,0,{},{},{"pavise":6},5,115
94,river_ford,league,baseline,draw,round-limit,30,0,9,1,10,0,{},{},'{\'leaguePike\':2,\'pavise\':3,\'coil\':4,\'relicWalker\':1}',6,88,0,1,9,8,56,'{\'rally\':33,\'focusedShot\':2,\'brace\':19,\'secondWind\':2}','{\'fireburst\':2,\'mend\':3,\'ward\':1}','{\'pikeman\':7,\'archer\':1}',8,170
94,river_ford,baseline,league,draw,round-limit,30,1,1,6,8,36,'{\'rally\':22,\'brace\':12,\'charge\':1,\'secondWind\':1}','{\'fireburst\':4,\'ward\':2,\'mend\':3}','{\'archer\':1,\'pikeman\':6,\'cavalier\':1}',8,157,0,7,1,8,0,{},{},'{\'pavise\':7,\'leaguePike\':1}',6,103
95,river_ford,league,baseline,draw,round-limit,30,0,8,4,10,0,{},{},'{\'leaguePike\':3,\'pavise\':3,\'coil\':4}',8,154,0,4,7,11,42,'{\'rally\':25,\'charge\':1,\'secondWind\':1,\'brace\':15}','{\'ward\':2,\'mend\':1,\'fireburst\':2}','{\'pikeman\':7,\'archer\':3,\'cavalier\':1}',7,152
95,river_ford,baseline,league,draw,round-limit,30,1,1,4,9,32,'{\'rally\':22,\'brace\':10}','{\'ward\':6,\'fireburst\':1,\'mend\':2}','{\'archer\':3,\'pikeman\':6}',8,178,0,4,1,5,0,{},{},{"pavise":5},6,114
96,river_ford,league,baseline,draw,round-limit,30,0,11,2,7,0,{},{},'{\'leaguePike\':4,\'pavise\':2,\'coil\':1}',2,30,0,2,9,10,28,'{\'rally\':22,\'brace\':4,\'secondWind\':1,\'charge\':1}','{\'ward\':2,\'fireburst\':4,\'mend\':3}','{\'pikeman\':7,\'archer\':3}',8,192
96,river_ford,baseline,league,draw,round-limit,30,1,2,7,14,41,'{\'rally\':28,\'brace\':6,\'charge\':3,\'secondWind\':4}','{\'ward\':10,\'fireburst\':4,\'mend\':4}','{\'pikeman\':11,\'archer\':3}',5,137,0,7,2,8,0,{},{},'{\'pavise\':4,\'leaguePike\':2,\'coil\':2}',6,109
97,river_ford,league,baseline,draw,round-limit,30,0,10,2,12,0,{},{},'{\'leaguePike\':4,\'pavise\':4,\'coil\':4}',7,156,0,2,10,11,16,'{\'rally\':10,\'brace\':2,\'secondWind\':1,\'charge\':1,\'focusedShot\':2}','{\'fireburst\':1,\'mend\':2,\'ward\':4}','{\'pikeman\':7,\'archer\':3,\'cavalier\':1}',8,174
97,river_ford,baseline,league,draw,round-limit,30,1,1,6,10,38,'{\'rally\':22,\'brace\':13,\'secondWind\':2,\'charge\':1}','{\'fireburst\':2,\'mend\':2,\'ward\':3}','{\'pikeman\':8,\'archer\':1,\'cavalier\':1}',8,160,0,7,1,5,0,{},{},'{\'pavise\':3,\'leaguePike\':1,\'relicWalker\':1}',4,80
98,river_ford,league,baseline,draw,round-limit,30,0,10,5,12,0,{},{},'{\'leaguePike\':4,\'pavise\':4,\'coil\':4}',8,162,0,5,10,12,36,'{\'rally\':22,\'brace\':7,\'focusedShot\':2,\'secondWind\':4,\'charge\':1}','{\'ward\':4,\'mend\':4,\'fireburst\':3}','{\'cavalier\':2,\'archer\':3,\'pikeman\':7}',7,154
98,river_ford,baseline,league,draw,round-limit,30,1,4,4,12,26,'{\'rally\':15,\'brace\':7,\'charge\':2,\'secondWind\':2}','{\'ward\':3,\'fireburst\':1,\'mend\':1}','{\'archer\':3,\'pikeman\':5,\'cavalier\':4}',7,148,0,4,4,5,0,{},{},{"pavise":5},6,107
99,river_ford,league,baseline,draw,round-limit,30,0,13,4,10,0,{},{},'{\'leaguePike\':3,\'pavise\':2,\'coil\':4,\'relicWalker\':1}',3,78,0,4,12,13,29,'{\'rally\':20,\'brace\':7,\'focusedShot\':1,\'charge\':1}','{\'fireburst\':5,\'ward\':3,\'mend\':4}','{\'pikeman\':10,\'archer\':3}',8,168
99,river_ford,baseline,league,draw,round-limit,30,1,0,5,8,42,'{\'rally\':30,\'brace\':12}','{\'fireburst\':3,\'mend\':1}','{\'pikeman\':5,\'archer\':3}',7,161,0,5,0,6,0,{},{},{"pavise":6},6,116
100,river_ford,league,baseline,draw,round-limit,30,0,13,2,14,0,{},{},'{\'leaguePike\':6,\'pavise\':4,\'coil\':4}',7,130,0,2,13,9,33,'{\'rally\':17,\'brace\':7,\'charge\':3,\'secondWind\':6}','{\'mend\':5,\'ward\':1,\'fireburst\':3}','{\'pikeman\':7,\'cavalier\':1,\'archer\':1}',7,168
100,river_ford,baseline,league,draw,round-limit,30,0,1,5,8,39,'{\'rally\':27,\'secondWind\':2,\'brace\':10}','{\'fireburst\':3,\'mend\':4,\'ward\':1}','{\'pikeman\':6,\'archer\':1,\'cavalier\':1}',9,196,0,5,1,6,0,{},{},'{\'pavise\':4,\'leaguePike\':1,\'coil\':1}',6,110
1,choke_gap1,league,baseline,draw,round-limit,30,0,17,2,13,0,{},{},'{\'leaguePike\':6,\'coil\':4,\'pavise\':3}',2,12,0,2,12,11,32,'{\'rally\':23,\'brace\':7,\'secondWind\':1,\'charge\':1}','{\'fireburst\':7,\'ward\':5,\'mend\':4}','{\'pikeman\':8,\'archer\':2,\'cavalier\':1}',7,165
1,choke_gap1,baseline,league,draw,round-limit,30,2,4,6,11,35,'{\'rally\':21,\'brace\':11,\'charge\':2,\'secondWind\':1}','{\'fireburst\':3,\'ward\':4,\'mend\':1}','{\'pikeman\':7,\'archer\':3,\'cavalier\':1}',7,150,0,7,4,10,0,{},{},'{\'pavise\':3,\'leaguePike\':4,\'coil\':3}',9,167
2,choke_gap1,league,baseline,draw,round-limit,30,0,21,0,17,0,{},{},'{\'leaguePike\':8,\'pavise\':6,\'coil\':2,\'relicWalker\':1}',2,14,0,0,18,8,41,'{\'rally\':30,\'brace\':4,\'charge\':3,\'secondWind\':4}','{\'ward\':8,\'fireburst\':5,\'mend\':3}','{\'pikeman\':6,\'archer\':2}',7,156
2,choke_gap1,baseline,league,draw,round-limit,30,2,7,4,16,39,'{\'rally\':23,\'brace\':8,\'charge\':4,\'secondWind\':4}','{\'fireburst\':2,\'ward\':3,\'mend\':2}','{\'pikeman\':13,\'archer\':1,\'cavalier\':2}',8,192,0,5,7,6,0,{},{},'{\'leaguePike\':2,\'pavise\':2,\'coil\':2}',6,96
3,choke_gap1,league,baseline,draw,round-limit,30,0,9,4,11,0,{},{},'{\'leaguePike\':4,\'pavise\':4,\'coil\':2,\'relicWalker\':1}',8,156,0,4,8,13,30,'{\'rally\':18,\'brace\':10,\'charge\':1,\'secondWind\':1}','{\'fireburst\':3,\'mend\':6,\'ward\':1}','{\'pikeman\':6,\'archer\':3,\'cavalier\':4}',8,179
3,choke_gap1,baseline,league,draw,round-limit,30,2,5,7,20,36,'{\'rally\':25,\'charge\':2,\'secondWind\':1,\'brace\':8}','{\'fireburst\':3,\'ward\':3,\'mend\':2}','{\'archer\':4,\'pikeman\':15,\'cavalier\':1}',8,185,0,9,5,7,0,{},{},'{\'leaguePike\':3,\'coil\':3,\'pavise\':1}',4,60
4,choke_gap1,league,baseline,draw,round-limit,30,0,7,7,7,0,{},{},'{\'leaguePike\':2,\'pavise\':3,\'coil\':2}',6,109,0,7,7,13,33,'{\'rally\':23,\'brace\':9,\'charge\':1}','{\'mend\':4,\'ward\':2,\'fireburst\':2}','{\'pikeman\':10,\'archer\':3}',8,192
4,choke_gap1,baseline,league,draw,round-limit,30,2,5,5,11,44,'{\'rally\':27,\'charge\':1,\'brace\':16}','{\'ward\':6,\'fireburst\':4,\'mend\':1}','{\'archer\':4,\'pikeman\':7}',7,160,0,7,5,7,0,{},{},'{\'pavise\':4,\'leaguePike\':1,\'coil\':2}',6,109
5,choke_gap1,league,baseline,draw,round-limit,30,0,15,0,16,0,{},{},'{\'leaguePike\':5,\'coil\':7,\'pavise\':4}',7,124,0,0,12,7,37,'{\'rally\':23,\'brace\':14}','{\'fireburst\':4,\'mend\':5,\'ward\':2}',{"pikeman":7},8,171
5,choke_gap1,baseline,league,draw,round-limit,30,1,3,5,10,26,'{\'rally\':17,\'charge\':1,\'secondWind\':1,\'brace\':7}','{\'fireburst\':4,\'ward\':1}','{\'pikeman\':6,\'archer\':4}',7,178,0,6,3,2,0,{},{},'{\'leaguePike\':1,\'pavise\':1}',2,28
6,choke_gap1,league,baseline,draw,round-limit,30,0,11,2,13,0,{},{},'{\'leaguePike\':5,\'coil\':4,\'pavise\':4}',8,161,0,2,9,10,29,'{\'rally\':20,\'brace\':9}','{\'fireburst\':3,\'mend\':3,\'ward\':1}','{\'pikeman\':9,\'cavalier\':1}',8,177
6,choke_gap1,baseline,league,draw,round-limit,30,2,8,6,14,29,'{\'rally\':18,\'brace\':5,\'charge\':4,\'secondWind\':2}','{\'fireburst\':4,\'mend\':1,\'ward\':2}','{\'archer\':3,\'pikeman\':9,\'cavalier\':2}',7,180,0,8,8,10,0,{},{},'{\'leaguePike\':4,\'pavise\':3,\'coil\':3}',8,154
7,choke_gap1,league,baseline,draw,round-limit,30,0,17,5,11,0,{},{},'{\'leaguePike\':5,\'coil\':4,\'pavise\':2}',1,30,0,5,14,14,42,'{\'rally\':24,\'brace\':9,\'charge\':1,\'focusedShot\':5,\'secondWind\':3}','{\'fireburst\':4,\'mend\':6}','{\'pikeman\':11,\'archer\':3}',8,172
7,choke_gap1,baseline,league,draw,round-limit,30,2,7,6,14,26,'{\'rally\':17,\'brace\':6,\'charge\':2,\'secondWind\':1}','{\'ward\':4,\'fireburst\':6,\'mend\':1}','{\'pikeman\':8,\'archer\':4,\'cavalier\':2}',8,184,0,10,7,4,0,{},{},'{\'leaguePike\':2,\'pavise\':1,\'coil\':1}',1,24
8,choke_gap1,league,baseline,draw,round-limit,30,0,11,3,8,0,{},{},'{\'leaguePike\':5,\'coil\':2,\'pavise\':1}',3,47,0,3,11,10,31,'{\'rally\':20,\'brace\':9,\'charge\':1,\'secondWind\':1}','{\'fireburst\':3,\'mend\':3}','{\'pikeman\':8,\'archer\':2}',7,159
8,choke_gap1,baseline,league,draw,round-limit,30,2,3,8,14,31,'{\'rally\':23,\'brace\':7,\'charge\':1}','{\'fireburst\':4,\'ward\':3,\'mend\':3}','{\'pikeman\':12,\'archer\':1,\'cavalier\':1}',7,167,0,9,3,7,0,{},{},'{\'pavise\':3,\'leaguePike\':2,\'coil\':2}',4,78
9,choke_gap1,league,baseline,draw,round-limit,30,0,10,1,10,0,{},{},'{\'leaguePike\':5,\'coil\':2,\'pavise\':3}',6,116,0,1,10,9,33,'{\'rally\':24,\'brace\':9}','{\'ward\':6,\'fireburst\':1,\'mend\':3}','{\'pikeman\':7,\'archer\':2}',8,197
9,choke_gap1,baseline,league,draw,round-limit,30,2,4,7,10,42,'{\'rally\':26,\'charge\':3,\'secondWind\':4,\'brace\':9}','{\'fireburst\':3,\'ward\':4,\'mend\':3}','{\'pikeman\':8,\'archer\':1,\'cavalier\':1}',8,184,0,9,4,10,0,{},{},'{\'pavise\':4,\'leaguePike\':3,\'coil\':3}',7,122
10,choke_gap1,league,baseline,draw,round-limit,30,0,10,0,9,0,{},{},'{\'leaguePike\':5,\'pavise\':2,\'coil\':2}',5,79,0,0,10,7,30,'{\'rally\':20,\'brace\':10}','{\'fireburst\':2,\'mend\':4}','{\'archer\':3,\'pikeman\':4}',8,165
10,choke_gap1,baseline,league,draw,round-limit,30,1,4,7,12,28,'{\'rally\':16,\'brace\':6,\'charge\':1,\'secondWind\':5}','{\'fireburst\':3,\'mend\':7,\'ward\':1}','{\'pikeman\':7,\'archer\':3,\'cavalier\':2}',6,137,0,8,4,9,0,{},{},'{\'pavise\':3,\'leaguePike\':1,\'coil\':5}',7,127
11,choke_gap1,league,baseline,red,keep-captured,26,0,15,2,8,0,{},{},'{\'leaguePike\':4,\'coil\':3,\'pavise\':1}',1,30,0,2,10,9,22,'{\'rally\':13,\'brace\':2,\'charge\':2,\'secondWind\':4,\'focusedShot\':1}','{\'fireburst\':5,\'mend\':3,\'ward\':4}','{\'pikeman\':7,\'archer\':2}',7,173
11,choke_gap1,baseline,league,draw,round-limit,30,1,4,6,15,34,'{\'rally\':23,\'brace\':10,\'charge\':1}','{\'ward\':2,\'fireburst\':2,\'mend\':3}','{\'pikeman\':9,\'archer\':6}',5,134,0,6,4,5,0,{},{},'{\'leaguePike\':3,\'pavise\':1,\'coil\':1}',5,90
12,choke_gap1,league,baseline,draw,round-limit,30,0,10,6,11,0,{},{},'{\'leaguePike\':4,\'pavise\':4,\'coil\':3}',7,157,0,6,9,12,34,'{\'rally\':20,\'brace\':9,\'charge\':4,\'secondWind\':1}','{\'fireburst\':2,\'ward\':4,\'mend\':4}','{\'archer\':3,\'pikeman\':6,\'cavalier\':3}',8,178
12,choke_gap1,baseline,league,draw,round-limit,30,2,2,6,16,29,'{\'rally\':23,\'brace\':6}','{\'ward\':4,\'mend\':4,\'fireburst\':1}','{\'pikeman\':14,\'cavalier\':1,\'archer\':1}',8,188,0,6,2,9,0,{},{},'{\'pavise\':3,\'leaguePike\':3,\'coil\':3}',9,196
13,choke_gap1,league,baseline,draw,round-limit,30,1,17,3,15,0,{},{},'{\'leaguePike\':6,\'coil\':4,\'pavise\':3,\'relicWalker\':2}',4,78,0,3,10,11,43,'{\'rally\':28,\'brace\':13,\'charge\':2}','{\'ward\':4,\'fireburst\':5,\'mend\':4}','{\'pikeman\':8,\'archer\':2,\'cavalier\':1}',8,180
13,choke_gap1,baseline,league,draw,round-limit,30,2,3,8,10,30,'{\'rally\':18,\'brace\':6,\'charge\':2,\'secondWind\':4}','{\'fireburst\':4,\'ward\':5,\'mend\':3}','{\'archer\':2,\'pikeman\':7,\'cavalier\':1}',8,178,0,10,3,10,0,{},{},'{\'leaguePike\':5,\'pavise\':2,\'coil\':1,\'relicWalker\':2}',6,132
14,choke_gap1,league,baseline,draw,round-limit,30,0,8,4,8,0,{},{},'{\'leaguePike\':5,\'coil\':2,\'pavise\':1}',6,108,0,4,8,13,33,'{\'rally\':20,\'brace\':8,\'charge\':2,\'secondWind\':3}','{\'fireburst\':3,\'ward\':3,\'mend\':6}','{\'pikeman\':9,\'archer\':4}',6,156
14,choke_gap1,baseline,league,draw,round-limit,30,1,3,9,15,32,'{\'rally\':23,\'brace\':7,\'charge\':1,\'secondWind\':1}','{\'fireburst\':4,\'ward\':3,\'mend\':5}','{\'pikeman\':12,\'archer\':3}',6,136,0,10,3,11,0,{},{},'{\'leaguePike\':2,\'pavise\':5,\'coil\':4}',7,132
15,choke_gap1,league,baseline,draw,round-limit,30,0,7,1,7,0,{},{},'{\'leaguePike\':5,\'coil\':1,\'relicWalker\':1}',6,129,0,1,7,9,32,'{\'rally\':21,\'brace\':11}','{\'ward\':4,\'mend\':5,\'fireburst\':1}','{\'pikeman\':6,\'archer\':3}',8,173
15,choke_gap1,baseline,league,draw,round-limit,30,2,6,3,15,31,'{\'rally\':22,\'brace\':7,\'charge\':2}','{\'ward\':5,\'mend\':6}','{\'pikeman\':12,\'archer\':1,\'cavalier\':2}',8,200,0,3,6,4,0,{},{},'{\'leaguePike\':1,\'pavise\':2,\'coil\':1}',6,114
16,choke_gap1,league,baseline,draw,round-limit,30,0,10,3,10,0,{},{},'{\'leaguePike\':3,\'coil\':4,\'pavise\':2,\'relicWalker\':1}',6,137,0,3,10,12,26,'{\'rally\':20,\'brace\':5,\'charge\':1}','{\'fireburst\':3,\'ward\':4,\'mend\':2}','{\'pikeman\':8,\'archer\':3,\'cavalier\':1}',7,167
16,choke_gap1,baseline,league,draw,round-limit,30,1,6,2,13,33,'{\'rally\':22,\'brace\':10,\'charge\':1}','{\'ward\':5,\'mend\':1}','{\'pikeman\':10,\'archer\':3}',7,179,0,2,6,5,0,{},{},'{\'leaguePike\':3,\'pavise\':1,\'coil\':1}',8,152
17,choke_gap1,league,baseline,draw,round-limit,30,0,9,6,9,0,{},{},'{\'leaguePike\':3,\'coil\':3,\'pavise\':2,\'relicWalker\':1}',6,115,0,6,9,14,32,'{\'rally\':23,\'brace\':8,\'charge\':1}','{\'ward\':3,\'fireburst\':2,\'mend\':3}','{\'pikeman\':10,\'archer\':3,\'cavalier\':1}',8,197
17,choke_gap1,baseline,league,draw,round-limit,30,2,1,6,9,28,'{\'rally\':19,\'focusedShot\':1,\'brace\':8}',{"fireburst":5},'{\'archer\':3,\'pikeman\':6}',8,199,0,9,1,9,0,{},{},'{\'leaguePike\':5,\'pavise\':4}',6,108
18,choke_gap1,league,baseline,draw,round-limit,30,0,12,2,15,0,{},{},'{\'leaguePike\':5,\'pavise\':6,\'coil\':4}',8,148,0,2,10,9,33,'{\'rally\':19,\'brace\':9,\'charge\':1,\'secondWind\':1,\'focusedShot\':3}','{\'mend\':4,\'ward\':2,\'fireburst\':3}','{\'pikeman\':5,\'archer\':3,\'cavalier\':1}',7,177
18,choke_gap1,baseline,league,draw,round-limit,30,1,6,7,15,25,'{\'rally\':19,\'charge\':1,\'brace\':3,\'focusedShot\':2}','{\'fireburst\':5,\'ward\':2,\'mend\':5}','{\'pikeman\':11,\'archer\':4}',8,194,0,9,6,12,0,{},{},'{\'leaguePike\':3,\'pavise\':4,\'coil\':3,\'relicWalker\':2}',9,200
19,choke_gap1,league,baseline,draw,round-limit,30,0,9,3,11,0,{},{},'{\'leaguePike\':3,\'pavise\':4,\'coil\':4}',8,158,0,3,8,10,34,'{\'rally\':20,\'brace\':12,\'charge\':2}','{\'mend\':6,\'ward\':4,\'fireburst\':1}','{\'pikeman\':6,\'cavalier\':2,\'archer\':2}',7,157
19,choke_gap1,baseline,league,draw,round-limit,30,1,8,5,18,24,'{\'rally\':18,\'charge\':2,\'brace\':4}','{\'ward\':6,\'fireburst\':3,\'mend\':5}','{\'archer\':6,\'pikeman\':11,\'cavalier\':1}',7,164,0,6,8,6,0,{},{},'{\'leaguePike\':3,\'coil\':2,\'pavise\':1}',6,124
20,choke_gap1,league,baseline,draw,round-limit,30,0,13,2,14,0,{},{},'{\'leaguePike\':4,\'coil\':4,\'pavise\':5,\'relicWalker\':1}',7,156,0,2,13,9,32,'{\'rally\':26,\'brace\':6}','{\'fireburst\':1,\'ward\':2}','{\'pikeman\':7,\'archer\':2}',8,196
20,choke_gap1,baseline,league,draw,round-limit,30,2,7,4,17,29,'{\'rally\':22,\'brace\':6,\'charge\':1}','{\'fireburst\':2,\'ward\':5,\'mend\':3}','{\'pikeman\':13,\'archer\':3,\'cavalier\':1}',7,184,0,4,7,4,0,{},{},'{\'leaguePike\':3,\'coil\':1}',6,98
21,choke_gap1,league,baseline,draw,round-limit,30,0,10,2,11,0,{},{},'{\'leaguePike\':1,\'pavise\':5,\'coil\':4,\'relicWalker\':1}',7,102,0,2,6,12,30,'{\'rally\':21,\'brace\':7,\'charge\':1,\'secondWind\':1}','{\'fireburst\':5,\'mend\':3,\'ward\':4}','{\'pikeman\':10,\'archer\':2}',7,166
21,choke_gap1,baseline,league,draw,round-limit,30,1,2,5,13,29,'{\'rally\':23,\'brace\':4,\'charge\':1,\'secondWind\':1}','{\'ward\':7,\'mend\':3}','{\'pikeman\':12,\'archer\':1}',7,154,0,5,2,7,0,{},{},'{\'leaguePike\':4,\'pavise\':3}',7,133
22,choke_gap1,league,baseline,draw,round-limit,30,0,7,11,6,0,{},{},'{\'leaguePike\':2,\'pavise\':2,\'coil\':2}',5,97,0,11,7,19,25,'{\'rally\':19,\'charge\':2,\'brace\':4}','{\'ward\':8,\'fireburst\':2}','{\'pikeman\':13,\'cavalier\':2,\'archer\':4}',6,159
22,choke_gap1,baseline,league,draw,round-limit,30,2,7,6,19,33,'{\'rally\':22,\'charge\':2,\'secondWind\':2,\'brace\':7}','{\'fireburst\':3,\'ward\':5}','{\'archer\':4,\'pikeman\':14,\'cavalier\':1}',7,171,0,7,7,5,0,{},{},'{\'leaguePike\':3,\'coil\':2}',4,68
23,choke_gap1,league,baseline,draw,round-limit,30,0,7,2,9,0,{},{},'{\'leaguePike\':2,\'pavise\':5,\'coil\':2}',8,154,0,2,7,9,37,'{\'rally\':25,\'brace\':9,\'charge\':1,\'secondWind\':2}','{\'fireburst\':1,\'ward\':4,\'mend\':1}','{\'pikeman\':7,\'archer\':2}',7,166
23,choke_gap1,baseline,league,draw,round-limit,30,2,5,3,12,36,'{\'rally\':23,\'brace\':12,\'charge\':1}','{\'ward\':5,\'mend\':2,\'fireburst\':1}','{\'archer\':3,\'pikeman\':8,\'cavalier\':1}',8,178,0,3,5,4,0,{},{},'{\'leaguePike\':1,\'pavise\':2,\'coil\':1}',6,96
24,choke_gap1,league,baseline,draw,round-limit,30,0,10,1,12,0,{},{},'{\'leaguePike\':5,\'pavise\':4,\'coil\':3}',8,144,0,1,10,9,41,'{\'rally\':28,\'brace\':13}','{\'ward\':5,\'fireburst\':1,\'mend\':2}','{\'pikeman\':7,\'archer\':2}',8,189
24,choke_gap1,baseline,league,blue,keep-captured,28,2,1,8,8,36,'{\'rally\':21,\'brace\':9,\'charge\':4,\'secondWind\':2}','{\'fireburst\':3,\'mend\':1}','{\'archer\':1,\'pikeman\':6,\'cavalier\':1}',9,205,0,10,1,4,0,{},{},'{\'leaguePike\':2,\'pavise\':2}',0,0
25,choke_gap1,league,baseline,draw,round-limit,30,0,16,1,17,0,{},{},'{\'leaguePike\':6,\'pavise\':3,\'coil\':8}',7,112,0,1,14,9,35,'{\'rally\':25,\'charge\':1,\'brace\':9}','{\'ward\':4,\'fireburst\':4,\'mend\':1}','{\'pikeman\':7,\'archer\':2}',7,155
25,choke_gap1,baseline,league,draw,round-limit,30,2,6,5,13,32,'{\'rally\':20,\'charge\':3,\'brace\':9}','{\'ward\':2,\'fireburst\':2,\'mend\':1}','{\'pikeman\':9,\'cavalier\':3,\'archer\':1}',8,183,0,5,6,5,0,{},{},'{\'leaguePike\':3,\'coil\':1,\'pavise\':1}',6,99
26,choke_gap1,league,baseline,draw,round-limit,30,0,18,2,13,0,{},{},'{\'leaguePike\':6,\'pavise\':5,\'relicWalker\':2}',1,5,1,2,16,9,43,'{\'rally\':29,\'brace\':12,\'charge\':1,\'secondWind\':1}','{\'ward\':4,\'fireburst\':4,\'mend\':2}','{\'pikeman\':8,\'archer\':1}',8,187
26,choke_gap1,baseline,league,draw,round-limit,30,2,8,4,16,24,'{\'rally\':18,\'brace\':3,\'charge\':2,\'secondWind\':1}','{\'fireburst\':2,\'mend\':5,\'ward\':2}','{\'pikeman\':13,\'archer\':3}',7,166,0,4,8,4,0,{},{},'{\'leaguePike\':2,\'pavise\':1,\'coil\':1}',6,93
27,choke_gap1,league,baseline,draw,round-limit,30,0,15,2,8,0,{},{},'{\'leaguePike\':3,\'pavise\':2,\'coil\':3}',1,7,0,2,14,11,33,'{\'rally\':22,\'brace\':9,\'charge\':1,\'secondWind\':1}','{\'ward\':2,\'fireburst\':1,\'mend\':3}','{\'pikeman\':6,\'archer\':5}',7,180
27,choke_gap1,baseline,league,draw,round-limit,30,1,5,5,16,27,'{\'rally\':21,\'brace\':4,\'charge\':1,\'secondWind\':1}','{\'fireburst\':8,\'ward\':7,\'mend\':2}','{\'pikeman\':13,\'archer\':3}',6,153,0,10,5,12,0,{},{},'{\'leaguePike\':7,\'pavise\':2,\'coil\':3}',8,134
28,choke_gap1,league,baseline,draw,round-limit,30,0,9,4,12,0,{},{},'{\'leaguePike\':2,\'pavise\':7,\'coil\':3}',9,172,0,4,9,10,23,'{\'rally\':15,\'brace\':2,\'charge\':3,\'secondWind\':3}','{\'ward\':3,\'mend\':3,\'fireburst\':1}','{\'pikeman\':7,\'cavalier\':3}',9,207
28,choke_gap1,baseline,league,draw,round-limit,30,1,4,7,13,35,'{\'rally\':22,\'charge\':2,\'secondWind\':4,\'brace\':7}','{\'ward\':3,\'fireburst\':1,\'mend\':1}','{\'archer\':3,\'pikeman\':9,\'cavalier\':1}',8,199,0,8,4,11,0,{},{},'{\'leaguePike\':2,\'pavise\':6,\'coil\':3}',8,165
29,choke_gap1,league,baseline,draw,round-limit,30,0,13,2,16,0,{},{},'{\'leaguePike\':4,\'pavise\':7,\'coil\':3,\'relicWalker\':2}',8,96,0,2,13,9,28,'{\'rally\':20,\'brace\':6,\'charge\':1,\'secondWind\':1}','{\'fireburst\':4,\'mend\':4,\'ward\':2}','{\'pikeman\':6,\'archer\':2,\'cavalier\':1}',6,132
29,choke_gap1,baseline,league,draw,round-limit,30,2,4,10,12,41,'{\'rally\':25,\'brace\':9,\'charge\':2,\'secondWind\':1,\'focusedShot\':4}','{\'fireburst\':10,\'mend\':3,\'ward\':2}','{\'pikeman\':10,\'archer\':1,\'cavalier\':1}',8,197,0,16,4,16,0,{},{},'{\'leaguePike\':6,\'pavise\':3,\'coil\':6,\'relicWalker\':1}',6,85
30,choke_gap1,league,baseline,draw,round-limit,30,0,15,3,15,0,{},{},'{\'leaguePike\':4,\'pavise\':5,\'coil\':6}',6,107,0,3,14,10,29,'{\'rally\':19,\'brace\':7,\'charge\':1,\'secondWind\':2}','{\'fireburst\':5,\'ward\':2,\'mend\':7}','{\'pikeman\':8,\'cavalier\':2}',8,167
30,choke_gap1,baseline,league,draw,round-limit,30,2,5,9,13,38,'{\'rally\':27,\'brace\':9,\'charge\':1,\'secondWind\':1}','{\'ward\':1,\'fireburst\':6,\'mend\':1}','{\'archer\':4,\'pikeman\':9}',7,152,0,11,5,11,0,{},{},'{\'leaguePike\':5,\'pavise\':2,\'coil\':3,\'relicWalker\':1}',6,108
31,choke_gap1,league,baseline,draw,round-limit,30,0,7,1,10,0,{},{},'{\'leaguePike\':4,\'pavise\':6}',8,144,0,1,7,8,11,'{\'rally\':10,\'brace\':1}','{\'mend\':9,\'fireburst\':2}','{\'pikeman\':7,\'cavalier\':1}',9,204
31,choke_gap1,baseline,league,draw,round-limit,30,2,6,7,15,27,'{\'rally\':20,\'charge\':2,\'brace\':5}','{\'fireburst\':7,\'mend\':1,\'ward\':4}','{\'archer\':3,\'pikeman\':11,\'cavalier\':1}',7,184,0,13,6,11,0,{},{},'{\'leaguePike\':4,\'coil\':5,\'pavise\':2}',4,66
32,choke_gap1,league,baseline,draw,round-limit,30,0,21,2,16,0,{},{},'{\'leaguePike\':3,\'pavise\':7,\'coil\':6}',2,33,0,2,20,8,48,'{\'rally\':33,\'brace\':13,\'charge\':1,\'secondWind\':1}','{\'fireburst\':4,\'mend\':1}','{\'pikeman\':7,\'cavalier\':1}',8,191
32,choke_gap1,baseline,league,draw,round-limit,30,2,7,6,16,38,'{\'rally\':24,\'brace\':10,\'charge\':3,\'secondWind\':1}','{\'fireburst\':4,\'ward\':3,\'mend\':3}','{\'pikeman\':11,\'archer\':3,\'cavalier\':2}',8,184,0,7,7,7,0,{},{},'{\'pavise\':3,\'leaguePike\':2,\'coil\':2}',6,96
33,choke_gap1,league,baseline,draw,round-limit,30,0,7,6,6,0,{},{},'{\'leaguePike\':1,\'pavise\':2,\'coil\':3}',5,80,0,6,6,15,39,'{\'rally\':22,\'brace\':10,\'charge\':3,\'secondWind\':4}',{"fireburst":2},'{\'pikeman\':10,\'cavalier\':2,\'archer\':3}',7,149
33,choke_gap1,baseline,league,draw,round-limit,30,1,8,3,16,34,'{\'rally\':21,\'brace\':7,\'charge\':3,\'secondWind\':3}','{\'ward\':3,\'mend\':1,\'fireburst\':1}','{\'pikeman\':11,\'archer\':3,\'cavalier\':2}',7,176,0,4,8,5,0,{},{},'{\'pavise\':2,\'leaguePike\':1,\'coil\':2}',6,88
34,choke_gap1,league,baseline,draw,round-limit,30,0,20,0,19,0,{},{},'{\'leaguePike\':4,\'pavise\':4,\'coil\':10,\'relicWalker\':1}',6,113,0,0,19,7,49,'{\'rally\':31,\'brace\':18}','{\'fireburst\':3,\'ward\':2,\'mend\':1}',{"pikeman":7},8,159
34,choke_gap1,baseline,league,draw,round-limit,30,1,4,5,11,34,'{\'rally\':20,\'charge\':2,\'secondWind\':2,\'brace\':10}','{\'ward\':3,\'fireburst\':2,\'mend\':3}','{\'pikeman\':8,\'archer\':1,\'cavalier\':2}',7,169,0,5,4,5,0,{},{},'{\'pavise\':1,\'leaguePike\':3,\'relicWalker\':1}',6,127
35,choke_gap1,league,baseline,draw,round-limit,30,0,11,2,13,0,{},{},'{\'leaguePike\':5,\'coil\':5,\'pavise\':2,\'relicWalker\':1}',8,174,0,2,10,9,27,'{\'rally\':21,\'charge\':1,\'brace\':5}','{\'fireburst\':3,\'ward\':3,\'mend\':2}','{\'pikeman\':7,\'archer\':2}',7,172
35,choke_gap1,baseline,league,draw,round-limit,30,1,4,5,13,35,'{\'rally\':22,\'brace\':10,\'charge\':2,\'secondWind\':1}','{\'fireburst\':3,\'mend\':3,\'ward\':1}','{\'archer\':3,\'pikeman\':9,\'cavalier\':1}',7,156,0,5,4,8,0,{},{},'{\'pavise\':3,\'leaguePike\':3,\'coil\':2}',9,174
36,choke_gap1,league,baseline,red,keep-captured,26,0,11,2,5,0,{},{},'{\'leaguePike\':3,\'coil\':1,\'pavise\':1}',1,30,0,2,8,10,24,'{\'rally\':17,\'brace\':5,\'charge\':1,\'secondWind\':1}','{\'ward\':3,\'fireburst\':4,\'mend\':3}','{\'cavalier\':1,\'pikeman\':7,\'archer\':2}',8,196
36,choke_gap1,baseline,league,draw,round-limit,30,1,2,5,8,33,'{\'rally\':20,\'charge\':1,\'secondWind\':2,\'brace\':10}','{\'fireburst\':5,\'ward\':4,\'mend\':1}','{\'pikeman\':7,\'archer\':1}',8,170,0,6,2,9,0,{},{},'{\'pavise\':8,\'coil\':1}',8,140
37,choke_gap1,league,baseline,draw,round-limit,30,0,13,2,16,0,{},{},'{\'leaguePike\':5,\'pavise\':7,\'coil\':3,\'relicWalker\':1}',9,204,0,2,10,9,34,'{\'rally\':22,\'brace\':10,\'charge\':1,\'secondWind\':1}','{\'fireburst\':4,\'ward\':2,\'mend\':2}','{\'pikeman\':5,\'archer\':3,\'cavalier\':1}',7,154
37,choke_gap1,baseline,league,draw,round-limit,30,1,5,6,14,27,'{\'rally\':19,\'brace\':5,\'charge\':2,\'secondWind\':1}','{\'fireburst\':4,\'ward\':2,\'mend\':1}','{\'pikeman\':9,\'archer\':4,\'cavalier\':1}',8,192,0,8,5,9,0,{},{},'{\'pavise\':3,\'leaguePike\':4,\'coil\':2}',7,127
38,choke_gap1,league,baseline,draw,round-limit,30,0,11,1,14,0,{},{},'{\'leaguePike\':3,\'pavise\':3,\'coil\':6,\'relicWalker\':2}',8,157,0,1,10,8,36,'{\'rally\':26,\'brace\':10}','{\'ward\':3,\'fireburst\':1,\'mend\':1}','{\'pikeman\':5,\'archer\':3}',8,162
38,choke_gap1,baseline,league,draw,round-limit,30,1,5,6,14,34,'{\'rally\':20,\'brace\':9,\'charge\':3,\'secondWind\':2}','{\'ward\':1,\'mend\':3,\'fireburst\':3}','{\'pikeman\':9,\'archer\':3,\'cavalier\':2}',8,200,0,7,5,7,0,{},{},'{\'pavise\':4,\'coil\':2,\'leaguePike\':1}',6,133
39,choke_gap1,league,baseline,draw,round-limit,30,0,20,1,22,0,{},{},'{\'leaguePike\':7,\'pavise\':10,\'coil\':5}',7,143,0,1,18,9,69,'{\'rally\':39,\'brace\':22,\'secondWind\':5,\'focusedShot\':3}','{\'fireburst\':4,\'ward\':2,\'mend\':2}','{\'pikeman\':7,\'archer\':2}',8,154
39,choke_gap1,baseline,league,draw,round-limit,30,2,5,5,13,34,'{\'rally\':23,\'charge\':2,\'brace\':8,\'secondWind\':1}','{\'ward\':3,\'fireburst\':4,\'mend\':1}','{\'archer\':3,\'pikeman\':9,\'cavalier\':1}',7,177,0,7,5,10,0,{},{},'{\'pavise\':3,\'leaguePike\':5,\'coil\':1,\'relicWalker\':1}',8,133
40,choke_gap1,league,baseline,draw,round-limit,30,0,17,1,14,0,{},{},'{\'leaguePike\':8,\'coil\':2,\'pavise\':4}',3,78,0,1,16,8,38,'{\'rally\':26,\'brace\':10,\'charge\':1,\'secondWind\':1}','{\'ward\':5,\'fireburst\':3,\'mend\':1}','{\'cavalier\':1,\'pikeman\':5,\'archer\':2}',7,169
40,choke_gap1,baseline,league,draw,round-limit,30,2,4,6,13,31,'{\'rally\':21,\'brace\':9,\'charge\':1}','{\'ward\':7,\'fireburst\':3,\'mend\':1}','{\'pikeman\':10,\'archer\':3}',7,162,0,7,4,7,0,{},{},'{\'pavise\':4,\'leaguePike\':2,\'coil\':1}',6,117
41,choke_gap1,league,baseline,draw,round-limit,30,0,11,3,9,0,{},{},'{\'leaguePike\':4,\'pavise\':1,\'coil\':4}',4,61,0,3,7,11,33,'{\'rally\':23,\'brace\':10}','{\'fireburst\':5,\'ward\':3,\'mend\':3}','{\'pikeman\':9,\'archer\':2}',6,156
41,choke_gap1,baseline,league,draw,round-limit,30,1,3,9,12,40,'{\'rally\':21,\'brace\':11,\'charge\':3,\'secondWind\':3,\'focusedShot\':2}','{\'fireburst\':4,\'mend\':2,\'ward\':1}','{\'pikeman\':8,\'cavalier\':1,\'archer\':3}',7,160,0,11,3,12,0,{},{},'{\'pavise\':5,\'leaguePike\':2,\'coil\':5}',7,132
42,choke_gap1,league,baseline,red,keep-captured,18,0,9,2,3,0,{},{},'{\'leaguePike\':2,\'pavise\':1}',1,10,0,2,6,9,13,'{\'rally\':10,\'brace\':2,\'charge\':1}','{\'fireburst\':5,\'ward\':3,\'mend\':1}','{\'archer\':3,\'pikeman\':6}',7,155
42,choke_gap1,baseline,league,draw,round-limit,30,1,1,4,8,22,'{\'rally\':15,\'brace\':7}','{\'fireburst\':4,\'ward\':6,\'mend\':2}','{\'pikeman\':6,\'archer\':1,\'cavalier\':1}',9,214,0,5,1,8,0,{},{},'{\'pavise\':4,\'leaguePike\':4}',8,156
43,choke_gap1,league,baseline,draw,round-limit,30,0,16,1,15,0,{},{},'{\'leaguePike\':6,\'pavise\':4,\'coil\':5}',5,75,0,1,14,8,22,'{\'rally\':19,\'brace\':3}','{\'fireburst\':4,\'ward\':3,\'mend\':3}','{\'pikeman\':7,\'archer\':1}',7,157
43,choke_gap1,baseline,league,draw,round-limit,30,2,2,7,10,26,'{\'rally\':18,\'charge\':1,\'brace\':7}','{\'fireburst\':3,\'ward\':3}','{\'archer\':3,\'pikeman\':6,\'cavalier\':1}',8,193,0,9,2,6,0,{},{},'{\'pavise\':4,\'leaguePike\':2}',3,54
44,choke_gap1,league,baseline,red,keep-captured,21,0,11,1,5,0,{},{},'{\'leaguePike\':2,\'pavise\':1,\'coil\':2}',1,14,0,1,9,9,19,'{\'rally\':13,\'brace\':2,\'charge\':2,\'secondWind\':1,\'focusedShot\':1}','{\'fireburst\':4,\'ward\':3,\'mend\':2}','{\'pikeman\':6,\'archer\':2,\'cavalier\':1}',7,124
44,choke_gap1,baseline,league,draw,round-limit,30,2,4,5,11,28,'{\'rally\':19,\'brace\':7,\'charge\':1,\'secondWind\':1}','{\'ward\':4,\'fireburst\':2,\'mend\':3}','{\'archer\':3,\'pikeman\':8}',7,155,0,6,4,7,0,{},{},'{\'pavise\':3,\'leaguePike\':1,\'coil\':2,\'relicWalker\':1}',7,154
45,choke_gap1,league,baseline,red,keep-captured,26,0,11,0,5,0,{},{},'{\'leaguePike\':3,\'pavise\':2}',1,11,0,0,11,8,36,'{\'rally\':23,\'brace\':11,\'charge\':1,\'focusedShot\':1}','{\'fireburst\':1,\'mend\':4,\'ward\':1}','{\'pikeman\':6,\'archer\':2}',7,146
45,choke_gap1,baseline,league,draw,round-limit,30,2,5,4,10,31,'{\'rally\':19,\'brace\':8,\'charge\':2,\'secondWind\':2}','{\'fireburst\':2,\'ward\':6,\'mend\':2}','{\'pikeman\':7,\'cavalier\':2,\'archer\':1}',9,209,0,5,5,6,0,{},{},'{\'pavise\':3,\'leaguePike\':1,\'coil\':2}',7,128
46,choke_gap1,league,baseline,draw,round-limit,30,1,17,1,19,0,{},{},'{\'leaguePike\':2,\'pavise\':9,\'coil\':6,\'relicWalker\':2}',7,102,0,1,14,8,41,'{\'rally\':30,\'brace\':10,\'secondWind\':1}','{\'fireburst\':4,\'mend\':3,\'ward\':3}','{\'pikeman\':7,\'cavalier\':1}',8,156
46,choke_gap1,baseline,league,draw,round-limit,30,2,3,5,11,32,'{\'rally\':19,\'charge\':3,\'secondWind\':3,\'brace\':7}','{\'ward\':2,\'fireburst\':3,\'mend\':1}','{\'archer\':1,\'pikeman\':9,\'cavalier\':1}',9,183,0,6,3,7,0,{},{},'{\'pavise\':4,\'leaguePike\':1,\'coil\':1,\'relicWalker\':1}',7,141
47,choke_gap1,league,baseline,draw,round-limit,30,0,19,2,14,0,{},{},'{\'leaguePike\':4,\'coil\':7,\'pavise\':2,\'relicWalker\':1}',1,6,0,2,14,10,40,'{\'rally\':23,\'brace\':13,\'charge\':2,\'secondWind\':2}','{\'fireburst\':8,\'mend\':3,\'ward\':4}','{\'pikeman\':6,\'archer\':2,\'cavalier\':2}',8,177
47,choke_gap1,baseline,league,draw,round-limit,30,2,2,9,8,34,'{\'rally\':22,\'secondWind\':2,\'brace\':10}','{\'fireburst\':3,\'ward\':5,\'mend\':2}','{\'pikeman\':6,\'archer\':1,\'cavalier\':1}',8,183,0,10,2,5,0,{},{},'{\'pavise\':2,\'leaguePike\':2,\'coil\':1}',1,18
48,choke_gap1,league,baseline,red,keep-captured,30,0,21,3,15,0,{},{},'{\'leaguePike\':4,\'pavise\':7,\'coil\':3,\'relicWalker\':1}',1,15,0,3,18,10,39,'{\'rally\':21,\'charge\':4,\'secondWind\':6,\'brace\':7,\'focusedShot\':1}','{\'fireburst\':4,\'ward\':4,\'mend\':1}','{\'pikeman\':7,\'archer\':2,\'cavalier\':1}',8,196
48,choke_gap1,baseline,league,draw,round-limit,30,2,3,6,15,24,'{\'rally\':20,\'charge\':1,\'secondWind\':1,\'brace\':2}','{\'fireburst\':4,\'ward\':7,\'mend\':5}','{\'archer\':3,\'pikeman\':12}',7,173,0,9,3,12,0,{},{},'{\'leaguePike\':3,\'pavise\':6,\'coil\':3}',8,166
49,choke_gap1,league,baseline,draw,round-limit,30,0,17,4,17,0,{},{},'{\'leaguePike\':8,\'coil\':3,\'pavise\':6}',7,122,0,4,13,12,30,'{\'rally\':19,\'charge\':3,\'secondWind\':5,\'brace\':2,\'focusedShot\':1}','{\'ward\':3,\'fireburst\':4,\'mend\':3}','{\'pikeman\':6,\'archer\':3,\'cavalier\':3}',8,162
49,choke_gap1,baseline,league,draw,round-limit,30,2,4,7,15,32,'{\'rally\':22,\'brace\':9,\'charge\':1}','{\'fireburst\':3,\'ward\':3,\'mend\':1}','{\'pikeman\':11,\'archer\':3,\'cavalier\':1}',7,153,0,8,4,7,0,{},{},'{\'leaguePike\':2,\'pavise\':3,\'coil\':1,\'relicWalker\':1}',5,108
50,choke_gap1,league,baseline,draw,round-limit,30,1,16,4,17,0,{},{},'{\'leaguePike\':9,\'pavise\':4,\'coil\':3,\'relicWalker\':1}',7,116,0,4,16,13,40,'{\'rally\':28,\'brace\':11,\'charge\':1}','{\'fireburst\':3,\'mend\':4,\'ward\':7}','{\'pikeman\':8,\'archer\':3,\'cavalier\':2}',7,158
50,choke_gap1,baseline,league,draw,round-limit,30,1,6,7,14,36,'{\'rally\':23,\'brace\':9,\'charge\':2,\'secondWind\':2}','{\'fireburst\':2,\'ward\':4,\'mend\':2}','{\'archer\':3,\'pikeman\':10,\'cavalier\':1}',7,154,0,7,6,7,0,{},{},'{\'pavise\':2,\'leaguePike\':2,\'coil\':3}',6,119
51,choke_gap1,league,baseline,draw,round-limit,30,0,8,2,10,0,{},{},'{\'leaguePike\':4,\'pavise\':4,\'coil\':1,\'relicWalker\':1}',7,103,0,2,8,9,42,'{\'rally\':25,\'brace\':16,\'charge\':1}','{\'mend\':5,\'ward\':2,\'fireburst\':1}','{\'pikeman\':7,\'cavalier\':2}',9,211
51,choke_gap1,baseline,league,draw,round-limit,30,1,5,4,17,30,'{\'rally\':20,\'charge\':3,\'secondWind\':3,\'brace\':4}','{\'fireburst\':5,\'ward\':7}','{\'pikeman\':12,\'archer\':3,\'cavalier\':2}',7,182,0,7,5,8,0,{},{},'{\'leaguePike\':2,\'pavise\':3,\'coil\':1,\'relicWalker\':2}',7,130
52,choke_gap1,league,baseline,draw,round-limit,30,0,13,6,10,0,{},{},'{\'leaguePike\':6,\'coil\':3,\'pavise\':1}',4,75,0,6,10,16,23,'{\'rally\':16,\'charge\':3,\'brace\':4}','{\'ward\':4,\'fireburst\':6,\'mend\':7}','{\'pikeman\':8,\'archer\':4,\'cavalier\':4}',6,136
52,choke_gap1,baseline,league,draw,round-limit,30,1,3,8,15,26,'{\'rally\':20,\'charge\':1,\'secondWind\':1,\'brace\':4}','{\'fireburst\':7,\'ward\':6,\'mend\':2}','{\'pikeman\':12,\'archer\':3}',7,174,0,12,3,11,0,{},{},'{\'leaguePike\':3,\'pavise\':3,\'coil\':3,\'relicWalker\':2}',5,120
53,choke_gap1,league,baseline,red,keep-captured,29,0,10,1,4,0,{},{},'{\'leaguePike\':3,\'pavise\':1}',1,12,0,1,9,8,18,'{\'rally\':13,\'brace\':3,\'focusedShot\':2}','{\'fireburst\':6,\'ward\':8,\'mend\':1}','{\'pikeman\':2,\'archer\':6}',7,149
53,choke_gap1,baseline,league,draw,round-limit,30,1,4,6,13,30,'{\'rally\':21,\'brace\':8,\'charge\':1}','{\'fireburst\':6,\'ward\':5,\'mend\':4}','{\'pikeman\':10,\'archer\':3}',7,163,0,8,4,5,0,{},{},'{\'pavise\':2,\'leaguePike\':1,\'coil\':2}',4,66
54,choke_gap1,league,baseline,draw,round-limit,30,0,14,3,14,0,{},{},'{\'leaguePike\':5,\'pavise\':4,\'coil\':4,\'relicWalker\':1}',6,120,0,3,10,11,20,'{\'rally\':14,\'brace\':6}','{\'fireburst\':6,\'mend\':4}','{\'pikeman\':5,\'cavalier\':3,\'archer\':3}',8,183
54,choke_gap1,baseline,league,draw,round-limit,30,1,6,6,17,32,'{\'rally\':19,\'charge\':4,\'brace\':6,\'secondWind\':3}','{\'fireburst\':6,\'mend\':4,\'ward\':5}','{\'pikeman\':10,\'cavalier\':4,\'archer\':3}',7,169,0,8,6,8,0,{},{},'{\'pavise\':5,\'coil\':3}',5,60
55,choke_gap1,league,baseline,draw,round-limit,30,0,7,4,8,0,{},{},'{\'leaguePike\':5,\'pavise\':2,\'coil\':1}',7,144,0,4,7,11,27,'{\'rally\':16,\'brace\':8,\'charge\':2,\'secondWind\':1}','{\'ward\':4,\'mend\':4}','{\'pikeman\':5,\'archer\':4,\'cavalier\':2}',7,156
55,choke_gap1,baseline,league,draw,round-limit,30,2,4,4,12,34,'{\'rally\':21,\'brace\':9,\'charge\':2,\'secondWind\':2}','{\'fireburst\':1,\'ward\':4,\'mend\':2}','{\'pikeman\':9,\'cavalier\':2,\'archer\':1}',9,201,0,4,4,5,0,{},{},'{\'leaguePike\':1,\'pavise\':3,\'coil\':1}',7,141
56,choke_gap1,league,baseline,red,keep-captured,30,0,12,0,5,0,{},{},'{\'leaguePike\':3,\'pavise\':2}',0,0,1,0,11,7,26,'{\'rally\':19,\'brace\':5,\'focusedShot\':1,\'charge\':1}','{\'fireburst\':3,\'ward\':3,\'mend\':4}',{"pikeman":7},8,171
56,choke_gap1,baseline,league,draw,round-limit,30,1,4,7,12,27,'{\'rally\':20,\'brace\':3,\'charge\':2,\'secondWind\':2}','{\'fireburst\':7,\'ward\':2,\'mend\':2}','{\'pikeman\':9,\'archer\':2,\'cavalier\':1}',8,161,0,11,4,12,0,{},{},'{\'pavise\':6,\'leaguePike\':3,\'relicWalker\':1,\'coil\':2}',7,123
57,choke_gap1,league,baseline,red,keep-captured,30,0,16,2,9,0,{},{},'{\'leaguePike\':5,\'pavise\':2,\'coil\':2}',1,22,0,2,14,9,38,'{\'rally\':23,\'brace\':9,\'charge\':2,\'secondWind\':2,\'focusedShot\':2}','{\'fireburst\':5,\'mend\':1,\'ward\':1}','{\'pikeman\':7,\'archer\':2}',7,183
57,choke_gap1,baseline,league,draw,round-limit,30,2,4,9,14,31,'{\'rally\':23,\'brace\':6,\'charge\':2}','{\'fireburst\':3,\'ward\':4,\'mend\':1}','{\'pikeman\':11,\'archer\':1,\'cavalier\':2}',8,170,0,10,4,7,0,{},{},'{\'leaguePike\':5,\'coil\':1,\'pavise\':1}',3,61
58,choke_gap1,league,baseline,draw,round-limit,30,0,10,6,13,0,{},{},'{\'leaguePike\':2,\'pavise\':6,\'coil\':4,\'relicWalker\':1}',9,187,0,6,9,14,30,'{\'rally\':19,\'brace\':8,\'charge\':2,\'secondWind\':1}','{\'ward\':4,\'fireburst\':3,\'mend\':1}','{\'pikeman\':10,\'archer\':2,\'cavalier\':2}',7,172
58,choke_gap1,baseline,league,draw,round-limit,30,2,2,12,12,29,'{\'rally\':20,\'charge\':3,\'secondWind\':3,\'brace\':3}','{\'fireburst\':9,\'ward\':3,\'mend\':3}','{\'pikeman\':9,\'archer\':1,\'cavalier\':2}',8,176,0,20,2,17,0,{},{},'{\'pavise\':6,\'leaguePike\':5,\'coil\':6}',4,83
59,choke_gap1,league,baseline,draw,round-limit,30,0,8,5,8,0,{},{},'{\'leaguePike\':2,\'pavise\':3,\'coil\':2,\'relicWalker\':1}',6,130,0,5,8,11,28,'{\'rally\':16,\'brace\':7,\'charge\':3,\'secondWind\':2}','{\'fireburst\':1,\'mend\':5,\'ward\':2}','{\'pikeman\':7,\'cavalier\':2,\'archer\':2}',7,163
59,choke_gap1,baseline,league,draw,round-limit,30,1,4,8,11,35,'{\'rally\':22,\'charge\':3,\'brace\':6,\'secondWind\':4}','{\'fireburst\':4,\'ward\':4,\'mend\':2}','{\'pikeman\':8,\'cavalier\':2,\'archer\':1}',7,165,0,11,4,6,0,{},{},'{\'leaguePike\':2,\'pavise\':1,\'coil\':3}',1,6
60,choke_gap1,league,baseline,draw,round-limit,30,0,9,4,11,0,{},{},'{\'leaguePike\':4,\'coil\':4,\'pavise\':3}',8,126,0,4,7,11,44,'{\'rally\':24,\'brace\':15,\'charge\':3,\'secondWind\':2}','{\'ward\':1,\'fireburst\':3,\'mend\':4}','{\'pikeman\':6,\'cavalier\':3,\'archer\':2}',7,162
60,choke_gap1,baseline,league,draw,round-limit,30,1,5,8,14,26,'{\'rally\':16,\'brace\':7,\'charge\':2,\'secondWind\':1}','{\'ward\':6,\'fireburst\':4}','{\'pikeman\':7,\'archer\':6,\'cavalier\':1}',6,145,0,10,5,9,0,{},{},'{\'leaguePike\':3,\'pavise\':3,\'coil\':3}',5,103
61,choke_gap1,league,baseline,draw,round-limit,30,0,6,4,7,0,{},{},'{\'leaguePike\':3,\'pavise\':2,\'coil\':2}',7,135,0,4,6,12,22,'{\'rally\':14,\'brace\':4,\'charge\':2,\'secondWind\':2}','{\'ward\':3,\'fireburst\':1,\'mend\':5}','{\'pikeman\':7,\'archer\':3,\'cavalier\':2}',9,177
61,choke_gap1,baseline,league,draw,round-limit,30,2,6,7,15,32,'{\'rally\':21,\'charge\':2,\'secondWind\':2,\'brace\':7}','{\'ward\':4,\'fireburst\':2,\'mend\':3}','{\'pikeman\':12,\'archer\':1,\'cavalier\':2}',7,168,0,7,6,5,0,{},{},'{\'leaguePike\':2,\'pavise\':2,\'coil\':1}',4,72
62,choke_gap1,league,baseline,draw,round-limit,30,1,17,3,19,0,{},{},'{\'leaguePike\':6,\'pavise\':7,\'coil\':6}',8,146,0,3,17,10,52,'{\'rally\':35,\'charge\':1,\'secondWind\':2,\'brace\':14}','{\'ward\':5,\'mend\':3,\'fireburst\':1}','{\'pikeman\':7,\'archer\':2,\'cavalier\':1}',8,194
62,choke_gap1,baseline,league,draw,round-limit,30,1,5,3,10,34,'{\'rally\':20,\'brace\':12,\'charge\':2}',{"ward":3},'{\'pikeman\':6,\'archer\':3,\'cavalier\':1}',6,144,0,3,5,5,0,{},{},'{\'pavise\':3,\'leaguePike\':1,\'coil\':1}',7,137
63,choke_gap1,league,baseline,draw,round-limit,30,0,20,5,20,0,{},{},'{\'leaguePike\':6,\'pavise\':7,\'coil\':5,\'relicWalker\':2}',6,122,0,5,16,12,45,'{\'rally\':26,\'brace\':14,\'charge\':2,\'secondWind\':3}','{\'mend\':4,\'fireburst\':5,\'ward\':3}','{\'cavalier\':2,\'pikeman\':8,\'archer\':2}',8,203
63,choke_gap1,baseline,league,draw,round-limit,30,2,5,7,15,30,'{\'rally\':19,\'charge\':2,\'brace\':5,\'secondWind\':2,\'focusedShot\':2}','{\'ward\':2,\'fireburst\':2,\'mend\':1}','{\'pikeman\':10,\'archer\':4,\'cavalier\':1}',8,183,0,7,5,10,0,{},{},'{\'leaguePike\':2,\'pavise\':5,\'coil\':2,\'relicWalker\':1}',9,188
64,choke_gap1,league,baseline,draw,round-limit,30,0,21,2,15,0,{},{},'{\'leaguePike\':6,\'coil\':5,\'pavise\':4}',1,12,0,2,19,10,45,'{\'rally\':30,\'brace\':10,\'charge\':3,\'focusedShot\':2}','{\'ward\':6,\'fireburst\':3,\'mend\':7}','{\'pikeman\':7,\'archer\':2,\'cavalier\':1}',8,202
64,choke_gap1,baseline,league,draw,round-limit,30,2,11,4,15,37,'{\'rally\':23,\'brace\':10,\'charge\':4}','{\'ward\':5,\'mend\':2,\'fireburst\':2}','{\'pikeman\':10,\'archer\':1,\'cavalier\':4}',7,172,0,4,11,4,0,{},{},'{\'leaguePike\':2,\'pavise\':1,\'coil\':1}',6,80
65,choke_gap1,league,baseline,draw,round-limit,30,0,13,3,10,0,{},{},'{\'leaguePike\':4,\'coil\':5,\'relicWalker\':1}',3,50,0,3,12,10,34,'{\'rally\':25,\'brace\':8,\'charge\':1}','{\'fireburst\':3,\'ward\':6,\'mend\':2}','{\'pikeman\':7,\'archer\':3}',8,198
65,choke_gap1,baseline,league,draw,round-limit,30,1,2,7,9,22,'{\'rally\':17,\'charge\':1,\'secondWind\':2,\'brace\':2}','{\'ward\':3,\'fireburst\':5,\'mend\':2}','{\'pikeman\':6,\'archer\':2,\'cavalier\':1}',7,184,0,10,2,11,0,{},{},'{\'pavise\':6,\'leaguePike\':2,\'coil\':2,\'relicWalker\':1}',7,131
66,choke_gap1,league,baseline,draw,round-limit,30,0,8,5,11,0,{},{},'{\'leaguePike\':4,\'coil\':3,\'pavise\':3,\'relicWalker\':1}',9,197,0,5,8,10,42,'{\'rally\':25,\'brace\':13,\'charge\':3,\'secondWind\':1}','{\'mend\':2,\'ward\':3,\'fireburst\':2}','{\'pikeman\':8,\'cavalier\':2}',8,181
66,choke_gap1,baseline,league,draw,round-limit,30,2,8,5,16,29,'{\'rally\':19,\'brace\':7,\'charge\':3}','{\'fireburst\':4,\'ward\':5}','{\'archer\':4,\'pikeman\':9,\'cavalier\':3}',7,165,0,7,8,8,0,{},{},'{\'leaguePike\':1,\'pavise\':3,\'coil\':4}',7,126
67,choke_gap1,league,baseline,draw,round-limit,30,0,8,8,10,0,{},{},'{\'leaguePike\':4,\'pavise\':3,\'coil\':3}',8,178,0,8,8,20,31,'{\'rally\':24,\'brace\':5,\'charge\':2}','{\'ward\':1,\'mend\':3,\'fireburst\':1}','{\'pikeman\':17,\'archer\':2,\'cavalier\':1}',8,192
67,choke_gap1,baseline,league,draw,round-limit,30,2,1,8,9,23,'{\'rally\':17,\'brace\':4,\'charge\':1,\'secondWind\':1}','{\'ward\':4,\'fireburst\':4,\'mend\':1}','{\'archer\':3,\'pikeman\':6}',8,191,0,9,1,11,0,{},{},'{\'leaguePike\':6,\'pavise\':2,\'relicWalker\':3}',8,210
68,choke_gap1,league,baseline,draw,round-limit,30,0,11,1,13,0,{},{},'{\'leaguePike\':5,\'pavise\':5,\'relicWalker\':2,\'coil\':1}',7,70,0,1,10,8,41,'{\'rally\':25,\'brace\':16}','{\'ward\':5,\'fireburst\':1,\'mend\':1}','{\'pikeman\':5,\'archer\':3}',8,154
68,choke_gap1,baseline,league,draw,round-limit,30,2,3,6,15,29,'{\'rally\':22,\'charge\':1,\'brace\':6}','{\'fireburst\':6,\'ward\':1,\'mend\':4}','{\'pikeman\':11,\'archer\':3,\'cavalier\':1}',7,181,0,11,3,9,0,{},{},'{\'pavise\':3,\'leaguePike\':4,\'coil\':2}',4,66
69,choke_gap1,league,baseline,draw,round-limit,30,0,12,2,7,0,{},{},'{\'leaguePike\':4,\'pavise\':2,\'coil\':1}',1,16,0,2,12,10,28,'{\'rally\':17,\'brace\':7,\'charge\':2,\'secondWind\':2}','{\'fireburst\':3,\'ward\':2,\'mend\':4}','{\'pikeman\':7,\'cavalier\':1,\'archer\':2}',7,172
69,choke_gap1,baseline,league,draw,round-limit,30,2,3,8,14,35,'{\'rally\':22,\'brace\':9,\'charge\':2,\'secondWind\':2}','{\'fireburst\':5,\'ward\':1}','{\'pikeman\':10,\'archer\':3,\'cavalier\':1}',6,145,0,9,3,7,0,{},{},'{\'leaguePike\':3,\'pavise\':2,\'coil\':2}',4,74
70,choke_gap1,league,baseline,draw,round-limit,30,0,10,5,8,0,{},{},'{\'leaguePike\':3,\'pavise\':1,\'coil\':4}',4,84,0,5,9,14,33,'{\'rally\':23,\'brace\':8,\'charge\':1,\'secondWind\':1}','{\'fireburst\':2,\'mend\':8,\'ward\':5}','{\'pikeman\':12,\'archer\':2}',8,183
70,choke_gap1,baseline,league,draw,round-limit,30,2,3,4,9,34,'{\'rally\':20,\'brace\':10,\'charge\':2,\'secondWind\':2}','{\'ward\':3,\'fireburst\':2,\'mend\':2}','{\'archer\':1,\'pikeman\':7,\'cavalier\':1}',8,173,0,4,3,8,0,{},{},'{\'pavise\':5,\'leaguePike\':2,\'coil\':1}',9,149
71,choke_gap1,league,baseline,draw,round-limit,30,0,18,2,14,0,{},{},'{\'leaguePike\':6,\'coil\':4,\'pavise\':3,\'relicWalker\':1}',2,23,0,2,18,9,33,'{\'rally\':28,\'brace\':5}','{\'fireburst\':3,\'ward\':4,\'mend\':3}','{\'archer\':2,\'pikeman\':7}',7,168
71,choke_gap1,baseline,league,blue,keep-captured,14,1,1,5,8,17,'{\'rally\':14,\'brace\':1,\'charge\':1,\'secondWind\':1}','{\'fireburst\':8,\'ward\':4,\'mend\':1}','{\'pikeman\':6,\'archer\':1,\'cavalier\':1}',8,184,0,10,1,4,0,{},{},'{\'pavise\':2,\'leaguePike\':1,\'coil\':1}',0,0
72,choke_gap1,league,baseline,draw,round-limit,30,0,17,0,12,0,{},{},'{\'leaguePike\':6,\'coil\':2,\'pavise\':4}',2,35,0,0,15,8,39,'{\'rally\':28,\'brace\':11}','{\'fireburst\':4,\'ward\':3,\'mend\':5}','{\'pikeman\':6,\'archer\':2}',7,162
72,choke_gap1,baseline,league,blue,keep-captured,25,2,1,6,8,22,'{\'rally\':14,\'brace\':3,\'charge\':2,\'secondWind\':3}','{\'ward\':4,\'fireburst\':2,\'mend\':3}','{\'pikeman\':5,\'archer\':2,\'cavalier\':1}',7,179,0,7,1,1,0,{},{},{"pavise":1},1,30
73,choke_gap1,league,baseline,draw,round-limit,30,0,17,1,18,0,{},{},'{\'leaguePike\':6,\'coil\':4,\'pavise\':8}',7,130,0,1,16,8,54,'{\'rally\':39,\'brace\':15}','{\'fireburst\':2,\'ward\':2,\'mend\':1}','{\'pikeman\':7,\'cavalier\':1}',9,204
73,choke_gap1,baseline,league,draw,round-limit,30,1,6,4,14,24,'{\'rally\':17,\'charge\':1,\'secondWind\':1,\'brace\':5}','{\'fireburst\':3,\'mend\':2,\'ward\':2}','{\'pikeman\':10,\'archer\':4}',6,150,0,5,6,7,0,{},{},'{\'leaguePike\':3,\'pavise\':3,\'coil\':1}',7,106
74,choke_gap1,league,baseline,draw,round-limit,30,0,9,8,9,0,{},{},'{\'leaguePike\':3,\'coil\':4,\'pavise\':2}',6,133,0,8,9,16,37,'{\'rally\':25,\'brace\':8,\'charge\':2,\'secondWind\':2}','{\'fireburst\':2,\'ward\':1,\'mend\':2}','{\'pikeman\':12,\'cavalier\':2,\'archer\':2}',7,165
74,choke_gap1,baseline,league,draw,round-limit,30,2,4,8,13,27,'{\'rally\':19,\'brace\':5,\'charge\':2,\'secondWind\':1}','{\'fireburst\':5,\'ward\':4,\'mend\':3}','{\'pikeman\':9,\'archer\':3,\'cavalier\':1}',8,189,0,10,4,6,0,{},{},'{\'pavise\':3,\'leaguePike\':2,\'coil\':1}',2,41
75,choke_gap1,league,baseline,draw,round-limit,30,0,18,4,18,0,{},{},'{\'leaguePike\':5,\'pavise\':8,\'coil\':3,\'relicWalker\':2}',6,157,0,4,14,13,35,'{\'rally\':19,\'brace\':6,\'focusedShot\':9,\'charge\':1}','{\'fireburst\':6,\'ward\':4,\'mend\':2}','{\'pikeman\':10,\'archer\':2,\'cavalier\':1}',8,193
75,choke_gap1,baseline,league,draw,round-limit,30,1,5,4,12,33,'{\'rally\':20,\'charge\':2,\'secondWind\':1,\'brace\':10}','{\'fireburst\':2,\'ward\':2,\'mend\':2}','{\'pikeman\':8,\'archer\':3,\'cavalier\':1}',8,182,0,4,5,6,0,{},{},'{\'leaguePike\':2,\'pavise\':3,\'coil\':1}',7,132
76,choke_gap1,league,baseline,draw,round-limit,30,0,6,1,9,0,{},{},'{\'leaguePike\':2,\'pavise\':5,\'coil\':2}',8,125,0,1,6,9,35,'{\'rally\':18,\'brace\':10,\'charge\':2,\'secondWind\':5}','{\'fireburst\':3,\'mend\':2,\'ward\':1}','{\'pikeman\':6,\'cavalier\':1,\'archer\':2}',8,194
76,choke_gap1,baseline,league,draw,round-limit,30,2,4,7,9,22,'{\'rally\':19,\'brace\':3}','{\'ward\':5,\'fireburst\':6}','{\'archer\':1,\'pikeman\':7,\'cavalier\':1}',8,182,0,10,4,10,0,{},{},'{\'pavise\':4,\'leaguePike\':2,\'coil\':4}',6,96
77,choke_gap1,league,baseline,draw,round-limit,30,0,12,1,13,0,{},{},'{\'leaguePike\':7,\'coil\':2,\'pavise\':4}',7,143,0,1,12,9,34,'{\'rally\':23,\'brace\':11}','{\'ward\':4,\'fireburst\':3,\'mend\':4}','{\'archer\':2,\'pikeman\':7}',8,180
77,choke_gap1,baseline,league,draw,round-limit,30,2,2,9,11,37,'{\'rally\':27,\'brace\':10}','{\'fireburst\':6,\'mend\':1}','{\'pikeman\':8,\'archer\':3}',7,166,0,13,2,14,0,{},{},'{\'pavise\':5,\'leaguePike\':5,\'coil\':2,\'relicWalker\':2}',7,162
78,choke_gap1,league,baseline,draw,round-limit,30,0,19,4,21,0,{},{},'{\'leaguePike\':9,\'pavise\':7,\'coil\':5}',8,145,0,4,17,12,35,'{\'rally\':24,\'brace\':8,\'charge\':2,\'secondWind\':1}','{\'fireburst\':8,\'ward\':5}','{\'pikeman\':10,\'cavalier\':2}',9,207
78,choke_gap1,baseline,league,draw,round-limit,30,2,2,7,15,34,'{\'rally\':26,\'charge\':1,\'brace\':7}','{\'fireburst\':3,\'ward\':3,\'mend\':1}','{\'pikeman\':12,\'archer\':3}',7,177,0,9,2,6,0,{},{},'{\'leaguePike\':3,\'pavise\':1,\'coil\':2}',3,50
79,choke_gap1,league,baseline,draw,round-limit,30,0,8,6,11,0,{},{},'{\'leaguePike\':3,\'coil\':4,\'pavise\':4}',9,175,0,6,8,13,34,'{\'rally\':19,\'brace\':12,\'charge\':2,\'secondWind\':1}','{\'ward\':4,\'mend\':5,\'fireburst\':2}','{\'cavalier\':1,\'pikeman\':7,\'archer\':5}',7,149
79,choke_gap1,baseline,league,draw,round-limit,30,2,5,5,13,27,'{\'rally\':19,\'charge\':1,\'brace\':7}','{\'ward\':2,\'mend\':2,\'fireburst\':4}','{\'archer\':4,\'pikeman\':8,\'cavalier\':1}',6,146,0,7,5,7,0,{},{},'{\'leaguePike\':1,\'pavise\':3,\'coil\':3}',6,102
80,choke_gap1,league,baseline,draw,round-limit,30,0,13,3,7,0,{},{},'{\'leaguePike\':4,\'pavise\':3}',1,12,0,3,11,10,30,'{\'rally\':20,\'brace\':5,\'charge\':2,\'secondWind\':2,\'focusedShot\':1}','{\'fireburst\':4,\'mend\':1,\'ward\':2}','{\'pikeman\':8,\'archer\':2}',7,155
80,choke_gap1,baseline,league,draw,round-limit,30,2,2,13,9,41,'{\'rally\':27,\'brace\':13,\'secondWind\':1}','{\'fireburst\':4,\'mend\':2,\'ward\':3}','{\'pikeman\':6,\'archer\':3}',7,164,0,15,2,17,0,{},{},'{\'leaguePike\':8,\'pavise\':6,\'coil\':3}',9,179
81,choke_gap1,league,baseline,draw,round-limit,30,0,20,1,20,0,{},{},'{\'leaguePike\':2,\'pavise\':10,\'coil\':8}',6,113,0,1,13,9,35,'{\'rally\':29,\'brace\':5,\'charge\':1}','{\'fireburst\':8,\'ward\':4,\'mend\':3}','{\'pikeman\':7,\'archer\':2}',7,157
81,choke_gap1,baseline,league,draw,round-limit,30,2,5,7,14,32,'{\'rally\':24,\'brace\':5,\'charge\':2,\'secondWind\':1}','{\'fireburst\':3,\'mend\':1,\'ward\':1}','{\'archer\':3,\'pikeman\':10,\'cavalier\':1}',8,194,0,9,5,10,0,{},{},'{\'leaguePike\':6,\'coil\':3,\'pavise\':1}',7,138
82,choke_gap1,league,baseline,draw,round-limit,30,0,15,1,16,0,{},{},'{\'leaguePike\':5,\'pavise\':6,\'coil\':5}',7,131,0,1,15,8,42,'{\'rally\':28,\'brace\':14}','{\'fireburst\':2,\'ward\':1,\'mend\':2}','{\'pikeman\':7,\'cavalier\':1}',9,203
82,choke_gap1,baseline,league,draw,round-limit,30,1,3,9,10,42,'{\'rally\':28,\'charge\':1,\'brace\':13}','{\'fireburst\':4,\'ward\':3,\'mend\':3}','{\'pikeman\':7,\'archer\':3}',7,177,0,10,3,12,0,{},{},'{\'leaguePike\':4,\'coil\':3,\'pavise\':5}',8,177
83,choke_gap1,league,baseline,draw,round-limit,30,1,16,1,18,0,{},{},'{\'leaguePike\':8,\'coil\':3,\'pavise\':6,\'relicWalker\':1}',8,154,0,1,15,8,39,'{\'rally\':25,\'brace\':12,\'charge\':1,\'secondWind\':1}','{\'fireburst\':3,\'ward\':3,\'mend\':5}','{\'pikeman\':7,\'cavalier\':1}',8,175
83,choke_gap1,baseline,league,draw,round-limit,30,1,4,7,15,32,'{\'rally\':22,\'brace\':9,\'charge\':1}','{\'ward\':2,\'fireburst\':2,\'mend\':1}','{\'archer\':6,\'pikeman\':9}',7,157,0,7,4,8,0,{},{},'{\'leaguePike\':3,\'pavise\':3,\'coil\':2}',7,141
84,choke_gap1,league,baseline,red,keep-captured,28,0,17,1,12,0,{},{},'{\'leaguePike\':5,\'pavise\':4,\'coil\':2,\'relicWalker\':1}',1,14,0,1,15,8,32,'{\'rally\':25,\'brace\':7}','{\'fireburst\':6,\'mend\':6,\'ward\':2}',{"pikeman":8},8,181
84,choke_gap1,baseline,league,draw,round-limit,30,1,2,7,8,29,'{\'rally\':17,\'charge\':2,\'secondWind\':2,\'brace\':8}','{\'ward\':3,\'fireburst\':4,\'mend\':1}','{\'pikeman\':6,\'archer\':1,\'cavalier\':1}',8,181,0,10,2,4,0,{},{},{"leaguePike":4},1,24
85,choke_gap1,league,baseline,draw,round-limit,30,0,17,3,15,0,{},{},'{\'leaguePike\':4,\'pavise\':7,\'coil\':4}',4,29,0,3,13,10,28,'{\'rally\':19,\'brace\':4,\'charge\':1,\'secondWind\':4}','{\'fireburst\':6,\'mend\':3,\'ward\':1}','{\'pikeman\':7,\'cavalier\':3}',8,165
85,choke_gap1,baseline,league,draw,round-limit,30,2,3,9,9,27,'{\'rally\':20,\'charge\':3,\'brace\':2,\'secondWind\':2}','{\'ward\':3,\'fireburst\':2}','{\'pikeman\':6,\'archer\':1,\'cavalier\':2}',8,191,0,9,3,10,0,{},{},'{\'leaguePike\':6,\'pavise\':3,\'coil\':1}',7,143
86,choke_gap1,league,baseline,draw,round-limit,30,0,11,5,12,0,{},{},'{\'leaguePike\':2,\'pavise\':5,\'coil\':5}',7,141,0,5,10,12,37,'{\'rally\':25,\'brace\':11,\'charge\':1}','{\'fireburst\':3,\'ward\':2,\'mend\':1}','{\'pikeman\':9,\'archer\':3}',8,190
86,choke_gap1,baseline,league,draw,round-limit,30,2,6,6,14,34,'{\'rally\':23,\'charge\':1,\'brace\':10}','{\'fireburst\':2,\'ward\':1,\'mend\':1}','{\'archer\':3,\'pikeman\':10,\'cavalier\':1}',7,166,0,6,6,7,0,{},{},'{\'leaguePike\':6,\'coil\':1}',7,144
87,choke_gap1,league,baseline,draw,round-limit,30,1,16,5,14,0,{},{},'{\'leaguePike\':5,\'pavise\':5,\'coil\':2,\'relicWalker\':2}',4,32,0,5,15,12,45,'{\'rally\':27,\'brace\':13,\'charge\':1,\'secondWind\':4}','{\'fireburst\':3,\'mend\':4,\'ward\':3}','{\'pikeman\':5,\'cavalier\':5,\'archer\':2}',6,144
87,choke_gap1,baseline,league,draw,round-limit,30,1,2,6,9,30,'{\'rally\':19,\'charge\':1,\'secondWind\':2,\'brace\':8}','{\'ward\':6,\'fireburst\':4,\'mend\':3}','{\'archer\':3,\'pikeman\':6}',7,159,0,9,2,9,0,{},{},'{\'leaguePike\':2,\'pavise\':2,\'coil\':5}',6,103
88,choke_gap1,league,baseline,draw,round-limit,30,0,8,3,9,0,{},{},'{\'leaguePike\':2,\'pavise\':4,\'coil\':3}',7,146,0,3,7,9,32,'{\'rally\':21,\'brace\':10,\'charge\':1}','{\'mend\':5,\'ward\':5,\'fireburst\':2}','{\'pikeman\':7,\'archer\':2}',7,163
88,choke_gap1,baseline,league,draw,round-limit,30,2,3,6,10,26,'{\'rally\':16,\'charge\':2,\'secondWind\':2,\'brace\':6}','{\'fireburst\':3,\'mend\':4,\'ward\':2}','{\'archer\':4,\'pikeman\':6}',8,194,0,7,3,9,0,{},{},'{\'leaguePike\':3,\'pavise\':4,\'coil\':2}',8,155
89,choke_gap1,league,baseline,draw,round-limit,30,0,8,5,7,0,{},{},'{\'leaguePike\':3,\'pavise\':2,\'coil\':2}',5,93,0,5,8,13,24,'{\'rally\':15,\'brace\':2,\'charge\':3,\'secondWind\':4}','{\'ward\':11,\'mend\':1,\'fireburst\':1}','{\'pikeman\':9,\'cavalier\':1,\'archer\':3}',7,166
89,choke_gap1,baseline,league,draw,round-limit,30,2,6,7,16,28,'{\'rally\':20,\'brace\':5,\'charge\':2,\'secondWind\':1}','{\'ward\':7,\'fireburst\':3,\'mend\':3}','{\'archer\':4,\'pikeman\':10,\'cavalier\':2}',8,166,0,8,6,10,0,{},{},'{\'leaguePike\':4,\'coil\':4,\'pavise\':2}',8,142
90,choke_gap1,league,baseline,red,keep-captured,26,0,17,2,11,0,{},{},'{\'leaguePike\':4,\'pavise\':5,\'coil\':2}',0,0,0,2,16,10,42,'{\'rally\':26,\'brace\':12,\'charge\':2,\'secondWind\':2}','{\'fireburst\':3,\'ward\':5,\'mend\':1}','{\'pikeman\':7,\'archer\':2,\'cavalier\':1}',8,207
90,choke_gap1,baseline,league,draw,round-limit,30,2,10,4,17,24,'{\'rally\':12,\'charge\':6,\'secondWind\':4,\'brace\':2}','{\'ward\':8,\'mend\':1,\'fireburst\':1}','{\'pikeman\':8,\'archer\':6,\'cavalier\':3}',6,154,0,4,10,4,0,{},{},'{\'leaguePike\':2,\'pavise\':1,\'coil\':1}',6,110
91,choke_gap1,league,baseline,red,keep-captured,29,0,17,2,10,0,{},{},'{\'leaguePike\':6,\'coil\':3,\'pavise\':1}',1,26,0,2,11,9,39,'{\'rally\':25,\'charge\':1,\'brace\':11,\'secondWind\':1,\'focusedShot\':1}','{\'fireburst\':7,\'ward\':3}','{\'pikeman\':7,\'archer\':2}',7,170
91,choke_gap1,baseline,league,draw,round-limit,30,1,3,4,12,29,'{\'rally\':21,\'brace\':8}','{\'fireburst\':2,\'ward\':2,\'mend\':1}','{\'pikeman\':9,\'archer\':3}',8,174,0,4,3,6,0,{},{},'{\'leaguePike\':2,\'pavise\':3,\'coil\':1}',7,126
92,choke_gap1,league,baseline,draw,round-limit,30,0,11,5,12,0,{},{},'{\'leaguePike\':4,\'pavise\':4,\'coil\':4}',7,150,0,5,10,14,27,'{\'rally\':15,\'charge\':3,\'secondWind\':3,\'brace\':6}','{\'fireburst\':4,\'ward\':3,\'mend\':2}','{\'pikeman\':6,\'archer\':3,\'cavalier\':5}',8,179
92,choke_gap1,baseline,league,draw,round-limit,30,2,4,5,11,34,'{\'rally\':23,\'charge\':1,\'brace\':10}','{\'ward\':7,\'mend\':4,\'fireburst\':2}','{\'archer\':3,\'pikeman\':7,\'cavalier\':1}',7,179,0,6,4,9,0,{},{},'{\'leaguePike\':2,\'pavise\':4,\'coil\':3}',9,162
93,choke_gap1,league,baseline,draw,round-limit,30,0,13,9,13,0,{},{},'{\'leaguePike\':4,\'pavise\':4,\'coil\':4,\'relicWalker\':1}',6,145,0,9,13,16,27,'{\'rally\':17,\'brace\':6,\'charge\':4}','{\'fireburst\':2,\'ward\':4,\'mend\':1}','{\'pikeman\':9,\'cavalier\':4,\'archer\':3}',7,147
93,choke_gap1,baseline,league,draw,round-limit,30,2,7,5,17,24,'{\'rally\':16,\'brace\':5,\'charge\':2,\'secondWind\':1}','{\'ward\':4,\'mend\':4,\'fireburst\':1}','{\'archer\':6,\'pikeman\':9,\'cavalier\':2}',8,176,0,5,7,4,0,{},{},'{\'leaguePike\':2,\'pavise\':1,\'coil\':1}',5,96
94,choke_gap1,league,baseline,red,keep-captured,27,0,17,1,11,0,{},{},'{\'leaguePike\':4,\'pavise\':3,\'coil\':4}',1,26,1,1,16,8,47,'{\'rally\':29,\'brace\':14,\'charge\':3,\'focusedShot\':1}','{\'fireburst\':2,\'ward\':1,\'mend\':3}','{\'pikeman\':7,\'cavalier\':1}',8,175
94,choke_gap1,baseline,league,draw,round-limit,30,1,3,5,9,30,'{\'rally\':19,\'brace\':9,\'charge\':2}','{\'fireburst\':4,\'ward\':4,\'mend\':3}','{\'archer\':1,\'pikeman\':6,\'cavalier\':2}',8,170,0,8,3,11,0,{},{},'{\'leaguePike\':4,\'pavise\':5,\'coil\':2}',8,168
95,choke_gap1,league,baseline,draw,round-limit,30,0,8,6,8,0,{},{},'{\'leaguePike\':1,\'pavise\':3,\'coil\':4}',6,99,0,6,8,16,39,'{\'rally\':26,\'charge\':2,\'brace\':11}','{\'ward\':3,\'mend\':1,\'fireburst\':2}','{\'pikeman\':12,\'archer\':3,\'cavalier\':1}',8,151
95,choke_gap1,baseline,league,draw,round-limit,30,2,7,6,17,25,'{\'rally\':18,\'charge\':2,\'brace\':5}','{\'ward\':9,\'fireburst\':3,\'mend\':2}','{\'archer\':3,\'pikeman\':11,\'cavalier\':3}',7,171,0,8,7,8,0,{},{},'{\'leaguePike\':3,\'coil\':4,\'pavise\':1}',6,112
96,choke_gap1,league,baseline,draw,round-limit,30,0,11,2,8,0,{},{},'{\'leaguePike\':3,\'pavise\':3,\'coil\':1,\'relicWalker\':1}',3,66,0,2,10,10,17,'{\'rally\':12,\'charge\':1,\'secondWind\':2,\'brace\':2}','{\'ward\':2,\'fireburst\':4,\'mend\':3}','{\'pikeman\':7,\'archer\':3}',8,193
96,choke_gap1,baseline,league,draw,round-limit,30,2,3,6,15,25,'{\'rally\':17,\'charge\':2,\'secondWind\':3,\'brace\':3}','{\'ward\':6,\'fireburst\':3,\'mend\':4}','{\'pikeman\':12,\'archer\':1,\'cavalier\':2}',8,194,0,8,3,5,0,{},{},'{\'leaguePike\':2,\'pavise\':2,\'coil\':1}',3,60
97,choke_gap1,league,baseline,draw,round-limit,30,0,9,5,8,0,{},{},'{\'leaguePike\':2,\'pavise\':3,\'coil\':3}',5,115,0,5,9,13,36,'{\'rally\':23,\'brace\':11,\'charge\':2}','{\'fireburst\':2,\'mend\':3,\'ward\':4}','{\'pikeman\':9,\'archer\':3,\'cavalier\':1}',7,170
97,choke_gap1,baseline,league,draw,round-limit,30,2,2,9,11,30,'{\'rally\':20,\'brace\':9,\'charge\':1}','{\'fireburst\':3,\'mend\':1,\'ward\':2}','{\'pikeman\':8,\'archer\':3}',7,180,0,10,2,5,0,{},{},'{\'leaguePike\':1,\'pavise\':3,\'relicWalker\':1}',2,60
98,choke_gap1,league,baseline,draw,round-limit,30,0,13,2,15,0,{},{},'{\'leaguePike\':4,\'pavise\':5,\'coil\':6}',8,143,0,2,12,10,52,'{\'rally\':30,\'brace\':20,\'charge\':1,\'secondWind\':1}','{\'ward\':5,\'fireburst\':2,\'mend\':4}','{\'cavalier\':1,\'archer\':2,\'pikeman\':7}',7,168
98,choke_gap1,baseline,league,draw,round-limit,30,2,6,3,16,22,'{\'rally\':13,\'charge\':3,\'secondWind\':2,\'brace\':4}','{\'ward\':4,\'fireburst\':1,\'mend\':1}','{\'archer\':5,\'pikeman\':7,\'cavalier\':4}',7,184,0,3,6,4,0,{},{},'{\'leaguePike\':1,\'pavise\':2,\'coil\':1}',6,105
99,choke_gap1,league,baseline,draw,round-limit,30,0,6,4,7,0,{},{},'{\'leaguePike\':3,\'pavise\':2,\'coil\':1,\'relicWalker\':1}',7,150,0,4,6,10,32,'{\'rally\':21,\'brace\':10,\'charge\':1}','{\'fireburst\':2,\'ward\':3,\'mend\':3}','{\'pikeman\':8,\'archer\':2}',7,175
99,choke_gap1,baseline,league,draw,round-limit,30,2,5,7,15,33,'{\'rally\':22,\'brace\':7,\'charge\':3,\'secondWind\':1}','{\'fireburst\':4,\'mend\':3}','{\'pikeman\':10,\'archer\':3,\'cavalier\':2}',8,182,0,9,5,8,0,{},{},'{\'pavise\':2,\'leaguePike\':2,\'coil\':4}',5,102
100,choke_gap1,league,baseline,draw,round-limit,30,0,12,2,13,0,{},{},'{\'leaguePike\':5,\'pavise\':3,\'coil\':5}',7,114,0,2,11,9,35,'{\'rally\':24,\'brace\':9,\'charge\':1,\'secondWind\':1}','{\'ward\':1,\'mend\':5,\'fireburst\':2}','{\'cavalier\':1,\'pikeman\':6,\'archer\':2}',7,153
100,choke_gap1,baseline,league,draw,round-limit,30,1,7,5,13,37,'{\'rally\':23,\'charge\':3,\'brace\':11}','{\'fireburst\':4,\'mend\':3,\'ward\':1}','{\'pikeman\':8,\'archer\':1,\'cavalier\':4}',8,179,0,7,7,7,0,{},{},'{\'pavise\':3,\'leaguePike\':2,\'coil\':2}',6,109
