seed,map,blue,red,winner,reason,rounds,blue_captures,blue_lost,blue_killed,blue_recruited,blue_ability_uses,blue_abilities,blue_spells,blue_recruits,blue_final_units,blue_final_hp,red_captures,red_lost,red_killed,red_recruited,red_ability_uses,red_abilities,red_spells,red_recruits,red_final_units,red_final_hp
1,river_ford,league,baseline,draw,round-limit,30,0,4,1,7,202,'{\'rally\':109,\'setPosition\':86,\'preparedPosition\':7}','{\'fieldRepair\':2,\'ward\':1,\'flare\':1}','{\'leaguePike\':4,\'coil\':3}',8,185,0,1,4,8,25,'{\'rally\':16,\'brace\':5,\'focusedShot\':2,\'secondWind\':2}','{\'fireburst\':7,\'ward\':4,\'mend\':6}','{\'pikeman\':5,\'cavalier\':1,\'archer\':2}',7,159
1,river_ford,baseline,league,draw,round-limit,30,1,2,0,8,61,'{\'rally\':39,\'brace\':21,\'secondWind\':1}','{\'fireburst\':2,\'ward\':3,\'mend\':1}','{\'pikeman\':6,\'archer\':1,\'cavalier\':1}',8,183,0,0,2,1,148,'{\'setPosition\':60,\'rally\':60,\'preparedPosition\':28}','{\'ward\':2,\'mend\':3,\'fieldRepair\':1}',{"pavise":1},6,135
2,river_ford,league,baseline,draw,round-limit,30,1,2,3,4,181,'{\'rally\':85,\'setPosition\':73,\'preparedPosition\':23}','{\'ward\':2,\'fireburst\':1,\'fieldRepair\':1}','{\'leaguePike\':3,\'coil\':1}',7,149,0,4,2,10,31,'{\'rally\':17,\'focusedShot\':4,\'brace\':8,\'secondWind\':2}','{\'ward\':5,\'fireburst\':2,\'mend\':3}','{\'pikeman\':5,\'archer\':4,\'cavalier\':1}',7,146
2,river_ford,baseline,league,draw,round-limit,30,0,3,0,9,55,'{\'rally\':34,\'brace\':13,\'secondWind\':6,\'charge\':2}','{\'fireburst\':2,\'ward\':2}','{\'pikeman\':6,\'archer\':1,\'cavalier\':2}',9,183,0,0,2,1,147,'{\'rally\':60,\'setPosition\':58,\'preparedPosition\':29}','{\'fireburst\':2,\'ward\':3,\'mend\':3,\'fieldRepair\':2}',{"leaguePike":1},6,137
3,river_ford,league,baseline,draw,round-limit,30,0,4,2,8,224,'{\'rally\':102,\'setPosition\':98,\'preparedPosition\':24}','{\'flare\':2,\'mend\':3,\'ward\':1}','{\'leaguePike\':2,\'pavise\':1,\'coil\':5}',9,207,0,2,4,9,32,'{\'rally\':21,\'brace\':8,\'secondWind\':3}','{\'mend\':5,\'fireburst\':2,\'ward\':2}','{\'pikeman\':5,\'archer\':3,\'cavalier\':1}',8,163
3,river_ford,baseline,league,draw,round-limit,30,1,2,0,14,41,'{\'rally\':27,\'brace\':12,\'secondWind\':2}','{\'fireburst\':3,\'ward\':3,\'mend\':2}','{\'archer\':3,\'pikeman\':11}',7,138,0,1,2,2,145,'{\'rally\':59,\'setPosition\':57,\'preparedPosition\':29}','{\'fireburst\':3,\'fieldRepair\':1,\'flare\':2,\'mend\':1}','{\'leaguePike\':1,\'pavise\':1}',6,124
4,river_ford,league,baseline,draw,round-limit,30,0,0,3,4,214,'{\'rally\':98,\'setPosition\':90,\'preparedPosition\':26}','{\'flare\':2,\'mend\':3,\'ward\':1}','{\'leaguePike\':2,\'pavise\':1,\'coil\':1}',9,192,0,3,0,10,50,'{\'rally\':29,\'brace\':17,\'focusedShot\':2,\'secondWind\':2}','{\'mend\':3,\'ward\':2,\'fireburst\':2}','{\'pikeman\':7,\'archer\':3}',7,155
4,river_ford,baseline,league,draw,round-limit,30,1,4,1,13,47,'{\'rally\':29,\'brace\':16,\'charge\':1,\'secondWind\':1}','{\'ward\':7,\'fireburst\':7,\'mend\':4}','{\'archer\':3,\'pikeman\':10}',6,141,0,1,4,2,144,'{\'rally\':59,\'setPosition\':57,\'preparedPosition\':28}','{\'fireburst\':3,\'fieldRepair\':3,\'flare\':1,\'mend\':2}',{"pavise":2},6,128
5,river_ford,league,baseline,draw,round-limit,30,0,5,2,7,197,'{\'rally\':98,\'setPosition\':89,\'preparedPosition\':10}','{\'ward\':2,\'mend\':2,\'fieldRepair\':1}','{\'leaguePike\':3,\'coil\':4}',7,160,0,2,5,8,23,'{\'rally\':19,\'brace\':2,\'focusedShot\':1,\'secondWind\':1}','{\'fireburst\':4,\'mend\':4,\'ward\':2}','{\'pikeman\':7,\'cavalier\':1}',8,180
5,river_ford,baseline,league,draw,round-limit,30,1,2,1,10,48,'{\'rally\':28,\'charge\':2,\'secondWind\':1,\'brace\':17}','{\'fireburst\':4,\'mend\':1,\'ward\':1}','{\'pikeman\':7,\'archer\':3}',7,138,0,1,2,1,143,'{\'rally\':59,\'setPosition\':57,\'preparedPosition\':27}','{\'ward\':5,\'fieldRepair\':4,\'flare\':3}',{"pavise":1},5,111
6,river_ford,league,baseline,draw,round-limit,30,0,3,5,5,177,'{\'rally\':81,\'setPosition\':77,\'preparedPosition\':19}','{\'mend\':1,\'flare\':1}','{\'leaguePike\':3,\'coil\':2}',7,156,0,5,3,12,30,'{\'rally\':17,\'brace\':5,\'focusedShot\':2,\'charge\':2,\'secondWind\':4}','{\'fireburst\':3,\'mend\':5,\'ward\':3}','{\'pikeman\':8,\'archer\':2,\'cavalier\':2}',8,187
6,river_ford,baseline,league,draw,round-limit,30,1,6,0,12,48,'{\'rally\':29,\'brace\':16,\'secondWind\':2,\'charge\':1}','{\'fireburst\':3,\'mend\':1,\'ward\':2}','{\'archer\':3,\'pikeman\':8,\'cavalier\':1}',7,167,0,0,6,1,148,'{\'setPosition\':60,\'rally\':60,\'preparedPosition\':28}','{\'ward\':2,\'fieldRepair\':4,\'flare\':1}',{"pavise":1},6,137
7,river_ford,league,baseline,draw,round-limit,30,1,4,2,5,125,'{\'rally\':66,\'setPosition\':48,\'preparedPosition\':11}','{\'ward\':3,\'mend\':1,\'flare\':2}','{\'leaguePike\':3,\'coil\':2}',6,138,0,2,4,9,31,'{\'rally\':20,\'brace\':5,\'focusedShot\':3,\'charge\':1,\'secondWind\':2}','{\'fireburst\':2,\'mend\':7}','{\'pikeman\':7,\'archer\':2}',7,179
7,river_ford,baseline,league,draw,round-limit,30,1,2,1,9,58,'{\'rally\':34,\'brace\':21,\'secondWind\':1,\'charge\':2}','{\'ward\':3,\'fireburst\':2}','{\'pikeman\':6,\'archer\':2,\'cavalier\':1}',8,157,0,1,1,2,146,'{\'rally\':60,\'setPosition\':57,\'preparedPosition\':29}','{\'fireburst\':4,\'ward\':1,\'fieldRepair\':2,\'mend\':1,\'flare\':1}','{\'leaguePike\':1,\'pavise\':1}',6,121
8,river_ford,league,baseline,draw,round-limit,30,0,3,4,4,156,'{\'rally\':68,\'setPosition\':65,\'preparedPosition\':23}','{\'fireburst\':2,\'fieldRepair\':1,\'ward\':1,\'mend\':2,\'flare\':1}','{\'leaguePike\':3,\'coil\':1}',6,121,0,4,3,10,38,'{\'rally\':22,\'focusedShot\':1,\'secondWind\':5,\'brace\':10}','{\'fireburst\':4,\'mend\':3}','{\'pikeman\':6,\'archer\':2,\'cavalier\':2}',7,180
8,river_ford,baseline,league,draw,round-limit,30,1,2,1,14,42,'{\'rally\':37,\'brace\':5}','{\'fireburst\':6,\'ward\':2,\'mend\':4}','{\'pikeman\':10,\'archer\':3,\'cavalier\':1}',6,158,0,1,2,2,149,'{\'setPosition\':60,\'rally\':60,\'preparedPosition\':29}','{\'ward\':3,\'fieldRepair\':3,\'flare\':2,\'fireburst\':2}',{"pavise":2},6,121
9,river_ford,league,baseline,draw,round-limit,30,0,4,2,7,128,'{\'rally\':64,\'setPosition\':52,\'preparedPosition\':12}','{\'ward\':1,\'flare\':1,\'fireburst\':2,\'mend\':4,\'fieldRepair\':1}','{\'leaguePike\':3,\'coil\':4}',8,182,0,2,4,10,31,'{\'rally\':20,\'brace\':6,\'focusedShot\':4,\'charge\':1}','{\'ward\':7,\'fireburst\':1,\'mend\':5}','{\'pikeman\':7,\'archer\':3}',8,193
9,river_ford,baseline,league,draw,round-limit,30,1,2,0,9,50,'{\'rally\':31,\'brace\':15,\'secondWind\':4}','{\'fireburst\':2,\'ward\':3}','{\'pikeman\':6,\'archer\':1,\'cavalier\':2}',9,202,0,0,2,1,149,'{\'setPosition\':60,\'rally\':60,\'preparedPosition\':29}','{\'fieldRepair\':1,\'flare\':1,\'mend\':3}',{"pavise":1},6,125
10,river_ford,league,baseline,draw,round-limit,30,0,1,5,3,167,'{\'rally\':75,\'setPosition\':73,\'preparedPosition\':19}','{\'fireburst\':4,\'fieldRepair\':1,\'flare\':1,\'mend\':2}','{\'leaguePike\':2,\'coil\':1}',7,160,0,5,1,12,26,'{\'rally\':17,\'secondWind\':3,\'brace\':4,\'charge\':2}','{\'fireburst\':5,\'mend\':4,\'ward\':2}','{\'archer\':5,\'pikeman\':6,\'cavalier\':1}',6,152
10,river_ford,baseline,league,draw,round-limit,30,0,2,0,9,39,'{\'rally\':23,\'brace\':13,\'secondWind\':3}','{\'fireburst\':3,\'mend\':4,\'ward\':1}','{\'pikeman\':7,\'archer\':1,\'cavalier\':1}',8,153,0,0,2,1,149,'{\'setPosition\':60,\'rally\':60,\'preparedPosition\':29}','{\'ward\':2,\'flare\':1,\'fieldRepair\':3,\'fireburst\':1}',{"pavise":1},6,135
11,river_ford,league,baseline,draw,round-limit,30,0,4,1,6,82,'{\'rally\':50,\'setPosition\':29,\'preparedPosition\':3}','{\'fireburst\':2,\'fieldRepair\':2,\'mend\':1,\'flare\':2}','{\'leaguePike\':2,\'pavise\':1,\'coil\':3}',7,130,0,1,3,9,31,'{\'rally\':19,\'brace\':9,\'charge\':1,\'focusedShot\':2}','{\'fireburst\':6,\'mend\':3,\'ward\':5}','{\'pikeman\':6,\'archer\':2,\'cavalier\':1}',7,128
11,river_ford,baseline,league,draw,round-limit,30,1,2,2,13,38,'{\'rally\':27,\'brace\':10,\'secondWind\':1}','{\'ward\':2,\'fireburst\':2,\'mend\':1}','{\'pikeman\':9,\'archer\':4}',7,160,0,2,1,3,141,'{\'rally\':58,\'setPosition\':55,\'preparedPosition\':28}','{\'ward\':5,\'fieldRepair\':4,\'flare\':3,\'fireburst\':2,\'mend\':1}','{\'leaguePike\':1,\'pavise\':1,\'coil\':1}',6,137
12,river_ford,league,baseline,draw,round-limit,30,0,6,2,9,106,'{\'rally\':61,\'setPosition\':41,\'preparedPosition\':2,\'arcBurst\':2}','{\'fireburst\':3,\'flare\':1,\'mend\':2,\'ward\':2}','{\'leaguePike\':2,\'pavise\':1,\'coil\':5,\'relicWalker\':1}',8,179,0,2,6,10,30,'{\'rally\':18,\'brace\':7,\'focusedShot\':2,\'secondWind\':3}','{\'fireburst\':1,\'ward\':3,\'mend\':5}','{\'archer\':3,\'pikeman\':7}',8,162
12,river_ford,baseline,league,draw,round-limit,30,1,4,1,18,42,'{\'rally\':27,\'charge\':1,\'brace\':9,\'secondWind\':5}','{\'ward\':4,\'mend\':5,\'fireburst\':1}','{\'pikeman\':14,\'cavalier\':1,\'archer\':3}',6,151,0,1,4,2,145,'{\'setPosition\':59,\'rally\':59,\'preparedPosition\':27}','{\'flare\':2,\'fireburst\':1,\'mend\':2,\'fieldRepair\':2}',{"pavise":2},6,140
13,river_ford,league,baseline,draw,round-limit,30,0,6,1,6,135,'{\'rally\':75,\'setPosition\':54,\'preparedPosition\':6}','{\'ward\':4,\'flare\':3,\'fieldRepair\':2,\'mend\':2}','{\'leaguePike\':3,\'pavise\':1,\'coil\':2}',6,121,0,1,6,9,38,'{\'rally\':29,\'brace\':7,\'focusedShot\':2}','{\'ward\':4,\'fireburst\':4,\'mend\':4}','{\'pikeman\':7,\'archer\':2}',8,173
13,river_ford,baseline,league,draw,round-limit,30,1,3,0,10,34,'{\'rally\':26,\'brace\':8}','{\'fireburst\':3,\'mend\':6,\'ward\':4}','{\'archer\':3,\'pikeman\':7}',8,199,0,0,3,1,146,'{\'rally\':60,\'setPosition\':58,\'preparedPosition\':28}','{\'fireburst\':1,\'ward\':1,\'fieldRepair\':1,\'flare\':1}',{"leaguePike":1},6,122
14,river_ford,league,baseline,draw,round-limit,30,0,4,4,7,202,'{\'rally\':92,\'setPosition\':88,\'preparedPosition\':22}','{\'ward\':6,\'fieldRepair\':1,\'fireburst\':1}','{\'leaguePike\':3,\'coil\':4}',8,174,0,5,4,15,36,'{\'rally\':20,\'brace\':7,\'charge\':3,\'secondWind\':4,\'focusedShot\':2}','{\'fireburst\':2,\'ward\':5,\'mend\':5}','{\'pikeman\':8,\'archer\':5,\'cavalier\':2}',6,150
14,river_ford,baseline,league,draw,round-limit,30,0,0,0,7,51,'{\'rally\':30,\'brace\':20,\'secondWind\':1}','{\'fireburst\':4,\'ward\':1,\'mend\':3}','{\'pikeman\':6,\'archer\':1}',8,154,0,0,0,1,149,'{\'setPosition\':60,\'rally\':60,\'preparedPosition\':29}','{\'ward\':1,\'fieldRepair\':2,\'mend\':1}',{"pavise":1},6,119
15,river_ford,league,baseline,draw,round-limit,30,1,4,3,6,77,'{\'rally\':51,\'setPosition\':22,\'preparedPosition\':4}','{\'fireburst\':5,\'fieldRepair\':4,\'flare\':1}','{\'leaguePike\':3,\'coil\':3}',7,162,0,3,4,11,29,'{\'rally\':13,\'focusedShot\':11,\'secondWind\':2,\'charge\':2,\'brace\':1}','{\'ward\':7,\'mend\':4,\'fireburst\':1}','{\'pikeman\':7,\'archer\':3,\'cavalier\':1}',8,176
15,river_ford,baseline,league,draw,round-limit,30,1,2,0,12,37,'{\'rally\':24,\'brace\':12,\'charge\':1}','{\'ward\':4,\'mend\':3}','{\'pikeman\':10,\'archer\':1,\'cavalier\':1}',9,193,0,0,2,1,149,'{\'setPosition\':60,\'rally\':60,\'preparedPosition\':29}','{\'mend\':1,\'fieldRepair\':2,\'ward\':1}',{"pavise":1},6,129
16,river_ford,league,baseline,draw,round-limit,30,0,1,5,5,222,'{\'rally\':105,\'setPosition\':94,\'preparedPosition\':23}','{\'fireburst\':1,\'flare\':1,\'mend\':2}','{\'leaguePike\':3,\'coil\':2}',9,203,0,5,1,17,32,'{\'rally\':24,\'brace\':1,\'focusedShot\':1,\'secondWind\':4,\'charge\':2}','{\'fireburst\':3,\'ward\':4,\'mend\':2}','{\'pikeman\':11,\'archer\':3,\'cavalier\':3}',6,145
16,river_ford,baseline,league,draw,round-limit,30,1,4,1,13,50,'{\'rally\':35,\'secondWind\':1,\'brace\':14}','{\'ward\':4,\'mend\':1}','{\'pikeman\':9,\'archer\':4}',8,195,0,1,4,2,147,'{\'setPosition\':59,\'rally\':59,\'preparedPosition\':29}','{\'ward\':2,\'fireburst\':2,\'flare\':1,\'mend\':1,\'fieldRepair\':1}',{"pavise":2},6,135
17,river_ford,league,baseline,draw,round-limit,30,1,2,1,5,154,'{\'rally\':76,\'setPosition\':60,\'preparedPosition\':18}','{\'ward\':3,\'mend\':1,\'fieldRepair\':1}','{\'leaguePike\':3,\'coil\':2}',8,173,0,1,2,9,36,'{\'rally\':23,\'brace\':6,\'focusedShot\':6,\'secondWind\':1}','{\'mend\':3,\'ward\':2,\'fireburst\':2}','{\'pikeman\':7,\'archer\':2}',8,175
17,river_ford,baseline,league,draw,round-limit,30,1,3,0,10,56,'{\'rally\':34,\'secondWind\':1,\'brace\':21}','{\'fireburst\':4,\'mend\':2}','{\'archer\':3,\'pikeman\':7}',7,169,0,0,3,1,148,'{\'setPosition\':60,\'rally\':60,\'preparedPosition\':28}','{\'fieldRepair\':1,\'flare\':2,\'fireburst\':2,\'ward\':1,\'mend\':1}',{"pavise":1},6,122
18,river_ford,league,baseline,draw,round-limit,30,1,6,4,8,165,'{\'rally\':80,\'setPosition\':70,\'preparedPosition\':15}','{\'ward\':2,\'fireburst\':1,\'mend\':2,\'fieldRepair\':2}','{\'leaguePike\':2,\'pavise\':2,\'coil\':4}',7,161,0,4,6,11,29,'{\'rally\':15,\'brace\':5,\'focusedShot\':5,\'secondWind\':3,\'charge\':1}','{\'mend\':4,\'ward\':2,\'fireburst\':3}','{\'pikeman\':6,\'archer\':4,\'cavalier\':1}',7,171
18,river_ford,baseline,league,draw,round-limit,30,1,1,1,8,59,'{\'rally\':36,\'brace\':21,\'secondWind\':2}','{\'fireburst\':3,\'mend\':4,\'ward\':1}','{\'pikeman\':6,\'archer\':2}',7,171,0,1,1,2,148,'{\'setPosition\':60,\'rally\':60,\'preparedPosition\':28}','{\'flare\':2,\'ward\':1,\'fieldRepair\':1}',{"pavise":2},6,131
19,river_ford,league,baseline,draw,round-limit,30,0,1,6,5,234,'{\'rally\':105,\'setPosition\':102,\'preparedPosition\':27}','{\'flare\':1,\'mend\':1,\'fieldRepair\':2}','{\'leaguePike\':2,\'pavise\':1,\'coil\':2}',9,201,0,6,1,13,43,'{\'rally\':24,\'brace\':12,\'focusedShot\':3,\'secondWind\':2,\'charge\':2}','{\'mend\':6,\'ward\':4,\'fireburst\':1}','{\'pikeman\':8,\'cavalier\':2,\'archer\':3}',7,168
19,river_ford,baseline,league,draw,round-limit,30,1,2,2,9,49,'{\'rally\':29,\'brace\':20}','{\'ward\':3,\'fireburst\':2,\'mend\':3}','{\'archer\':3,\'pikeman\':6}',8,171,0,2,2,3,143,'{\'rally\':59,\'setPosition\':56,\'preparedPosition\':28}','{\'fireburst\':1,\'fieldRepair\':2}','{\'leaguePike\':1,\'pavise\':1,\'coil\':1}',6,134
20,river_ford,league,baseline,draw,round-limit,30,0,1,6,5,234,'{\'rally\':105,\'setPosition\':102,\'preparedPosition\':27}','{\'fieldRepair\':1,\'ward\':1,\'flare\':2}','{\'leaguePike\':2,\'pavise\':1,\'coil\':2}',9,201,0,6,1,15,35,'{\'rally\':19,\'brace\':7,\'focusedShot\':3,\'secondWind\':4,\'charge\':2}','{\'fireburst\':1,\'ward\':4,\'mend\':3}','{\'pikeman\':9,\'archer\':4,\'cavalier\':2}',7,164
20,river_ford,baseline,league,draw,round-limit,30,1,3,0,9,58,'{\'rally\':33,\'brace\':19,\'charge\':1,\'secondWind\':5}','{\'fireburst\':2,\'ward\':3,\'mend\':2}','{\'pikeman\':7,\'archer\':1,\'cavalier\':1}',8,167,0,0,3,1,145,'{\'rally\':60,\'setPosition\':58,\'preparedPosition\':27}','{\'ward\':1,\'fireburst\':2,\'fieldRepair\':1}',{"leaguePike":1},6,131
21,river_ford,league,baseline,draw,round-limit,30,1,1,3,5,173,'{\'rally\':87,\'setPosition\':71,\'preparedPosition\':15}','{\'fireburst\':2,\'mend\':2,\'fieldRepair\':2,\'flare\':2}','{\'leaguePike\':2,\'pavise\':1,\'coil\':2}',9,180,0,3,1,10,44,'{\'rally\':22,\'brace\':12,\'charge\':2,\'secondWind\':4,\'focusedShot\':4}','{\'fireburst\':3,\'ward\':2,\'mend\':3}','{\'pikeman\':7,\'cavalier\':1,\'archer\':2}',7,154
21,river_ford,baseline,league,draw,round-limit,30,1,1,2,13,49,'{\'rally\':34,\'brace\':15}','{\'ward\':6,\'mend\':4}','{\'pikeman\':12,\'archer\':1}',8,177,0,2,1,3,133,'{\'rally\':55,\'setPosition\':52,\'preparedPosition\':26}','{\'ward\':1,\'fireburst\':1,\'mend\':2,\'fieldRepair\':2,\'flare\':1}','{\'leaguePike\':1,\'pavise\':1,\'coil\':1}',6,134
22,river_ford,league,baseline,draw,round-limit,30,0,3,2,7,212,'{\'rally\':95,\'setPosition\':93,\'preparedPosition\':24}','{\'fireburst\':2,\'ward\':1,\'flare\':3,\'mend\':1}','{\'leaguePike\':3,\'coil\':4}',9,206,0,2,3,10,52,'{\'rally\':32,\'secondWind\':1,\'brace\':19}','{\'ward\':8,\'fireburst\':1}','{\'pikeman\':7,\'archer\':3}',8,194
22,river_ford,baseline,league,draw,round-limit,30,1,6,1,14,43,'{\'rally\':28,\'brace\':12,\'secondWind\':3}','{\'fireburst\':2,\'ward\':5,\'mend\':1}','{\'archer\':3,\'pikeman\':10,\'cavalier\':1}',6,116,0,1,6,2,147,'{\'rally\':60,\'setPosition\':58,\'preparedPosition\':29}','{\'ward\':2,\'mend\':2,\'fieldRepair\':3,\'fireburst\':3,\'flare\':1}','{\'leaguePike\':1,\'pavise\':1}',6,122
23,river_ford,league,baseline,draw,round-limit,30,0,3,5,7,219,'{\'rally\':101,\'setPosition\':96,\'preparedPosition\':22}','{\'fireburst\':2,\'ward\':1,\'flare\':3}','{\'leaguePike\':2,\'pavise\':1,\'coil\':4}',9,185,0,5,3,12,40,'{\'rally\':25,\'brace\':12,\'focusedShot\':1,\'secondWind\':2}','{\'fireburst\':1,\'mend\':1,\'ward\':4}','{\'pikeman\':7,\'archer\':3,\'cavalier\':2}',8,204
23,river_ford,baseline,league,draw,round-limit,30,1,3,1,10,40,'{\'rally\':25,\'brace\':15}','{\'ward\':5,\'mend\':2,\'fireburst\':1}','{\'archer\':3,\'pikeman\':7}',7,144,0,2,3,3,136,'{\'setPosition\':54,\'rally\':56,\'preparedPosition\':26}','{\'flare\':2,\'mend\':1,\'fieldRepair\':1}','{\'pavise\':2,\'coil\':1}',6,140
24,river_ford,league,baseline,draw,round-limit,30,0,6,3,9,116,'{\'rally\':62,\'setPosition\':46,\'preparedPosition\':8}','{\'fireburst\':2,\'fieldRepair\':2,\'flare\':1}','{\'leaguePike\':2,\'pavise\':1,\'coil\':6}',8,187,0,3,6,11,23,'{\'rally\':18,\'brace\':1,\'focusedShot\':3,\'secondWind\':1}','{\'ward\':5,\'fireburst\':1,\'mend\':3}','{\'pikeman\':7,\'cavalier\':1,\'archer\':3}',8,197
24,river_ford,baseline,league,draw,round-limit,30,1,1,0,7,54,'{\'rally\':33,\'brace\':21}','{\'fireburst\':2,\'mend\':2}','{\'archer\':1,\'pikeman\':6}',8,175,0,0,1,1,146,'{\'rally\':60,\'setPosition\':58,\'preparedPosition\':28}','{\'fireburst\':2,\'fieldRepair\':3,\'mend\':3}',{"leaguePike":1},6,123
25,river_ford,league,baseline,draw,round-limit,30,0,4,3,9,204,'{\'rally\':103,\'setPosition\':96,\'preparedPosition\':5}','{\'fireburst\':1,\'fieldRepair\':1,\'mend\':1}','{\'leaguePike\':2,\'pavise\':2,\'coil\':4,\'relicWalker\':1}',10,239,0,3,4,11,36,'{\'rally\':30,\'focusedShot\':1,\'secondWind\':1,\'brace\':4}','{\'ward\':4,\'fireburst\':3,\'mend\':1}','{\'pikeman\':7,\'archer\':4}',8,196
25,river_ford,baseline,league,draw,round-limit,30,1,3,1,9,51,'{\'rally\':36,\'secondWind\':5,\'charge\':1,\'brace\':9}','{\'ward\':1,\'fireburst\':1}','{\'pikeman\':6,\'cavalier\':2,\'archer\':1}',8,183,0,1,3,2,147,'{\'setPosition\':59,\'rally\':59,\'preparedPosition\':29}','{\'mend\':2,\'fieldRepair\':1,\'ward\':1,\'flare\':1}',{"pavise":2},6,133
26,river_ford,league,baseline,draw,round-limit,30,0,3,6,4,165,'{\'rally\':72,\'setPosition\':68,\'preparedPosition\':25}','{\'fireburst\':2,\'flare\':3,\'mend\':1}','{\'leaguePike\':2,\'coil\':2}',6,117,0,6,3,18,30,'{\'rally\':22,\'brace\':4,\'focusedShot\':1,\'secondWind\':2,\'charge\':1}','{\'mend\':3,\'ward\':9,\'fireburst\':6}','{\'pikeman\':12,\'archer\':5,\'cavalier\':1}',6,165
26,river_ford,baseline,league,draw,round-limit,30,1,2,2,15,45,'{\'rally\':38,\'brace\':7}','{\'mend\':5,\'ward\':4,\'fireburst\':2}','{\'pikeman\':12,\'archer\':3}',7,181,0,2,2,3,118,'{\'rally\':51,\'setPosition\':48,\'preparedPosition\':19}','{\'fireburst\':4,\'flare\':2,\'fieldRepair\':2}','{\'leaguePike\':1,\'pavise\':1,\'coil\':1}',6,119
27,river_ford,league,baseline,draw,round-limit,30,0,6,2,9,119,'{\'rally\':61,\'setPosition\':46,\'preparedPosition\':11,\'arcBurst\':1}','{\'fireburst\':2,\'ward\':1,\'mend\':5,\'flare\':3,\'fieldRepair\':2}','{\'leaguePike\':2,\'pavise\':1,\'coil\':5,\'relicWalker\':1}',8,190,0,2,6,10,44,'{\'rally\':22,\'focusedShot\':4,\'brace\':11,\'secondWind\':6,\'charge\':1}','{\'ward\':2,\'fireburst\':1,\'mend\':4}','{\'pikeman\':5,\'archer\':4,\'cavalier\':1}',8,179
27,river_ford,baseline,league,draw,round-limit,30,1,3,0,14,45,'{\'rally\':27,\'brace\':12,\'secondWind\':5,\'charge\':1}','{\'fireburst\':7,\'ward\':5,\'mend\':3}','{\'pikeman\':12,\'archer\':1,\'cavalier\':1}',8,153,0,0,3,1,149,'{\'setPosition\':60,\'rally\':60,\'preparedPosition\':29}','{\'fireburst\':1,\'fieldRepair\':2}',{"pavise":1},6,134
28,river_ford,league,baseline,draw,round-limit,30,0,1,3,6,223,'{\'rally\':103,\'setPosition\':97,\'preparedPosition\':23}','{\'fireburst\':1,\'ward\':2,\'mend\':1,\'fieldRepair\':3}','{\'leaguePike\':2,\'pavise\':2,\'coil\':2}',10,218,0,3,1,9,38,'{\'rally\':27,\'secondWind\':6,\'charge\':1,\'brace\':4}','{\'mend\':4,\'ward\':4}','{\'pikeman\':7,\'cavalier\':2}',8,185
28,river_ford,baseline,league,draw,round-limit,30,1,0,1,8,57,'{\'rally\':32,\'brace\':25}',{"ward":2},'{\'archer\':3,\'pikeman\':5}',7,162,0,1,0,2,146,'{\'setPosition\':59,\'rally\':59,\'preparedPosition\':28}','{\'ward\':1,\'fieldRepair\':3,\'flare\':1}',{"pavise":2},6,135
29,river_ford,league,baseline,draw,round-limit,30,0,1,2,6,233,'{\'rally\':116,\'setPosition\':103,\'preparedPosition\':14}','{\'fireburst\':1,\'fieldRepair\':3,\'ward\':5,\'mend\':1}','{\'leaguePike\':2,\'pavise\':2,\'coil\':1,\'relicWalker\':1}',10,229,0,2,1,8,35,'{\'rally\':21,\'brace\':7,\'secondWind\':7}','{\'fireburst\':4,\'mend\':4,\'ward\':2}','{\'pikeman\':7,\'cavalier\':1}',9,195
29,river_ford,baseline,league,draw,round-limit,30,0,1,0,14,42,'{\'rally\':34,\'brace\':8}','{\'fireburst\':10,\'mend\':4,\'ward\':2}','{\'pikeman\':13,\'archer\':1}',6,142,0,1,1,2,147,'{\'setPosition\':59,\'rally\':60,\'preparedPosition\':28}','{\'mend\':2,\'fieldRepair\':2,\'ward\':1}',{"pavise":2},6,117
30,river_ford,league,baseline,draw,round-limit,30,1,1,2,5,192,'{\'rally\':95,\'setPosition\':75,\'preparedPosition\':22}','{\'mend\':1,\'ward\':3,\'flare\':1}','{\'leaguePike\':2,\'pavise\':1,\'coil\':2}',9,198,0,2,0,9,50,'{\'rally\':27,\'brace\':14,\'focusedShot\':3,\'secondWind\':6}','{\'fireburst\':4,\'ward\':2,\'mend\':4}','{\'pikeman\':7,\'cavalier\':2}',9,196
30,river_ford,baseline,league,draw,round-limit,30,1,5,0,13,39,'{\'rally\':23,\'brace\':13,\'charge\':1,\'secondWind\':2}','{\'ward\':2,\'fireburst\':5,\'mend\':1}','{\'archer\':4,\'pikeman\':8,\'cavalier\':1}',6,146,0,0,5,1,146,'{\'rally\':60,\'setPosition\':58,\'preparedPosition\':28}','{\'ward\':2,\'fieldRepair\':1,\'flare\':1,\'mend\':1}',{"leaguePike":1},6,127
31,river_ford,league,baseline,draw,round-limit,30,0,3,1,6,221,'{\'rally\':106,\'setPosition\':101,\'preparedPosition\':14}','{\'flare\':1,\'ward\':2,\'fireburst\':1,\'mend\':1}','{\'leaguePike\':2,\'pavise\':3,\'coil\':1}',8,186,0,1,2,8,39,'{\'rally\':32,\'focusedShot\':1,\'brace\':6}','{\'mend\':2,\'fireburst\':3}','{\'pikeman\':6,\'cavalier\':1,\'archer\':1}',8,177
31,river_ford,baseline,league,draw,round-limit,30,1,4,0,16,36,'{\'rally\':24,\'brace\':10,\'charge\':1,\'secondWind\':1}','{\'fireburst\':5,\'mend\':3,\'ward\':3}','{\'archer\':4,\'pikeman\':12}',7,141,0,0,4,1,146,'{\'rally\':60,\'setPosition\':58,\'preparedPosition\':28}',{"fieldRepair":4},{"leaguePike":1},6,128
32,river_ford,league,baseline,draw,round-limit,30,1,1,7,5,209,'{\'rally\':97,\'setPosition\':87,\'preparedPosition\':25}','{\'mend\':2,\'fieldRepair\':1,\'ward\':1}','{\'leaguePike\':2,\'pavise\':1,\'coil\':2}',9,192,0,7,1,18,35,'{\'rally\':21,\'brace\':7,\'focusedShot\':4,\'charge\':3}','{\'fireburst\':4,\'mend\':1}','{\'pikeman\':12,\'archer\':3,\'cavalier\':3}',7,176
32,river_ford,baseline,league,draw,round-limit,30,1,4,0,13,45,'{\'rally\':28,\'brace\':13,\'charge\':2,\'secondWind\':2}','{\'fireburst\':3,\'ward\':3,\'mend\':2}','{\'pikeman\':10,\'archer\':1,\'cavalier\':2}',8,169,0,0,4,1,144,'{\'rally\':59,\'setPosition\':57,\'preparedPosition\':28}','{\'fireburst\':1,\'ward\':1,\'mend\':2,\'fieldRepair\':2}',{"pavise":1},6,127
33,river_ford,league,baseline,draw,round-limit,30,0,0,4,4,233,'{\'rally\':104,\'setPosition\':100,\'preparedPosition\':29}','{\'ward\':2,\'flare\':1}','{\'leaguePike\':1,\'pavise\':2,\'coil\':1}',9,193,0,4,0,11,43,'{\'rally\':30,\'brace\':11,\'secondWind\':1,\'charge\':1}',{"fireburst":1},'{\'pikeman\':8,\'archer\':2,\'cavalier\':1}',7,169
33,river_ford,baseline,league,draw,round-limit,30,1,4,0,16,38,'{\'rally\':24,\'brace\':9,\'charge\':1,\'secondWind\':4}','{\'mend\':3,\'ward\':2}','{\'pikeman\':11,\'archer\':3,\'cavalier\':2}',7,141,0,0,4,1,147,'{\'rally\':60,\'setPosition\':58,\'preparedPosition\':29}','{\'fireburst\':2,\'fieldRepair\':2,\'flare\':1}',{"leaguePike":1},6,127
34,river_ford,league,baseline,draw,round-limit,30,0,0,4,4,232,'{\'rally\':104,\'setPosition\':101,\'preparedPosition\':27}','{\'fireburst\':1,\'mend\':2,\'flare\':1}','{\'leaguePike\':2,\'pavise\':1,\'coil\':1}',9,206,0,4,0,14,45,'{\'rally\':27,\'brace\':15,\'secondWind\':2,\'charge\':1}','{\'fireburst\':4,\'ward\':2,\'mend\':1}','{\'pikeman\':10,\'cavalier\':1,\'archer\':3}',8,173
34,river_ford,baseline,league,draw,round-limit,30,0,5,0,15,38,'{\'rally\':24,\'brace\':11,\'charge\':1,\'secondWind\':2}','{\'ward\':2,\'fireburst\':2,\'mend\':4}','{\'pikeman\':10,\'archer\':3,\'cavalier\':2}',7,141,0,0,5,1,149,'{\'setPosition\':60,\'rally\':60,\'preparedPosition\':29}','{\'ward\':1,\'fireburst\':1,\'fieldRepair\':2}',{"pavise":1},6,137
35,river_ford,league,baseline,draw,round-limit,30,1,4,4,8,139,'{\'rally\':67,\'setPosition\':56,\'preparedPosition\':16}','{\'fieldRepair\':1,\'mend\':2,\'fireburst\':1}','{\'leaguePike\':4,\'coil\':4}',9,198,0,4,4,13,29,'{\'rally\':19,\'secondWind\':6,\'charge\':1,\'brace\':3}','{\'fireburst\':2,\'ward\':4,\'mend\':2}','{\'pikeman\':10,\'archer\':2,\'cavalier\':1}',8,180
35,river_ford,baseline,league,draw,round-limit,30,1,4,0,11,56,'{\'rally\':31,\'brace\':20,\'charge\':1,\'secondWind\':4}','{\'fireburst\':2,\'mend\':3}','{\'archer\':3,\'pikeman\':6,\'cavalier\':2}',7,161,0,0,4,1,148,'{\'setPosition\':60,\'rally\':60,\'preparedPosition\':28}','{\'fireburst\':1,\'flare\':1,\'mend\':1,\'fieldRepair\':1,\'ward\':1}',{"pavise":1},6,133
36,river_ford,league,baseline,draw,round-limit,30,0,5,4,7,170,'{\'rally\':79,\'setPosition\':72,\'preparedPosition\':19}','{\'fireburst\':2,\'mend\':5,\'fieldRepair\':4,\'ward\':3}','{\'leaguePike\':3,\'coil\':4}',7,162,0,4,4,15,35,'{\'rally\':22,\'brace\':10,\'charge\':1,\'secondWind\':2}','{\'ward\':5,\'mend\':3,\'fireburst\':4}','{\'cavalier\':2,\'pikeman\':11,\'archer\':2}',7,152
36,river_ford,baseline,league,draw,round-limit,30,0,2,0,11,36,'{\'rally\':22,\'brace\':11,\'secondWind\':2,\'charge\':1}','{\'fireburst\':3,\'ward\':6,\'mend\':3}','{\'pikeman\':7,\'archer\':3,\'cavalier\':1}',8,141,0,0,2,1,149,'{\'setPosition\':60,\'rally\':60,\'preparedPosition\':29}','{\'mend\':1,\'fieldRepair\':2,\'flare\':1}',{"pavise":1},6,140
37,river_ford,league,baseline,draw,round-limit,30,1,3,2,7,104,'{\'rally\':60,\'setPosition\':39,\'preparedPosition\':5}','{\'ward\':3,\'fireburst\':1,\'fieldRepair\':1}','{\'leaguePike\':3,\'pavise\':2,\'coil\':2}',9,210,0,2,3,8,37,'{\'rally\':22,\'brace\':14,\'focusedShot\':1}','{\'fireburst\':2,\'mend\':2,\'ward\':2}','{\'pikeman\':5,\'archer\':3}',6,135
37,river_ford,baseline,league,draw,round-limit,30,1,1,0,8,53,'{\'rally\':31,\'brace\':22}',{"fireburst":1},'{\'pikeman\':6,\'archer\':1,\'cavalier\':1}',9,199,0,0,1,1,148,'{\'setPosition\':60,\'rally\':60,\'preparedPosition\':28}','{\'fieldRepair\':4,\'flare\':1}',{"pavise":1},6,133
38,river_ford,league,baseline,draw,round-limit,30,1,1,6,5,178,'{\'rally\':88,\'setPosition\':71,\'preparedPosition\':19}','{\'fireburst\':2,\'ward\':2,\'fieldRepair\':2}','{\'leaguePike\':3,\'coil\':2}',9,194,0,6,1,13,33,'{\'rally\':16,\'brace\':5,\'focusedShot\':6,\'secondWind\':4,\'charge\':2}','{\'mend\':2,\'ward\':3,\'fireburst\':3}','{\'pikeman\':5,\'archer\':6,\'cavalier\':2}',7,165
38,river_ford,baseline,league,draw,round-limit,30,1,4,0,14,35,'{\'rally\':22,\'brace\':10,\'secondWind\':2,\'charge\':1}','{\'mend\':4,\'fireburst\':1,\'ward\':1}','{\'pikeman\':8,\'archer\':3,\'cavalier\':3}',7,138,0,0,4,1,149,'{\'setPosition\':60,\'rally\':60,\'preparedPosition\':29}','{\'fireburst\':2,\'ward\':1,\'flare\':2,\'mend\':1,\'fieldRepair\':1}',{"pavise":1},6,139
39,river_ford,league,baseline,draw,round-limit,30,0,8,4,9,162,'{\'rally\':80,\'setPosition\':73,\'preparedPosition\':9}','{\'fieldRepair\':2,\'mend\':2,\'ward\':3,\'flare\':1,\'fireburst\':1}','{\'leaguePike\':3,\'coil\':4,\'pavise\':2}',6,111,0,4,5,12,32,'{\'rally\':22,\'brace\':5,\'focusedShot\':5}','{\'fireburst\':5,\'ward\':2,\'mend\':1}','{\'pikeman\':7,\'archer\':3,\'cavalier\':2}',9,206
39,river_ford,baseline,league,draw,round-limit,30,1,0,0,8,58,'{\'rally\':33,\'brace\':25}','{\'ward\':1,\'fireburst\':1,\'mend\':2}','{\'archer\':3,\'pikeman\':5}',7,169,0,0,0,1,148,'{\'setPosition\':60,\'rally\':60,\'preparedPosition\':28}','{\'ward\':1,\'flare\':2,\'fieldRepair\':2}',{"pavise":1},6,140
40,river_ford,league,baseline,draw,round-limit,30,1,7,3,11,113,'{\'rally\':72,\'setPosition\':39,\'preparedPosition\':2}','{\'fireburst\':3,\'fieldRepair\':2,\'mend\':5,\'flare\':2}','{\'leaguePike\':4,\'coil\':4,\'relicWalker\':3}',9,182,0,3,7,12,40,'{\'rally\':19,\'brace\':10,\'focusedShot\':5,\'charge\':1,\'secondWind\':5}','{\'ward\':5,\'fireburst\':4,\'mend\':1}','{\'cavalier\':1,\'pikeman\':6,\'archer\':5}',9,172
40,river_ford,baseline,league,draw,round-limit,30,1,2,0,10,48,'{\'rally\':32,\'secondWind\':1,\'brace\':15}','{\'ward\':8,\'fireburst\':4,\'mend\':1}','{\'pikeman\':6,\'archer\':4}',8,181,0,0,2,1,149,'{\'setPosition\':60,\'rally\':60,\'preparedPosition\':29}','{\'mend\':2,\'fieldRepair\':3,\'flare\':2,\'fireburst\':1,\'ward\':1}',{"pavise":1},6,133
41,river_ford,league,baseline,draw,round-limit,30,0,4,5,8,203,'{\'rally\':101,\'setPosition\':83,\'preparedPosition\':19}','{\'ward\':3,\'fieldRepair\':1,\'fireburst\':3,\'mend\':2,\'flare\':5}','{\'leaguePike\':2,\'pavise\':1,\'coil\':5}',9,200,0,5,4,13,31,'{\'rally\':21,\'brace\':7,\'charge\':2,\'secondWind\':1}','{\'fireburst\':5,\'ward\':3,\'mend\':3}','{\'pikeman\':8,\'archer\':3,\'cavalier\':2}',7,172
41,river_ford,baseline,league,draw,round-limit,30,0,2,0,9,49,'{\'rally\':29,\'brace\':16,\'secondWind\':4}','{\'fireburst\':2,\'mend\':3}','{\'pikeman\':6,\'cavalier\':1,\'archer\':2}',7,166,0,0,2,1,149,'{\'setPosition\':60,\'rally\':60,\'preparedPosition\':29}','{\'ward\':1,\'fieldRepair\':1,\'flare\':1,\'mend\':3}',{"pavise":1},6,127
42,river_ford,league,baseline,draw,round-limit,30,0,7,7,9,142,'{\'rally\':72,\'setPosition\':51,\'preparedPosition\':19}','{\'ward\':6,\'flare\':3,\'fieldRepair\':2}','{\'leaguePike\':2,\'pavise\':1,\'coil\':6}',7,159,0,7,7,15,39,'{\'rally\':24,\'brace\':6,\'focusedShot\':3,\'charge\':2,\'secondWind\':4}','{\'fireburst\':7,\'mend\':7,\'ward\':6}','{\'archer\':3,\'pikeman\':9,\'cavalier\':3}',6,131
42,river_ford,baseline,league,draw,round-limit,30,1,4,0,15,52,'{\'rally\':35,\'brace\':13,\'secondWind\':3,\'charge\':1}','{\'fireburst\':5,\'ward\':7,\'mend\':4}','{\'pikeman\':12,\'archer\':1,\'cavalier\':2}',8,189,0,0,4,1,149,'{\'setPosition\':60,\'rally\':60,\'preparedPosition\':29}','{\'fieldRepair\':4,\'ward\':1,\'mend\':1}',{"pavise":1},6,131
43,river_ford,league,baseline,draw,round-limit,30,0,1,5,5,199,'{\'rally\':92,\'setPosition\':85,\'preparedPosition\':22}','{\'fireburst\':1,\'mend\':3,\'flare\':2}','{\'leaguePike\':2,\'pavise\':1,\'coil\':2}',9,201,0,5,1,12,37,'{\'rally\':21,\'focusedShot\':6,\'brace\':8,\'charge\':1,\'secondWind\':1}','{\'fireburst\':5,\'ward\':4,\'mend\':3}','{\'pikeman\':9,\'archer\':3}',7,174
43,river_ford,baseline,league,draw,round-limit,30,1,2,0,9,54,'{\'rally\':32,\'secondWind\':2,\'brace\':20}','{\'fireburst\':3,\'ward\':3}','{\'archer\':3,\'pikeman\':6}',7,170,0,0,2,1,149,'{\'setPosition\':60,\'rally\':60,\'preparedPosition\':29}','{\'fireburst\':1,\'fieldRepair\':1,\'flare\':1,\'mend\':3,\'ward\':1}',{"pavise":1},6,125
44,river_ford,league,baseline,draw,round-limit,30,0,1,7,3,183,'{\'rally\':79,\'setPosition\':76,\'preparedPosition\':28}','{\'fireburst\':1,\'flare\':4,\'mend\':1,\'fieldRepair\':2}','{\'leaguePike\':2,\'coil\':1}',7,141,0,7,1,14,40,'{\'rally\':24,\'focusedShot\':1,\'brace\':9,\'charge\':2,\'secondWind\':4}','{\'fireburst\':5,\'ward\':3,\'mend\':1}','{\'pikeman\':10,\'archer\':3,\'cavalier\':1}',7,161
44,river_ford,baseline,league,draw,round-limit,30,1,4,0,14,37,'{\'rally\':24,\'brace\':11,\'secondWind\':2}','{\'ward\':6,\'mend\':4,\'fireburst\':2}','{\'archer\':3,\'pikeman\':11}',7,142,0,0,4,1,149,'{\'setPosition\':60,\'rally\':60,\'preparedPosition\':29}','{\'ward\':1,\'mend\':1,\'fieldRepair\':2}',{"pavise":1},6,135
45,river_ford,league,baseline,draw,round-limit,30,0,1,5,4,227,'{\'rally\':102,\'setPosition\':99,\'preparedPosition\':26}','{\'fireburst\':1,\'ward\':3,\'mend\':2,\'flare\':3}','{\'leaguePike\':2,\'pavise\':1,\'coil\':1}',8,181,0,5,1,16,37,'{\'rally\':24,\'brace\':9,\'focusedShot\':1,\'secondWind\':2,\'charge\':1}','{\'fireburst\':2,\'mend\':5,\'ward\':3}','{\'pikeman\':12,\'archer\':2,\'cavalier\':2}',7,172
45,river_ford,baseline,league,draw,round-limit,30,1,3,0,14,41,'{\'rally\':26,\'brace\':11,\'secondWind\':4}','{\'fireburst\':4,\'ward\':5,\'mend\':4}','{\'pikeman\':11,\'archer\':1,\'cavalier\':2}',8,159,0,0,3,1,147,'{\'rally\':60,\'setPosition\':58,\'preparedPosition\':29}','{\'fireburst\':1,\'ward\':1,\'mend\':1,\'fieldRepair\':4}',{"leaguePike":1},6,125
46,river_ford,league,baseline,draw,round-limit,30,0,1,4,4,201,'{\'rally\':92,\'setPosition\':88,\'preparedPosition\':21}','{\'fireburst\':1,\'ward\':1,\'mend\':2,\'flare\':1,\'fieldRepair\':1}','{\'leaguePike\':2,\'pavise\':1,\'coil\':1}',8,181,0,4,1,16,36,'{\'rally\':27,\'brace\':6,\'secondWind\':2,\'charge\':1}','{\'fireburst\':6,\'mend\':3,\'ward\':3}','{\'pikeman\':12,\'archer\':3,\'cavalier\':1}',6,155
46,river_ford,baseline,league,draw,round-limit,30,1,2,0,9,60,'{\'rally\':39,\'brace\':18,\'secondWind\':3}','{\'ward\':2,\'fireburst\':3,\'mend\':1}','{\'archer\':2,\'pikeman\':6,\'cavalier\':1}',7,174,0,0,2,1,149,'{\'setPosition\':60,\'rally\':60,\'preparedPosition\':29}','{\'flare\':1,\'mend\':1,\'fieldRepair\':1}',{"pavise":1},6,129
47,river_ford,league,baseline,draw,round-limit,30,1,7,3,9,169,'{\'rally\':96,\'setPosition\':69,\'preparedPosition\':3,\'arcBurst\':1}','{\'fireburst\':4,\'ward\':1,\'flare\':3,\'mend\':2,\'fieldRepair\':1}','{\'leaguePike\':5,\'coil\':3,\'relicWalker\':1}',7,174,0,3,6,11,35,'{\'rally\':18,\'brace\':7,\'focusedShot\':5,\'secondWind\':4,\'charge\':1}','{\'fireburst\':8,\'mend\':5,\'ward\':5}','{\'pikeman\':6,\'archer\':4,\'cavalier\':1}',8,160
47,river_ford,baseline,league,draw,round-limit,30,1,4,0,15,35,'{\'rally\':24,\'brace\':10,\'secondWind\':1}','{\'fireburst\':4,\'ward\':5,\'mend\':4}','{\'pikeman\':12,\'archer\':1,\'cavalier\':2}',8,156,0,0,4,1,149,'{\'setPosition\':60,\'rally\':60,\'preparedPosition\':29}','{\'ward\':3,\'flare\':2,\'fieldRepair\':4,\'mend\':1}',{"pavise":1},6,138
48,river_ford,league,baseline,draw,round-limit,30,0,1,3,5,204,'{\'rally\':102,\'setPosition\':87,\'preparedPosition\':15}','{\'ward\':2,\'flare\':1,\'fireburst\':2,\'mend\':2,\'fieldRepair\':2}','{\'leaguePike\':2,\'pavise\':1,\'coil\':2}',9,194,0,3,1,12,40,'{\'rally\':23,\'brace\':12,\'focusedShot\':2,\'secondWind\':3}','{\'fireburst\':4,\'ward\':4,\'mend\':1}','{\'pikeman\':9,\'archer\':2,\'cavalier\':1}',7,165
48,river_ford,baseline,league,draw,round-limit,30,1,2,0,17,40,'{\'rally\':31,\'brace\':9}','{\'fireburst\':4,\'ward\':6,\'mend\':6}','{\'archer\':3,\'pikeman\':14}',6,133,0,0,2,1,145,'{\'rally\':60,\'setPosition\':58,\'preparedPosition\':27}','{\'fireburst\':1,\'mend\':2,\'fieldRepair\':1}',{"leaguePike":1},6,119
49,river_ford,league,baseline,draw,round-limit,30,1,9,2,12,76,'{\'rally\':54,\'setPosition\':18,\'preparedPosition\':4}','{\'mend\':4,\'fireburst\':1}','{\'leaguePike\':4,\'coil\':6,\'pavise\':2}',9,193,0,2,9,11,32,'{\'rally\':18,\'brace\':5,\'charge\':1,\'focusedShot\':8}','{\'ward\':2,\'mend\':3,\'fireburst\':3}','{\'pikeman\':6,\'archer\':5}',7,152
49,river_ford,baseline,league,draw,round-limit,30,1,4,0,18,41,'{\'rally\':32,\'brace\':8,\'secondWind\':1}','{\'fireburst\':3,\'ward\':3,\'mend\':1}','{\'pikeman\':16,\'archer\':1,\'cavalier\':1}',7,131,0,0,4,1,149,'{\'setPosition\':60,\'rally\':60,\'preparedPosition\':29}','{\'fieldRepair\':2,\'flare\':1,\'fireburst\':1,\'ward\':1}',{"pavise":1},6,125
50,river_ford,league,baseline,draw,round-limit,30,0,5,1,9,193,'{\'rally\':100,\'setPosition\':86,\'preparedPosition\':6,\'arcBurst\':1}','{\'ward\':3,\'fireburst\':3,\'mend\':2,\'fieldRepair\':1,\'flare\':1}','{\'leaguePike\':2,\'pavise\':2,\'coil\':4,\'relicWalker\':1}',9,201,0,2,5,9,39,'{\'rally\':22,\'brace\':13,\'focusedShot\':1,\'secondWind\':2,\'charge\':1}','{\'fireburst\':3,\'mend\':4,\'ward\':6}','{\'pikeman\':6,\'archer\':3}',7,144
50,river_ford,baseline,league,draw,round-limit,30,1,4,0,18,39,'{\'rally\':28,\'brace\':8,\'secondWind\':3}','{\'fireburst\':2,\'ward\':4,\'mend\':3}','{\'archer\':3,\'pikeman\':14,\'cavalier\':1}',6,142,0,0,4,1,148,'{\'setPosition\':60,\'rally\':60,\'preparedPosition\':28}','{\'ward\':2,\'fieldRepair\':3,\'flare\':1,\'mend\':1}',{"pavise":1},6,131
51,river_ford,league,baseline,draw,round-limit,30,1,3,7,3,128,'{\'rally\':58,\'setPosition\':50,\'preparedPosition\':20}','{\'fireburst\':3,\'mend\':3,\'fieldRepair\':1}','{\'leaguePike\':2,\'coil\':1}',5,113,0,7,3,13,26,'{\'rally\':17,\'focusedShot\':1,\'brace\':4,\'secondWind\':2,\'charge\':2}','{\'ward\':4,\'mend\':5,\'fireburst\':1}','{\'pikeman\':7,\'archer\':4,\'cavalier\':2}',7,164
51,river_ford,baseline,league,draw,round-limit,30,1,5,0,19,41,'{\'rally\':33,\'brace\':5,\'secondWind\':2,\'charge\':1}','{\'fireburst\':6,\'ward\':3,\'mend\':2}','{\'pikeman\':14,\'archer\':4,\'cavalier\':1}',7,178,0,0,5,1,148,'{\'setPosition\':60,\'rally\':60,\'preparedPosition\':28}','{\'flare\':1,\'fireburst\':1,\'mend\':1,\'fieldRepair\':2}',{"pavise":1},6,128
52,river_ford,league,baseline,draw,round-limit,30,0,0,0,3,166,'{\'rally\':79,\'setPosition\':73,\'preparedPosition\':14}','{\'fireburst\':1,\'ward\':2,\'flare\':2,\'mend\':3,\'fieldRepair\':1}','{\'leaguePike\':2,\'coil\':1}',8,158,0,0,0,8,33,'{\'rally\':20,\'focusedShot\':3,\'brace\':10}','{\'ward\':2,\'fireburst\':1,\'mend\':1}','{\'pikeman\':5,\'archer\':2,\'cavalier\':1}',7,166
52,river_ford,baseline,league,draw,round-limit,30,0,2,0,12,45,'{\'rally\':26,\'brace\':14,\'secondWind\':5}','{\'fireburst\':4,\'ward\':5,\'mend\':2}','{\'pikeman\':9,\'archer\':2,\'cavalier\':1}',7,146,0,0,2,1,147,'{\'rally\':60,\'setPosition\':58,\'preparedPosition\':29}','{\'fireburst\':2,\'mend\':1,\'fieldRepair\':1,\'flare\':3}',{"leaguePike":1},6,113
53,river_ford,league,baseline,draw,round-limit,30,1,5,2,6,99,'{\'rally\':56,\'setPosition\':37,\'preparedPosition\':3,\'arcBurst\':3}','{\'fireburst\':3,\'fieldRepair\':2,\'ward\':4,\'flare\':1,\'mend\':4}','{\'leaguePike\':3,\'coil\':2,\'relicWalker\':1}',6,116,0,2,5,13,25,'{\'rally\':13,\'secondWind\':3,\'focusedShot\':5,\'brace\':4}','{\'fireburst\':3,\'ward\':9,\'mend\':6}','{\'pikeman\':3,\'archer\':9,\'cavalier\':1}',7,163
53,river_ford,baseline,league,draw,round-limit,30,1,2,1,12,30,'{\'rally\':23,\'brace\':7}','{\'fireburst\':6,\'mend\':1,\'ward\':4}','{\'pikeman\':9,\'cavalier\':2,\'archer\':1}',8,195,0,4,2,5,134,'{\'rally\':55,\'setPosition\':52,\'preparedPosition\':27}','{\'fireburst\':1,\'ward\':2,\'fieldRepair\':2,\'flare\':2}','{\'pavise\':3,\'coil\':2}',6,120
54,river_ford,league,baseline,draw,round-limit,30,0,4,8,6,201,'{\'rally\':91,\'setPosition\':85,\'preparedPosition\':25}','{\'fieldRepair\':1,\'ward\':2,\'mend\':2}','{\'leaguePike\':2,\'pavise\':1,\'coil\':3}',7,140,0,8,3,13,27,'{\'rally\':16,\'brace\':3,\'secondWind\':5,\'charge\':3}','{\'fireburst\':6,\'mend\':4}','{\'pikeman\':7,\'cavalier\':4,\'archer\':2}',7,170
54,river_ford,baseline,league,draw,round-limit,30,1,10,0,16,38,'{\'rally\':23,\'charge\':5,\'brace\':6,\'secondWind\':4}','{\'fireburst\':4,\'mend\':2,\'ward\':3}','{\'pikeman\':10,\'cavalier\':5,\'archer\':1}',8,200,0,0,10,1,149,'{\'setPosition\':60,\'rally\':60,\'preparedPosition\':29}','{\'ward\':1,\'fieldRepair\':2,\'flare\':2,\'mend\':2}',{"pavise":1},6,133
55,river_ford,league,baseline,draw,round-limit,30,1,2,5,4,183,'{\'rally\':82,\'setPosition\':76,\'preparedPosition\':25}','{\'fireburst\':1,\'ward\':1,\'mend\':1,\'fieldRepair\':1}','{\'leaguePike\':3,\'coil\':1}',7,157,0,5,2,12,44,'{\'rally\':22,\'brace\':13,\'focusedShot\':4,\'charge\':2,\'secondWind\':3}','{\'ward\':4,\'mend\':4}','{\'pikeman\':5,\'archer\':3,\'cavalier\':4}',9,191
55,river_ford,baseline,league,draw,round-limit,30,1,5,0,16,42,'{\'rally\':26,\'brace\':12,\'charge\':2,\'secondWind\':2}','{\'fireburst\':1,\'ward\':4,\'mend\':2}','{\'pikeman\':13,\'cavalier\':2,\'archer\':1}',8,155,0,0,5,1,147,'{\'rally\':60,\'setPosition\':58,\'preparedPosition\':29}','{\'fireburst\':1,\'flare\':1,\'fieldRepair\':3}',{"leaguePike":1},6,127
56,river_ford,league,baseline,draw,round-limit,30,0,1,3,4,187,'{\'rally\':85,\'setPosition\':79,\'preparedPosition\':23}','{\'fireburst\':3,\'ward\':5,\'flare\':2,\'mend\':2}','{\'leaguePike\':2,\'pavise\':1,\'coil\':1}',8,166,0,4,1,11,37,'{\'rally\':22,\'brace\':11,\'focusedShot\':2,\'charge\':1,\'secondWind\':1}','{\'fireburst\':2,\'ward\':3,\'mend\':4}','{\'pikeman\':7,\'cavalier\':1,\'archer\':3}',8,168
56,river_ford,baseline,league,draw,round-limit,30,0,3,0,16,44,'{\'rally\':27,\'brace\':11,\'secondWind\':5,\'charge\':1}','{\'fireburst\':5,\'mend\':4,\'ward\':1}','{\'pikeman\':14,\'cavalier\':1,\'archer\':1}',6,125,0,0,3,1,149,'{\'setPosition\':60,\'rally\':60,\'preparedPosition\':29}','{\'fireburst\':1,\'fieldRepair\':3,\'mend\':1,\'ward\':1}',{"pavise":1},6,130
57,river_ford,league,baseline,draw,round-limit,30,1,3,3,6,111,'{\'rally\':66,\'setPosition\':40,\'preparedPosition\':3,\'arcBurst\':2}','{\'fireburst\':2,\'ward\':4,\'mend\':2,\'flare\':1,\'fieldRepair\':1}','{\'leaguePike\':3,\'pavise\':1,\'coil\':1,\'relicWalker\':1}',8,173,0,3,3,11,34,'{\'rally\':19,\'brace\':9,\'secondWind\':3,\'charge\':1,\'focusedShot\':2}','{\'fireburst\':5,\'mend\':1,\'ward\':2}','{\'pikeman\':7,\'archer\':2,\'cavalier\':2}',8,191
57,river_ford,baseline,league,draw,round-limit,30,1,4,1,20,42,'{\'rally\':30,\'secondWind\':3,\'brace\':8,\'charge\':1}','{\'fireburst\':5,\'ward\':6,\'mend\':4}','{\'pikeman\':17,\'cavalier\':2,\'archer\':1}',7,160,0,1,4,2,148,'{\'setPosition\':59,\'rally\':60,\'preparedPosition\':29}','{\'ward\':3,\'flare\':2,\'mend\':1,\'fieldRepair\':1}',{"pavise":2},6,139
58,river_ford,league,baseline,draw,round-limit,30,0,1,2,3,118,'{\'rally\':55,\'setPosition\':48,\'preparedPosition\':15}','{\'fireburst\':1,\'ward\':2,\'mend\':1,\'fieldRepair\':2}','{\'leaguePike\':1,\'pavise\':1,\'coil\':1}',7,151,0,2,1,10,36,'{\'rally\':27,\'brace\':8,\'secondWind\':1}','{\'ward\':3,\'mend\':2,\'fireburst\':2}','{\'pikeman\':7,\'archer\':2,\'cavalier\':1}',8,198
58,river_ford,baseline,league,draw,round-limit,30,1,2,1,10,45,'{\'rally\':26,\'secondWind\':3,\'charge\':1,\'brace\':15}','{\'fireburst\':7,\'ward\':2,\'mend\':5}','{\'pikeman\':6,\'archer\':3,\'cavalier\':1}',7,159,0,1,2,2,147,'{\'setPosition\':59,\'rally\':59,\'preparedPosition\':29}','{\'flare\':1,\'mend\':3,\'fieldRepair\':2,\'ward\':1}',{"pavise":2},6,135
59,river_ford,league,baseline,draw,round-limit,30,1,2,3,5,173,'{\'rally\':81,\'setPosition\':74,\'preparedPosition\':18}','{\'fireburst\':2,\'ward\':1,\'mend\':1,\'fieldRepair\':2}','{\'leaguePike\':1,\'pavise\':2,\'coil\':2}',8,183,0,3,2,10,28,'{\'rally\':15,\'brace\':5,\'charge\':2,\'secondWind\':4,\'focusedShot\':2}','{\'fireburst\':1,\'ward\':2,\'mend\':5}','{\'pikeman\':5,\'archer\':3,\'cavalier\':2}',8,145
59,river_ford,baseline,league,draw,round-limit,30,1,3,2,15,48,'{\'rally\':34,\'secondWind\':5,\'brace\':9}','{\'fireburst\':4,\'ward\':4,\'mend\':3}','{\'pikeman\':13,\'cavalier\':2}',7,184,0,2,3,3,119,'{\'rally\':52,\'setPosition\':49,\'preparedPosition\':18}','{\'ward\':3,\'mend\':1,\'fieldRepair\':2,\'flare\':2}','{\'leaguePike\':1,\'pavise\':1,\'coil\':1}',6,127
60,river_ford,league,baseline,draw,round-limit,30,0,1,4,4,168,'{\'rally\':79,\'setPosition\':67,\'preparedPosition\':22}','{\'fireburst\':1,\'flare\':2,\'mend\':1,\'ward\':1}','{\'leaguePike\':1,\'pavise\':1,\'coil\':2}',8,160,0,4,1,10,35,'{\'rally\':19,\'brace\':7,\'focusedShot\':1,\'charge\':2,\'secondWind\':6}','{\'mend\':4,\'ward\':1,\'fireburst\':1}','{\'pikeman\':7,\'cavalier\':2,\'archer\':1}',9,201
60,river_ford,baseline,league,draw,round-limit,30,0,4,0,13,46,'{\'rally\':30,\'secondWind\':4,\'brace\':10,\'charge\':2}','{\'ward\':4,\'fireburst\':3,\'mend\':2}','{\'pikeman\':9,\'archer\':3,\'cavalier\':1}',6,134,0,0,4,1,149,'{\'setPosition\':60,\'rally\':60,\'preparedPosition\':29}','{\'fieldRepair\':3,\'ward\':1}',{"pavise":1},6,135
61,river_ford,league,baseline,draw,round-limit,30,0,7,2,10,126,'{\'rally\':63,\'setPosition\':47,\'preparedPosition\':14,\'arcBurst\':2}','{\'fireburst\':2,\'flare\':2,\'ward\':1,\'fieldRepair\':2,\'mend\':1}','{\'leaguePike\':2,\'coil\':5,\'relicWalker\':1,\'pavise\':2}',8,182,0,2,7,10,31,'{\'rally\':24,\'brace\':4,\'focusedShot\':2,\'secondWind\':1}','{\'ward\':3,\'mend\':4,\'fireburst\':2}','{\'pikeman\':6,\'archer\':3,\'cavalier\':1}',8,181
61,river_ford,baseline,league,draw,round-limit,30,1,3,0,9,52,'{\'rally\':35,\'secondWind\':5,\'charge\':1,\'brace\':11}','{\'ward\':4,\'fireburst\':2,\'mend\':3}','{\'pikeman\':6,\'archer\':1,\'cavalier\':2}',9,205,0,0,3,1,149,'{\'setPosition\':60,\'rally\':60,\'preparedPosition\':29}','{\'flare\':3,\'ward\':1,\'mend\':1,\'fieldRepair\':1}',{"pavise":1},6,127
62,river_ford,league,baseline,draw,round-limit,30,0,3,3,6,194,'{\'rally\':87,\'setPosition\':83,\'preparedPosition\':24}','{\'fireburst\':3,\'ward\':1,\'fieldRepair\':1}','{\'leaguePike\':1,\'pavise\':1,\'coil\':4}',8,180,0,3,3,10,50,'{\'rally\':30,\'brace\':17,\'secondWind\':3}','{\'ward\':5,\'mend\':3,\'fireburst\':1}','{\'pikeman\':7,\'archer\':2,\'cavalier\':1}',8,180
62,river_ford,baseline,league,draw,round-limit,30,1,2,0,9,58,'{\'rally\':43,\'brace\':12,\'secondWind\':3}',{"ward":3},'{\'pikeman\':5,\'archer\':3,\'cavalier\':1}',7,152,0,0,2,1,147,'{\'rally\':60,\'setPosition\':58,\'preparedPosition\':29}','{\'fireburst\':2,\'mend\':1,\'fieldRepair\':2,\'ward\':1}',{"leaguePike":1},6,138
63,river_ford,league,baseline,draw,round-limit,30,0,2,4,5,193,'{\'rally\':88,\'setPosition\':79,\'preparedPosition\':26}','{\'fireburst\':2,\'mend\':1,\'flare\':1}','{\'leaguePike\':2,\'pavise\':1,\'coil\':2}',8,165,0,4,2,12,43,'{\'rally\':28,\'brace\':9,\'focusedShot\':3,\'charge\':1,\'secondWind\':2}','{\'mend\':5,\'fireburst\':5,\'ward\':2}','{\'cavalier\':2,\'pikeman\':7,\'archer\':3}',8,191
63,river_ford,baseline,league,draw,round-limit,30,0,4,0,12,40,'{\'rally\':25,\'secondWind\':6,\'charge\':1,\'brace\':8}','{\'ward\':2,\'fireburst\':1,\'mend\':1}','{\'pikeman\':9,\'archer\':3}',7,161,0,0,4,1,148,'{\'setPosition\':60,\'rally\':60,\'preparedPosition\':28}','{\'fieldRepair\':2,\'ward\':1}',{"pavise":1},6,137
64,river_ford,league,baseline,draw,round-limit,30,0,1,0,4,191,'{\'rally\':90,\'setPosition\':87,\'preparedPosition\':14}','{\'fireburst\':2,\'ward\':1,\'flare\':2,\'fieldRepair\':3}','{\'leaguePike\':3,\'coil\':1}',8,174,0,0,1,8,35,'{\'rally\':21,\'focusedShot\':1,\'brace\':13}','{\'ward\':5,\'mend\':7,\'fireburst\':2}','{\'pikeman\':6,\'archer\':2}',7,168
64,river_ford,baseline,league,draw,round-limit,30,1,3,0,14,42,'{\'rally\':27,\'brace\':13,\'charge\':1,\'secondWind\':1}','{\'ward\':5,\'mend\':2,\'fireburst\':2}','{\'pikeman\':12,\'archer\':1,\'cavalier\':1}',8,149,0,0,3,1,147,'{\'rally\':60,\'setPosition\':58,\'preparedPosition\':29}','{\'fireburst\':1,\'flare\':2,\'mend\':1,\'fieldRepair\':2}',{"leaguePike":1},6,134
65,river_ford,league,baseline,draw,round-limit,30,1,1,2,5,70,'{\'rally\':48,\'setPosition\':18,\'preparedPosition\':4}','{\'fireburst\':2,\'ward\':1,\'flare\':3,\'mend\':1}','{\'leaguePike\':3,\'coil\':2}',9,184,0,2,1,10,42,'{\'rally\':21,\'brace\':2,\'focusedShot\':14,\'secondWind\':5}','{\'fireburst\':2,\'ward\':6,\'mend\':4}','{\'pikeman\':7,\'archer\':3}',7,161
65,river_ford,baseline,league,draw,round-limit,30,1,1,0,7,52,'{\'rally\':31,\'brace\':21}','{\'ward\':1,\'mend\':3,\'fireburst\':2}','{\'pikeman\':5,\'archer\':1,\'cavalier\':1}',8,166,0,0,1,1,144,'{\'rally\':59,\'setPosition\':57,\'preparedPosition\':28}','{\'fireburst\':1,\'ward\':1,\'fieldRepair\':1,\'flare\':1}',{"pavise":1},6,131
66,river_ford,league,baseline,draw,round-limit,30,0,2,6,5,204,'{\'rally\':92,\'setPosition\':86,\'preparedPosition\':26}','{\'flare\':3,\'mend\':1,\'fieldRepair\':1}','{\'leaguePike\':3,\'coil\':2}',8,181,0,6,2,17,30,'{\'rally\':18,\'brace\':3,\'secondWind\':7,\'charge\':2}','{\'mend\':3,\'ward\':3,\'fireburst\':2}','{\'pikeman\':11,\'archer\':3,\'cavalier\':3}',6,128
66,river_ford,baseline,league,draw,round-limit,30,1,5,0,12,46,'{\'rally\':32,\'brace\':12,\'secondWind\':2}','{\'ward\':4,\'mend\':1,\'fireburst\':1}','{\'archer\':3,\'pikeman\':7,\'cavalier\':2}',7,165,0,0,5,1,146,'{\'rally\':60,\'setPosition\':58,\'preparedPosition\':28}','{\'fireburst\':2,\'fieldRepair\':1,\'flare\':1}',{"leaguePike":1},6,130
67,river_ford,league,baseline,draw,round-limit,30,0,0,4,4,207,'{\'rally\':97,\'setPosition\':89,\'preparedPosition\':21}','{\'mend\':2,\'flare\':2,\'fireburst\':1}','{\'leaguePike\':2,\'pavise\':1,\'coil\':1}',9,194,0,4,0,11,39,'{\'rally\':24,\'brace\':12,\'secondWind\':3}','{\'ward\':1,\'mend\':2,\'fireburst\':1}','{\'pikeman\':9,\'archer\':2}',8,201
67,river_ford,baseline,league,draw,round-limit,30,1,2,0,9,53,'{\'rally\':30,\'brace\':19,\'secondWind\':3,\'charge\':1}','{\'ward\':3,\'fireburst\':3,\'mend\':1}','{\'archer\':3,\'pikeman\':6}',7,150,0,0,2,1,146,'{\'rally\':60,\'setPosition\':58,\'preparedPosition\':28}','{\'fireburst\':1,\'fieldRepair\':3}',{"leaguePike":1},6,123
68,river_ford,league,baseline,draw,round-limit,30,0,0,3,3,220,'{\'rally\':104,\'setPosition\':101,\'preparedPosition\':15}','{\'fireburst\':2,\'fieldRepair\':2,\'flare\':2,\'mend\':1}','{\'leaguePike\':2,\'pavise\':1}',8,181,0,3,0,12,30,'{\'rally\':26,\'focusedShot\':1,\'brace\':1,\'charge\':1,\'secondWind\':1}','{\'ward\':6,\'fireburst\':1,\'mend\':2}','{\'pikeman\':7,\'archer\':5}',7,187
68,river_ford,baseline,league,draw,round-limit,30,0,1,0,8,55,'{\'rally\':32,\'secondWind\':4,\'brace\':19}','{\'fireburst\':3,\'ward\':1,\'mend\':2}','{\'pikeman\':6,\'archer\':2}',7,174,0,0,1,1,147,'{\'rally\':60,\'setPosition\':58,\'preparedPosition\':29}','{\'fireburst\':2,\'mend\':2,\'fieldRepair\':1}',{"leaguePike":1},6,115
69,river_ford,league,baseline,draw,round-limit,30,1,3,6,5,190,'{\'rally\':85,\'setPosition\':80,\'preparedPosition\':25}','{\'fireburst\':1,\'fieldRepair\':1,\'ward\':4,\'mend\':1,\'flare\':1}','{\'leaguePike\':3,\'coil\':2}',7,147,0,6,3,17,39,'{\'rally\':22,\'brace\':6,\'focusedShot\':3,\'secondWind\':7,\'charge\':1}','{\'fireburst\':2,\'mend\':4,\'ward\':6}','{\'pikeman\':12,\'archer\':3,\'cavalier\':2}',5,126
69,river_ford,baseline,league,draw,round-limit,30,1,5,0,12,46,'{\'rally\':33,\'brace\':13}',{"fireburst":3},'{\'pikeman\':8,\'archer\':4}',8,184,0,0,5,1,147,'{\'rally\':60,\'setPosition\':58,\'preparedPosition\':29}','{\'fireburst\':3,\'mend\':2,\'fieldRepair\':2}',{"leaguePike":1},6,125
70,river_ford,league,baseline,draw,round-limit,30,0,0,2,4,203,'{\'rally\':92,\'setPosition\':87,\'preparedPosition\':24}','{\'fieldRepair\':2,\'flare\':2,\'mend\':1,\'ward\':2}','{\'leaguePike\':2,\'pavise\':1,\'coil\':1}',9,192,0,2,0,10,44,'{\'rally\':26,\'brace\':15,\'secondWind\':2,\'focusedShot\':1}','{\'fireburst\':2,\'mend\':3,\'ward\':5}','{\'pikeman\':7,\'archer\':2,\'cavalier\':1}',8,193
70,river_ford,baseline,league,draw,round-limit,30,1,3,0,10,48,'{\'rally\':33,\'brace\':14,\'secondWind\':1}','{\'ward\':2,\'fireburst\':2,\'mend\':4}','{\'archer\':1,\'pikeman\':6,\'cavalier\':3}',9,206,0,0,3,1,144,'{\'rally\':59,\'setPosition\':57,\'preparedPosition\':28}','{\'fireburst\':1,\'ward\':1,\'fieldRepair\':3,\'flare\':1}',{"pavise":1},6,125
71,river_ford,league,baseline,draw,round-limit,30,1,3,7,6,184,'{\'rally\':90,\'setPosition\':74,\'preparedPosition\':20}','{\'fieldRepair\':2,\'ward\':4,\'mend\':2,\'flare\':2}','{\'leaguePike\':3,\'coil\':3}',8,178,0,7,3,14,36,'{\'rally\':19,\'brace\':7,\'focusedShot\':2,\'charge\':3,\'secondWind\':5}','{\'fireburst\':3,\'ward\':5,\'mend\':3}','{\'pikeman\':8,\'cavalier\':3,\'archer\':3}',6,131
71,river_ford,baseline,league,draw,round-limit,30,1,2,2,13,36,'{\'rally\':27,\'charge\':1,\'secondWind\':1,\'brace\':7}','{\'fireburst\':12,\'ward\':6,\'mend\':5}','{\'pikeman\':12,\'archer\':1}',8,191,0,6,2,6,117,'{\'rally\':52,\'setPosition\':48,\'preparedPosition\':17}','{\'fireburst\':1,\'ward\':3,\'mend\':2,\'fieldRepair\':2,\'flare\':1}','{\'pavise\':3,\'coil\':3}',5,116
72,river_ford,league,baseline,draw,round-limit,30,0,2,4,4,160,'{\'rally\':76,\'setPosition\':65,\'preparedPosition\':19}','{\'fieldRepair\':1,\'ward\':3,\'flare\':2}','{\'leaguePike\':3,\'coil\':1}',7,143,0,4,1,11,39,'{\'rally\':23,\'brace\':9,\'focusedShot\':4,\'charge\':2,\'secondWind\':1}','{\'fireburst\':4,\'ward\':3,\'mend\':5}','{\'pikeman\':7,\'cavalier\':1,\'archer\':3}',8,177
72,river_ford,baseline,league,draw,round-limit,30,1,8,0,16,32,'{\'rally\':18,\'brace\':5,\'charge\':5,\'secondWind\':4}','{\'ward\':6,\'fireburst\':2,\'mend\':3}','{\'pikeman\':9,\'archer\':3,\'cavalier\':4}',7,161,0,0,8,1,142,'{\'rally\':59,\'setPosition\':57,\'preparedPosition\':26}','{\'fireburst\':1,\'ward\':4,\'fieldRepair\':3,\'flare\':1,\'mend\':3}',{"pavise":1},6,124
73,river_ford,league,baseline,draw,round-limit,30,0,1,5,4,210,'{\'rally\':93,\'setPosition\':89,\'preparedPosition\':28}','{\'mend\':1,\'fieldRepair\':2,\'ward\':1}','{\'leaguePike\':3,\'coil\':1}',8,172,0,5,1,11,49,'{\'rally\':25,\'brace\':14,\'focusedShot\':4,\'secondWind\':6}','{\'fireburst\':4,\'ward\':3,\'mend\':1}','{\'pikeman\':8,\'archer\':2,\'cavalier\':1}',7,142
73,river_ford,baseline,league,draw,round-limit,30,1,1,0,8,58,'{\'rally\':35,\'brace\':23}','{\'fireburst\':2,\'mend\':1,\'ward\':1}','{\'pikeman\':7,\'archer\':1}',8,165,0,0,1,1,148,'{\'setPosition\':60,\'rally\':60,\'preparedPosition\':28}','{\'fireburst\':3,\'ward\':1,\'mend\':1,\'fieldRepair\':2}',{"pavise":1},6,127
74,river_ford,league,baseline,draw,round-limit,30,0,3,5,6,204,'{\'rally\':100,\'setPosition\':84,\'preparedPosition\':20}','{\'fieldRepair\':1,\'mend\':2}','{\'leaguePike\':3,\'coil\':3}',8,171,0,5,3,11,44,'{\'rally\':23,\'brace\':11,\'focusedShot\':3,\'charge\':1,\'secondWind\':6}','{\'fireburst\':2,\'ward\':1,\'mend\':2}','{\'pikeman\':8,\'cavalier\':3}',9,198
74,river_ford,baseline,league,draw,round-limit,30,1,4,2,14,40,'{\'rally\':23,\'brace\':10,\'secondWind\':4,\'charge\':3}','{\'fireburst\':4,\'ward\':3,\'mend\':4}','{\'pikeman\':11,\'archer\':1,\'cavalier\':2}',7,154,0,2,4,3,145,'{\'rally\':60,\'setPosition\':57,\'preparedPosition\':28}','{\'fireburst\':1,\'ward\':1,\'fieldRepair\':3,\'flare\':1}','{\'leaguePike\':1,\'pavise\':1,\'coil\':1}',6,138
75,river_ford,league,baseline,draw,round-limit,30,1,4,4,7,127,'{\'rally\':71,\'setPosition\':51,\'preparedPosition\':5}','{\'mend\':3,\'ward\':1}','{\'leaguePike\':5,\'coil\':2}',8,176,0,4,4,12,26,'{\'rally\':13,\'brace\':3,\'charge\':3,\'focusedShot\':6,\'secondWind\':1}','{\'fireburst\':6,\'ward\':3,\'mend\':2}','{\'pikeman\':8,\'archer\':2,\'cavalier\':2}',8,189
75,river_ford,baseline,league,draw,round-limit,30,1,6,1,14,39,'{\'rally\':26,\'secondWind\':2,\'brace\':11}','{\'fireburst\':3,\'ward\':3,\'mend\':3}','{\'pikeman\':12,\'archer\':1,\'cavalier\':1}',7,151,0,1,6,2,148,'{\'setPosition\':59,\'rally\':60,\'preparedPosition\':29}','{\'ward\':4,\'flare\':3,\'fireburst\':1,\'fieldRepair\':2}',{"pavise":2},6,140
76,river_ford,league,baseline,draw,round-limit,30,0,7,2,11,168,'{\'rally\':89,\'setPosition\':72,\'preparedPosition\':6,\'arcBurst\':1}','{\'flare\':5,\'mend\':4,\'fieldRepair\':2,\'ward\':2,\'fireburst\':5}','{\'leaguePike\':2,\'pavise\':2,\'coil\':5,\'relicWalker\':2}',9,231,0,2,7,10,45,'{\'rally\':25,\'brace\':10,\'charge\':1,\'secondWind\':6,\'focusedShot\':3}','{\'fireburst\':3,\'mend\':2,\'ward\':1}','{\'pikeman\':6,\'cavalier\':2,\'archer\':2}',8,165
76,river_ford,baseline,league,draw,round-limit,30,1,1,0,8,60,'{\'rally\':40,\'brace\':15,\'charge\':1,\'secondWind\':4}','{\'ward\':5,\'fireburst\':4}','{\'archer\':1,\'pikeman\':6,\'cavalier\':1}',9,205,0,0,1,1,146,'{\'rally\':60,\'setPosition\':58,\'preparedPosition\':28}','{\'fireburst\':1,\'mend\':1,\'fieldRepair\':1,\'ward\':1,\'flare\':1}',{"leaguePike":1},6,118
77,river_ford,league,baseline,draw,round-limit,30,0,3,2,6,197,'{\'rally\':106,\'setPosition\':88,\'arcBurst\':3}','{\'fireburst\':1,\'fieldRepair\':1,\'ward\':1,\'mend\':1}','{\'leaguePike\':3,\'pavise\':2,\'relicWalker\':1}',8,197,0,2,2,9,20,'{\'rally\':13,\'brace\':3,\'focusedShot\':3,\'secondWind\':1}','{\'ward\':5,\'fireburst\':3,\'mend\':5}','{\'archer\':2,\'pikeman\':7}',7,157
77,river_ford,baseline,league,draw,round-limit,30,1,2,0,9,54,'{\'rally\':42,\'brace\':12}','{\'mend\':1,\'fireburst\':1}','{\'pikeman\':6,\'archer\':3}',7,161,0,0,2,1,144,'{\'rally\':59,\'setPosition\':57,\'preparedPosition\':28}','{\'fireburst\':1,\'flare\':2,\'mend\':2,\'fieldRepair\':1}',{"pavise":1},6,125
78,river_ford,league,baseline,draw,round-limit,30,1,3,2,6,184,'{\'rally\':100,\'setPosition\':76,\'preparedPosition\':8}','{\'fireburst\':2,\'ward\':2,\'fieldRepair\':1}','{\'leaguePike\':4,\'coil\':2}',8,171,0,3,2,10,31,'{\'rally\':17,\'brace\':7,\'focusedShot\':5,\'charge\':1,\'secondWind\':1}','{\'fireburst\':7,\'ward\':4,\'mend\':2}','{\'pikeman\':7,\'archer\':1,\'cavalier\':2}',9,211
78,river_ford,baseline,league,draw,round-limit,30,1,1,0,8,50,'{\'rally\':32,\'brace\':18}','{\'fireburst\':2,\'ward\':2,\'mend\':1}','{\'pikeman\':6,\'archer\':2}',7,165,0,0,1,1,146,'{\'rally\':60,\'setPosition\':58,\'preparedPosition\':28}','{\'fireburst\':1,\'ward\':5,\'mend\':1,\'fieldRepair\':1}',{"leaguePike":1},6,110
79,river_ford,league,baseline,draw,round-limit,30,0,4,3,7,215,'{\'rally\':108,\'setPosition\':104,\'preparedPosition\':3}',{"ward":1},'{\'leaguePike\':4,\'coil\':2,\'pavise\':1}',8,187,0,3,4,11,17,'{\'rally\':9,\'brace\':2,\'charge\':3,\'secondWind\':3}','{\'mend\':6,\'ward\':3,\'fireburst\':1}','{\'cavalier\':3,\'pikeman\':6,\'archer\':2}',7,160
79,river_ford,baseline,league,draw,round-limit,30,1,3,0,14,48,'{\'rally\':34,\'brace\':12,\'charge\':1,\'secondWind\':1}','{\'ward\':3,\'mend\':2,\'fireburst\':4}','{\'archer\':3,\'pikeman\':11}',6,141,0,0,3,1,148,'{\'setPosition\':60,\'rally\':60,\'preparedPosition\':28}','{\'flare\':2,\'mend\':1,\'fieldRepair\':1}',{"pavise":1},6,137
80,river_ford,league,baseline,draw,round-limit,30,0,3,6,6,196,'{\'rally\':91,\'setPosition\':87,\'preparedPosition\':18}','{\'fireburst\':2,\'fieldRepair\':3,\'ward\':2}','{\'leaguePike\':3,\'pavise\':1,\'coil\':2}',8,186,0,6,3,14,27,'{\'rally\':17,\'brace\':3,\'charge\':3,\'secondWind\':4}','{\'fireburst\':4,\'ward\':4,\'mend\':2}','{\'pikeman\':10,\'archer\':2,\'cavalier\':2}',7,163
80,river_ford,baseline,league,draw,round-limit,30,1,3,0,9,46,'{\'rally\':29,\'brace\':15,\'secondWind\':2}','{\'fireburst\':5,\'mend\':2,\'ward\':4}','{\'pikeman\':6,\'archer\':3}',6,142,0,0,3,1,148,'{\'setPosition\':60,\'rally\':60,\'preparedPosition\':28}','{\'mend\':3,\'fieldRepair\':2}',{"pavise":1},6,137
81,river_ford,league,baseline,draw,round-limit,30,0,9,2,12,149,'{\'rally\':76,\'setPosition\':63,\'preparedPosition\':10}','{\'ward\':2,\'mend\':1,\'fireburst\':1}','{\'leaguePike\':1,\'pavise\':4,\'coil\':7}',9,198,0,2,8,14,33,'{\'rally\':26,\'brace\':3,\'focusedShot\':4}','{\'fireburst\':6,\'ward\':4,\'mend\':3}','{\'pikeman\':12,\'archer\':2}',6,155
81,river_ford,baseline,league,draw,round-limit,30,1,4,0,11,45,'{\'rally\':28,\'brace\':15,\'charge\':1,\'secondWind\':1}',{"fireburst":3},'{\'archer\':3,\'pikeman\':7,\'cavalier\':1}',7,165,0,0,4,1,146,'{\'rally\':60,\'setPosition\':58,\'preparedPosition\':28}','{\'ward\':2,\'fieldRepair\':3,\'flare\':1,\'mend\':2}',{"leaguePike":1},6,134
82,river_ford,league,baseline,draw,round-limit,30,0,4,5,5,152,'{\'rally\':67,\'setPosition\':63,\'preparedPosition\':22}','{\'fireburst\':2,\'ward\':1,\'fieldRepair\':2}','{\'leaguePike\':2,\'pavise\':1,\'coil\':2}',6,128,0,5,4,10,45,'{\'rally\':24,\'brace\':15,\'secondWind\':3,\'focusedShot\':1,\'charge\':2}','{\'fireburst\':2,\'ward\':1,\'mend\':2}','{\'pikeman\':8,\'cavalier\':1,\'archer\':1}',7,164
82,river_ford,baseline,league,draw,round-limit,30,0,3,0,10,44,'{\'rally\':29,\'brace\':7,\'charge\':4,\'secondWind\':4}','{\'fireburst\':4,\'ward\':4,\'mend\':3}','{\'pikeman\':7,\'archer\':3}',8,176,0,0,3,1,149,'{\'setPosition\':60,\'rally\':60,\'preparedPosition\':29}','{\'ward\':1,\'fieldRepair\':2}',{"pavise":1},6,137
83,river_ford,league,baseline,draw,round-limit,30,1,6,4,10,163,'{\'rally\':87,\'setPosition\':67,\'preparedPosition\':9}','{\'mend\':1,\'fieldRepair\':3,\'ward\':1,\'fireburst\':1}','{\'leaguePike\':4,\'coil\':3,\'pavise\':2,\'relicWalker\':1}',9,200,0,4,6,16,35,'{\'rally\':19,\'brace\':3,\'focusedShot\':8,\'charge\':2,\'secondWind\':3}','{\'fireburst\':4,\'ward\':6,\'mend\':6}','{\'pikeman\':12,\'archer\':2,\'cavalier\':2}',6,141
83,river_ford,baseline,league,draw,round-limit,30,1,3,0,10,57,'{\'rally\':39,\'brace\':16,\'charge\':1,\'secondWind\':1}','{\'ward\':2,\'fireburst\':2,\'mend\':1}','{\'archer\':3,\'pikeman\':6,\'cavalier\':1}',7,177,0,0,3,1,145,'{\'rally\':60,\'setPosition\':58,\'preparedPosition\':27}','{\'fireburst\':2,\'ward\':1,\'mend\':1,\'fieldRepair\':1}',{"leaguePike":1},6,125
84,river_ford,league,baseline,draw,round-limit,30,1,3,3,6,107,'{\'rally\':72,\'setPosition\':30,\'preparedPosition\':5}','{\'fireburst\':2,\'flare\':3,\'mend\':3,\'ward\':1}','{\'leaguePike\':2,\'pavise\':2,\'coil\':2}',8,176,0,3,3,15,39,'{\'rally\':22,\'brace\':4,\'focusedShot\':12,\'charge\':1}','{\'fireburst\':8,\'mend\':6,\'ward\':5}','{\'pikeman\':11,\'archer\':4}',6,134
84,river_ford,baseline,league,draw,round-limit,30,1,3,0,10,59,'{\'rally\':36,\'brace\':18,\'secondWind\':5}','{\'ward\':3,\'fireburst\':3,\'mend\':3}','{\'pikeman\':6,\'archer\':2,\'cavalier\':2}',7,164,0,0,2,1,147,'{\'rally\':60,\'setPosition\':58,\'preparedPosition\':29}','{\'fireburst\':3,\'ward\':2,\'fieldRepair\':2,\'flare\':3}',{"leaguePike":1},6,113
85,river_ford,league,baseline,draw,round-limit,30,0,3,3,6,199,'{\'rally\':90,\'setPosition\':87,\'preparedPosition\':22}','{\'fireburst\':4,\'fieldRepair\':1,\'ward\':2,\'mend\':2,\'flare\':1}','{\'leaguePike\':2,\'pavise\':1,\'coil\':3}',8,158,0,4,3,14,43,'{\'rally\':28,\'brace\':7,\'secondWind\':7,\'charge\':1}','{\'fireburst\':5,\'mend\':3}','{\'pikeman\':10,\'archer\':3,\'cavalier\':1}',7,161
85,river_ford,baseline,league,draw,round-limit,30,1,4,0,13,33,'{\'rally\':23,\'brace\':10}','{\'ward\':3,\'fireburst\':4,\'mend\':2}','{\'pikeman\':10,\'archer\':3}',8,180,0,0,4,1,146,'{\'rally\':60,\'setPosition\':58,\'preparedPosition\':28}','{\'fireburst\':2,\'ward\':2,\'mend\':2,\'fieldRepair\':2,\'flare\':1}',{"leaguePike":1},6,127
86,river_ford,league,baseline,draw,round-limit,30,0,4,6,8,197,'{\'rally\':94,\'setPosition\':82,\'preparedPosition\':21}',{"flare":1},'{\'leaguePike\':1,\'pavise\':2,\'coil\':5}',9,202,0,6,4,18,36,'{\'rally\':25,\'brace\':5,\'focusedShot\':2,\'charge\':2,\'secondWind\':2}','{\'fireburst\':2,\'mend\':2,\'ward\':2}','{\'pikeman\':13,\'archer\':3,\'cavalier\':2}',8,186
86,river_ford,baseline,league,draw,round-limit,30,1,2,0,9,54,'{\'rally\':31,\'brace\':19,\'secondWind\':3,\'charge\':1}','{\'fireburst\':2,\'ward\':1}','{\'archer\':3,\'pikeman\':6}',7,133,0,0,2,1,148,'{\'setPosition\':60,\'rally\':60,\'preparedPosition\':28}','{\'fireburst\':1,\'fieldRepair\':2}',{"pavise":1},6,135
87,river_ford,league,baseline,draw,round-limit,30,1,2,8,6,175,'{\'rally\':89,\'setPosition\':67,\'preparedPosition\':19}','{\'fireburst\':1,\'flare\':3,\'fieldRepair\':2}','{\'leaguePike\':2,\'pavise\':1,\'coil\':3}',9,201,0,8,2,14,45,'{\'rally\':23,\'brace\':14,\'secondWind\':4,\'focusedShot\':3,\'charge\':1}','{\'fireburst\':3,\'mend\':4,\'ward\':3}','{\'pikeman\':6,\'archer\':3,\'cavalier\':5}',8,181
87,river_ford,baseline,league,draw,round-limit,30,1,3,2,10,42,'{\'rally\':29,\'brace\':12,\'secondWind\':1}','{\'ward\':4,\'mend\':4,\'fireburst\':5}','{\'archer\':4,\'pikeman\':6}',7,160,0,2,3,3,137,'{\'rally\':57,\'setPosition\':54,\'preparedPosition\':26}','{\'fireburst\':1,\'ward\':1,\'fieldRepair\':3,\'flare\':2}','{\'leaguePike\':1,\'pavise\':1,\'coil\':1}',6,132
88,river_ford,league,baseline,draw,round-limit,30,0,1,5,4,214,'{\'rally\':95,\'setPosition\':91,\'preparedPosition\':28}','{\'ward\':2,\'fireburst\':2,\'fieldRepair\':2,\'flare\':1}','{\'leaguePike\':1,\'pavise\':2,\'coil\':1}',8,172,0,5,1,14,37,'{\'rally\':22,\'brace\':8,\'secondWind\':5,\'charge\':2}','{\'mend\':5,\'ward\':5,\'fireburst\':3}','{\'pikeman\':11,\'cavalier\':1,\'archer\':2}',8,179
88,river_ford,baseline,league,draw,round-limit,30,1,2,2,8,41,'{\'rally\':24,\'brace\':14,\'secondWind\':2,\'charge\':1}','{\'fireburst\':1,\'mend\':6,\'ward\':1}','{\'archer\':1,\'pikeman\':6,\'cavalier\':1}',8,178,0,2,2,3,146,'{\'rally\':60,\'setPosition\':57,\'preparedPosition\':29}','{\'fireburst\':1,\'fieldRepair\':2,\'flare\':1,\'mend\':2}','{\'leaguePike\':1,\'pavise\':1,\'coil\':1}',6,136
89,river_ford,league,baseline,draw,round-limit,30,0,1,6,4,217,'{\'rally\':97,\'setPosition\':94,\'preparedPosition\':26}','{\'fireburst\':4,\'flare\':3,\'mend\':1,\'fieldRepair\':2}','{\'leaguePike\':3,\'coil\':1}',8,176,0,7,1,12,37,'{\'rally\':22,\'focusedShot\':1,\'brace\':8,\'secondWind\':4,\'charge\':2}','{\'ward\':10,\'mend\':1,\'fireburst\':1}','{\'pikeman\':8,\'archer\':3,\'cavalier\':1}',6,144
89,river_ford,baseline,league,draw,round-limit,30,1,6,1,20,40,'{\'rally\':28,\'brace\':9,\'secondWind\':2,\'focusedShot\':1}','{\'ward\':9,\'mend\':3,\'fireburst\':4}','{\'archer\':3,\'pikeman\':15,\'cavalier\':2}',7,149,0,1,6,2,144,'{\'rally\':59,\'setPosition\':57,\'preparedPosition\':28}','{\'fireburst\':1,\'flare\':3,\'mend\':2,\'fieldRepair\':1}','{\'leaguePike\':1,\'pavise\':1}',6,135
90,river_ford,league,baseline,draw,round-limit,30,1,2,1,5,161,'{\'rally\':78,\'setPosition\':64,\'preparedPosition\':19}','{\'ward\':1,\'flare\':1,\'fireburst\':1,\'mend\':1,\'fieldRepair\':2}','{\'leaguePike\':2,\'pavise\':1,\'coil\':2}',8,172,0,2,2,10,43,'{\'rally\':27,\'brace\':4,\'focusedShot\':5,\'secondWind\':7}','{\'fireburst\':3,\'mend\':1,\'ward\':5}','{\'pikeman\':7,\'archer\':3}',8,186
90,river_ford,baseline,league,draw,round-limit,30,1,3,0,13,31,'{\'rally\':20,\'brace\':9,\'secondWind\':2}','{\'ward\':5,\'mend\':2,\'fireburst\':1}','{\'pikeman\':7,\'archer\':6}',6,136,0,0,3,1,146,'{\'rally\':60,\'setPosition\':58,\'preparedPosition\':28}','{\'ward\':1,\'mend\':1,\'fieldRepair\':2}',{"leaguePike":1},6,125
91,river_ford,league,baseline,draw,round-limit,30,1,2,4,4,165,'{\'rally\':80,\'setPosition\':63,\'preparedPosition\':22}','{\'fireburst\':2,\'flare\':1,\'mend\':1}','{\'leaguePike\':3,\'coil\':1}',7,146,0,4,1,13,45,'{\'rally\':28,\'brace\':6,\'secondWind\':7,\'focusedShot\':3,\'charge\':1}','{\'fireburst\':7,\'ward\':3,\'mend\':1}','{\'pikeman\':10,\'archer\':2,\'cavalier\':1}',7,163
91,river_ford,baseline,league,draw,round-limit,30,0,3,1,9,55,'{\'rally\':35,\'brace\':17,\'secondWind\':3}','{\'fireburst\':1,\'ward\':1,\'mend\':1}','{\'pikeman\':6,\'archer\':1,\'cavalier\':2}',8,164,0,1,3,2,147,'{\'setPosition\':59,\'rally\':59,\'preparedPosition\':29}','{\'fireburst\':1,\'ward\':2,\'flare\':3,\'mend\':1,\'fieldRepair\':3}',{"pavise":2},6,135
92,river_ford,league,baseline,draw,round-limit,30,1,0,1,4,56,'{\'rally\':35,\'setPosition\':17,\'preparedPosition\':4}','{\'mend\':1,\'flare\':2,\'fieldRepair\':1,\'fireburst\':1}','{\'leaguePike\':2,\'pavise\':1,\'coil\':1}',9,183,0,1,0,9,25,'{\'rally\':22,\'brace\':2,\'secondWind\':1}','{\'fireburst\':3,\'ward\':3,\'mend\':3}','{\'pikeman\':6,\'archer\':2,\'cavalier\':1}',7,177
92,river_ford,baseline,league,draw,round-limit,30,1,3,0,10,42,'{\'rally\':26,\'brace\':16}','{\'ward\':7,\'mend\':4,\'fireburst\':2}','{\'archer\':3,\'pikeman\':7}',8,193,0,0,3,1,148,'{\'setPosition\':60,\'rally\':60,\'preparedPosition\':28}','{\'flare\':2,\'fieldRepair\':1,\'ward\':1}',{"pavise":1},6,135
93,river_ford,league,baseline,draw,round-limit,30,0,2,5,5,226,'{\'rally\':103,\'setPosition\':98,\'preparedPosition\':25}',{"fieldRepair":2},'{\'leaguePike\':2,\'pavise\':1,\'coil\':2}',8,183,0,5,1,14,38,'{\'rally\':20,\'brace\':10,\'focusedShot\':1,\'secondWind\':4,\'charge\':3}','{\'fireburst\':2,\'ward\':5,\'mend\':1}','{\'pikeman\':8,\'cavalier\':3,\'archer\':3}',7,158
93,river_ford,baseline,league,draw,round-limit,30,1,5,0,12,39,'{\'rally\':26,\'brace\':8,\'charge\':2,\'secondWind\':3}','{\'ward\':3,\'mend\':3}','{\'archer\':4,\'pikeman\':7,\'cavalier\':1}',8,187,0,0,5,1,148,'{\'setPosition\':60,\'rally\':60,\'preparedPosition\':28}','{\'fireburst\':1,\'ward\':3,\'flare\':2,\'fieldRepair\':1}',{"pavise":1},6,133
94,river_ford,league,baseline,draw,round-limit,30,0,1,1,4,204,'{\'rally\':92,\'setPosition\':83,\'preparedPosition\':29}','{\'ward\':2,\'flare\':1,\'mend\':1,\'fieldRepair\':1}','{\'leaguePike\':2,\'pavise\':1,\'coil\':1}',8,169,0,1,1,8,54,'{\'rally\':35,\'focusedShot\':1,\'brace\':18}','{\'fireburst\':2,\'mend\':3,\'ward\':1}','{\'pikeman\':7,\'archer\':1}',8,161
94,river_ford,baseline,league,draw,round-limit,30,1,4,0,13,43,'{\'rally\':26,\'brace\':13,\'charge\':3,\'secondWind\':1}','{\'fireburst\':6,\'ward\':7,\'mend\':3}','{\'archer\':1,\'pikeman\':9,\'cavalier\':3}',8,145,0,0,4,1,148,'{\'setPosition\':60,\'rally\':60,\'preparedPosition\':28}','{\'ward\':1,\'fieldRepair\':2,\'flare\':1}',{"pavise":1},6,133
95,river_ford,league,baseline,draw,round-limit,30,0,1,9,5,227,'{\'rally\':104,\'setPosition\':100,\'preparedPosition\':23}','{\'flare\':1,\'mend\':2,\'ward\':1}','{\'leaguePike\':1,\'pavise\':2,\'coil\':2}',9,205,0,9,1,15,30,'{\'rally\':19,\'charge\':3,\'secondWind\':2,\'brace\':6}','{\'ward\':3,\'mend\':1,\'fireburst\':2}','{\'pikeman\':11,\'archer\':3,\'cavalier\':1}',7,163
95,river_ford,baseline,league,draw,round-limit,30,1,3,0,8,52,'{\'rally\':28,\'brace\':16,\'secondWind\':6,\'charge\':2}','{\'ward\':6,\'fireburst\':1,\'mend\':1}','{\'archer\':1,\'pikeman\':6,\'cavalier\':1}',8,148,0,0,3,1,148,'{\'setPosition\':60,\'rally\':60,\'preparedPosition\':28}','{\'flare\':1,\'fieldRepair\':1}',{"pavise":1},6,131
96,river_ford,league,baseline,draw,round-limit,30,0,1,2,5,222,'{\'rally\':104,\'setPosition\':98,\'preparedPosition\':14,\'arcBurst\':6}','{\'ward\':2,\'flare\':3,\'mend\':2,\'fieldRepair\':2,\'fireburst\':1}','{\'leaguePike\':2,\'pavise\':1,\'relicWalker\':1,\'coil\':1}',9,205,0,2,1,10,35,'{\'rally\':29,\'brace\':5,\'secondWind\':1}','{\'ward\':2,\'fireburst\':4,\'mend\':3}','{\'pikeman\':7,\'archer\':3}',8,186
96,river_ford,baseline,league,draw,round-limit,30,1,1,0,13,47,'{\'rally\':35,\'brace\':9,\'charge\':1,\'secondWind\':2}','{\'ward\':11,\'fireburst\':2,\'mend\':5}','{\'pikeman\':12,\'archer\':1}',8,171,0,0,1,1,148,'{\'setPosition\':60,\'rally\':60,\'preparedPosition\':28}','{\'fireburst\':1,\'flare\':1,\'ward\':2,\'mend\':3,\'fieldRepair\':1}',{"pavise":1},6,137
97,river_ford,league,baseline,draw,round-limit,30,1,4,2,7,109,'{\'rally\':59,\'setPosition\':48,\'preparedPosition\':2}','{\'fireburst\':4,\'mend\':1,\'ward\':2,\'flare\':4,\'fieldRepair\':1}','{\'leaguePike\':2,\'pavise\':1,\'coil\':4}',8,171,0,2,4,9,36,'{\'rally\':22,\'brace\':8,\'focusedShot\':3,\'charge\':1,\'secondWind\':2}','{\'fireburst\':1,\'mend\':2,\'ward\':4}','{\'pikeman\':7,\'archer\':2}',7,158
97,river_ford,baseline,league,draw,round-limit,30,1,2,1,11,35,'{\'rally\':22,\'brace\':13}','{\'fireburst\':1,\'mend\':2,\'ward\':2}','{\'pikeman\':8,\'archer\':3}',6,131,0,1,2,2,147,'{\'setPosition\':59,\'rally\':59,\'preparedPosition\':29}','{\'ward\':1,\'mend\':2,\'fieldRepair\':3}',{"pavise":2},6,138
98,river_ford,league,baseline,draw,round-limit,30,0,1,5,4,194,'{\'rally\':87,\'setPosition\':81,\'preparedPosition\':26}','{\'fireburst\':2,\'flare\':2,\'fieldRepair\':2}','{\'leaguePike\':1,\'pavise\':1,\'coil\':2}',8,178,0,5,0,12,44,'{\'rally\':27,\'brace\':10,\'focusedShot\':1,\'secondWind\':5,\'charge\':1}','{\'ward\':5,\'fireburst\':3,\'mend\':4}','{\'cavalier\':2,\'archer\':3,\'pikeman\':7}',7,168
98,river_ford,baseline,league,draw,round-limit,30,2,7,0,14,33,'{\'rally\':19,\'brace\':9,\'charge\':3,\'secondWind\':2}','{\'ward\':3,\'fireburst\':1,\'mend\':1}','{\'archer\':4,\'pikeman\':6,\'cavalier\':4}',7,156,0,0,7,1,147,'{\'setPosition\':60,\'rally\':60,\'preparedPosition\':27}','{\'flare\':4,\'ward\':1,\'fieldRepair\':1,\'fireburst\':1}',{"pavise":1},6,134
99,river_ford,league,baseline,draw,round-limit,30,1,6,3,8,75,'{\'rally\':44,\'setPosition\':29,\'preparedPosition\':2}','{\'fieldRepair\':2,\'mend\':1,\'ward\':1,\'fireburst\':2,\'flare\':2}','{\'leaguePike\':2,\'pavise\':1,\'coil\':5}',7,135,0,3,6,12,33,'{\'rally\':25,\'brace\':3,\'focusedShot\':3,\'charge\':1,\'secondWind\':1}','{\'fireburst\':2,\'ward\':3,\'mend\':3}','{\'pikeman\':9,\'archer\':3}',7,159
99,river_ford,baseline,league,draw,round-limit,30,1,0,1,7,51,'{\'rally\':30,\'brace\':21}','{\'fireburst\':3,\'mend\':1}','{\'pikeman\':5,\'archer\':1,\'cavalier\':1}',8,177,0,1,0,2,146,'{\'setPosition\':59,\'rally\':60,\'preparedPosition\':27}','{\'ward\':2,\'mend\':1,\'fieldRepair\':1}',{"pavise":2},6,135
100,river_ford,league,baseline,draw,round-limit,30,0,2,1,6,219,'{\'rally\':105,\'setPosition\':101,\'preparedPosition\':13}','{\'fireburst\':2,\'mend\':3,\'fieldRepair\':1}','{\'leaguePike\':2,\'pavise\':2,\'coil\':2}',9,200,0,1,2,9,30,'{\'rally\':20,\'charge\':1,\'brace\':9}','{\'ward\':1,\'mend\':2,\'fireburst\':1}','{\'cavalier\':1,\'pikeman\':6,\'archer\':2}',7,163
100,river_ford,baseline,league,draw,round-limit,30,1,3,1,9,47,'{\'rally\':32,\'charge\':1,\'brace\':13,\'secondWind\':1}','{\'fireburst\':3,\'mend\':4,\'ward\':1}','{\'pikeman\':6,\'archer\':1,\'cavalier\':2}',9,202,0,1,3,2,143,'{\'rally\':59,\'setPosition\':57,\'preparedPosition\':27}','{\'fireburst\':1,\'mend\':1,\'fieldRepair\':2,\'ward\':1,\'flare\':1}',{"pavise":2},6,127
1,choke_gap1,league,baseline,draw,round-limit,30,1,1,5,6,217,'{\'rally\':100,\'setPosition\':88,\'preparedPosition\':29}','{\'fieldRepair\':3,\'flare\':3,\'ward\':1,\'mend\':1}','{\'leaguePike\':3,\'coil\':3}',10,210,0,5,0,16,33,'{\'rally\':23,\'brace\':8,\'charge\':2}','{\'fireburst\':8,\'ward\':6,\'mend\':5}','{\'pikeman\':12,\'archer\':3,\'cavalier\':1}',7,177
1,choke_gap1,baseline,league,draw,round-limit,30,2,7,1,20,41,'{\'rally\':28,\'brace\':11,\'charge\':2}','{\'fireburst\':4,\'ward\':4,\'mend\':2}','{\'pikeman\':14,\'archer\':4,\'cavalier\':2}',7,151,0,1,7,4,205,'{\'setPosition\':83,\'rally\':84,\'preparedPosition\':38}','{\'ward\':2,\'fieldRepair\':2,\'fireburst\':1,\'flare\':1,\'mend\':4}','{\'pavise\':2,\'leaguePike\':1,\'coil\':1}',8,174
2,choke_gap1,league,baseline,draw,round-limit,30,1,0,0,4,53,'{\'rally\':38,\'setPosition\':14,\'preparedPosition\':1}','{\'ward\':2,\'fireburst\':1,\'fieldRepair\':1,\'flare\':1}','{\'leaguePike\':3,\'coil\':1}',9,179,0,0,0,8,8,{"rally":8},'{\'ward\':8,\'mend\':2,\'fireburst\':4}','{\'pikeman\':6,\'archer\':2}',7,169
2,choke_gap1,baseline,league,draw,round-limit,30,1,4,1,14,36,'{\'rally\':25,\'charge\':2,\'brace\':9}','{\'fireburst\':2,\'ward\':2,\'mend\':1}','{\'pikeman\':12,\'archer\':1,\'cavalier\':1}',7,150,0,1,4,3,179,'{\'setPosition\':69,\'rally\':69,\'preparedPosition\':41}','{\'fireburst\':1,\'ward\':3,\'mend\':3,\'fieldRepair\':1}','{\'leaguePike\':1,\'pavise\':1,\'coil\':1}',7,137
3,choke_gap1,league,baseline,draw,round-limit,30,1,2,5,6,199,'{\'rally\':85,\'setPosition\':84,\'preparedPosition\':30}','{\'mend\':2,\'flare\':2}','{\'leaguePike\':2,\'pavise\':1,\'coil\':3}',9,190,0,5,1,11,30,'{\'rally\':16,\'brace\':8,\'charge\':5,\'secondWind\':1}','{\'fireburst\':4,\'mend\':6,\'ward\':2}','{\'pikeman\':5,\'archer\':3,\'cavalier\':3}',7,174
3,choke_gap1,baseline,league,draw,round-limit,30,1,8,0,18,39,'{\'rally\':26,\'brace\':9,\'charge\':2,\'secondWind\':2}','{\'fireburst\':3,\'ward\':3,\'mend\':2}','{\'archer\':3,\'pikeman\':13,\'cavalier\':2}',7,162,0,0,8,4,217,'{\'setPosition\':88,\'rally\':88,\'preparedPosition\':41}','{\'fireburst\':3,\'fieldRepair\':1,\'flare\':2,\'mend\':1}','{\'leaguePike\':3,\'coil\':1}',9,187
4,choke_gap1,league,baseline,draw,round-limit,30,0,0,7,5,226,'{\'rally\':94,\'setPosition\':90,\'preparedPosition\':42}','{\'mend\':3,\'flare\':2}','{\'leaguePike\':2,\'pavise\':1,\'coil\':2}',10,199,0,7,0,17,37,'{\'rally\':26,\'brace\':10,\'charge\':1}','{\'mend\':6,\'ward\':1,\'fireburst\':3}','{\'pikeman\':13,\'archer\':3,\'cavalier\':1}',7,166
4,choke_gap1,baseline,league,draw,round-limit,30,2,6,0,16,35,'{\'rally\':24,\'brace\':10,\'charge\':1}','{\'ward\':7,\'fireburst\':7,\'mend\':4}','{\'archer\':4,\'pikeman\':11,\'cavalier\':1}',8,189,0,2,6,4,156,'{\'setPosition\':59,\'rally\':59,\'preparedPosition\':38}','{\'fireburst\':2,\'flare\':1,\'fieldRepair\':2,\'mend\':1}','{\'pavise\':1,\'coil\':3}',7,158
5,choke_gap1,league,baseline,draw,round-limit,30,0,1,10,5,226,'{\'rally\':93,\'setPosition\':93,\'preparedPosition\':40}','{\'ward\':2,\'mend\':2}','{\'leaguePike\':3,\'coil\':2}',9,172,0,10,1,17,33,'{\'rally\':21,\'brace\':9,\'charge\':3}','{\'fireburst\':5,\'mend\':4,\'ward\':5}','{\'pikeman\':11,\'archer\':3,\'cavalier\':3}',8,193
5,choke_gap1,baseline,league,draw,round-limit,30,1,9,0,18,37,'{\'rally\':24,\'brace\':11,\'charge\':2}','{\'fireburst\':6,\'ward\':3}','{\'pikeman\':11,\'archer\':6,\'cavalier\':1}',6,154,0,1,9,3,186,'{\'setPosition\':73,\'rally\':73,\'preparedPosition\':40}','{\'fieldRepair\':4,\'ward\':5,\'flare\':3}','{\'leaguePike\':1,\'pavise\':1,\'coil\':1}',7,135
6,choke_gap1,league,baseline,draw,round-limit,30,0,2,6,6,238,'{\'rally\':98,\'setPosition\':98,\'preparedPosition\':42}','{\'mend\':1,\'flare\':1}','{\'leaguePike\':3,\'coil\':3}',9,200,0,6,1,19,35,'{\'rally\':22,\'brace\':11,\'charge\':2}','{\'fireburst\':3,\'mend\':5,\'ward\':4}','{\'pikeman\':11,\'cavalier\':5,\'archer\':3}',7,150
6,choke_gap1,baseline,league,draw,round-limit,30,2,7,3,17,39,'{\'rally\':29,\'brace\':9,\'charge\':1}','{\'fireburst\':7,\'ward\':3}','{\'archer\':3,\'pikeman\':13,\'cavalier\':1}',7,168,0,6,7,9,170,'{\'setPosition\':68,\'rally\':69,\'preparedPosition\':33}','{\'ward\':3,\'fieldRepair\':4,\'mend\':2}','{\'leaguePike\':2,\'pavise\':1,\'coil\':6}',8,168
7,choke_gap1,league,baseline,draw,round-limit,30,1,5,5,8,137,'{\'rally\':62,\'setPosition\':57,\'preparedPosition\':18}','{\'ward\':3,\'flare\':2,\'fieldRepair\':1,\'mend\':1}','{\'leaguePike\':3,\'coil\':5}',9,149,0,5,5,12,29,'{\'rally\':20,\'brace\':8,\'charge\':1}','{\'fireburst\':2,\'mend\':6,\'ward\':1}','{\'pikeman\':9,\'archer\':3}',7,144
7,choke_gap1,baseline,league,draw,round-limit,30,1,7,2,16,34,'{\'rally\':22,\'brace\':8,\'charge\':3,\'secondWind\':1}','{\'ward\':5,\'fireburst\':5,\'mend\':4}','{\'pikeman\':10,\'archer\':4,\'cavalier\':2}',7,140,0,3,7,6,129,'{\'setPosition\':49,\'rally\':57,\'preparedPosition\':23}','{\'fireburst\':4,\'ward\':1,\'fieldRepair\':3,\'mend\':1}','{\'leaguePike\':3,\'coil\':3}',8,175
8,choke_gap1,league,baseline,draw,round-limit,30,1,1,1,5,74,'{\'rally\':49,\'setPosition\':19,\'preparedPosition\':6}','{\'fireburst\':2,\'ward\':1,\'mend\':2,\'fieldRepair\':1,\'flare\':1}','{\'leaguePike\':3,\'coil\':2}',9,170,0,1,1,9,11,'{\'rally\':9,\'charge\':1,\'secondWind\':1}','{\'fireburst\':6,\'mend\':3}','{\'pikeman\':7,\'archer\':2}',8,191
8,choke_gap1,baseline,league,draw,round-limit,30,1,6,0,15,40,'{\'rally\':28,\'secondWind\':1,\'brace\':9,\'charge\':2}','{\'fireburst\':5,\'ward\':4,\'mend\':3}','{\'pikeman\':13,\'cavalier\':1,\'archer\':1}',6,147,0,1,6,5,179,'{\'setPosition\':69,\'rally\':76,\'preparedPosition\':34}','{\'fieldRepair\':2,\'ward\':5,\'flare\':2,\'fireburst\':2}','{\'pavise\':2,\'leaguePike\':1,\'coil\':2}',9,183
9,choke_gap1,league,baseline,draw,round-limit,30,1,1,0,4,32,'{\'rally\':24,\'setPosition\':7,\'preparedPosition\':1}','{\'ward\':1,\'fireburst\':3,\'fieldRepair\':1,\'flare\':1,\'mend\':3}','{\'leaguePike\':3,\'coil\':1}',8,174,0,0,1,8,10,{"rally":10},'{\'ward\':6,\'fireburst\':1,\'mend\':3}','{\'pikeman\':6,\'archer\':2}',7,163
9,choke_gap1,baseline,league,draw,round-limit,30,1,6,0,16,37,'{\'rally\':24,\'charge\':2,\'brace\':11}','{\'fireburst\':4,\'ward\':4,\'mend\':1}','{\'pikeman\':11,\'archer\':3,\'cavalier\':2}',6,144,0,0,6,4,217,'{\'setPosition\':89,\'rally\':89,\'preparedPosition\':39}','{\'fieldRepair\':2,\'flare\':3,\'fireburst\':1,\'mend\':3}','{\'pavise\':1,\'leaguePike\':2,\'coil\':1}',9,164
10,choke_gap1,league,baseline,draw,round-limit,30,0,3,11,7,219,'{\'rally\':92,\'setPosition\':89,\'preparedPosition\':38}','{\'fireburst\':4,\'fieldRepair\':1,\'ward\':1,\'mend\':2}','{\'leaguePike\':2,\'pavise\':1,\'coil\':4}',9,197,0,11,1,19,25,'{\'rally\':17,\'brace\':5,\'secondWind\':1,\'charge\':2}','{\'fireburst\':5,\'mend\':4,\'ward\':2}','{\'archer\':6,\'pikeman\':10,\'cavalier\':3}',8,181
10,choke_gap1,baseline,league,draw,round-limit,30,0,5,0,12,35,'{\'rally\':24,\'brace\':11}','{\'fireburst\':3,\'mend\':4,\'ward\':1}','{\'pikeman\':8,\'archer\':3,\'cavalier\':1}',8,166,0,0,5,4,182,'{\'setPosition\':71,\'rally\':78,\'preparedPosition\':33}','{\'ward\':2,\'flare\':1,\'fieldRepair\':3,\'fireburst\':1}','{\'pavise\':2,\'leaguePike\':1,\'coil\':1}',9,166
11,choke_gap1,league,baseline,draw,round-limit,30,1,2,1,4,50,'{\'rally\':35,\'setPosition\':12,\'preparedPosition\':3}','{\'fireburst\':2,\'fieldRepair\':2,\'flare\':1,\'mend\':1}','{\'leaguePike\':2,\'pavise\':1,\'coil\':1}',7,159,0,1,1,8,11,'{\'rally\':9,\'brace\':1,\'charge\':1}','{\'fireburst\':5,\'mend\':3,\'ward\':5}','{\'pikeman\':6,\'archer\':2}',6,145
11,choke_gap1,baseline,league,draw,round-limit,30,1,8,0,18,35,'{\'rally\':24,\'brace\':8,\'secondWind\':1,\'charge\':2}','{\'ward\':2,\'fireburst\':2,\'mend\':2}','{\'pikeman\':10,\'archer\':7,\'cavalier\':1}',7,169,0,0,8,4,217,'{\'setPosition\':88,\'rally\':88,\'preparedPosition\':41}','{\'ward\':3,\'flare\':2,\'fieldRepair\':4,\'fireburst\':2,\'mend\':1}','{\'leaguePike\':2,\'pavise\':1,\'coil\':1}',9,187
12,choke_gap1,league,baseline,draw,round-limit,30,1,9,3,11,138,'{\'rally\':73,\'setPosition\':61,\'preparedPosition\':2,\'arcBurst\':2}','{\'fireburst\':3,\'mend\':1,\'flare\':1,\'ward\':3}','{\'leaguePike\':4,\'pavise\':1,\'coil\':5,\'relicWalker\':1}',7,164,1,3,8,10,15,'{\'rally\':12,\'brace\':1,\'charge\':2}','{\'fireburst\':2,\'ward\':3,\'mend\':4}','{\'archer\':3,\'pikeman\':5,\'cavalier\':2}',7,135
12,choke_gap1,baseline,league,draw,round-limit,30,2,5,1,16,39,'{\'rally\':28,\'brace\':9,\'charge\':2}','{\'ward\':5,\'mend\':5,\'fireburst\':1}','{\'pikeman\':13,\'cavalier\':2,\'archer\':1}',8,189,0,1,5,4,196,'{\'setPosition\':78,\'rally\':79,\'preparedPosition\':39}','{\'flare\':3,\'fireburst\':1,\'mend\':2,\'fieldRepair\':2,\'ward\':1}','{\'pavise\':2,\'leaguePike\':1,\'coil\':1}',8,173
13,choke_gap1,league,baseline,draw,round-limit,30,0,6,5,9,204,'{\'rally\':91,\'setPosition\':88,\'preparedPosition\':21,\'arcBurst\':4}','{\'ward\':4,\'flare\':3,\'fieldRepair\':2,\'mend\':1}','{\'leaguePike\':3,\'coil\':4,\'relicWalker\':2}',8,198,0,5,4,12,32,'{\'rally\':18,\'brace\':8,\'charge\':4,\'secondWind\':2}','{\'ward\':5,\'fireburst\':6,\'mend\':4}','{\'pikeman\':8,\'archer\':2,\'cavalier\':2}',8,152
13,choke_gap1,baseline,league,draw,round-limit,30,2,7,1,13,27,'{\'rally\':17,\'charge\':3,\'secondWind\':1,\'brace\':6}','{\'fireburst\':3,\'ward\':4,\'mend\':7}','{\'archer\':3,\'pikeman\':9,\'cavalier\':1}',8,190,0,1,7,5,174,'{\'setPosition\':68,\'rally\':74,\'preparedPosition\':32}','{\'fireburst\':1,\'ward\':2,\'fieldRepair\':1,\'flare\':1}','{\'leaguePike\':2,\'pavise\':1,\'coil\':2}',9,198
14,choke_gap1,league,baseline,draw,round-limit,30,1,4,2,7,63,'{\'rally\':33,\'setPosition\':24,\'preparedPosition\':6}','{\'ward\':6,\'flare\':1,\'fireburst\':1}','{\'leaguePike\':3,\'coil\':4}',8,150,0,2,4,10,15,'{\'rally\':12,\'brace\':2,\'charge\':1}','{\'fireburst\':1,\'ward\':3,\'mend\':3}','{\'pikeman\':7,\'archer\':3}',8,173
14,choke_gap1,baseline,league,draw,round-limit,30,1,6,1,18,41,'{\'rally\':30,\'brace\':10,\'charge\':1}','{\'fireburst\':4,\'ward\':5,\'mend\':6}','{\'pikeman\':14,\'archer\':4}',7,157,0,1,6,4,198,'{\'setPosition\':78,\'rally\':78,\'preparedPosition\':42}','{\'fieldRepair\':1,\'ward\':1,\'fireburst\':1,\'mend\':1}','{\'leaguePike\':2,\'pavise\':1,\'coil\':1}',8,164
15,choke_gap1,league,baseline,draw,round-limit,30,1,2,3,6,76,'{\'rally\':42,\'setPosition\':24,\'preparedPosition\':10}','{\'fireburst\':4,\'fieldRepair\':3,\'mend\':1,\'flare\':1}','{\'leaguePike\':3,\'coil\':3}',9,179,0,3,2,10,19,'{\'rally\':12,\'brace\':3,\'secondWind\':2,\'charge\':2}','{\'ward\':7,\'mend\':4,\'fireburst\':3}','{\'pikeman\':6,\'archer\':3,\'cavalier\':1}',7,149
15,choke_gap1,baseline,league,draw,round-limit,30,1,8,0,19,39,'{\'rally\':28,\'brace\':8,\'charge\':3}','{\'ward\':5,\'mend\':4,\'fireburst\':2}','{\'pikeman\':15,\'archer\':1,\'cavalier\':3}',8,176,0,0,8,4,221,'{\'setPosition\':89,\'rally\':90,\'preparedPosition\':42}','{\'fireburst\':2,\'mend\':1,\'fieldRepair\':3}','{\'leaguePike\':1,\'pavise\':2,\'coil\':1}',9,190
16,choke_gap1,league,baseline,draw,round-limit,30,1,8,5,10,168,'{\'rally\':79,\'setPosition\':69,\'preparedPosition\':20}','{\'fireburst\':2,\'mend\':2,\'flare\':1}','{\'leaguePike\':4,\'coil\':5,\'relicWalker\':1}',7,146,0,5,5,18,34,'{\'rally\':23,\'brace\':7,\'charge\':3,\'secondWind\':1}','{\'fireburst\':5,\'ward\':4,\'mend\':2}','{\'pikeman\':12,\'archer\':3,\'cavalier\':3}',7,136
16,choke_gap1,baseline,league,draw,round-limit,30,1,6,0,22,36,'{\'rally\':26,\'brace\':9,\'charge\':1}','{\'ward\':4,\'mend\':2,\'fireburst\':2}','{\'pikeman\':10,\'archer\':12}',7,153,0,0,6,4,208,'{\'setPosition\':83,\'rally\':87,\'preparedPosition\':38}','{\'fireburst\':2,\'ward\':2,\'flare\':2,\'mend\':2,\'fieldRepair\':1}','{\'leaguePike\':2,\'pavise\':1,\'coil\':1}',9,191
17,choke_gap1,league,baseline,draw,round-limit,30,1,7,3,12,118,'{\'rally\':57,\'setPosition\':49,\'preparedPosition\':12}','{\'ward\':5,\'mend\':1,\'fieldRepair\':2}','{\'leaguePike\':3,\'coil\':8,\'relicWalker\':1}',10,226,0,3,7,10,24,'{\'rally\':16,\'brace\':2,\'charge\':2,\'secondWind\':4}','{\'ward\':4,\'fireburst\':2,\'mend\':1}','{\'pikeman\':6,\'archer\':2,\'cavalier\':2}',7,165
17,choke_gap1,baseline,league,draw,round-limit,30,1,4,0,13,51,'{\'rally\':32,\'secondWind\':1,\'brace\':17,\'charge\':1}','{\'fireburst\':4,\'mend\':1}','{\'archer\':4,\'pikeman\':9}',7,168,0,0,4,4,211,'{\'setPosition\':89,\'rally\':89,\'preparedPosition\':33}','{\'fieldRepair\':2,\'fireburst\':2,\'mend\':4,\'flare\':2,\'ward\':1}','{\'leaguePike\':2,\'pavise\':1,\'coil\':1}',9,198
18,choke_gap1,league,baseline,draw,round-limit,30,0,2,7,6,214,'{\'setPosition\':89,\'rally\':90,\'preparedPosition\':35}','{\'ward\':1,\'fireburst\':1,\'mend\':2,\'fieldRepair\':3}','{\'leaguePike\':1,\'pavise\':2,\'coil\':3}',9,184,0,7,1,17,32,'{\'rally\':19,\'brace\':10,\'charge\':3}','{\'mend\':6,\'ward\':2,\'fireburst\':5}','{\'pikeman\':8,\'archer\':5,\'cavalier\':4}',8,166
18,choke_gap1,baseline,league,draw,round-limit,30,1,5,0,17,31,'{\'rally\':22,\'brace\':7,\'charge\':1,\'secondWind\':1}','{\'fireburst\':5,\'mend\':6,\'ward\':2}','{\'pikeman\':12,\'archer\':5}',7,157,0,1,5,5,218,'{\'setPosition\':89,\'rally\':89,\'preparedPosition\':40}','{\'fieldRepair\':1,\'flare\':1}','{\'leaguePike\':2,\'pavise\':1,\'coil\':2}',9,199
19,choke_gap1,league,baseline,draw,round-limit,30,0,0,9,5,224,'{\'rally\':92,\'setPosition\':90,\'preparedPosition\':42}','{\'mend\':1,\'fieldRepair\':1,\'flare\':1}','{\'leaguePike\':2,\'pavise\':1,\'coil\':2}',10,212,0,9,0,15,30,'{\'rally\':18,\'brace\':7,\'charge\':4,\'secondWind\':1}','{\'mend\':6,\'ward\':4,\'fireburst\':1}','{\'pikeman\':9,\'cavalier\':4,\'archer\':2}',7,167
19,choke_gap1,baseline,league,draw,round-limit,30,2,7,0,21,34,'{\'rally\':23,\'brace\':8,\'charge\':2,\'secondWind\':1}','{\'ward\':7,\'fireburst\':3,\'mend\':5}','{\'archer\':7,\'pikeman\':13,\'cavalier\':1}',7,158,0,0,7,4,215,'{\'setPosition\':88,\'rally\':88,\'preparedPosition\':39}','{\'fireburst\':1,\'fieldRepair\':2}','{\'leaguePike\':2,\'pavise\':1,\'coil\':1}',9,187
20,choke_gap1,league,baseline,draw,round-limit,30,1,0,4,5,120,'{\'rally\':56,\'setPosition\':48,\'preparedPosition\':16}','{\'ward\':1,\'flare\':2,\'fieldRepair\':1}','{\'leaguePike\':3,\'coil\':2}',10,215,0,4,0,14,30,'{\'rally\':20,\'brace\':9,\'charge\':1}','{\'fireburst\':1,\'ward\':3,\'mend\':1}','{\'pikeman\':9,\'archer\':5}',7,179
20,choke_gap1,baseline,league,draw,round-limit,30,1,13,1,23,39,'{\'rally\':30,\'brace\':7,\'charge\':2}','{\'fireburst\':4,\'ward\':4,\'mend\':4}','{\'pikeman\':17,\'archer\':5,\'cavalier\':1}',6,141,0,1,12,4,220,'{\'setPosition\':89,\'rally\':89,\'preparedPosition\':42}','{\'fireburst\':4,\'ward\':1,\'fieldRepair\':1}','{\'leaguePike\':3,\'coil\':1}',8,162
21,choke_gap1,league,baseline,draw,round-limit,30,1,0,2,4,166,'{\'rally\':81,\'setPosition\':68,\'preparedPosition\':17}','{\'fireburst\':2,\'flare\':1,\'fieldRepair\':2,\'mend\':2}','{\'leaguePike\':2,\'pavise\':1,\'coil\':1}',9,195,0,2,0,9,28,'{\'rally\':17,\'brace\':10,\'charge\':1}','{\'fireburst\':3,\'ward\':2,\'mend\':3}','{\'pikeman\':7,\'archer\':2}',7,164
21,choke_gap1,baseline,league,draw,round-limit,30,1,6,1,20,36,'{\'rally\':29,\'brace\':7}','{\'ward\':7,\'mend\':4,\'fireburst\':1}','{\'pikeman\':19,\'archer\':1}',8,185,0,1,6,4,217,'{\'setPosition\':88,\'rally\':88,\'preparedPosition\':41}','{\'fireburst\':1,\'ward\':2,\'mend\':2,\'fieldRepair\':1}','{\'leaguePike\':2,\'pavise\':1,\'coil\':1}',8,166
22,choke_gap1,league,baseline,draw,round-limit,30,1,2,5,5,107,'{\'rally\':51,\'setPosition\':38,\'preparedPosition\':18}','{\'fireburst\':1,\'ward\':1,\'flare\':2}','{\'leaguePike\':3,\'coil\':2}',8,162,0,5,2,14,19,'{\'rally\':14,\'charge\':3,\'brace\':2}','{\'ward\':9,\'fireburst\':1}','{\'pikeman\':10,\'cavalier\':2,\'archer\':2}',8,193
22,choke_gap1,baseline,league,draw,round-limit,30,1,3,1,14,22,'{\'rally\':18,\'brace\':1,\'charge\':1,\'focusedShot\':2}','{\'fireburst\':2,\'ward\':4}','{\'archer\':3,\'pikeman\':10,\'cavalier\':1}',6,165,0,1,3,4,54,'{\'setPosition\':17,\'rally\':31,\'preparedPosition\':6}','{\'fieldRepair\':4,\'ward\':1,\'fireburst\':3,\'mend\':2,\'flare\':1}','{\'leaguePike\':3,\'coil\':1}',8,177
23,choke_gap1,league,baseline,draw,round-limit,30,0,0,7,4,218,'{\'setPosition\':90,\'rally\':90,\'preparedPosition\':38}','{\'fireburst\':2,\'ward\':1,\'flare\':2}','{\'leaguePike\':1,\'pavise\':1,\'coil\':2}',9,201,0,7,0,15,41,'{\'rally\':26,\'brace\':11,\'charge\':2,\'secondWind\':2}','{\'fireburst\':1,\'ward\':4,\'mend\':1}','{\'pikeman\':12,\'archer\':2,\'cavalier\':1}',7,153
23,choke_gap1,baseline,league,draw,round-limit,30,1,8,0,16,33,'{\'rally\':22,\'brace\':8,\'charge\':3}','{\'ward\':6,\'mend\':2,\'fireburst\':1}','{\'archer\':3,\'pikeman\':10,\'cavalier\':3}',7,157,0,0,8,4,220,'{\'setPosition\':89,\'rally\':90,\'preparedPosition\':41}','{\'flare\':1,\'mend\':1,\'fieldRepair\':2}','{\'leaguePike\':1,\'pavise\':2,\'coil\':1}',9,194
24,choke_gap1,league,baseline,draw,round-limit,30,1,3,2,6,49,'{\'rally\':28,\'setPosition\':17,\'preparedPosition\':4}','{\'fireburst\':2,\'fieldRepair\':1,\'flare\':1}','{\'leaguePike\':2,\'pavise\':1,\'coil\':3}',8,176,0,2,3,9,12,'{\'rally\':9,\'brace\':1,\'secondWind\':1,\'charge\':1}','{\'ward\':5,\'fireburst\':1,\'mend\':2}','{\'pikeman\':6,\'cavalier\':1,\'archer\':2}',7,169
24,choke_gap1,baseline,league,draw,round-limit,30,2,10,0,20,29,'{\'rally\':20,\'brace\':5,\'charge\':3,\'secondWind\':1}','{\'fireburst\':5,\'mend\':2,\'ward\':2}','{\'archer\':4,\'pikeman\':12,\'cavalier\':4}',9,200,0,1,10,5,216,'{\'setPosition\':88,\'rally\':88,\'preparedPosition\':40}','{\'fireburst\':2,\'ward\':2,\'fieldRepair\':2,\'mend\':3}','{\'leaguePike\':2,\'pavise\':1,\'coil\':2}',9,194
25,choke_gap1,league,baseline,draw,round-limit,30,0,2,6,6,230,'{\'rally\':96,\'setPosition\':96,\'preparedPosition\':38}','{\'fireburst\':1,\'mend\':1,\'fieldRepair\':2,\'ward\':1}','{\'leaguePike\':2,\'pavise\':1,\'coil\':3}',9,203,0,6,1,21,35,'{\'rally\':25,\'brace\':8,\'charge\':1,\'secondWind\':1}','{\'ward\':4,\'fireburst\':3,\'mend\':4}','{\'pikeman\':15,\'archer\':3,\'cavalier\':3}',7,154
25,choke_gap1,baseline,league,draw,round-limit,30,1,8,0,18,32,'{\'rally\':20,\'charge\':3,\'secondWind\':1,\'brace\':8}','{\'ward\':6,\'fireburst\':3,\'mend\':1}','{\'pikeman\':10,\'cavalier\':2,\'archer\':6}',7,154,0,0,8,4,221,'{\'setPosition\':90,\'rally\':90,\'preparedPosition\':41}','{\'flare\':2,\'fieldRepair\':2,\'ward\':2,\'mend\':1}','{\'leaguePike\':3,\'coil\':1}',9,182
26,choke_gap1,league,baseline,draw,round-limit,30,0,3,10,6,196,'{\'rally\':78,\'setPosition\':78,\'preparedPosition\':40}','{\'fireburst\':2,\'flare\':1}','{\'leaguePike\':2,\'coil\':4}',8,176,0,10,1,19,25,'{\'rally\':19,\'brace\':5,\'charge\':1}','{\'ward\':8,\'mend\':4,\'fireburst\':6}','{\'pikeman\':12,\'archer\':7}',7,140
26,choke_gap1,baseline,league,draw,round-limit,30,1,9,0,19,41,'{\'rally\':28,\'brace\':9,\'secondWind\':2,\'charge\':2}','{\'mend\':5,\'ward\':3,\'fireburst\':2}','{\'pikeman\':13,\'archer\':3,\'cavalier\':3}',7,150,0,0,9,3,189,'{\'setPosition\':74,\'rally\':74,\'preparedPosition\':41}','{\'fireburst\':4,\'flare\':4,\'fieldRepair\':4,\'mend\':2}','{\'leaguePike\':2,\'coil\':1}',8,168
27,choke_gap1,league,baseline,draw,round-limit,30,1,0,2,5,107,'{\'rally\':50,\'setPosition\':41,\'preparedPosition\':16}','{\'fireburst\':2,\'ward\':1,\'mend\':3,\'fieldRepair\':1}','{\'leaguePike\':2,\'pavise\':1,\'coil\':2}',10,216,0,2,0,10,30,'{\'rally\':20,\'brace\':9,\'charge\':1}','{\'ward\':2,\'fireburst\':1,\'mend\':3}','{\'pikeman\':5,\'archer\':5}',6,158
27,choke_gap1,baseline,league,draw,round-limit,30,1,5,1,22,42,'{\'rally\':32,\'brace\':9,\'charge\':1}','{\'fireburst\':7,\'ward\':6,\'mend\':3}','{\'pikeman\':18,\'archer\':3,\'cavalier\':1}',8,195,0,1,5,4,183,'{\'setPosition\':71,\'rally\':74,\'preparedPosition\':38}','{\'fireburst\':2,\'fieldRepair\':3,\'mend\':1,\'ward\':1}','{\'leaguePike\':2,\'pavise\':1,\'coil\':1}',8,144
28,choke_gap1,league,baseline,draw,round-limit,30,0,0,3,4,233,'{\'setPosition\':103,\'rally\':104,\'preparedPosition\':26}','{\'fireburst\':1,\'ward\':1,\'mend\':1,\'fieldRepair\':2}','{\'leaguePike\':2,\'pavise\':1,\'coil\':1}',9,201,0,3,0,11,26,'{\'rally\':20,\'brace\':6}','{\'ward\':4,\'mend\':4}','{\'pikeman\':10,\'cavalier\':1}',9,201
28,choke_gap1,baseline,league,draw,round-limit,30,1,11,0,21,31,'{\'rally\':21,\'brace\':6,\'charge\':4}','{\'ward\':3,\'fireburst\':2,\'mend\':3}','{\'archer\':4,\'pikeman\':13,\'cavalier\':4}',8,173,0,0,11,4,221,'{\'setPosition\':89,\'rally\':90,\'preparedPosition\':42}','{\'ward\':1,\'fieldRepair\':3}','{\'leaguePike\':1,\'pavise\':2,\'coil\':1}',9,189
29,choke_gap1,league,baseline,draw,round-limit,30,0,1,10,4,219,'{\'rally\':89,\'setPosition\':89,\'preparedPosition\':41}','{\'fireburst\':1,\'ward\':5,\'fieldRepair\':3,\'mend\':2}','{\'leaguePike\':2,\'coil\':2}',8,169,0,10,1,18,24,'{\'rally\':16,\'brace\':5,\'charge\':3}','{\'fireburst\':4,\'mend\':5,\'ward\':3}','{\'pikeman\':10,\'archer\':3,\'cavalier\':5}',6,150
29,choke_gap1,baseline,league,draw,round-limit,30,0,3,1,13,34,'{\'rally\':24,\'charge\':1,\'brace\':9}','{\'fireburst\':10,\'mend\':4,\'ward\':2}','{\'pikeman\':12,\'archer\':1}',6,135,0,2,3,5,185,'{\'setPosition\':70,\'rally\':82,\'preparedPosition\':33}','{\'fieldRepair\':2,\'mend\':2}','{\'leaguePike\':2,\'pavise\':1,\'coil\':2}',8,155
30,choke_gap1,league,baseline,draw,round-limit,30,1,4,6,7,208,'{\'setPosition\':82,\'rally\':91,\'preparedPosition\':35}','{\'mend\':1,\'ward\':3}','{\'leaguePike\':2,\'pavise\':1,\'coil\':4}',8,174,0,6,2,15,33,'{\'rally\':24,\'brace\':8,\'charge\':1}','{\'fireburst\':7,\'ward\':4,\'mend\':8}','{\'pikeman\':13,\'cavalier\':2}',8,199
30,choke_gap1,baseline,league,draw,round-limit,30,1,1,2,8,48,'{\'rally\':29,\'brace\':19}','{\'ward\':1,\'fireburst\':5,\'mend\':1}','{\'archer\':3,\'pikeman\':5}',7,164,0,4,1,6,136,'{\'setPosition\':48,\'rally\':57,\'preparedPosition\':31}','{\'ward\':4,\'flare\':1,\'fieldRepair\':1,\'mend\':1}','{\'leaguePike\':2,\'pavise\':1,\'coil\':3}',7,148
31,choke_gap1,league,baseline,draw,round-limit,30,0,2,1,5,221,'{\'setPosition\':103,\'rally\':103,\'preparedPosition\':15}','{\'flare\':2,\'ward\':2,\'fieldRepair\':1,\'fireburst\':1}','{\'leaguePike\':2,\'pavise\':3}',8,179,0,1,2,8,19,'{\'rally\':15,\'brace\':4}','{\'mend\':9,\'fireburst\':2}','{\'pikeman\':7,\'cavalier\':1}',9,206
31,choke_gap1,baseline,league,draw,round-limit,30,1,7,0,20,41,'{\'rally\':30,\'brace\':10,\'charge\':1}','{\'fireburst\':6,\'mend\':3,\'ward\':3}','{\'archer\':4,\'pikeman\':16}',8,175,0,1,7,5,220,'{\'setPosition\':90,\'rally\':90,\'preparedPosition\':40}','{\'fieldRepair\':4,\'mend\':2,\'flare\':1,\'fireburst\':1}','{\'leaguePike\':3,\'coil\':2}',9,178
32,choke_gap1,league,baseline,draw,round-limit,30,0,0,8,5,248,'{\'setPosition\':104,\'rally\':104,\'preparedPosition\':40}','{\'mend\':2,\'fieldRepair\':1,\'ward\':1}','{\'leaguePike\':2,\'pavise\':1,\'coil\':2}',10,193,0,8,0,17,39,'{\'rally\':23,\'brace\':11,\'charge\':4,\'secondWind\':1}','{\'fireburst\':4,\'mend\':1}','{\'pikeman\':11,\'cavalier\':4,\'archer\':2}',8,172
32,choke_gap1,baseline,league,draw,round-limit,30,2,7,0,16,42,'{\'rally\':25,\'brace\':11,\'charge\':4,\'secondWind\':2}','{\'fireburst\':4,\'ward\':3,\'mend\':2}','{\'pikeman\':12,\'archer\':1,\'cavalier\':3}',7,137,0,1,7,4,184,'{\'setPosition\':73,\'rally\':73,\'preparedPosition\':38}','{\'fireburst\':2,\'fieldRepair\':2,\'ward\':2,\'mend\':1,\'flare\':1}','{\'leaguePike\':1,\'pavise\':1,\'coil\':2}',8,180
33,choke_gap1,league,baseline,draw,round-limit,30,0,0,2,5,235,'{\'setPosition\':104,\'rally\':104,\'preparedPosition\':27}','{\'ward\':2,\'flare\':1}','{\'leaguePike\':1,\'pavise\':2,\'coil\':2}',10,205,0,2,0,8,38,'{\'rally\':24,\'brace\':14}',{"fireburst":1},'{\'pikeman\':7,\'cavalier\':1}',9,193
33,choke_gap1,baseline,league,draw,round-limit,30,2,7,0,17,36,'{\'rally\':23,\'brace\':9,\'charge\':2,\'secondWind\':2}','{\'mend\':3,\'ward\':4,\'fireburst\':1}','{\'pikeman\':10,\'archer\':3,\'cavalier\':4}',7,142,0,0,7,3,189,'{\'setPosition\':74,\'rally\':74,\'preparedPosition\':41}','{\'fireburst\':2,\'flare\':1,\'fieldRepair\':2}','{\'leaguePike\':2,\'coil\':1}',8,170
34,choke_gap1,league,baseline,draw,round-limit,30,1,3,1,6,50,'{\'rally\':29,\'setPosition\':16,\'preparedPosition\':5}','{\'fireburst\':1,\'mend\':2,\'flare\':1}','{\'leaguePike\':2,\'pavise\':1,\'coil\':3}',8,163,0,1,3,7,12,'{\'rally\':11,\'brace\':1}','{\'fireburst\':3,\'ward\':2,\'mend\':1}',{"pikeman":7},7,150
34,choke_gap1,baseline,league,draw,round-limit,30,0,8,0,18,34,'{\'rally\':23,\'brace\':7,\'charge\':2,\'secondWind\':2}','{\'ward\':4,\'fireburst\':2,\'mend\':4}','{\'pikeman\':13,\'archer\':3,\'cavalier\':2}',6,150,0,0,8,4,218,'{\'setPosition\':89,\'rally\':89,\'preparedPosition\':40}','{\'fireburst\':1,\'ward\':1,\'fieldRepair\':1,\'mend\':1}','{\'pavise\':1,\'leaguePike\':2,\'coil\':1}',9,204
35,choke_gap1,league,baseline,draw,round-limit,30,0,2,6,5,237,'{\'rally\':99,\'setPosition\':99,\'preparedPosition\':39}','{\'fieldRepair\':1,\'mend\':1}','{\'leaguePike\':3,\'coil\':2}',8,179,0,6,1,16,37,'{\'rally\':25,\'brace\':11,\'charge\':1}','{\'fireburst\':4,\'ward\':5,\'mend\':4}','{\'pikeman\':13,\'archer\':2,\'cavalier\':1}',7,177
35,choke_gap1,baseline,league,draw,round-limit,30,1,11,0,24,43,'{\'rally\':32,\'brace\':9,\'charge\':2}','{\'fireburst\':6,\'mend\':5,\'ward\':1}','{\'archer\':3,\'pikeman\':18,\'cavalier\':3}',6,148,0,1,11,5,221,'{\'setPosition\':89,\'rally\':90,\'preparedPosition\':42}','{\'fireburst\':3,\'fieldRepair\':1,\'flare\':1,\'mend\':1}','{\'pavise\':2,\'leaguePike\':1,\'coil\':2}',9,187
36,choke_gap1,league,baseline,draw,round-limit,30,1,3,6,6,169,'{\'rally\':74,\'setPosition\':66,\'preparedPosition\':29}','{\'fireburst\':2,\'mend\':4,\'fieldRepair\':3,\'ward\':3,\'flare\':1}','{\'leaguePike\':3,\'coil\':3}',8,154,0,6,2,17,27,'{\'rally\':18,\'brace\':6,\'charge\':3}','{\'ward\':6,\'fireburst\':6,\'mend\':4}','{\'cavalier\':3,\'pikeman\':12,\'archer\':2}',7,150
36,choke_gap1,baseline,league,draw,round-limit,30,0,9,0,16,36,'{\'rally\':23,\'brace\':10,\'charge\':3}','{\'fireburst\':5,\'ward\':5,\'mend\':2}','{\'pikeman\':11,\'archer\':3,\'cavalier\':2}',7,175,0,0,9,4,219,'{\'setPosition\':88,\'rally\':89,\'preparedPosition\':42}','{\'ward\':1,\'fieldRepair\':2,\'flare\':1,\'mend\':1}','{\'pavise\':3,\'coil\':1}',9,188
37,choke_gap1,league,baseline,draw,round-limit,30,0,0,4,4,235,'{\'setPosition\':104,\'rally\':104,\'preparedPosition\':27}','{\'ward\':2,\'fireburst\':1,\'fieldRepair\':1}','{\'leaguePike\':2,\'pavise\':1,\'coil\':1}',9,187,0,4,0,9,30,'{\'rally\':18,\'brace\':12}','{\'fireburst\':2,\'ward\':2,\'mend\':2}','{\'pikeman\':5,\'archer\':3,\'cavalier\':1}',9,200
37,choke_gap1,baseline,league,draw,round-limit,30,1,7,1,19,40,'{\'rally\':27,\'brace\':10,\'charge\':2,\'secondWind\':1}','{\'fireburst\':4,\'ward\':4,\'mend\':1}','{\'pikeman\':15,\'archer\':3,\'cavalier\':1}',6,160,0,2,7,5,210,'{\'setPosition\':85,\'rally\':85,\'preparedPosition\':40}','{\'flare\':2,\'fieldRepair\':5,\'mend\':2}','{\'pavise\':1,\'leaguePike\':2,\'coil\':2}',8,179
38,choke_gap1,league,baseline,draw,round-limit,30,1,6,2,9,142,'{\'rally\':77,\'setPosition\':59,\'preparedPosition\':6}','{\'fireburst\':3,\'ward\':3,\'fieldRepair\':2,\'flare\':1,\'mend\':2}','{\'leaguePike\':4,\'coil\':4,\'relicWalker\':1}',8,171,0,2,6,10,38,'{\'rally\':24,\'brace\':8,\'charge\':3,\'secondWind\':3}','{\'ward\':2,\'fireburst\':4,\'mend\':1}','{\'pikeman\':6,\'archer\':3,\'cavalier\':1}',8,148
38,choke_gap1,baseline,league,draw,round-limit,30,1,7,0,18,42,'{\'rally\':29,\'brace\':12,\'charge\':1}','{\'mend\':5,\'fireburst\':4,\'ward\':3}','{\'pikeman\':13,\'archer\':3,\'cavalier\':2}',6,149,0,1,7,4,189,'{\'setPosition\':74,\'rally\':75,\'preparedPosition\':40}','{\'fireburst\':2,\'ward\':2,\'flare\':3,\'fieldRepair\':2,\'mend\':2}','{\'pavise\':2,\'coil\':2}',8,178
39,choke_gap1,league,baseline,draw,round-limit,30,0,1,4,4,234,'{\'rally\':103,\'setPosition\':103,\'preparedPosition\':28}','{\'fieldRepair\':2,\'mend\':1}','{\'leaguePike\':3,\'coil\':1}',8,172,0,4,1,15,32,'{\'rally\':23,\'brace\':9}','{\'fireburst\':4,\'ward\':2,\'mend\':3}','{\'pikeman\':12,\'archer\':2,\'cavalier\':1}',8,190
39,choke_gap1,baseline,league,draw,round-limit,30,1,7,0,14,36,'{\'rally\':21,\'charge\':3,\'brace\':9,\'secondWind\':3}','{\'ward\':2,\'fireburst\':4,\'mend\':2}','{\'archer\':3,\'pikeman\':9,\'cavalier\':2}',6,148,0,1,7,4,214,'{\'setPosition\':89,\'rally\':89,\'preparedPosition\':36}','{\'ward\':1,\'flare\':2,\'fieldRepair\':2,\'mend\':3}','{\'pavise\':1,\'leaguePike\':2,\'coil\':1}',8,187
40,choke_gap1,league,baseline,draw,round-limit,30,1,8,3,10,91,'{\'rally\':49,\'setPosition\':33,\'preparedPosition\':9}','{\'fireburst\':3,\'mend\':4,\'fieldRepair\':2,\'flare\':2}','{\'leaguePike\':3,\'coil\':5,\'pavise\':1,\'relicWalker\':1}',7,174,0,3,8,11,24,'{\'rally\':15,\'brace\':5,\'charge\':2,\'secondWind\':2}','{\'ward\':6,\'fireburst\':3,\'mend\':1}','{\'cavalier\':2,\'pikeman\':7,\'archer\':2}',8,185
40,choke_gap1,baseline,league,draw,round-limit,30,1,9,0,14,32,'{\'rally\':24,\'brace\':8}','{\'ward\':7,\'fireburst\':3,\'mend\':1}','{\'pikeman\':11,\'archer\':3}',8,186,0,0,9,4,218,'{\'setPosition\':88,\'rally\':89,\'preparedPosition\':41}','{\'fireburst\':1,\'flare\':1,\'fieldRepair\':3,\'mend\':1}','{\'pavise\':2,\'leaguePike\':1,\'coil\':1}',9,198
41,choke_gap1,league,baseline,draw,round-limit,30,0,10,2,13,191,'{\'rally\':87,\'setPosition\':82,\'preparedPosition\':22}','{\'ward\':3,\'fieldRepair\':1,\'flare\':6,\'fireburst\':4}','{\'leaguePike\':3,\'pavise\':2,\'coil\':8}',8,185,0,3,8,9,52,'{\'rally\':38,\'brace\':14}','{\'fireburst\':4,\'ward\':3,\'mend\':3}','{\'pikeman\':8,\'archer\':1}',8,164
41,choke_gap1,baseline,league,draw,round-limit,30,0,9,1,17,32,'{\'rally\':22,\'brace\':8,\'charge\':2}','{\'fireburst\':4,\'mend\':2,\'ward\':1}','{\'pikeman\':11,\'cavalier\':3,\'archer\':3}',6,136,0,1,9,4,209,'{\'setPosition\':84,\'rally\':84,\'preparedPosition\':41}','{\'fieldRepair\':1,\'ward\':1,\'mend\':2,\'flare\':3,\'fireburst\':1}','{\'pavise\':1,\'leaguePike\':2,\'coil\':1}',8,168
42,choke_gap1,league,baseline,draw,round-limit,30,1,8,10,10,128,'{\'rally\':58,\'setPosition\':44,\'preparedPosition\':26}','{\'ward\':3,\'fieldRepair\':4,\'flare\':3}','{\'leaguePike\':2,\'pavise\':1,\'coil\':7}',7,136,0,10,6,23,44,'{\'rally\':27,\'brace\':12,\'secondWind\':3,\'charge\':2}','{\'fireburst\':10,\'ward\':10,\'mend\':6}','{\'archer\':5,\'pikeman\':14,\'cavalier\':4}',7,159
42,choke_gap1,baseline,league,draw,round-limit,30,0,11,0,21,27,'{\'rally\':19,\'charge\':4,\'brace\':4}','{\'fireburst\':6,\'ward\':8,\'mend\':2}','{\'pikeman\':13,\'archer\':4,\'cavalier\':4}',8,171,0,0,11,4,217,'{\'setPosition\':88,\'rally\':89,\'preparedPosition\':40}','{\'fieldRepair\':4,\'ward\':2,\'mend\':1}','{\'pavise\':2,\'leaguePike\':1,\'coil\':1}',9,175
43,choke_gap1,league,baseline,draw,round-limit,30,1,1,4,5,107,'{\'rally\':51,\'setPosition\':42,\'preparedPosition\':14}','{\'fireburst\':1,\'mend\':4,\'flare\':2}','{\'leaguePike\':2,\'pavise\':1,\'coil\':2}',9,182,0,4,1,12,18,'{\'rally\':17,\'charge\':1}','{\'fireburst\':4,\'ward\':3,\'mend\':3}','{\'pikeman\':7,\'archer\':5}',7,182
43,choke_gap1,baseline,league,draw,round-limit,30,1,3,4,12,36,'{\'rally\':25,\'charge\':2,\'secondWind\':2,\'brace\':7}','{\'fireburst\':4,\'ward\':3,\'mend\':2}','{\'archer\':3,\'pikeman\':8,\'cavalier\':1}',7,148,0,5,3,9,178,'{\'setPosition\':73,\'rally\':78,\'preparedPosition\':22,\'arcBurst\':5}','{\'fireburst\':4,\'fieldRepair\':1,\'ward\':1,\'flare\':2,\'mend\':3}','{\'pavise\':3,\'leaguePike\':2,\'relicWalker\':1,\'coil\':3}',9,197
44,choke_gap1,league,baseline,draw,round-limit,30,0,8,6,10,177,'{\'rally\':74,\'setPosition\':73,\'preparedPosition\':30}','{\'fireburst\':2,\'mend\':1,\'fieldRepair\':2,\'flare\':5}','{\'leaguePike\':3,\'pavise\':1,\'coil\':6}',7,161,0,6,6,17,42,'{\'rally\':30,\'brace\':9,\'charge\':2,\'secondWind\':1}','{\'fireburst\':6,\'ward\':3,\'mend\':2}','{\'pikeman\':12,\'archer\':2,\'cavalier\':3}',8,170
44,choke_gap1,baseline,league,draw,round-limit,30,1,0,0,8,7,{"rally":7},'{\'ward\':5,\'fireburst\':1,\'mend\':3}','{\'archer\':3,\'pikeman\':5}',7,159,0,0,0,3,36,'{\'setPosition\':7,\'rally\':27,\'preparedPosition\':2}','{\'ward\':1,\'fieldRepair\':1}','{\'pavise\':2,\'leaguePike\':1}',8,184
45,choke_gap1,league,baseline,draw,round-limit,30,0,1,8,5,231,'{\'rally\':96,\'setPosition\':96,\'preparedPosition\':39}','{\'fireburst\':1,\'ward\':3,\'flare\':3,\'mend\':3,\'fieldRepair\':2}','{\'leaguePike\':2,\'pavise\':1,\'coil\':2}',9,182,0,8,1,14,30,'{\'rally\':20,\'brace\':8,\'charge\':2}','{\'fireburst\':2,\'mend\':5,\'ward\':2}','{\'pikeman\':10,\'cavalier\':2,\'archer\':2}',6,156
45,choke_gap1,baseline,league,draw,round-limit,30,0,6,0,17,35,'{\'rally\':23,\'charge\':2,\'secondWind\':1,\'brace\':9}','{\'fireburst\':2,\'ward\':9,\'mend\':4}','{\'pikeman\':12,\'archer\':3,\'cavalier\':2}',8,183,0,0,6,4,218,'{\'setPosition\':88,\'rally\':88,\'preparedPosition\':42}','{\'fireburst\':1,\'fieldRepair\':4,\'ward\':2,\'mend\':1}','{\'leaguePike\':2,\'pavise\':1,\'coil\':1}',9,194
46,choke_gap1,league,baseline,draw,round-limit,30,0,3,7,6,209,'{\'setPosition\':84,\'rally\':85,\'preparedPosition\':40}','{\'fireburst\':1,\'ward\':1,\'flare\':1,\'mend\':2}','{\'leaguePike\':1,\'pavise\':1,\'coil\':4}',8,169,0,7,1,18,39,'{\'rally\':27,\'brace\':11,\'charge\':1}','{\'fireburst\':6,\'mend\':4,\'ward\':3}','{\'pikeman\':12,\'archer\':3,\'cavalier\':3}',6,142
46,choke_gap1,baseline,league,draw,round-limit,30,1,10,1,20,37,'{\'rally\':24,\'charge\':3,\'brace\':10}','{\'ward\':3,\'fireburst\':3,\'mend\':2}','{\'archer\':4,\'pikeman\':12,\'cavalier\':4}',8,179,0,1,10,4,215,'{\'setPosition\':86,\'rally\':87,\'preparedPosition\':42}','{\'fieldRepair\':1,\'flare\':1,\'mend\':2}','{\'pavise\':2,\'leaguePike\':1,\'coil\':1}',8,160
47,choke_gap1,league,baseline,draw,round-limit,30,1,9,7,12,119,'{\'rally\':60,\'setPosition\':46,\'preparedPosition\':13}','{\'fireburst\':2,\'ward\':2,\'mend\':3,\'flare\':3,\'fieldRepair\':2}','{\'leaguePike\':4,\'coil\':7,\'relicWalker\':1}',8,147,0,7,7,15,33,'{\'rally\':22,\'brace\':8,\'charge\':1,\'secondWind\':2}','{\'fireburst\':8,\'mend\':4,\'ward\':4}','{\'pikeman\':8,\'archer\':3,\'cavalier\':4}',8,159
47,choke_gap1,baseline,league,draw,round-limit,30,1,4,2,19,33,'{\'rally\':25,\'brace\':7,\'charge\':1}','{\'fireburst\':5,\'ward\':7,\'mend\':5}','{\'pikeman\':15,\'archer\':3,\'cavalier\':1}',8,177,0,2,4,4,194,'{\'setPosition\':76,\'rally\':77,\'preparedPosition\':41}','{\'ward\':2,\'mend\':3,\'fieldRepair\':4,\'flare\':1}','{\'pavise\':2,\'leaguePike\':1,\'coil\':1}',7,140
48,choke_gap1,league,baseline,draw,round-limit,30,1,3,5,7,198,'{\'setPosition\':83,\'rally\':86,\'preparedPosition\':29}','{\'ward\':2,\'flare\':2,\'fireburst\':2,\'mend\':1,\'fieldRepair\':1}','{\'leaguePike\':2,\'pavise\':1,\'coil\':4}',9,180,0,5,2,15,37,'{\'rally\':26,\'charge\':2,\'secondWind\':2,\'brace\':7}','{\'fireburst\':4,\'ward\':4,\'mend\':2}','{\'pikeman\':12,\'archer\':2,\'cavalier\':1}',6,153
48,choke_gap1,baseline,league,draw,round-limit,30,1,3,1,15,34,'{\'rally\':24,\'brace\':9,\'charge\':1}','{\'fireburst\':4,\'ward\':6,\'mend\':6}','{\'archer\':3,\'pikeman\':12}',7,149,0,1,3,4,205,'{\'setPosition\':85,\'rally\':85,\'preparedPosition\':35}','{\'fireburst\':2,\'fieldRepair\':1,\'mend\':3,\'flare\':1}','{\'leaguePike\':2,\'pavise\':1,\'coil\':1}',8,149
49,choke_gap1,league,baseline,draw,round-limit,30,0,3,9,7,226,'{\'rally\':93,\'setPosition\':93,\'preparedPosition\':40}','{\'mend\':3,\'fireburst\':1,\'ward\':1,\'fieldRepair\':1}','{\'leaguePike\':3,\'coil\':4}',9,188,0,9,1,18,30,'{\'rally\':18,\'brace\':8,\'charge\':4}','{\'ward\':5,\'mend\':4,\'fireburst\':6}','{\'pikeman\':8,\'archer\':5,\'cavalier\':5}',6,150
49,choke_gap1,baseline,league,draw,round-limit,30,1,10,0,21,37,'{\'rally\':28,\'brace\':7,\'charge\':2}','{\'fireburst\':3,\'ward\':4,\'mend\':1}','{\'pikeman\':17,\'archer\':3,\'cavalier\':1}',7,177,0,0,10,4,220,'{\'setPosition\':89,\'rally\':90,\'preparedPosition\':41}','{\'fireburst\':1,\'fieldRepair\':2,\'flare\':2,\'mend\':2}','{\'leaguePike\':1,\'pavise\':2,\'coil\':1}',9,186
50,choke_gap1,league,baseline,draw,round-limit,30,1,5,1,9,190,'{\'setPosition\':83,\'rally\':100,\'preparedPosition\':7}','{\'ward\':2,\'fireburst\':3,\'mend\':1,\'fieldRepair\':1,\'flare\':1}','{\'leaguePike\':4,\'pavise\':1,\'coil\':4}',9,194,0,1,4,9,21,'{\'rally\':16,\'brace\':4,\'charge\':1}','{\'fireburst\':3,\'mend\':4,\'ward\':6}','{\'pikeman\':6,\'archer\':2,\'cavalier\':1}',7,157
50,choke_gap1,baseline,league,draw,round-limit,30,1,8,0,17,35,'{\'rally\':25,\'brace\':9,\'charge\':1}','{\'fireburst\':2,\'ward\':5,\'mend\':3}','{\'archer\':1,\'pikeman\':14,\'cavalier\':2}',9,191,0,0,8,4,220,'{\'setPosition\':89,\'rally\':89,\'preparedPosition\':42}','{\'fieldRepair\':2,\'ward\':2,\'flare\':1}','{\'pavise\':1,\'leaguePike\':2,\'coil\':1}',9,198
51,choke_gap1,league,baseline,draw,round-limit,30,0,1,11,4,200,'{\'rally\':79,\'setPosition\':79,\'preparedPosition\':42}','{\'fireburst\':3,\'mend\':2,\'fieldRepair\':1}','{\'leaguePike\':2,\'coil\':2}',8,168,0,11,1,19,32,'{\'rally\':23,\'brace\':7,\'charge\':2}','{\'mend\':6,\'ward\':4,\'fireburst\':2}','{\'pikeman\':14,\'cavalier\':3,\'archer\':2}',6,147
51,choke_gap1,baseline,league,draw,round-limit,30,1,5,1,15,35,'{\'rally\':25,\'charge\':1,\'brace\':9}','{\'fireburst\':6,\'ward\':4,\'mend\':1}','{\'pikeman\':11,\'archer\':3,\'cavalier\':1}',6,133,0,2,5,5,199,'{\'setPosition\':79,\'rally\':79,\'preparedPosition\':41}','{\'fireburst\':1,\'flare\':3,\'fieldRepair\':3,\'mend\':2,\'ward\':1}','{\'leaguePike\':2,\'pavise\':1,\'coil\':2}',8,159
52,choke_gap1,league,baseline,draw,round-limit,30,0,3,8,5,196,'{\'rally\':78,\'setPosition\':78,\'preparedPosition\':40}','{\'fireburst\':2,\'ward\':4,\'flare\':3,\'mend\':2,\'fieldRepair\':1}','{\'leaguePike\':2,\'coil\':3}',8,158,0,8,2,16,28,'{\'rally\':19,\'brace\':6,\'charge\':3}','{\'ward\':4,\'fireburst\':5,\'mend\':11}','{\'pikeman\':10,\'archer\':3,\'cavalier\':3}',7,157
52,choke_gap1,baseline,league,draw,round-limit,30,0,8,1,21,34,'{\'rally\':26,\'brace\':6,\'charge\':2}','{\'fireburst\':6,\'ward\':5,\'mend\':2}','{\'pikeman\':15,\'archer\':3,\'cavalier\':3}',8,187,0,2,8,5,181,'{\'setPosition\':70,\'rally\':76,\'preparedPosition\':35}','{\'fireburst\':2,\'fieldRepair\':2,\'flare\':3,\'mend\':3}','{\'leaguePike\':1,\'pavise\':2,\'coil\':2}',8,177
53,choke_gap1,league,baseline,draw,round-limit,30,1,7,3,10,133,'{\'rally\':64,\'setPosition\':56,\'preparedPosition\':11,\'arcBurst\':2}','{\'fireburst\':3,\'ward\':4,\'flare\':1,\'fieldRepair\':2,\'mend\':3}','{\'leaguePike\':3,\'coil\':4,\'relicWalker\':3}',8,187,0,3,7,10,32,'{\'rally\':21,\'brace\':8,\'charge\':2,\'secondWind\':1}','{\'fireburst\':5,\'ward\':10,\'mend\':8}','{\'pikeman\':5,\'archer\':4,\'cavalier\':1}',5,122
53,choke_gap1,baseline,league,draw,round-limit,30,1,4,1,15,31,'{\'rally\':21,\'brace\':8,\'charge\':2}','{\'fireburst\':7,\'mend\':8,\'ward\':4}','{\'pikeman\':10,\'cavalier\':2,\'archer\':3}',6,136,0,2,4,4,181,'{\'setPosition\':71,\'rally\':71,\'preparedPosition\':39}','{\'fireburst\':1,\'fieldRepair\':4,\'ward\':2,\'flare\':2}','{\'pavise\':2,\'coil\':2}',7,124
54,choke_gap1,league,baseline,draw,round-limit,30,0,1,3,6,208,'{\'rally\':96,\'setPosition\':90,\'preparedPosition\':22}','{\'ward\':2,\'fieldRepair\':1,\'mend\':2}','{\'leaguePike\':2,\'pavise\':1,\'coil\':3}',10,209,0,3,0,9,31,'{\'rally\':19,\'brace\':12}','{\'fireburst\':6,\'mend\':3,\'ward\':1}','{\'pikeman\':6,\'cavalier\':1,\'archer\':2}',8,183
54,choke_gap1,baseline,league,draw,round-limit,30,1,9,0,15,41,'{\'rally\':25,\'brace\':11,\'charge\':4,\'secondWind\':1}','{\'fireburst\':4,\'mend\':2,\'ward\':3}','{\'pikeman\':10,\'cavalier\':4,\'archer\':1}',7,165,0,0,9,4,218,'{\'setPosition\':88,\'rally\':89,\'preparedPosition\':41}','{\'fieldRepair\':2,\'ward\':1,\'flare\':1,\'fireburst\':1,\'mend\':1}','{\'pavise\':3,\'coil\':1}',9,194
55,choke_gap1,league,baseline,draw,round-limit,30,1,5,8,7,167,'{\'rally\':75,\'setPosition\':66,\'preparedPosition\':26}','{\'fireburst\':2,\'ward\':1,\'mend\':1,\'fieldRepair\':1}','{\'leaguePike\':3,\'coil\':4}',7,162,1,8,4,18,31,'{\'rally\':20,\'brace\':8,\'charge\':2,\'secondWind\':1}','{\'ward\':6,\'mend\':5,\'fireburst\':2}','{\'pikeman\':8,\'archer\':6,\'cavalier\':4}',7,139
55,choke_gap1,baseline,league,draw,round-limit,30,1,10,1,23,39,'{\'rally\':27,\'charge\':4,\'brace\':8}','{\'fireburst\':1,\'ward\':4,\'mend\':2}','{\'pikeman\':17,\'cavalier\':3,\'archer\':3}',8,182,0,1,10,3,176,'{\'setPosition\':67,\'rally\':67,\'preparedPosition\':42}','{\'fireburst\':1,\'flare\':1,\'fieldRepair\':3}','{\'leaguePike\':1,\'pavise\':1,\'coil\':1}',7,144
56,choke_gap1,league,baseline,draw,round-limit,30,0,1,5,5,222,'{\'rally\':95,\'setPosition\':95,\'preparedPosition\':27,\'arcBurst\':5}','{\'fireburst\':3,\'ward\':5,\'flare\':2,\'mend\':2}','{\'leaguePike\':2,\'pavise\':1,\'coil\':1,\'relicWalker\':1}',9,206,0,6,1,16,38,'{\'rally\':26,\'brace\':11,\'charge\':1}','{\'fireburst\':1,\'ward\':2,\'mend\':5}','{\'pikeman\':13,\'archer\':1,\'cavalier\':2}',9,211
56,choke_gap1,baseline,league,draw,round-limit,30,1,9,0,18,43,'{\'rally\':28,\'brace\':9,\'charge\':4,\'secondWind\':2}','{\'fireburst\':9,\'mend\':3,\'ward\':3}','{\'pikeman\':13,\'archer\':3,\'cavalier\':2}',7,175,0,1,9,5,195,'{\'setPosition\':79,\'rally\':82,\'preparedPosition\':34}','{\'fireburst\':2,\'fieldRepair\':3,\'mend\':1,\'ward\':1,\'flare\':1}','{\'pavise\':2,\'leaguePike\':1,\'coil\':2}',9,168
57,choke_gap1,league,baseline,draw,round-limit,30,1,10,2,12,134,'{\'setPosition\':49,\'rally\':79,\'preparedPosition\':6}','{\'fireburst\':3,\'ward\':3,\'mend\':2,\'fieldRepair\':2,\'flare\':1}','{\'leaguePike\':3,\'pavise\':3,\'coil\':6}',8,160,1,2,10,9,46,'{\'rally\':29,\'brace\':11,\'charge\':3,\'secondWind\':3}','{\'fireburst\':5,\'mend\':1,\'ward\':1}','{\'pikeman\':7,\'archer\':2}',7,148
57,choke_gap1,baseline,league,draw,round-limit,30,1,1,2,7,37,'{\'rally\':25,\'charge\':1,\'secondWind\':3,\'brace\':8}','{\'fireburst\':2,\'ward\':3,\'mend\':1}','{\'pikeman\':6,\'archer\':1}',8,163,0,2,1,6,125,'{\'setPosition\':47,\'rally\':59,\'preparedPosition\':19}','{\'fireburst\':1,\'ward\':3,\'flare\':2,\'fieldRepair\':2,\'mend\':1}','{\'leaguePike\':3,\'coil\':3}',9,190
58,choke_gap1,league,baseline,draw,round-limit,30,0,3,6,7,208,'{\'rally\':88,\'setPosition\':87,\'preparedPosition\':27,\'arcBurst\':6}','{\'fireburst\':1,\'ward\':3,\'mend\':1,\'fieldRepair\':1,\'flare\':1}','{\'leaguePike\':1,\'pavise\':2,\'coil\':3,\'relicWalker\':1}',9,195,0,6,1,16,34,'{\'rally\':21,\'brace\':9,\'charge\':2,\'secondWind\':2}','{\'ward\':3,\'mend\':2,\'fireburst\':3}','{\'pikeman\':11,\'archer\':2,\'cavalier\':3}',8,165
58,choke_gap1,baseline,league,draw,round-limit,30,1,8,0,16,33,'{\'rally\':22,\'brace\':8,\'charge\':2,\'secondWind\':1}','{\'fireburst\':8,\'ward\':3,\'mend\':7}','{\'pikeman\':11,\'archer\':2,\'cavalier\':3}',6,166,0,1,8,5,218,'{\'setPosition\':89,\'rally\':89,\'preparedPosition\':40}','{\'fieldRepair\':2,\'flare\':2,\'mend\':2}','{\'pavise\':1,\'leaguePike\':2,\'coil\':2}',9,182
59,choke_gap1,league,baseline,draw,round-limit,30,1,4,5,7,135,'{\'rally\':71,\'setPosition\':59,\'preparedPosition\':5}','{\'fireburst\':1,\'ward\':1,\'fieldRepair\':2,\'mend\':1,\'flare\':1}','{\'leaguePike\':1,\'pavise\':5,\'coil\':1}',8,202,0,5,4,14,28,'{\'rally\':19,\'brace\':4,\'charge\':3,\'secondWind\':2}','{\'fireburst\':1,\'ward\':2,\'mend\':5}','{\'pikeman\':9,\'archer\':2,\'cavalier\':3}',7,164
59,choke_gap1,baseline,league,draw,round-limit,30,0,9,0,17,42,'{\'rally\':28,\'charge\':3,\'brace\':11}','{\'fireburst\':6,\'ward\':4,\'mend\':2}','{\'pikeman\':14,\'cavalier\':2,\'archer\':1}',7,176,0,1,9,4,186,'{\'setPosition\':74,\'rally\':74,\'preparedPosition\':38}','{\'ward\':3,\'flare\':2,\'mend\':1,\'fieldRepair\':3}','{\'leaguePike\':1,\'pavise\':1,\'coil\':2}',8,170
60,choke_gap1,league,baseline,draw,round-limit,30,0,1,5,5,238,'{\'rally\':103,\'setPosition\':103,\'preparedPosition\':32}','{\'fireburst\':1,\'flare\':3,\'mend\':2}','{\'leaguePike\':2,\'pavise\':1,\'coil\':2}',9,200,0,5,0,11,35,'{\'rally\':22,\'brace\':12,\'charge\':1}','{\'ward\':1,\'fireburst\':3,\'mend\':4}','{\'pikeman\':8,\'cavalier\':1,\'archer\':2}',7,153
60,choke_gap1,baseline,league,draw,round-limit,30,0,6,0,15,31,'{\'rally\':20,\'charge\':1,\'brace\':10}','{\'ward\':6,\'fireburst\':3,\'mend\':1}','{\'pikeman\':8,\'archer\':4,\'cavalier\':3}',7,155,0,0,6,4,217,'{\'setPosition\':89,\'rally\':89,\'preparedPosition\':39}','{\'fieldRepair\':3,\'ward\':1}','{\'leaguePike\':2,\'pavise\':1,\'coil\':1}',9,200
61,choke_gap1,league,baseline,draw,round-limit,30,1,9,3,12,132,'{\'rally\':67,\'setPosition\':56,\'preparedPosition\':9}','{\'fireburst\':2,\'flare\':3,\'fieldRepair\':1,\'mend\':1}','{\'leaguePike\':2,\'coil\':8,\'pavise\':2}',8,170,0,3,9,11,34,'{\'rally\':24,\'brace\':8,\'charge\':1,\'secondWind\':1}','{\'ward\':6,\'mend\':3,\'fireburst\':2}','{\'pikeman\':7,\'archer\':3,\'cavalier\':1}',8,165
61,choke_gap1,baseline,league,draw,round-limit,30,1,7,0,19,39,'{\'rally\':27,\'brace\':8,\'charge\':2,\'secondWind\':2}','{\'ward\':4,\'fireburst\':3,\'mend\':3}','{\'pikeman\':15,\'archer\':2,\'cavalier\':2}',7,157,0,0,7,4,219,'{\'setPosition\':89,\'rally\':89,\'preparedPosition\':41}','{\'fireburst\':1,\'ward\':3,\'flare\':3,\'fieldRepair\':1,\'mend\':1}','{\'leaguePike\':2,\'pavise\':1,\'coil\':1}',9,191
62,choke_gap1,league,baseline,draw,round-limit,30,0,1,7,4,196,'{\'rally\':78,\'setPosition\':78,\'preparedPosition\':40}','{\'fireburst\':1,\'ward\':1}','{\'leaguePike\':1,\'pavise\':1,\'coil\':2}',8,149,0,7,1,17,34,'{\'rally\':22,\'brace\':9,\'charge\':3}','{\'ward\':5,\'mend\':3,\'fireburst\':2}','{\'pikeman\':12,\'cavalier\':2,\'archer\':3}',7,149
62,choke_gap1,baseline,league,draw,round-limit,30,1,10,0,17,30,'{\'rally\':20,\'brace\':7,\'charge\':3}',{"ward":5},'{\'pikeman\':9,\'archer\':4,\'cavalier\':4}',7,159,0,0,10,4,215,'{\'setPosition\':88,\'rally\':88,\'preparedPosition\':39}','{\'fireburst\':2,\'mend\':1,\'fieldRepair\':3}','{\'leaguePike\':2,\'pavise\':1,\'coil\':1}',9,201
63,choke_gap1,league,baseline,draw,round-limit,30,0,4,6,8,196,'{\'rally\':85,\'setPosition\':79,\'preparedPosition\':32}','{\'fireburst\':3,\'mend\':1,\'flare\':2}','{\'leaguePike\':2,\'pavise\':1,\'coil\':5}',9,160,0,6,1,14,34,'{\'rally\':22,\'brace\':9,\'charge\':2,\'secondWind\':1}','{\'mend\':6,\'fireburst\':5,\'ward\':3}','{\'cavalier\':2,\'pikeman\':9,\'archer\':3}',7,160
63,choke_gap1,baseline,league,draw,round-limit,30,1,10,0,22,33,'{\'rally\':25,\'charge\':2,\'brace\':6}','{\'ward\':4,\'fireburst\':2,\'mend\':1}','{\'pikeman\':16,\'archer\':4,\'cavalier\':2}',8,181,0,0,10,4,219,'{\'setPosition\':89,\'rally\':89,\'preparedPosition\':41}','{\'ward\':1,\'fieldRepair\':2,\'mend\':1,\'flare\':1}','{\'leaguePike\':2,\'pavise\':1,\'coil\':1}',9,196
64,choke_gap1,league,baseline,draw,round-limit,30,1,7,1,11,88,'{\'rally\':45,\'setPosition\':33,\'preparedPosition\':10}','{\'fireburst\':2,\'fieldRepair\':4,\'ward\':1,\'flare\':2}','{\'leaguePike\':4,\'coil\':6,\'pavise\':1}',9,159,0,1,7,9,22,'{\'rally\':19,\'charge\':1,\'brace\':2}','{\'ward\':7,\'mend\':8,\'fireburst\':3}','{\'pikeman\':6,\'archer\':2,\'cavalier\':1}',7,164
64,choke_gap1,baseline,league,draw,round-limit,30,1,9,0,18,36,'{\'rally\':23,\'brace\':8,\'charge\':3,\'secondWind\':2}','{\'ward\':6,\'mend\':2,\'fireburst\':3}','{\'pikeman\':13,\'archer\':2,\'cavalier\':3}',6,146,0,1,9,5,217,'{\'setPosition\':88,\'rally\':88,\'preparedPosition\':41}','{\'fireburst\':1,\'flare\':1,\'mend\':1,\'fieldRepair\':2}','{\'leaguePike\':3,\'coil\':2}',9,199
65,choke_gap1,league,baseline,draw,round-limit,30,1,10,4,14,103,'{\'rally\':51,\'setPosition\':41,\'preparedPosition\':11}','{\'fireburst\':2,\'flare\':3,\'ward\':2,\'fieldRepair\':2}','{\'leaguePike\':3,\'coil\':11}',9,193,0,4,10,11,34,'{\'rally\':23,\'brace\':10,\'charge\':1}','{\'fireburst\':2,\'ward\':5,\'mend\':4}','{\'pikeman\':8,\'archer\':3}',8,180
65,choke_gap1,baseline,league,draw,round-limit,30,2,10,0,20,32,'{\'rally\':20,\'brace\':6,\'charge\':4,\'secondWind\':2}','{\'ward\':4,\'mend\':5,\'fireburst\':3}','{\'pikeman\':11,\'archer\':6,\'cavalier\':3}',7,161,0,2,10,4,163,'{\'setPosition\':62,\'rally\':62,\'preparedPosition\':39}','{\'fireburst\':2,\'ward\':1,\'flare\':1,\'fieldRepair\':1}','{\'pavise\':2,\'coil\':2}',7,143
66,choke_gap1,league,baseline,draw,round-limit,30,0,7,1,10,172,'{\'rally\':76,\'setPosition\':74,\'preparedPosition\':22}','{\'flare\':2,\'mend\':1,\'fieldRepair\':2,\'ward\':1}','{\'leaguePike\':4,\'coil\':6}',8,177,0,1,6,8,52,'{\'rally\':32,\'brace\':16,\'charge\':1,\'secondWind\':3}','{\'mend\':1,\'ward\':3,\'fireburst\':2}','{\'pikeman\':7,\'cavalier\':1}',9,185
66,choke_gap1,baseline,league,draw,round-limit,30,2,8,0,16,40,'{\'rally\':25,\'charge\':3,\'brace\':12}','{\'ward\':6,\'mend\':1,\'fireburst\':3}','{\'archer\':4,\'pikeman\':8,\'cavalier\':4}',7,140,0,1,8,4,186,'{\'setPosition\':74,\'rally\':74,\'preparedPosition\':38}','{\'fireburst\':3,\'flare\':2,\'fieldRepair\':1}','{\'leaguePike\':2,\'coil\':2}',8,181
67,choke_gap1,league,baseline,draw,round-limit,30,0,1,7,5,221,'{\'rally\':92,\'setPosition\':90,\'preparedPosition\':39}','{\'mend\':2,\'flare\':3,\'fireburst\':1}','{\'leaguePike\':2,\'pavise\':1,\'coil\':2}',9,182,0,7,1,21,39,'{\'rally\':28,\'brace\':8,\'charge\':2,\'secondWind\':1}','{\'ward\':1,\'mend\':3,\'fireburst\':1}','{\'pikeman\':18,\'archer\':2,\'cavalier\':1}',6,151
67,choke_gap1,baseline,league,draw,round-limit,30,2,3,0,10,39,'{\'rally\':23,\'charge\':1,\'brace\':15}','{\'ward\':3,\'fireburst\':3,\'mend\':1}','{\'archer\':4,\'pikeman\':6}',7,160,0,0,3,3,202,'{\'setPosition\':88,\'rally\':88,\'preparedPosition\':26}','{\'fireburst\':1,\'fieldRepair\':3,\'ward\':2}',{"leaguePike":3},8,164
68,choke_gap1,league,baseline,draw,round-limit,30,0,2,4,6,226,'{\'rally\':102,\'setPosition\':102,\'preparedPosition\':20,\'arcBurst\':2}','{\'fireburst\':3,\'mend\':1,\'fieldRepair\':2,\'flare\':3}','{\'leaguePike\':3,\'pavise\':1,\'coil\':1,\'relicWalker\':1}',9,200,0,5,2,11,22,'{\'rally\':16,\'brace\':5,\'charge\':1}','{\'ward\':7,\'fireburst\':2,\'mend\':2}','{\'pikeman\':6,\'archer\':5}',5,129
68,choke_gap1,baseline,league,draw,round-limit,30,0,5,1,18,41,'{\'rally\':29,\'brace\':12}','{\'fireburst\':7,\'ward\':3,\'mend\':6}','{\'pikeman\':14,\'archer\':3,\'cavalier\':1}',9,195,0,2,5,5,204,'{\'setPosition\':82,\'rally\':82,\'preparedPosition\':40}','{\'fireburst\':2,\'ward\':3,\'fieldRepair\':1,\'mend\':2}','{\'leaguePike\':2,\'pavise\':1,\'coil\':2}',8,149
69,choke_gap1,league,baseline,draw,round-limit,30,0,0,4,4,214,'{\'rally\':89,\'setPosition\':89,\'preparedPosition\':36}','{\'fireburst\':1,\'ward\':4,\'mend\':1,\'fieldRepair\':1}','{\'leaguePike\':1,\'pavise\':1,\'coil\':2}',9,192,0,4,0,11,39,'{\'rally\':22,\'brace\':13,\'charge\':2,\'secondWind\':2}','{\'fireburst\':3,\'ward\':2,\'mend\':4}','{\'pikeman\':8,\'cavalier\':1,\'archer\':2}',8,166
69,choke_gap1,baseline,league,draw,round-limit,30,0,7,0,19,38,'{\'rally\':26,\'charge\':1,\'brace\':11}','{\'fireburst\':4,\'ward\':5,\'mend\':2}','{\'pikeman\':13,\'archer\':5,\'cavalier\':1}',7,166,0,0,7,4,217,'{\'setPosition\':88,\'rally\':88,\'preparedPosition\':41}','{\'fireburst\':1,\'fieldRepair\':3,\'mend\':2}','{\'leaguePike\':2,\'pavise\':1,\'coil\':1}',9,200
70,choke_gap1,league,baseline,draw,round-limit,30,0,0,8,5,250,'{\'rally\':104,\'setPosition\':104,\'preparedPosition\':42}','{\'ward\':1,\'flare\':2,\'mend\':1,\'fieldRepair\':2}','{\'leaguePike\':2,\'pavise\':1,\'coil\':2}',10,223,0,8,0,17,34,'{\'rally\':23,\'brace\':8,\'charge\':2,\'secondWind\':1}','{\'fireburst\':1,\'mend\':4,\'ward\':6}','{\'pikeman\':12,\'archer\':4,\'cavalier\':1}',7,167
70,choke_gap1,baseline,league,draw,round-limit,30,2,13,0,22,34,'{\'rally\':25,\'brace\':5,\'charge\':4}','{\'ward\':4,\'fireburst\':3,\'mend\':6}','{\'archer\':1,\'pikeman\':16,\'cavalier\':5}',8,198,0,0,13,4,215,'{\'setPosition\':87,\'rally\':87,\'preparedPosition\':41}','{\'fireburst\':4,\'ward\':1,\'fieldRepair\':5,\'flare\':1}','{\'pavise\':2,\'leaguePike\':1,\'coil\':1}',9,177
71,choke_gap1,league,baseline,draw,round-limit,30,1,5,4,10,143,'{\'rally\':66,\'setPosition\':55,\'preparedPosition\':22}','{\'ward\':5,\'fieldRepair\':5,\'mend\':2,\'flare\':5}','{\'leaguePike\':3,\'coil\':6,\'relicWalker\':1}',10,231,0,4,5,14,37,'{\'rally\':23,\'brace\':11,\'secondWind\':2,\'charge\':1}','{\'fireburst\':2,\'ward\':4,\'mend\':5}','{\'archer\':3,\'pikeman\':9,\'cavalier\':2}',8,179
71,choke_gap1,baseline,league,draw,round-limit,30,1,4,1,15,33,'{\'rally\':23,\'charge\':1,\'secondWind\':1,\'brace\':8}','{\'fireburst\':13,\'ward\':7,\'mend\':4}','{\'pikeman\':11,\'archer\':3,\'cavalier\':1}',7,170,0,4,4,6,167,'{\'setPosition\':66,\'rally\':67,\'preparedPosition\':34}','{\'fireburst\':1,\'fieldRepair\':2,\'ward\':3,\'mend\':2,\'flare\':1}','{\'leaguePike\':1,\'pavise\':1,\'coil\':4}',7,117
72,choke_gap1,league,baseline,draw,round-limit,30,1,3,6,7,111,'{\'rally\':54,\'setPosition\':42,\'preparedPosition\':15}','{\'ward\':2,\'flare\':2,\'fieldRepair\':2,\'fireburst\':1}','{\'leaguePike\':3,\'coil\':4}',9,159,0,6,3,16,30,'{\'rally\':21,\'brace\':7,\'charge\':2}','{\'fireburst\':4,\'ward\':5,\'mend\':4}','{\'pikeman\':11,\'archer\':3,\'cavalier\':2}',8,171
72,choke_gap1,baseline,league,draw,round-limit,30,1,9,0,16,41,'{\'rally\':25,\'brace\':12,\'charge\':4}','{\'ward\':5,\'fireburst\':2,\'mend\':4}','{\'pikeman\':9,\'archer\':4,\'cavalier\':3}',8,165,0,0,9,2,159,'{\'setPosition\':59,\'rally\':59,\'preparedPosition\':41}','{\'fireburst\':2,\'ward\':3,\'fieldRepair\':4,\'flare\':1,\'mend\':4}','{\'pavise\':1,\'coil\':1}',7,153
73,choke_gap1,league,baseline,draw,round-limit,30,0,2,9,6,225,'{\'rally\':93,\'setPosition\':93,\'preparedPosition\':39}','{\'mend\':1,\'fieldRepair\':2,\'ward\':1}','{\'leaguePike\':3,\'coil\':3}',9,193,0,9,1,19,37,'{\'rally\':25,\'brace\':11,\'charge\':1}','{\'fireburst\':5,\'ward\':4,\'mend\':1}','{\'pikeman\':12,\'archer\':7}',6,135
73,choke_gap1,baseline,league,draw,round-limit,30,1,12,0,20,44,'{\'rally\':31,\'brace\':11,\'secondWind\':1,\'charge\':1}','{\'fireburst\':3,\'mend\':2,\'ward\':5}','{\'pikeman\':13,\'archer\':6,\'cavalier\':1}',7,170,0,0,10,4,218,'{\'setPosition\':89,\'rally\':89,\'preparedPosition\':40}','{\'fireburst\':5,\'ward\':2,\'fieldRepair\':2,\'mend\':3}','{\'leaguePike\':2,\'pavise\':1,\'coil\':1}',9,197
74,choke_gap1,league,baseline,draw,round-limit,30,1,10,5,13,133,'{\'rally\':58,\'setPosition\':52,\'preparedPosition\':23}','{\'mend\':2,\'fieldRepair\':1,\'ward\':1,\'fireburst\':1}','{\'leaguePike\':4,\'coil\':8,\'pavise\':1}',8,187,0,5,10,15,36,'{\'rally\':22,\'brace\':7,\'charge\':2,\'secondWind\':5}','{\'fireburst\':2,\'ward\':2,\'mend\':1}','{\'pikeman\':12,\'archer\':2,\'cavalier\':1}',7,134
74,choke_gap1,baseline,league,draw,round-limit,30,1,4,2,18,36,'{\'rally\':25,\'brace\':10,\'charge\':1}','{\'fireburst\':5,\'ward\':3,\'mend\':3}','{\'pikeman\':13,\'archer\':4,\'cavalier\':1}',9,209,0,3,4,5,193,'{\'setPosition\':76,\'rally\':76,\'preparedPosition\':41}','{\'fireburst\':1,\'ward\':2,\'mend\':1,\'fieldRepair\':3}','{\'leaguePike\':2,\'pavise\':1,\'coil\':2}',7,131
75,choke_gap1,league,baseline,draw,round-limit,30,0,3,7,6,217,'{\'rally\':95,\'setPosition\':94,\'preparedPosition\':28}',{"mend":3},'{\'leaguePike\':4,\'coil\':2}',9,210,0,7,2,16,27,'{\'rally\':18,\'brace\':7,\'charge\':2}','{\'fireburst\':6,\'ward\':3,\'mend\':3}','{\'pikeman\':10,\'archer\':3,\'cavalier\':3}',7,152
75,choke_gap1,baseline,league,draw,round-limit,30,1,10,1,22,32,'{\'rally\':22,\'charge\':4,\'brace\':6}','{\'fireburst\':4,\'ward\':5,\'mend\':7}','{\'pikeman\':14,\'archer\':4,\'cavalier\':4}',7,165,0,2,10,5,216,'{\'setPosition\':88,\'rally\':89,\'preparedPosition\':39}','{\'ward\':4,\'fireburst\':1,\'flare\':3,\'fieldRepair\':2}','{\'leaguePike\':1,\'pavise\':2,\'coil\':2}',8,177
76,choke_gap1,league,baseline,draw,round-limit,30,1,5,3,9,137,'{\'rally\':67,\'setPosition\':58,\'preparedPosition\':11,\'arcBurst\':1}','{\'mend\':3,\'flare\':4,\'fieldRepair\':2,\'ward\':1,\'fireburst\':3}','{\'leaguePike\':3,\'pavise\':1,\'coil\':3,\'relicWalker\':2}',9,215,0,4,5,13,36,'{\'rally\':22,\'brace\':6,\'charge\':5,\'secondWind\':3}','{\'fireburst\':3,\'mend\':4,\'ward\':1}','{\'pikeman\':9,\'cavalier\':2,\'archer\':2}',7,165
76,choke_gap1,baseline,league,draw,round-limit,30,2,10,2,19,33,'{\'rally\':23,\'brace\':7,\'charge\':2,\'secondWind\':1}','{\'ward\':8,\'fireburst\':6,\'mend\':1}','{\'archer\':4,\'pikeman\':13,\'cavalier\':2}',8,194,0,4,10,6,176,'{\'setPosition\':69,\'rally\':71,\'preparedPosition\':36}','{\'fireburst\':2,\'ward\':1,\'fieldRepair\':1,\'mend\':1,\'flare\':1}','{\'leaguePike\':2,\'pavise\':1,\'coil\':3}',7,138
77,choke_gap1,league,baseline,draw,round-limit,30,0,2,4,6,208,'{\'rally\':93,\'setPosition\':87,\'preparedPosition\':28}','{\'fireburst\':1,\'fieldRepair\':1,\'flare\':1}','{\'leaguePike\':4,\'coil\':2}',9,182,0,4,2,10,35,'{\'rally\':23,\'brace\':12}','{\'ward\':4,\'fireburst\':3,\'mend\':4}','{\'archer\':2,\'pikeman\':8}',7,153
77,choke_gap1,baseline,league,draw,round-limit,30,2,7,0,19,34,'{\'rally\':23,\'charge\':2,\'brace\':9}','{\'mend\':4,\'fireburst\':4,\'ward\':2}','{\'pikeman\':12,\'archer\':6,\'cavalier\':1}',6,122,0,1,7,5,212,'{\'setPosition\':87,\'rally\':87,\'preparedPosition\':38}','{\'fireburst\':1,\'flare\':3,\'mend\':2,\'fieldRepair\':1,\'ward\':1}','{\'leaguePike\':2,\'pavise\':1,\'coil\':2}',9,199
78,choke_gap1,league,baseline,draw,round-limit,30,1,3,4,6,188,'{\'rally\':86,\'setPosition\':80,\'preparedPosition\':22}','{\'fireburst\':2,\'ward\':3,\'fieldRepair\':1,\'flare\':1}','{\'leaguePike\':4,\'coil\':2}',8,167,0,4,1,12,34,'{\'rally\':22,\'brace\':10,\'secondWind\':1,\'charge\':1}','{\'fireburst\':7,\'ward\':4,\'mend\':2}','{\'pikeman\':10,\'cavalier\':2}',9,200
78,choke_gap1,baseline,league,draw,round-limit,30,2,9,1,16,38,'{\'rally\':27,\'charge\':1,\'brace\':10}','{\'fireburst\':3,\'ward\':3,\'mend\':2}','{\'pikeman\':12,\'archer\':4}',7,152,0,1,9,3,168,'{\'setPosition\':63,\'rally\':63,\'preparedPosition\':42}','{\'fireburst\':1,\'fieldRepair\':1,\'ward\':3,\'mend\':1}','{\'leaguePike\':2,\'coil\':1}',7,140
79,choke_gap1,league,baseline,draw,round-limit,30,0,3,6,7,223,'{\'rally\':97,\'setPosition\':93,\'preparedPosition\':33}',{"ward":1},'{\'leaguePike\':3,\'coil\':3,\'pavise\':1}',9,198,0,6,2,14,28,'{\'rally\':18,\'brace\':8,\'charge\':2}','{\'ward\':5,\'mend\':5,\'fireburst\':3}','{\'cavalier\':2,\'pikeman\':7,\'archer\':5}',8,196
79,choke_gap1,baseline,league,draw,round-limit,30,1,9,0,20,34,'{\'rally\':24,\'charge\':2,\'brace\':8}','{\'mend\':3,\'ward\':4,\'fireburst\':4}','{\'archer\':4,\'pikeman\':14,\'cavalier\':2}',6,146,0,1,9,5,221,'{\'setPosition\':89,\'rally\':90,\'preparedPosition\':42}','{\'flare\':2,\'fieldRepair\':1,\'mend\':1}','{\'leaguePike\':1,\'pavise\':2,\'coil\':2}',9,189
80,choke_gap1,league,baseline,draw,round-limit,30,0,1,8,6,240,'{\'rally\':103,\'setPosition\':103,\'preparedPosition\':34}','{\'fireburst\':2,\'fieldRepair\':2,\'ward\':2,\'mend\':1}','{\'leaguePike\':3,\'pavise\':1,\'coil\':2}',10,220,0,8,1,17,29,'{\'rally\':22,\'brace\':5,\'secondWind\':1,\'charge\':1}','{\'fireburst\':3,\'mend\':2,\'ward\':5}','{\'pikeman\':13,\'archer\':2,\'cavalier\':2}',7,146
80,choke_gap1,baseline,league,draw,round-limit,30,1,9,0,17,33,'{\'rally\':24,\'brace\':8,\'charge\':1}','{\'fireburst\':3,\'mend\':2,\'ward\':4}','{\'pikeman\':13,\'archer\':4}',6,146,0,0,9,4,219,'{\'setPosition\':89,\'rally\':89,\'preparedPosition\':41}','{\'ward\':1,\'fieldRepair\':2,\'mend\':2,\'flare\':1}','{\'leaguePike\':2,\'pavise\':1,\'coil\':1}',9,193
81,choke_gap1,league,baseline,draw,round-limit,30,0,4,6,7,218,'{\'setPosition\':89,\'rally\':91,\'preparedPosition\':38}','{\'ward\':3,\'mend\':2,\'fireburst\':1}','{\'leaguePike\':1,\'pavise\':2,\'coil\':4}',8,163,0,6,2,14,38,'{\'rally\':25,\'brace\':11,\'charge\':1,\'secondWind\':1}','{\'fireburst\':7,\'ward\':4,\'mend\':7}','{\'pikeman\':11,\'archer\':3}',7,163
81,choke_gap1,baseline,league,draw,round-limit,30,2,11,0,21,35,'{\'rally\':25,\'brace\':7,\'charge\':3}','{\'fireburst\':4,\'mend\':1,\'ward\':1}','{\'archer\':3,\'pikeman\':15,\'cavalier\':3}',6,146,0,0,11,4,215,'{\'setPosition\':88,\'rally\':88,\'preparedPosition\':39}','{\'ward\':1,\'fieldRepair\':3,\'flare\':2,\'mend\':2,\'fireburst\':1}','{\'leaguePike\':3,\'coil\':1}',9,186
82,choke_gap1,league,baseline,draw,round-limit,30,0,3,6,5,233,'{\'rally\':98,\'setPosition\':98,\'preparedPosition\':37}','{\'fireburst\':2,\'ward\':1,\'fieldRepair\':1}','{\'leaguePike\':2,\'pavise\':1,\'coil\':2}',7,156,0,6,2,16,35,'{\'rally\':23,\'brace\':7,\'secondWind\':3,\'charge\':2}','{\'fireburst\':4,\'ward\':4,\'mend\':2}','{\'pikeman\':13,\'archer\':2,\'cavalier\':1}',7,158
82,choke_gap1,baseline,league,draw,round-limit,30,1,7,0,17,35,'{\'rally\':25,\'charge\':1,\'brace\':9}','{\'fireburst\':4,\'ward\':4,\'mend\':3}','{\'pikeman\':12,\'archer\':4,\'cavalier\':1}',7,162,0,0,7,4,220,'{\'setPosition\':89,\'rally\':89,\'preparedPosition\':42}','{\'ward\':2,\'fieldRepair\':2}','{\'leaguePike\':3,\'coil\':1}',9,177
83,choke_gap1,league,baseline,draw,round-limit,30,0,1,7,5,225,'{\'rally\':93,\'setPosition\':93,\'preparedPosition\':39}','{\'mend\':1,\'fieldRepair\':2,\'ward\':1}','{\'leaguePike\':3,\'coil\':2}',9,188,0,7,1,18,35,'{\'rally\':25,\'brace\':8,\'charge\':2}','{\'fireburst\':3,\'ward\':6,\'mend\':6}','{\'pikeman\':13,\'cavalier\':2,\'archer\':3}',8,179
83,choke_gap1,baseline,league,draw,round-limit,30,2,10,0,18,33,'{\'rally\':24,\'brace\':8,\'charge\':1}','{\'ward\':2,\'fireburst\':2,\'mend\':2}','{\'archer\':6,\'pikeman\':12}',5,127,0,0,10,4,212,'{\'setPosition\':88,\'rally\':88,\'preparedPosition\':36}','{\'fireburst\':2,\'ward\':3,\'fieldRepair\':1,\'mend\':1}','{\'leaguePike\':2,\'pavise\':1,\'coil\':1}',9,204
84,choke_gap1,league,baseline,draw,round-limit,30,0,3,7,7,227,'{\'rally\':95,\'setPosition\':95,\'preparedPosition\':37}','{\'fireburst\':2,\'mend\':3,\'flare\':3,\'ward\':1,\'fieldRepair\':1}','{\'leaguePike\':2,\'pavise\':1,\'coil\':4}',9,197,0,7,1,18,34,'{\'rally\':23,\'brace\':8,\'charge\':3}','{\'fireburst\':8,\'mend\':7,\'ward\':3}','{\'pikeman\':11,\'cavalier\':2,\'archer\':5}',8,154
84,choke_gap1,baseline,league,draw,round-limit,30,1,7,0,17,33,'{\'rally\':24,\'brace\':8,\'charge\':1}','{\'ward\':4,\'fireburst\':4,\'mend\':3}','{\'pikeman\':12,\'archer\':3,\'cavalier\':2}',8,172,0,0,7,4,219,'{\'setPosition\':89,\'rally\':89,\'preparedPosition\':41}','{\'fireburst\':3,\'ward\':4,\'fieldRepair\':2,\'flare\':3}','{\'leaguePike\':3,\'coil\':1}',9,183
85,choke_gap1,league,baseline,draw,round-limit,30,1,2,6,5,184,'{\'rally\':81,\'setPosition\':70,\'preparedPosition\':33}','{\'fireburst\':4,\'ward\':1,\'fieldRepair\':1,\'mend\':2}','{\'leaguePike\':2,\'pavise\':1,\'coil\':2}',8,152,0,8,2,17,37,'{\'rally\':26,\'brace\':8,\'charge\':2,\'secondWind\':1}','{\'fireburst\':6,\'mend\':3,\'ward\':1}','{\'pikeman\':13,\'cavalier\':2,\'archer\':2}',7,160
85,choke_gap1,baseline,league,draw,round-limit,30,2,5,1,16,34,'{\'rally\':24,\'charge\':3,\'brace\':7}','{\'ward\':1,\'fireburst\':2,\'mend\':1}','{\'pikeman\':11,\'archer\':3,\'cavalier\':2}',7,189,0,1,5,5,202,'{\'setPosition\':87,\'rally\':87,\'preparedPosition\':28}','{\'fireburst\':2,\'ward\':3,\'fieldRepair\':2,\'flare\':3,\'mend\':2}','{\'leaguePike\':2,\'pavise\':2,\'coil\':1}',9,206
86,choke_gap1,league,baseline,draw,round-limit,30,0,2,4,6,224,'{\'setPosition\':95,\'rally\':95,\'preparedPosition\':34}','{\'flare\':1,\'fieldRepair\':1,\'mend\':1,\'fireburst\':1,\'ward\':1}','{\'leaguePike\':1,\'pavise\':2,\'coil\':3}',9,200,0,4,1,11,41,'{\'rally\':26,\'brace\':14,\'charge\':1}','{\'fireburst\':3,\'mend\':1,\'ward\':2}','{\'pikeman\':8,\'archer\':3}',8,173
86,choke_gap1,baseline,league,draw,round-limit,30,1,9,0,21,31,'{\'rally\':22,\'brace\':5,\'charge\':2,\'secondWind\':2}','{\'fireburst\':2,\'ward\':2,\'mend\':2}','{\'archer\':4,\'pikeman\':14,\'cavalier\':3}',8,166,0,0,9,4,220,'{\'setPosition\':90,\'rally\':90,\'preparedPosition\':40}','{\'fireburst\':1,\'fieldRepair\':2,\'ward\':1}','{\'leaguePike\':3,\'coil\':1}',9,182
87,choke_gap1,league,baseline,draw,round-limit,30,0,2,9,5,231,'{\'setPosition\':95,\'rally\':95,\'preparedPosition\':41}','{\'fireburst\':1,\'flare\':2,\'fieldRepair\':3}','{\'leaguePike\':2,\'pavise\':1,\'coil\':2}',8,160,0,9,2,20,24,'{\'rally\':17,\'brace\':5,\'charge\':2}','{\'fireburst\':3,\'mend\':5,\'ward\':2}','{\'pikeman\':10,\'cavalier\':7,\'archer\':3}',8,175
87,choke_gap1,baseline,league,draw,round-limit,30,1,7,0,19,29,'{\'rally\':20,\'charge\':2,\'brace\':7}','{\'ward\':5,\'mend\':9,\'fireburst\':4}','{\'archer\':6,\'pikeman\':11,\'cavalier\':2}',7,158,0,0,7,4,218,'{\'setPosition\':88,\'rally\':88,\'preparedPosition\':42}','{\'fireburst\':1,\'ward\':2,\'flare\':1,\'fieldRepair\':3}','{\'leaguePike\':3,\'coil\':1}',9,188
88,choke_gap1,league,baseline,draw,round-limit,30,1,5,3,9,132,'{\'setPosition\':53,\'rally\':65,\'preparedPosition\':6,\'arcBurst\':8}','{\'ward\':2,\'fireburst\':2,\'fieldRepair\':3,\'flare\':1}','{\'leaguePike\':1,\'pavise\':2,\'coil\':3,\'relicWalker\':3}',9,211,0,3,4,15,35,'{\'rally\':24,\'brace\':7,\'charge\':2,\'secondWind\':2}','{\'mend\':5,\'ward\':5,\'fireburst\':4}','{\'pikeman\':11,\'archer\':2,\'cavalier\':2}',6,154
88,choke_gap1,baseline,league,draw,round-limit,30,1,7,0,16,45,'{\'rally\':27,\'brace\':15,\'charge\':2,\'secondWind\':1}','{\'fireburst\':3,\'mend\':4}','{\'archer\':5,\'pikeman\':10,\'cavalier\':1}',6,137,0,0,7,4,217,'{\'setPosition\':88,\'rally\':88,\'preparedPosition\':41}','{\'fireburst\':1,\'fieldRepair\':2,\'flare\':1,\'mend\':3}','{\'leaguePike\':2,\'pavise\':1,\'coil\':1}',9,193
89,choke_gap1,league,baseline,draw,round-limit,30,0,2,8,5,238,'{\'rally\':101,\'setPosition\':101,\'preparedPosition\':36}','{\'fireburst\':4,\'flare\':3,\'mend\':1,\'fieldRepair\':2}','{\'leaguePike\':2,\'pavise\':1,\'coil\':2}',8,170,0,8,2,16,36,'{\'rally\':24,\'brace\':7,\'charge\':4,\'secondWind\':1}','{\'ward\':12,\'mend\':4,\'fireburst\':1}','{\'pikeman\':10,\'cavalier\':4,\'archer\':2}',7,165
89,choke_gap1,baseline,league,draw,round-limit,30,1,4,1,17,32,'{\'rally\':22,\'brace\':4,\'charge\':1,\'focusedShot\':5}','{\'ward\':8,\'mend\':3,\'fireburst\':3}','{\'archer\':4,\'pikeman\':12,\'cavalier\':1}',8,186,0,1,4,4,158,'{\'setPosition\':61,\'rally\':70,\'preparedPosition\':27}','{\'fireburst\':1,\'flare\':3,\'mend\':2,\'fieldRepair\':2,\'ward\':1}','{\'leaguePike\':3,\'coil\':1}',8,170
90,choke_gap1,league,baseline,draw,round-limit,30,0,0,7,5,246,'{\'rally\':104,\'setPosition\':104,\'preparedPosition\':38}','{\'ward\':3,\'flare\':2,\'fireburst\':1,\'fieldRepair\':2,\'mend\':2}','{\'leaguePike\':2,\'pavise\':1,\'coil\':2}',10,207,0,7,0,20,40,'{\'rally\':26,\'brace\':10,\'charge\':3,\'secondWind\':1}','{\'fireburst\':4,\'ward\':7,\'mend\':2}','{\'pikeman\':16,\'archer\':2,\'cavalier\':2}',7,161
90,choke_gap1,baseline,league,draw,round-limit,30,1,2,1,9,10,'{\'rally\':7,\'charge\':2,\'secondWind\':1}','{\'ward\':4,\'mend\':2,\'fireburst\':1}','{\'pikeman\':4,\'archer\':4,\'cavalier\':1}',7,172,0,1,2,4,37,'{\'setPosition\':8,\'rally\':27,\'preparedPosition\':2}','{\'ward\':3,\'fireburst\':1,\'flare\':2,\'mend\':1,\'fieldRepair\':1}','{\'leaguePike\':2,\'pavise\':1,\'coil\':1}',8,188
91,choke_gap1,league,baseline,draw,round-limit,30,1,5,2,9,94,'{\'rally\':55,\'setPosition\':34,\'preparedPosition\':5}','{\'fireburst\':2,\'mend\':2,\'flare\':2}','{\'leaguePike\':3,\'pavise\':1,\'coil\':4,\'relicWalker\':1}',9,177,0,2,5,9,36,'{\'rally\':24,\'brace\':8,\'secondWind\':2,\'charge\':2}','{\'fireburst\':7,\'ward\':2,\'mend\':1}','{\'pikeman\':7,\'archer\':2}',7,156
91,choke_gap1,baseline,league,draw,round-limit,30,1,9,0,18,41,'{\'rally\':28,\'brace\':10,\'charge\':2,\'secondWind\':1}','{\'fireburst\':2,\'ward\':2,\'mend\':1}','{\'pikeman\':13,\'archer\':3,\'cavalier\':2}',8,190,0,0,9,4,219,'{\'setPosition\':89,\'rally\':89,\'preparedPosition\':41}','{\'fireburst\':2,\'ward\':3,\'flare\':2,\'mend\':1,\'fieldRepair\':2}','{\'leaguePike\':2,\'pavise\':1,\'coil\':1}',9,195
92,choke_gap1,league,baseline,red,keep-captured,9,1,2,0,4,35,'{\'setPosition\':11,\'rally\':23,\'preparedPosition\':1}','{\'mend\':1,\'fieldRepair\':1}','{\'leaguePike\':2,\'pavise\':2}',7,169,0,0,2,7,8,'{\'rally\':6,\'charge\':1,\'secondWind\':1}','{\'fireburst\':3,\'ward\':2,\'mend\':2}','{\'pikeman\':4,\'archer\':3}',8,175
92,choke_gap1,baseline,league,draw,round-limit,30,1,9,0,15,35,'{\'rally\':24,\'charge\':2,\'brace\':9}','{\'ward\':7,\'mend\':4,\'fireburst\':2}','{\'archer\':4,\'pikeman\':10,\'cavalier\':1}',7,145,0,0,9,4,221,'{\'setPosition\':89,\'rally\':90,\'preparedPosition\':42}','{\'fireburst\':1,\'flare\':2,\'fieldRepair\':1}','{\'leaguePike\':1,\'pavise\':2,\'coil\':1}',9,174
93,choke_gap1,league,baseline,draw,round-limit,30,1,1,6,6,133,'{\'rally\':63,\'setPosition\':56,\'preparedPosition\':14}','{\'fieldRepair\':3,\'ward\':1}','{\'leaguePike\':2,\'pavise\':1,\'coil\':3}',10,230,0,6,1,15,21,'{\'rally\':16,\'brace\':3,\'charge\':1,\'secondWind\':1}','{\'fireburst\':2,\'ward\':4,\'mend\':1}','{\'pikeman\':10,\'cavalier\':2,\'archer\':3}',7,177
93,choke_gap1,baseline,league,draw,round-limit,30,1,8,0,17,31,'{\'rally\':19,\'charge\':3,\'brace\':7,\'secondWind\':2}','{\'ward\':4,\'mend\':4,\'fireburst\':1}','{\'archer\':6,\'pikeman\':9,\'cavalier\':2}',7,168,0,0,8,4,220,'{\'setPosition\':89,\'rally\':89,\'preparedPosition\':42}','{\'fireburst\':1,\'ward\':3,\'flare\':1,\'fieldRepair\':1}','{\'leaguePike\':2,\'pavise\':1,\'coil\':1}',9,194
94,choke_gap1,league,baseline,draw,round-limit,30,0,5,12,8,219,'{\'setPosition\':90,\'rally\':91,\'preparedPosition\':38}','{\'ward\':2,\'flare\':1,\'mend\':2,\'fieldRepair\':1}','{\'leaguePike\':2,\'pavise\':1,\'coil\':5}',8,174,0,12,3,20,23,'{\'rally\':16,\'brace\':2,\'charge\':4,\'secondWind\':1}','{\'fireburst\':6,\'ward\':4,\'mend\':3}','{\'pikeman\':12,\'cavalier\':5,\'archer\':3}',8,193
94,choke_gap1,baseline,league,draw,round-limit,30,1,7,1,15,36,'{\'rally\':24,\'charge\':2,\'brace\':10}','{\'fireburst\':5,\'mend\':3,\'ward\':6}','{\'archer\':3,\'pikeman\':11,\'cavalier\':1}',7,176,0,2,7,5,213,'{\'setPosition\':88,\'rally\':88,\'preparedPosition\':37}','{\'fieldRepair\':2,\'ward\':1}','{\'leaguePike\':2,\'pavise\':1,\'coil\':2}',8,168
95,choke_gap1,league,baseline,draw,round-limit,30,0,3,7,6,212,'{\'setPosition\':86,\'rally\':88,\'preparedPosition\':38}','{\'flare\':2,\'mend\':2,\'ward\':1,\'fieldRepair\':2}','{\'leaguePike\':1,\'pavise\':2,\'coil\':3}',8,178,0,7,2,17,40,'{\'rally\':26,\'charge\':2,\'secondWind\':1,\'brace\':11}','{\'ward\':4,\'mend\':1,\'fireburst\':3}','{\'pikeman\':13,\'archer\':3,\'cavalier\':1}',8,175
95,choke_gap1,baseline,league,draw,round-limit,30,1,8,1,18,37,'{\'rally\':25,\'brace\':10,\'charge\':2}','{\'ward\':7,\'fireburst\':3,\'mend\':4}','{\'archer\':3,\'pikeman\':13,\'cavalier\':2}',6,152,0,1,8,4,216,'{\'setPosition\':87,\'rally\':87,\'preparedPosition\':42}','{\'fieldRepair\':1,\'flare\':1}','{\'leaguePike\':3,\'coil\':1}',8,156
96,choke_gap1,league,baseline,draw,round-limit,30,1,2,3,7,171,'{\'setPosition\':77,\'rally\':89,\'preparedPosition\':5}','{\'ward\':2,\'flare\':4,\'mend\':1,\'fieldRepair\':3,\'fireburst\':1}','{\'leaguePike\':2,\'pavise\':2,\'coil\':3}',10,230,0,3,2,12,23,'{\'rally\':15,\'charge\':3,\'secondWind\':3,\'brace\':2}','{\'ward\':2,\'fireburst\':4,\'mend\':3}','{\'pikeman\':10,\'archer\':2}',7,183
96,choke_gap1,baseline,league,draw,round-limit,30,1,2,0,13,13,'{\'rally\':12,\'secondWind\':1}','{\'ward\':9,\'fireburst\':2,\'mend\':4}','{\'pikeman\':9,\'archer\':3,\'cavalier\':1}',7,184,0,0,2,4,60,'{\'setPosition\':20,\'rally\':32,\'preparedPosition\':8}','{\'fireburst\':1,\'flare\':1,\'fieldRepair\':1,\'ward\':1,\'mend\':4}','{\'leaguePike\':2,\'pavise\':1,\'coil\':1}',9,197
97,choke_gap1,league,baseline,draw,round-limit,30,1,7,2,12,138,'{\'setPosition\':58,\'rally\':73,\'preparedPosition\':7}','{\'fireburst\':4,\'ward\':1,\'mend\':1,\'flare\':3,\'fieldRepair\':2}','{\'leaguePike\':2,\'pavise\':3,\'coil\':6,\'relicWalker\':1}',10,214,0,2,7,9,36,'{\'rally\':31,\'brace\':5}','{\'fireburst\':1,\'mend\':2,\'ward\':4}','{\'pikeman\':7,\'archer\':2}',7,157
97,choke_gap1,baseline,league,draw,round-limit,30,1,4,0,11,29,'{\'rally\':20,\'brace\':8,\'charge\':1}','{\'fireburst\':3,\'mend\':2}','{\'pikeman\':7,\'archer\':3,\'cavalier\':1}',8,189,0,0,4,4,137,'{\'setPosition\':50,\'rally\':64,\'preparedPosition\':23}','{\'fireburst\':2,\'ward\':1,\'fieldRepair\':4,\'mend\':2}','{\'leaguePike\':1,\'pavise\':2,\'coil\':1}',9,198
98,choke_gap1,league,baseline,draw,round-limit,30,1,12,3,12,95,'{\'setPosition\':32,\'rally\':48,\'preparedPosition\':15}','{\'fireburst\':2,\'flare\':3,\'fieldRepair\':2}','{\'leaguePike\':1,\'pavise\':2,\'coil\':9}',5,77,0,3,12,10,39,'{\'rally\':26,\'brace\':9,\'charge\':2,\'secondWind\':2}','{\'ward\':3,\'mend\':4,\'fireburst\':3}','{\'cavalier\':2,\'archer\':2,\'pikeman\':6}',6,134
98,choke_gap1,baseline,league,draw,round-limit,30,1,12,0,25,28,'{\'rally\':18,\'brace\':5,\'charge\':5}','{\'ward\':5,\'fireburst\':3}','{\'archer\':12,\'pikeman\':9,\'cavalier\':4}',6,139,0,0,12,4,220,'{\'setPosition\':89,\'rally\':90,\'preparedPosition\':41}','{\'fieldRepair\':1,\'flare\':3,\'fireburst\':1,\'mend\':1}','{\'leaguePike\':1,\'pavise\':2,\'coil\':1}',9,190
99,choke_gap1,league,baseline,draw,round-limit,30,0,1,7,5,222,'{\'rally\':93,\'setPosition\':90,\'preparedPosition\':39}','{\'ward\':1,\'flare\':2,\'fireburst\':1,\'mend\':1,\'fieldRepair\':2}','{\'leaguePike\':2,\'pavise\':1,\'coil\':2}',9,191,0,7,1,17,31,'{\'rally\':20,\'brace\':7,\'charge\':2,\'secondWind\':2}','{\'fireburst\':3,\'ward\':3,\'mend\':3}','{\'pikeman\':12,\'archer\':4,\'cavalier\':1}',6,123
99,choke_gap1,baseline,league,draw,round-limit,30,1,9,0,19,36,'{\'rally\':25,\'charge\':3,\'brace\':8}','{\'fireburst\':4,\'mend\':4}','{\'pikeman\':12,\'archer\':3,\'cavalier\':4}',8,173,0,0,9,4,220,'{\'setPosition\':89,\'rally\':89,\'preparedPosition\':42}','{\'ward\':3,\'fieldRepair\':2,\'mend\':1,\'fireburst\':2}','{\'pavise\':1,\'leaguePike\':2,\'coil\':1}',9,181
100,choke_gap1,league,baseline,draw,round-limit,30,1,4,3,7,173,'{\'rally\':81,\'setPosition\':71,\'preparedPosition\':21}','{\'fireburst\':3,\'mend\':2,\'fieldRepair\':1}','{\'leaguePike\':2,\'pavise\':1,\'coil\':4}',8,153,0,3,4,9,40,'{\'rally\':23,\'brace\':13,\'charge\':1,\'secondWind\':3}','{\'ward\':1,\'mend\':5,\'fireburst\':2}','{\'cavalier\':1,\'pikeman\':6,\'archer\':2}',7,115
100,choke_gap1,baseline,league,draw,round-limit,30,1,6,0,15,35,'{\'rally\':22,\'brace\':9,\'charge\':3,\'secondWind\':1}','{\'fireburst\':3,\'mend\':5,\'ward\':2}','{\'pikeman\':9,\'archer\':3,\'cavalier\':3}',8,182,0,0,6,4,213,'{\'setPosition\':87,\'rally\':87,\'preparedPosition\':39}','{\'fireburst\':2,\'fieldRepair\':2,\'ward\':2,\'mend\':4,\'flare\':1}','{\'pavise\':1,\'leaguePike\':2,\'coil\':1}',9,204
