seed,map,blue,red,winner,reason,rounds,blue_captures,blue_lost,blue_killed,blue_recruited,blue_ability_uses,blue_abilities,blue_spells,blue_recruits,blue_final_units,blue_final_hp,red_captures,red_lost,red_killed,red_recruited,red_ability_uses,red_abilities,red_spells,red_recruits,red_final_units,red_final_hp
1,river_ford,league,baseline,draw,round-limit,30,0,3,2,6,238,'{\'rally\':115,\'setPosition\':110,\'preparedPosition\':13}','{\'fieldRepair\':2,\'fireburst\':1,\'flare\':2,\'ward\':1}','{\'leaguePike\':4,\'coil\':2}',8,174,0,2,3,10,24,'{\'rally\':16,\'brace\':7,\'secondWind\':1}','{\'fireburst\':7,\'ward\':4,\'mend\':6}','{\'pikeman\':7,\'cavalier\':1,\'archer\':2}',8,195
1,river_ford,baseline,league,draw,round-limit,30,1,2,0,8,61,'{\'rally\':39,\'brace\':21,\'secondWind\':1}','{\'fireburst\':2,\'ward\':3,\'mend\':1}','{\'pikeman\':6,\'archer\':1,\'cavalier\':1}',8,183,0,0,2,1,148,'{\'setPosition\':60,\'rally\':60,\'preparedPosition\':28}','{\'ward\':2,\'mend\':3,\'fieldRepair\':1}',{"pavise":1},6,135
2,river_ford,league,baseline,draw,round-limit,30,0,2,3,4,200,'{\'rally\':87,\'setPosition\':85,\'preparedPosition\':28}','{\'ward\':2,\'fireburst\':1,\'fieldRepair\':1}','{\'leaguePike\':3,\'coil\':1}',7,141,0,4,2,10,47,'{\'rally\':26,\'focusedShot\':1,\'brace\':19,\'charge\':1}','{\'ward\':7,\'fireburst\':4,\'mend\':4}','{\'pikeman\':4,\'archer\':6}',6,144
2,river_ford,baseline,league,draw,round-limit,30,0,3,0,9,55,'{\'rally\':34,\'brace\':13,\'secondWind\':6,\'charge\':2}','{\'fireburst\':2,\'ward\':2}','{\'pikeman\':6,\'archer\':1,\'cavalier\':2}',9,183,0,0,2,1,147,'{\'rally\':60,\'setPosition\':58,\'preparedPosition\':29}','{\'fireburst\':2,\'ward\':3,\'mend\':3,\'fieldRepair\':2}',{"leaguePike":1},6,137
3,river_ford,league,baseline,draw,round-limit,30,0,4,2,8,224,'{\'rally\':102,\'setPosition\':98,\'preparedPosition\':24}','{\'flare\':2,\'mend\':3,\'ward\':1}','{\'leaguePike\':2,\'pavise\':1,\'coil\':5}',9,207,0,2,4,9,32,'{\'rally\':21,\'brace\':8,\'secondWind\':3}','{\'mend\':5,\'fireburst\':2,\'ward\':2}','{\'pikeman\':5,\'archer\':3,\'cavalier\':1}',8,163
3,river_ford,baseline,league,draw,round-limit,30,1,2,0,14,41,'{\'rally\':27,\'brace\':12,\'secondWind\':2}','{\'fireburst\':3,\'ward\':3,\'mend\':2}','{\'archer\':3,\'pikeman\':11}',7,138,0,1,2,2,145,'{\'rally\':59,\'setPosition\':57,\'preparedPosition\':29}','{\'fireburst\':3,\'fieldRepair\':1,\'flare\':2,\'mend\':1}','{\'leaguePike\':1,\'pavise\':1}',6,124
4,river_ford,league,baseline,draw,round-limit,30,0,0,2,4,152,'{\'rally\':78,\'setPosition\':59,\'preparedPosition\':15}','{\'flare\':2,\'mend\':3}','{\'leaguePike\':2,\'pavise\':1,\'coil\':1}',9,195,0,2,0,10,40,'{\'rally\':29,\'brace\':10,\'secondWind\':1}','{\'mend\':3,\'ward\':1,\'fireburst\':2}','{\'pikeman\':7,\'archer\':3}',8,187
4,river_ford,baseline,league,draw,round-limit,30,1,4,1,13,47,'{\'rally\':29,\'brace\':16,\'charge\':1,\'secondWind\':1}','{\'ward\':7,\'fireburst\':7,\'mend\':4}','{\'archer\':3,\'pikeman\':10}',6,141,0,1,4,2,144,'{\'rally\':59,\'setPosition\':57,\'preparedPosition\':28}','{\'fireburst\':3,\'fieldRepair\':3,\'flare\':1,\'mend\':2}',{"pavise":2},6,128
5,river_ford,league,baseline,draw,round-limit,30,0,5,2,7,204,'{\'rally\':101,\'setPosition\':93,\'preparedPosition\':10}','{\'ward\':2,\'mend\':2,\'fieldRepair\':1}','{\'leaguePike\':3,\'coil\':4}',7,160,0,2,5,8,22,'{\'rally\':19,\'brace\':2,\'secondWind\':1}','{\'fireburst\':4,\'mend\':4,\'ward\':2}','{\'pikeman\':7,\'cavalier\':1}',8,180
5,river_ford,baseline,league,draw,round-limit,30,1,2,1,10,48,'{\'rally\':28,\'charge\':2,\'secondWind\':1,\'brace\':17}','{\'fireburst\':4,\'mend\':1,\'ward\':1}','{\'pikeman\':7,\'archer\':3}',7,138,0,1,2,1,143,'{\'rally\':59,\'setPosition\':57,\'preparedPosition\':27}','{\'ward\':5,\'fieldRepair\':4,\'flare\':3}',{"pavise":1},5,111
6,river_ford,league,baseline,draw,round-limit,30,0,3,5,5,177,'{\'rally\':81,\'setPosition\':77,\'preparedPosition\':19}','{\'mend\':1,\'flare\':1}','{\'leaguePike\':3,\'coil\':2}',7,156,0,5,3,12,30,'{\'rally\':17,\'brace\':5,\'focusedShot\':2,\'charge\':2,\'secondWind\':4}','{\'fireburst\':3,\'mend\':5,\'ward\':3}','{\'pikeman\':8,\'archer\':2,\'cavalier\':2}',8,187
6,river_ford,baseline,league,draw,round-limit,30,1,6,0,12,48,'{\'rally\':29,\'brace\':16,\'secondWind\':2,\'charge\':1}','{\'fireburst\':3,\'mend\':1,\'ward\':2}','{\'archer\':3,\'pikeman\':8,\'cavalier\':1}',7,167,0,0,6,1,148,'{\'setPosition\':60,\'rally\':60,\'preparedPosition\':28}','{\'ward\':2,\'fieldRepair\':4,\'flare\':1}',{"pavise":1},6,137
7,river_ford,league,baseline,draw,round-limit,30,0,1,3,4,213,'{\'rally\':95,\'setPosition\':92,\'preparedPosition\':26}','{\'ward\':3,\'fieldRepair\':1,\'flare\':2,\'mend\':1}','{\'leaguePike\':3,\'coil\':1}',8,182,0,3,1,11,45,'{\'rally\':24,\'brace\':16,\'focusedShot\':1,\'charge\':2,\'secondWind\':2}','{\'fireburst\':2,\'mend\':6}','{\'pikeman\':7,\'archer\':3,\'cavalier\':1}',8,169
7,river_ford,baseline,league,draw,round-limit,30,1,2,1,9,58,'{\'rally\':34,\'brace\':21,\'secondWind\':1,\'charge\':2}','{\'ward\':3,\'fireburst\':2}','{\'pikeman\':6,\'archer\':2,\'cavalier\':1}',8,157,0,1,1,2,146,'{\'rally\':60,\'setPosition\':57,\'preparedPosition\':29}','{\'fireburst\':4,\'ward\':1,\'fieldRepair\':2,\'mend\':1,\'flare\':1}','{\'leaguePike\':1,\'pavise\':1}',6,121
8,river_ford,league,baseline,draw,round-limit,30,0,3,4,4,156,'{\'rally\':68,\'setPosition\':65,\'preparedPosition\':23}','{\'fireburst\':2,\'fieldRepair\':1,\'ward\':1,\'mend\':2,\'flare\':1}','{\'leaguePike\':3,\'coil\':1}',6,121,0,4,3,10,38,'{\'rally\':22,\'focusedShot\':1,\'secondWind\':5,\'brace\':10}','{\'fireburst\':4,\'mend\':3}','{\'pikeman\':6,\'archer\':2,\'cavalier\':2}',7,180
8,river_ford,baseline,league,draw,round-limit,30,1,2,1,14,42,'{\'rally\':37,\'brace\':5}','{\'fireburst\':6,\'ward\':2,\'mend\':4}','{\'pikeman\':10,\'archer\':3,\'cavalier\':1}',6,158,0,1,2,2,149,'{\'setPosition\':60,\'rally\':60,\'preparedPosition\':29}','{\'ward\':3,\'fieldRepair\':3,\'flare\':2,\'fireburst\':2}',{"pavise":2},6,121
9,river_ford,league,baseline,draw,round-limit,30,0,5,2,9,177,'{\'rally\':92,\'setPosition\':78,\'preparedPosition\':5,\'arcBurst\':2}','{\'ward\':1,\'flare\':1,\'fireburst\':2,\'mend\':4,\'fieldRepair\':1}','{\'leaguePike\':4,\'coil\':4,\'relicWalker\':1}',9,211,0,2,5,10,27,'{\'rally\':18,\'brace\':5,\'focusedShot\':1,\'secondWind\':3}','{\'ward\':8,\'fireburst\':1,\'mend\':7}','{\'pikeman\':7,\'archer\':2,\'cavalier\':1}',8,187
9,river_ford,baseline,league,draw,round-limit,30,1,2,0,9,50,'{\'rally\':31,\'brace\':15,\'secondWind\':4}','{\'fireburst\':2,\'ward\':3}','{\'pikeman\':6,\'archer\':1,\'cavalier\':2}',9,202,0,0,2,1,149,'{\'setPosition\':60,\'rally\':60,\'preparedPosition\':29}','{\'fieldRepair\':1,\'flare\':1,\'mend\':3}',{"pavise":1},6,125
10,river_ford,league,baseline,draw,round-limit,30,0,1,5,3,167,'{\'rally\':75,\'setPosition\':73,\'preparedPosition\':19}','{\'fireburst\':4,\'fieldRepair\':1,\'flare\':1,\'mend\':2}','{\'leaguePike\':2,\'coil\':1}',7,160,0,5,1,12,26,'{\'rally\':17,\'secondWind\':3,\'brace\':4,\'charge\':2}','{\'fireburst\':5,\'mend\':4,\'ward\':2}','{\'archer\':5,\'pikeman\':6,\'cavalier\':1}',6,152
10,river_ford,baseline,league,draw,round-limit,30,0,2,0,9,39,'{\'rally\':23,\'brace\':13,\'secondWind\':3}','{\'fireburst\':3,\'mend\':4,\'ward\':1}','{\'pikeman\':7,\'archer\':1,\'cavalier\':1}',8,153,0,0,2,1,149,'{\'setPosition\':60,\'rally\':60,\'preparedPosition\':29}','{\'ward\':2,\'flare\':1,\'fieldRepair\':3,\'fireburst\':1}',{"pavise":1},6,135
11,river_ford,league,baseline,draw,round-limit,30,0,12,1,12,99,'{\'rally\':55,\'setPosition\':40,\'preparedPosition\':4}','{\'fireburst\':3,\'fieldRepair\':3,\'mend\':1,\'flare\':2,\'ward\':1}','{\'leaguePike\':2,\'pavise\':3,\'coil\':7}',5,114,0,1,10,9,31,'{\'rally\':19,\'brace\':10,\'charge\':1,\'secondWind\':1}','{\'fireburst\':6,\'mend\':3,\'ward\':5}','{\'pikeman\':6,\'archer\':2,\'cavalier\':1}',7,136
11,river_ford,baseline,league,draw,round-limit,30,1,2,2,13,38,'{\'rally\':27,\'brace\':10,\'secondWind\':1}','{\'ward\':2,\'fireburst\':2,\'mend\':1}','{\'pikeman\':9,\'archer\':4}',7,160,0,2,1,3,141,'{\'rally\':58,\'setPosition\':55,\'preparedPosition\':28}','{\'ward\':5,\'fieldRepair\':4,\'flare\':3,\'fireburst\':2,\'mend\':1}','{\'leaguePike\':1,\'pavise\':1,\'coil\':1}',6,137
12,river_ford,league,baseline,draw,round-limit,30,0,4,3,7,169,'{\'rally\':93,\'setPosition\':75,\'preparedPosition\':1}','{\'fireburst\':4,\'flare\':1,\'mend\':1,\'ward\':1}','{\'leaguePike\':2,\'pavise\':2,\'coil\':3}',8,201,0,3,4,10,30,'{\'rally\':19,\'brace\':7,\'focusedShot\':1,\'secondWind\':2,\'charge\':1}','{\'fireburst\':1,\'ward\':3,\'mend\':5}','{\'archer\':3,\'pikeman\':7}',7,177
12,river_ford,baseline,league,draw,round-limit,30,1,4,1,18,42,'{\'rally\':27,\'charge\':1,\'brace\':9,\'secondWind\':5}','{\'ward\':4,\'mend\':5,\'fireburst\':1}','{\'pikeman\':14,\'cavalier\':1,\'archer\':3}',6,151,0,1,4,2,145,'{\'setPosition\':59,\'rally\':59,\'preparedPosition\':27}','{\'flare\':2,\'fireburst\':1,\'mend\':2,\'fieldRepair\':2}',{"pavise":2},6,140
13,river_ford,league,baseline,draw,round-limit,30,0,6,1,6,135,'{\'rally\':75,\'setPosition\':54,\'preparedPosition\':6}','{\'ward\':4,\'flare\':3,\'fieldRepair\':2,\'mend\':2}','{\'leaguePike\':3,\'pavise\':1,\'coil\':2}',6,121,0,1,6,9,38,'{\'rally\':29,\'brace\':7,\'focusedShot\':2}','{\'ward\':4,\'fireburst\':4,\'mend\':4}','{\'pikeman\':7,\'archer\':2}',8,173
13,river_ford,baseline,league,draw,round-limit,30,1,3,0,10,34,'{\'rally\':26,\'brace\':8}','{\'fireburst\':3,\'mend\':6,\'ward\':4}','{\'archer\':3,\'pikeman\':7}',8,199,0,0,3,1,146,'{\'rally\':60,\'setPosition\':58,\'preparedPosition\':28}','{\'fireburst\':1,\'ward\':1,\'fieldRepair\':1,\'flare\':1}',{"leaguePike":1},6,122
14,river_ford,league,baseline,draw,round-limit,30,0,4,4,7,202,'{\'rally\':92,\'setPosition\':88,\'preparedPosition\':22}','{\'ward\':6,\'fieldRepair\':1,\'fireburst\':1}','{\'leaguePike\':3,\'coil\':4}',8,174,0,5,4,15,36,'{\'rally\':20,\'brace\':7,\'charge\':3,\'secondWind\':4,\'focusedShot\':2}','{\'fireburst\':2,\'ward\':5,\'mend\':5}','{\'pikeman\':8,\'archer\':5,\'cavalier\':2}',6,150
14,river_ford,baseline,league,draw,round-limit,30,0,0,0,7,51,'{\'rally\':30,\'brace\':20,\'secondWind\':1}','{\'fireburst\':4,\'ward\':1,\'mend\':3}','{\'pikeman\':6,\'archer\':1}',8,154,0,0,0,1,149,'{\'setPosition\':60,\'rally\':60,\'preparedPosition\':29}','{\'ward\':1,\'fieldRepair\':2,\'mend\':1}',{"pavise":1},6,119
15,river_ford,league,baseline,draw,round-limit,30,1,8,1,10,151,'{\'rally\':65,\'setPosition\':63,\'preparedPosition\':23}','{\'fireburst\':5,\'fieldRepair\':4,\'flare\':1,\'ward\':1}','{\'leaguePike\':3,\'coil\':7}',7,147,0,2,7,9,46,'{\'rally\':27,\'focusedShot\':2,\'secondWind\':5,\'brace\':12}','{\'ward\':5,\'mend\':4,\'fireburst\':2}','{\'pikeman\':6,\'archer\':3}',8,158
15,river_ford,baseline,league,draw,round-limit,30,1,2,0,12,37,'{\'rally\':24,\'brace\':12,\'charge\':1}','{\'ward\':4,\'mend\':3}','{\'pikeman\':10,\'archer\':1,\'cavalier\':1}',9,193,0,0,2,1,149,'{\'setPosition\':60,\'rally\':60,\'preparedPosition\':29}','{\'mend\':1,\'fieldRepair\':2,\'ward\':1}',{"pavise":1},6,129
16,river_ford,league,baseline,draw,round-limit,30,0,1,5,5,222,'{\'rally\':105,\'setPosition\':94,\'preparedPosition\':23}','{\'fireburst\':1,\'flare\':1,\'mend\':2}','{\'leaguePike\':3,\'coil\':2}',9,203,0,5,1,17,32,'{\'rally\':24,\'brace\':1,\'focusedShot\':1,\'secondWind\':4,\'charge\':2}','{\'fireburst\':3,\'ward\':4,\'mend\':2}','{\'pikeman\':11,\'archer\':3,\'cavalier\':3}',6,145
16,river_ford,baseline,league,draw,round-limit,30,1,4,1,13,50,'{\'rally\':35,\'secondWind\':1,\'brace\':14}','{\'ward\':4,\'mend\':1}','{\'pikeman\':9,\'archer\':4}',8,195,0,1,4,2,147,'{\'setPosition\':59,\'rally\':59,\'preparedPosition\':29}','{\'ward\':2,\'fireburst\':2,\'flare\':1,\'mend\':1,\'fieldRepair\':1}',{"pavise":2},6,135
17,river_ford,league,baseline,draw,round-limit,30,0,1,2,5,236,'{\'rally\':105,\'setPosition\':102,\'preparedPosition\':29}','{\'ward\':3,\'mend\':1,\'fieldRepair\':1}','{\'leaguePike\':3,\'coil\':2}',9,202,0,2,1,10,41,'{\'rally\':28,\'brace\':11,\'focusedShot\':1,\'secondWind\':1}','{\'mend\':3,\'ward\':2,\'fireburst\':2}','{\'pikeman\':7,\'archer\':2,\'cavalier\':1}',8,193
17,river_ford,baseline,league,draw,round-limit,30,1,3,0,10,56,'{\'rally\':34,\'secondWind\':1,\'brace\':21}','{\'fireburst\':4,\'mend\':2}','{\'archer\':3,\'pikeman\':7}',7,169,0,0,3,1,148,'{\'setPosition\':60,\'rally\':60,\'preparedPosition\':28}','{\'fieldRepair\':1,\'flare\':2,\'fireburst\':2,\'ward\':1,\'mend\':1}',{"pavise":1},6,122
18,river_ford,league,baseline,draw,round-limit,30,0,2,3,6,243,'{\'rally\':110,\'setPosition\':106,\'preparedPosition\':27}','{\'ward\':1,\'fireburst\':1,\'mend\':1,\'fieldRepair\':1}','{\'leaguePike\':2,\'pavise\':2,\'coil\':2}',9,197,0,3,2,10,32,'{\'rally\':23,\'brace\':7,\'focusedShot\':1,\'secondWind\':1}','{\'mend\':4,\'ward\':2,\'fireburst\':3}','{\'pikeman\':6,\'archer\':3,\'cavalier\':1}',8,190
18,river_ford,baseline,league,draw,round-limit,30,1,1,1,8,59,'{\'rally\':36,\'brace\':21,\'secondWind\':2}','{\'fireburst\':3,\'mend\':4,\'ward\':1}','{\'pikeman\':6,\'archer\':2}',7,171,0,1,1,2,148,'{\'setPosition\':60,\'rally\':60,\'preparedPosition\':28}','{\'flare\':2,\'ward\':1,\'fieldRepair\':1}',{"pavise":2},6,131
19,river_ford,league,baseline,draw,round-limit,30,0,1,6,5,234,'{\'rally\':105,\'setPosition\':102,\'preparedPosition\':27}','{\'flare\':1,\'mend\':1,\'fieldRepair\':2}','{\'leaguePike\':2,\'pavise\':1,\'coil\':2}',9,201,0,6,1,13,43,'{\'rally\':24,\'brace\':12,\'focusedShot\':3,\'secondWind\':2,\'charge\':2}','{\'mend\':6,\'ward\':4,\'fireburst\':1}','{\'pikeman\':8,\'cavalier\':2,\'archer\':3}',7,168
19,river_ford,baseline,league,draw,round-limit,30,1,2,2,9,49,'{\'rally\':29,\'brace\':20}','{\'ward\':3,\'fireburst\':2,\'mend\':3}','{\'archer\':3,\'pikeman\':6}',8,171,0,2,2,3,143,'{\'rally\':59,\'setPosition\':56,\'preparedPosition\':28}','{\'fireburst\':1,\'fieldRepair\':2}','{\'leaguePike\':1,\'pavise\':1,\'coil\':1}',6,134
20,river_ford,league,baseline,draw,round-limit,30,0,1,6,5,234,'{\'rally\':105,\'setPosition\':102,\'preparedPosition\':27}','{\'fieldRepair\':1,\'ward\':1,\'flare\':2}','{\'leaguePike\':2,\'pavise\':1,\'coil\':2}',9,201,0,6,1,15,35,'{\'rally\':19,\'brace\':7,\'focusedShot\':3,\'secondWind\':4,\'charge\':2}','{\'fireburst\':1,\'ward\':4,\'mend\':3}','{\'pikeman\':9,\'archer\':4,\'cavalier\':2}',7,164
20,river_ford,baseline,league,draw,round-limit,30,1,3,0,9,58,'{\'rally\':33,\'brace\':19,\'charge\':1,\'secondWind\':5}','{\'fireburst\':2,\'ward\':3,\'mend\':2}','{\'pikeman\':7,\'archer\':1,\'cavalier\':1}',8,167,0,0,3,1,145,'{\'rally\':60,\'setPosition\':58,\'preparedPosition\':27}','{\'ward\':1,\'fireburst\':2,\'fieldRepair\':1}',{"leaguePike":1},6,131
21,river_ford,league,baseline,draw,round-limit,30,0,1,5,4,193,'{\'rally\':90,\'setPosition\':83,\'preparedPosition\':20}','{\'fireburst\':2,\'mend\':2,\'fieldRepair\':2,\'flare\':2}','{\'leaguePike\':2,\'pavise\':1,\'coil\':1}',8,166,0,5,1,14,40,'{\'rally\':27,\'brace\':10,\'charge\':2,\'secondWind\':1}','{\'fireburst\':5,\'ward\':4,\'mend\':4}','{\'pikeman\':11,\'cavalier\':1,\'archer\':2}',7,151
21,river_ford,baseline,league,draw,round-limit,30,1,1,2,13,49,'{\'rally\':34,\'brace\':15}','{\'ward\':6,\'mend\':4}','{\'pikeman\':12,\'archer\':1}',8,177,0,2,1,3,133,'{\'rally\':55,\'setPosition\':52,\'preparedPosition\':26}','{\'ward\':1,\'fireburst\':1,\'mend\':2,\'fieldRepair\':2,\'flare\':1}','{\'leaguePike\':1,\'pavise\':1,\'coil\':1}',6,134
22,river_ford,league,baseline,draw,round-limit,30,0,3,2,7,212,'{\'rally\':95,\'setPosition\':93,\'preparedPosition\':24}','{\'fireburst\':2,\'ward\':1,\'flare\':3,\'mend\':1}','{\'leaguePike\':3,\'coil\':4}',9,206,0,2,3,10,52,'{\'rally\':32,\'secondWind\':1,\'brace\':19}','{\'ward\':8,\'fireburst\':1}','{\'pikeman\':7,\'archer\':3}',8,194
22,river_ford,baseline,league,draw,round-limit,30,1,6,1,14,43,'{\'rally\':28,\'brace\':12,\'secondWind\':3}','{\'fireburst\':2,\'ward\':5,\'mend\':1}','{\'archer\':3,\'pikeman\':10,\'cavalier\':1}',6,116,0,1,6,2,147,'{\'rally\':60,\'setPosition\':58,\'preparedPosition\':29}','{\'ward\':2,\'mend\':2,\'fieldRepair\':3,\'fireburst\':3,\'flare\':1}','{\'leaguePike\':1,\'pavise\':1}',6,122
23,river_ford,league,baseline,draw,round-limit,30,0,3,5,7,219,'{\'rally\':101,\'setPosition\':96,\'preparedPosition\':22}','{\'fireburst\':2,\'ward\':1,\'flare\':3}','{\'leaguePike\':2,\'pavise\':1,\'coil\':4}',9,185,0,5,3,12,40,'{\'rally\':25,\'brace\':12,\'focusedShot\':1,\'secondWind\':2}','{\'fireburst\':1,\'mend\':1,\'ward\':4}','{\'pikeman\':7,\'archer\':3,\'cavalier\':2}',8,204
23,river_ford,baseline,league,draw,round-limit,30,1,3,1,10,40,'{\'rally\':25,\'brace\':15}','{\'ward\':5,\'mend\':2,\'fireburst\':1}','{\'archer\':3,\'pikeman\':7}',7,144,0,2,3,3,136,'{\'setPosition\':54,\'rally\':56,\'preparedPosition\':26}','{\'flare\':2,\'mend\':1,\'fieldRepair\':1}','{\'pavise\':2,\'coil\':1}',6,140
24,river_ford,league,baseline,draw,round-limit,30,0,4,2,7,177,'{\'rally\':84,\'setPosition\':78,\'preparedPosition\':15}','{\'fireburst\':2,\'fieldRepair\':1,\'flare\':3,\'mend\':1}','{\'leaguePike\':2,\'pavise\':1,\'coil\':4}',8,184,0,2,4,10,32,'{\'rally\':28,\'brace\':4}','{\'ward\':5,\'fireburst\':1,\'mend\':2}','{\'pikeman\':7,\'cavalier\':1,\'archer\':2}',8,204
24,river_ford,baseline,league,draw,round-limit,30,1,1,0,7,54,'{\'rally\':33,\'brace\':21}','{\'fireburst\':2,\'mend\':2}','{\'archer\':1,\'pikeman\':6}',8,175,0,0,1,1,146,'{\'rally\':60,\'setPosition\':58,\'preparedPosition\':28}','{\'fireburst\':2,\'fieldRepair\':3,\'mend\':3}',{"leaguePike":1},6,123
25,river_ford,league,baseline,draw,round-limit,30,0,4,3,9,204,'{\'rally\':103,\'setPosition\':96,\'preparedPosition\':5}','{\'fireburst\':1,\'fieldRepair\':1,\'mend\':1}','{\'leaguePike\':2,\'pavise\':2,\'coil\':4,\'relicWalker\':1}',10,239,0,3,4,11,36,'{\'rally\':30,\'focusedShot\':1,\'secondWind\':1,\'brace\':4}','{\'ward\':4,\'fireburst\':3,\'mend\':1}','{\'pikeman\':7,\'archer\':4}',8,196
25,river_ford,baseline,league,draw,round-limit,30,1,3,1,9,51,'{\'rally\':36,\'secondWind\':5,\'charge\':1,\'brace\':9}','{\'ward\':1,\'fireburst\':1}','{\'pikeman\':6,\'cavalier\':2,\'archer\':1}',8,183,0,1,3,2,147,'{\'setPosition\':59,\'rally\':59,\'preparedPosition\':29}','{\'mend\':2,\'fieldRepair\':1,\'ward\':1,\'flare\':1}',{"pavise":2},6,133
26,river_ford,league,baseline,draw,round-limit,30,0,3,6,4,165,'{\'rally\':72,\'setPosition\':68,\'preparedPosition\':25}','{\'fireburst\':2,\'flare\':3,\'mend\':1}','{\'leaguePike\':2,\'coil\':2}',6,117,0,6,3,18,30,'{\'rally\':22,\'brace\':4,\'focusedShot\':1,\'secondWind\':2,\'charge\':1}','{\'mend\':3,\'ward\':9,\'fireburst\':6}','{\'pikeman\':12,\'archer\':5,\'cavalier\':1}',6,165
26,river_ford,baseline,league,draw,round-limit,30,1,2,2,15,45,'{\'rally\':38,\'brace\':7}','{\'mend\':5,\'ward\':4,\'fireburst\':2}','{\'pikeman\':12,\'archer\':3}',7,181,0,2,2,3,118,'{\'rally\':51,\'setPosition\':48,\'preparedPosition\':19}','{\'fireburst\':4,\'flare\':2,\'fieldRepair\':2}','{\'leaguePike\':1,\'pavise\':1,\'coil\':1}',6,119
27,river_ford,league,baseline,draw,round-limit,30,0,4,5,8,185,'{\'rally\':85,\'setPosition\':76,\'preparedPosition\':24}','{\'fireburst\':2,\'ward\':2,\'mend\':5,\'flare\':1,\'fieldRepair\':1}','{\'leaguePike\':2,\'pavise\':1,\'coil\':5}',9,188,0,5,4,12,35,'{\'rally\':22,\'focusedShot\':1,\'brace\':7,\'secondWind\':3,\'charge\':2}','{\'ward\':2,\'fireburst\':1,\'mend\':5}','{\'pikeman\':6,\'archer\':5,\'cavalier\':1}',6,158
27,river_ford,baseline,league,draw,round-limit,30,1,3,0,14,45,'{\'rally\':27,\'brace\':12,\'secondWind\':5,\'charge\':1}','{\'fireburst\':7,\'ward\':5,\'mend\':3}','{\'pikeman\':12,\'archer\':1,\'cavalier\':1}',8,153,0,0,3,1,149,'{\'setPosition\':60,\'rally\':60,\'preparedPosition\':29}','{\'fireburst\':1,\'fieldRepair\':2}',{"pavise":1},6,134
28,river_ford,league,baseline,draw,round-limit,30,0,1,3,6,223,'{\'rally\':103,\'setPosition\':97,\'preparedPosition\':23}','{\'fireburst\':1,\'ward\':2,\'mend\':1,\'fieldRepair\':3}','{\'leaguePike\':2,\'pavise\':2,\'coil\':2}',10,218,0,3,1,9,38,'{\'rally\':27,\'secondWind\':6,\'charge\':1,\'brace\':4}','{\'mend\':4,\'ward\':4}','{\'pikeman\':7,\'cavalier\':2}',8,185
28,river_ford,baseline,league,draw,round-limit,30,1,0,1,8,57,'{\'rally\':32,\'brace\':25}',{"ward":2},'{\'archer\':3,\'pikeman\':5}',7,162,0,1,0,2,146,'{\'setPosition\':59,\'rally\':59,\'preparedPosition\':28}','{\'ward\':1,\'fieldRepair\':3,\'flare\':1}',{"pavise":2},6,135
29,river_ford,league,baseline,draw,round-limit,30,0,1,2,6,233,'{\'rally\':116,\'setPosition\':103,\'preparedPosition\':14}','{\'fireburst\':1,\'fieldRepair\':3,\'ward\':5,\'mend\':1}','{\'leaguePike\':2,\'pavise\':2,\'coil\':1,\'relicWalker\':1}',10,229,0,2,1,8,35,'{\'rally\':21,\'brace\':7,\'secondWind\':7}','{\'fireburst\':4,\'mend\':4,\'ward\':2}','{\'pikeman\':7,\'cavalier\':1}',9,195
29,river_ford,baseline,league,draw,round-limit,30,0,1,0,14,42,'{\'rally\':34,\'brace\':8}','{\'fireburst\':10,\'mend\':4,\'ward\':2}','{\'pikeman\':13,\'archer\':1}',6,142,0,1,1,2,147,'{\'setPosition\':59,\'rally\':60,\'preparedPosition\':28}','{\'mend\':2,\'fieldRepair\':2,\'ward\':1}',{"pavise":2},6,117
30,river_ford,league,baseline,draw,round-limit,30,0,1,4,5,223,'{\'rally\':104,\'setPosition\':93,\'preparedPosition\':26}','{\'mend\':1,\'ward\':3}','{\'leaguePike\':2,\'pavise\':1,\'coil\':2}',9,206,0,4,1,9,45,'{\'rally\':27,\'brace\':15,\'secondWind\':1,\'charge\':2}','{\'fireburst\':4,\'ward\':2,\'mend\':5}','{\'pikeman\':7,\'cavalier\':2}',8,180
30,river_ford,baseline,league,draw,round-limit,30,1,5,0,13,39,'{\'rally\':23,\'brace\':13,\'charge\':1,\'secondWind\':2}','{\'ward\':2,\'fireburst\':5,\'mend\':1}','{\'archer\':4,\'pikeman\':8,\'cavalier\':1}',6,146,0,0,5,1,146,'{\'rally\':60,\'setPosition\':58,\'preparedPosition\':28}','{\'ward\':2,\'fieldRepair\':1,\'flare\':1,\'mend\':1}',{"leaguePike":1},6,127
31,river_ford,league,baseline,draw,round-limit,30,0,3,1,6,221,'{\'rally\':106,\'setPosition\':101,\'preparedPosition\':14}','{\'flare\':1,\'ward\':2,\'fireburst\':1,\'mend\':1}','{\'leaguePike\':2,\'pavise\':3,\'coil\':1}',8,186,0,1,2,8,39,'{\'rally\':32,\'focusedShot\':1,\'brace\':6}','{\'mend\':2,\'fireburst\':3}','{\'pikeman\':6,\'cavalier\':1,\'archer\':1}',8,177
31,river_ford,baseline,league,draw,round-limit,30,1,4,0,16,36,'{\'rally\':24,\'brace\':10,\'charge\':1,\'secondWind\':1}','{\'fireburst\':5,\'mend\':3,\'ward\':3}','{\'archer\':4,\'pikeman\':12}',7,141,0,0,4,1,146,'{\'rally\':60,\'setPosition\':58,\'preparedPosition\':28}',{"fieldRepair":4},{"leaguePike":1},6,128
32,river_ford,league,baseline,draw,round-limit,30,0,1,5,5,226,'{\'rally\':105,\'setPosition\':97,\'preparedPosition\':24}','{\'mend\':2,\'fieldRepair\':1,\'ward\':1}','{\'leaguePike\':2,\'pavise\':1,\'coil\':2}',9,198,0,5,1,16,49,'{\'rally\':28,\'brace\':14,\'focusedShot\':2,\'charge\':2,\'secondWind\':3}','{\'fireburst\':4,\'mend\':1}','{\'pikeman\':11,\'archer\':3,\'cavalier\':2}',7,160
32,river_ford,baseline,league,draw,round-limit,30,1,4,0,13,45,'{\'rally\':28,\'brace\':13,\'charge\':2,\'secondWind\':2}','{\'fireburst\':3,\'ward\':3,\'mend\':2}','{\'pikeman\':10,\'archer\':1,\'cavalier\':2}',8,169,0,0,4,1,144,'{\'rally\':59,\'setPosition\':57,\'preparedPosition\':28}','{\'fireburst\':1,\'ward\':1,\'mend\':2,\'fieldRepair\':2}',{"pavise":1},6,127
33,river_ford,league,baseline,draw,round-limit,30,0,0,4,4,233,'{\'rally\':104,\'setPosition\':100,\'preparedPosition\':29}','{\'ward\':2,\'flare\':1}','{\'leaguePike\':1,\'pavise\':2,\'coil\':1}',9,193,0,4,0,11,43,'{\'rally\':30,\'brace\':11,\'secondWind\':1,\'charge\':1}',{"fireburst":1},'{\'pikeman\':8,\'archer\':2,\'cavalier\':1}',7,169
33,river_ford,baseline,league,draw,round-limit,30,1,4,0,16,38,'{\'rally\':24,\'brace\':9,\'charge\':1,\'secondWind\':4}','{\'mend\':3,\'ward\':2}','{\'pikeman\':11,\'archer\':3,\'cavalier\':2}',7,141,0,0,4,1,147,'{\'rally\':60,\'setPosition\':58,\'preparedPosition\':29}','{\'fireburst\':2,\'fieldRepair\':2,\'flare\':1}',{"leaguePike":1},6,127
34,river_ford,league,baseline,draw,round-limit,30,0,0,4,4,232,'{\'rally\':104,\'setPosition\':101,\'preparedPosition\':27}','{\'fireburst\':1,\'mend\':2,\'flare\':1}','{\'leaguePike\':2,\'pavise\':1,\'coil\':1}',9,206,0,4,0,14,45,'{\'rally\':27,\'brace\':15,\'secondWind\':2,\'charge\':1}','{\'fireburst\':4,\'ward\':2,\'mend\':1}','{\'pikeman\':10,\'cavalier\':1,\'archer\':3}',8,173
34,river_ford,baseline,league,draw,round-limit,30,0,5,0,15,38,'{\'rally\':24,\'brace\':11,\'charge\':1,\'secondWind\':2}','{\'ward\':2,\'fireburst\':2,\'mend\':4}','{\'pikeman\':10,\'archer\':3,\'cavalier\':2}',7,141,0,0,5,1,149,'{\'setPosition\':60,\'rally\':60,\'preparedPosition\':29}','{\'ward\':1,\'fireburst\':1,\'fieldRepair\':2}',{"pavise":1},6,137
35,river_ford,league,baseline,draw,round-limit,30,1,4,4,8,139,'{\'rally\':67,\'setPosition\':56,\'preparedPosition\':16}','{\'fieldRepair\':1,\'mend\':2,\'fireburst\':1}','{\'leaguePike\':4,\'coil\':4}',9,198,0,4,4,13,29,'{\'rally\':19,\'secondWind\':6,\'charge\':1,\'brace\':3}','{\'fireburst\':2,\'ward\':4,\'mend\':2}','{\'pikeman\':10,\'archer\':2,\'cavalier\':1}',8,180
35,river_ford,baseline,league,draw,round-limit,30,1,4,0,11,56,'{\'rally\':31,\'brace\':20,\'charge\':1,\'secondWind\':4}','{\'fireburst\':2,\'mend\':3}','{\'archer\':3,\'pikeman\':6,\'cavalier\':2}',7,161,0,0,4,1,148,'{\'setPosition\':60,\'rally\':60,\'preparedPosition\':28}','{\'fireburst\':1,\'flare\':1,\'mend\':1,\'fieldRepair\':1,\'ward\':1}',{"pavise":1},6,133
36,river_ford,league,baseline,draw,round-limit,30,0,5,4,7,170,'{\'rally\':79,\'setPosition\':72,\'preparedPosition\':19}','{\'fireburst\':2,\'mend\':5,\'fieldRepair\':4,\'ward\':3}','{\'leaguePike\':3,\'coil\':4}',7,162,0,4,4,15,35,'{\'rally\':22,\'brace\':10,\'charge\':1,\'secondWind\':2}','{\'ward\':5,\'mend\':3,\'fireburst\':4}','{\'cavalier\':2,\'pikeman\':11,\'archer\':2}',7,152
36,river_ford,baseline,league,draw,round-limit,30,0,2,0,11,36,'{\'rally\':22,\'brace\':11,\'secondWind\':2,\'charge\':1}','{\'fireburst\':3,\'ward\':6,\'mend\':3}','{\'pikeman\':7,\'archer\':3,\'cavalier\':1}',8,141,0,0,2,1,149,'{\'setPosition\':60,\'rally\':60,\'preparedPosition\':29}','{\'mend\':1,\'fieldRepair\':2,\'flare\':1}',{"pavise":1},6,140
37,river_ford,league,baseline,draw,round-limit,30,0,2,0,5,217,'{\'rally\':116,\'setPosition\':100,\'preparedPosition\':1}','{\'ward\':2,\'fireburst\':1,\'fieldRepair\':1}','{\'leaguePike\':3,\'pavise\':1,\'coil\':1}',8,186,0,0,2,7,50,'{\'rally\':32,\'brace\':17,\'focusedShot\':1}','{\'fireburst\':2,\'mend\':2,\'ward\':2}','{\'pikeman\':4,\'archer\':3}',8,158
37,river_ford,baseline,league,draw,round-limit,30,1,1,0,8,53,'{\'rally\':31,\'brace\':22}',{"fireburst":1},'{\'pikeman\':6,\'archer\':1,\'cavalier\':1}',9,199,0,0,1,1,148,'{\'setPosition\':60,\'rally\':60,\'preparedPosition\':28}','{\'fieldRepair\':4,\'flare\':1}',{"pavise":1},6,133
38,river_ford,league,baseline,draw,round-limit,30,1,1,7,5,205,'{\'rally\':98,\'setPosition\':85,\'preparedPosition\':22}','{\'fireburst\':2,\'ward\':2,\'fieldRepair\':2}','{\'leaguePike\':3,\'coil\':2}',9,211,0,7,1,13,31,'{\'rally\':16,\'brace\':6,\'focusedShot\':4,\'secondWind\':3,\'charge\':2}','{\'mend\':2,\'ward\':3,\'fireburst\':3}','{\'pikeman\':5,\'archer\':6,\'cavalier\':2}',7,151
38,river_ford,baseline,league,draw,round-limit,30,1,4,0,14,35,'{\'rally\':22,\'brace\':10,\'secondWind\':2,\'charge\':1}','{\'mend\':4,\'fireburst\':1,\'ward\':1}','{\'pikeman\':8,\'archer\':3,\'cavalier\':3}',7,138,0,0,4,1,149,'{\'setPosition\':60,\'rally\':60,\'preparedPosition\':29}','{\'fireburst\':2,\'ward\':1,\'flare\':2,\'mend\':1,\'fieldRepair\':1}',{"pavise":1},6,139
39,river_ford,league,baseline,draw,round-limit,30,0,8,4,9,162,'{\'rally\':80,\'setPosition\':73,\'preparedPosition\':9}','{\'fieldRepair\':2,\'mend\':2,\'ward\':3,\'flare\':1,\'fireburst\':1}','{\'leaguePike\':3,\'coil\':4,\'pavise\':2}',6,111,0,4,5,12,32,'{\'rally\':22,\'brace\':5,\'focusedShot\':5}','{\'fireburst\':5,\'ward\':2,\'mend\':1}','{\'pikeman\':7,\'archer\':3,\'cavalier\':2}',9,206
39,river_ford,baseline,league,draw,round-limit,30,1,0,0,8,58,'{\'rally\':33,\'brace\':25}','{\'ward\':1,\'fireburst\':1,\'mend\':2}','{\'archer\':3,\'pikeman\':5}',7,169,0,0,0,1,148,'{\'setPosition\':60,\'rally\':60,\'preparedPosition\':28}','{\'ward\':1,\'flare\':2,\'fieldRepair\':2}',{"pavise":1},6,140
40,river_ford,league,baseline,draw,round-limit,30,1,2,6,6,178,'{\'rally\':87,\'setPosition\':74,\'preparedPosition\':17}','{\'fireburst\':3,\'fieldRepair\':1,\'mend\':4,\'flare\':1}','{\'leaguePike\':3,\'coil\':3}',9,199,0,6,2,12,40,'{\'rally\':18,\'brace\':5,\'focusedShot\':5,\'secondWind\':8,\'charge\':4}','{\'ward\':5,\'fireburst\':3,\'mend\':1}','{\'cavalier\':2,\'pikeman\':7,\'archer\':3}',6,138
40,river_ford,baseline,league,draw,round-limit,30,1,2,0,10,48,'{\'rally\':32,\'secondWind\':1,\'brace\':15}','{\'ward\':8,\'fireburst\':4,\'mend\':1}','{\'pikeman\':6,\'archer\':4}',8,181,0,0,2,1,149,'{\'setPosition\':60,\'rally\':60,\'preparedPosition\':29}','{\'mend\':2,\'fieldRepair\':3,\'flare\':2,\'fireburst\':1,\'ward\':1}',{"pavise":1},6,133
41,river_ford,league,baseline,draw,round-limit,30,0,4,5,8,203,'{\'rally\':101,\'setPosition\':83,\'preparedPosition\':19}','{\'ward\':3,\'fieldRepair\':1,\'fireburst\':3,\'mend\':2,\'flare\':5}','{\'leaguePike\':2,\'pavise\':1,\'coil\':5}',9,200,0,5,4,13,31,'{\'rally\':21,\'brace\':7,\'charge\':2,\'secondWind\':1}','{\'fireburst\':5,\'ward\':3,\'mend\':3}','{\'pikeman\':8,\'archer\':3,\'cavalier\':2}',7,172
41,river_ford,baseline,league,draw,round-limit,30,0,2,0,9,49,'{\'rally\':29,\'brace\':16,\'secondWind\':4}','{\'fireburst\':2,\'mend\':3}','{\'pikeman\':6,\'cavalier\':1,\'archer\':2}',7,166,0,0,2,1,149,'{\'setPosition\':60,\'rally\':60,\'preparedPosition\':29}','{\'ward\':1,\'fieldRepair\':1,\'flare\':1,\'mend\':3}',{"pavise":1},6,127
42,river_ford,league,baseline,draw,round-limit,30,0,6,6,9,184,'{\'rally\':87,\'setPosition\':74,\'preparedPosition\':23}','{\'ward\':4,\'flare\':3,\'fieldRepair\':3,\'mend\':1}','{\'leaguePike\':2,\'pavise\':1,\'coil\':6}',8,169,0,6,5,13,32,'{\'rally\':21,\'brace\':7,\'focusedShot\':1,\'charge\':2,\'secondWind\':1}','{\'fireburst\':8,\'mend\':7,\'ward\':6}','{\'archer\':2,\'pikeman\':9,\'cavalier\':2}',7,162
42,river_ford,baseline,league,draw,round-limit,30,1,4,0,15,52,'{\'rally\':35,\'brace\':13,\'secondWind\':3,\'charge\':1}','{\'fireburst\':5,\'ward\':7,\'mend\':4}','{\'pikeman\':12,\'archer\':1,\'cavalier\':2}',8,189,0,0,4,1,149,'{\'setPosition\':60,\'rally\':60,\'preparedPosition\':29}','{\'fieldRepair\':4,\'ward\':1,\'mend\':1}',{"pavise":1},6,131
43,river_ford,league,baseline,draw,round-limit,30,0,1,7,5,234,'{\'rally\':105,\'setPosition\':102,\'preparedPosition\':27}','{\'fireburst\':2,\'mend\':4,\'flare\':2,\'ward\':1}','{\'leaguePike\':2,\'pavise\':1,\'coil\':2}',9,192,0,7,1,12,36,'{\'rally\':23,\'focusedShot\':3,\'brace\':7,\'charge\':2,\'secondWind\':1}','{\'fireburst\':5,\'ward\':4,\'mend\':3}','{\'pikeman\':9,\'archer\':3}',7,165
43,river_ford,baseline,league,draw,round-limit,30,1,2,0,9,54,'{\'rally\':32,\'secondWind\':2,\'brace\':20}','{\'fireburst\':3,\'ward\':3}','{\'archer\':3,\'pikeman\':6}',7,170,0,0,2,1,149,'{\'setPosition\':60,\'rally\':60,\'preparedPosition\':29}','{\'fireburst\':1,\'fieldRepair\':1,\'flare\':1,\'mend\':3,\'ward\':1}',{"pavise":1},6,125
44,river_ford,league,baseline,draw,round-limit,30,0,1,7,3,183,'{\'rally\':79,\'setPosition\':76,\'preparedPosition\':28}','{\'fireburst\':1,\'flare\':4,\'mend\':1,\'fieldRepair\':2}','{\'leaguePike\':2,\'coil\':1}',7,141,0,7,1,14,40,'{\'rally\':24,\'focusedShot\':1,\'brace\':9,\'charge\':2,\'secondWind\':4}','{\'fireburst\':5,\'ward\':3,\'mend\':1}','{\'pikeman\':10,\'archer\':3,\'cavalier\':1}',7,161
44,river_ford,baseline,league,draw,round-limit,30,1,4,0,14,37,'{\'rally\':24,\'brace\':11,\'secondWind\':2}','{\'ward\':6,\'mend\':4,\'fireburst\':2}','{\'archer\':3,\'pikeman\':11}',7,142,0,0,4,1,149,'{\'setPosition\':60,\'rally\':60,\'preparedPosition\':29}','{\'ward\':1,\'mend\':1,\'fieldRepair\':2}',{"pavise":1},6,135
45,river_ford,league,baseline,draw,round-limit,30,0,1,5,4,227,'{\'rally\':102,\'setPosition\':99,\'preparedPosition\':26}','{\'fireburst\':1,\'ward\':3,\'mend\':2,\'flare\':3}','{\'leaguePike\':2,\'pavise\':1,\'coil\':1}',8,181,0,5,1,16,37,'{\'rally\':24,\'brace\':9,\'focusedShot\':1,\'secondWind\':2,\'charge\':1}','{\'fireburst\':2,\'mend\':5,\'ward\':3}','{\'pikeman\':12,\'archer\':2,\'cavalier\':2}',7,172
45,river_ford,baseline,league,draw,round-limit,30,1,3,0,14,41,'{\'rally\':26,\'brace\':11,\'secondWind\':4}','{\'fireburst\':4,\'ward\':5,\'mend\':4}','{\'pikeman\':11,\'archer\':1,\'cavalier\':2}',8,159,0,0,3,1,147,'{\'rally\':60,\'setPosition\':58,\'preparedPosition\':29}','{\'fireburst\':1,\'ward\':1,\'mend\':1,\'fieldRepair\':4}',{"leaguePike":1},6,125
46,river_ford,league,baseline,draw,round-limit,30,0,1,4,4,201,'{\'rally\':92,\'setPosition\':88,\'preparedPosition\':21}','{\'fireburst\':1,\'ward\':1,\'mend\':2,\'flare\':1,\'fieldRepair\':1}','{\'leaguePike\':2,\'pavise\':1,\'coil\':1}',8,181,0,4,1,16,36,'{\'rally\':27,\'brace\':6,\'secondWind\':2,\'charge\':1}','{\'fireburst\':6,\'mend\':3,\'ward\':3}','{\'pikeman\':12,\'archer\':3,\'cavalier\':1}',6,155
46,river_ford,baseline,league,draw,round-limit,30,1,2,0,9,60,'{\'rally\':39,\'brace\':18,\'secondWind\':3}','{\'ward\':2,\'fireburst\':3,\'mend\':1}','{\'archer\':2,\'pikeman\':6,\'cavalier\':1}',7,174,0,0,2,1,149,'{\'setPosition\':60,\'rally\':60,\'preparedPosition\':29}','{\'flare\':1,\'mend\':1,\'fieldRepair\':1}',{"pavise":1},6,129
47,river_ford,league,baseline,draw,round-limit,30,0,7,3,10,205,'{\'rally\':101,\'setPosition\':94,\'preparedPosition\':10}','{\'fireburst\':2,\'ward\':1,\'flare\':2,\'mend\':3,\'fieldRepair\':2}','{\'leaguePike\':4,\'coil\':6}',8,177,0,3,5,11,32,'{\'rally\':24,\'brace\':4,\'focusedShot\':1,\'secondWind\':3}','{\'fireburst\':8,\'mend\':4,\'ward\':5}','{\'pikeman\':7,\'archer\':3,\'cavalier\':1}',8,203
47,river_ford,baseline,league,draw,round-limit,30,1,4,0,15,35,'{\'rally\':24,\'brace\':10,\'secondWind\':1}','{\'fireburst\':4,\'ward\':5,\'mend\':4}','{\'pikeman\':12,\'archer\':1,\'cavalier\':2}',8,156,0,0,4,1,149,'{\'setPosition\':60,\'rally\':60,\'preparedPosition\':29}','{\'ward\':3,\'flare\':2,\'fieldRepair\':4,\'mend\':1}',{"pavise":1},6,138
48,river_ford,league,baseline,draw,round-limit,30,0,4,2,7,214,'{\'rally\':102,\'setPosition\':97,\'preparedPosition\':15}','{\'ward\':1,\'flare\':2,\'fireburst\':2,\'mend\':1}','{\'leaguePike\':2,\'pavise\':1,\'coil\':4}',8,176,0,2,4,10,35,'{\'rally\':31,\'brace\':3,\'focusedShot\':1}','{\'fireburst\':4,\'ward\':4,\'mend\':1}','{\'pikeman\':7,\'archer\':2,\'cavalier\':1}',8,198
48,river_ford,baseline,league,draw,round-limit,30,1,2,0,17,40,'{\'rally\':31,\'brace\':9}','{\'fireburst\':4,\'ward\':6,\'mend\':6}','{\'archer\':3,\'pikeman\':14}',6,133,0,0,2,1,145,'{\'rally\':60,\'setPosition\':58,\'preparedPosition\':27}','{\'fireburst\':1,\'mend\':2,\'fieldRepair\':1}',{"leaguePike":1},6,119
49,river_ford,league,baseline,draw,round-limit,30,0,0,3,4,228,'{\'rally\':103,\'setPosition\':97,\'preparedPosition\':28}','{\'mend\':3,\'fireburst\':1}','{\'leaguePike\':3,\'coil\':1}',9,201,0,3,0,11,39,'{\'rally\':27,\'brace\':11,\'charge\':1}','{\'ward\':2,\'mend\':3,\'fireburst\':3}','{\'pikeman\':6,\'archer\':5}',7,181
49,river_ford,baseline,league,draw,round-limit,30,1,4,0,18,41,'{\'rally\':32,\'brace\':8,\'secondWind\':1}','{\'fireburst\':3,\'ward\':3,\'mend\':1}','{\'pikeman\':16,\'archer\':1,\'cavalier\':1}',7,131,0,0,4,1,149,'{\'setPosition\':60,\'rally\':60,\'preparedPosition\':29}','{\'fieldRepair\':2,\'flare\':1,\'fireburst\':1,\'ward\':1}',{"pavise":1},6,125
50,river_ford,league,baseline,draw,round-limit,30,0,5,1,9,193,'{\'rally\':100,\'setPosition\':86,\'preparedPosition\':6,\'arcBurst\':1}','{\'ward\':3,\'fireburst\':3,\'mend\':2,\'fieldRepair\':1,\'flare\':1}','{\'leaguePike\':2,\'pavise\':2,\'coil\':4,\'relicWalker\':1}',9,201,0,2,5,9,39,'{\'rally\':22,\'brace\':13,\'focusedShot\':1,\'secondWind\':2,\'charge\':1}','{\'fireburst\':3,\'mend\':4,\'ward\':6}','{\'pikeman\':6,\'archer\':3}',7,144
50,river_ford,baseline,league,draw,round-limit,30,1,4,0,18,39,'{\'rally\':28,\'brace\':8,\'secondWind\':3}','{\'fireburst\':2,\'ward\':4,\'mend\':3}','{\'archer\':3,\'pikeman\':14,\'cavalier\':1}',6,142,0,0,4,1,148,'{\'setPosition\':60,\'rally\':60,\'preparedPosition\':28}','{\'ward\':2,\'fieldRepair\':3,\'flare\':1,\'mend\':1}',{"pavise":1},6,131
51,river_ford,league,baseline,draw,round-limit,30,0,0,6,3,206,'{\'rally\':89,\'setPosition\':89,\'preparedPosition\':28}','{\'fireburst\':3,\'mend\':3,\'fieldRepair\':1}','{\'leaguePike\':2,\'coil\':1}',8,186,0,6,0,13,42,'{\'rally\':23,\'focusedShot\':1,\'brace\':11,\'secondWind\':3,\'charge\':4}','{\'ward\':4,\'mend\':5,\'fireburst\':1}','{\'pikeman\':8,\'archer\':2,\'cavalier\':3}',8,172
51,river_ford,baseline,league,draw,round-limit,30,1,5,0,19,41,'{\'rally\':33,\'brace\':5,\'secondWind\':2,\'charge\':1}','{\'fireburst\':6,\'ward\':3,\'mend\':2}','{\'pikeman\':14,\'archer\':4,\'cavalier\':1}',7,178,0,0,5,1,148,'{\'setPosition\':60,\'rally\':60,\'preparedPosition\':28}','{\'flare\':1,\'fireburst\':1,\'mend\':1,\'fieldRepair\':2}',{"pavise":1},6,128
52,river_ford,league,baseline,draw,round-limit,30,0,0,0,3,166,'{\'rally\':79,\'setPosition\':73,\'preparedPosition\':14}','{\'fireburst\':1,\'ward\':2,\'flare\':2,\'mend\':3,\'fieldRepair\':1}','{\'leaguePike\':2,\'coil\':1}',8,158,0,0,0,8,33,'{\'rally\':20,\'focusedShot\':3,\'brace\':10}','{\'ward\':2,\'fireburst\':1,\'mend\':1}','{\'pikeman\':5,\'archer\':2,\'cavalier\':1}',7,166
52,river_ford,baseline,league,draw,round-limit,30,0,2,0,12,45,'{\'rally\':26,\'brace\':14,\'secondWind\':5}','{\'fireburst\':4,\'ward\':5,\'mend\':2}','{\'pikeman\':9,\'archer\':2,\'cavalier\':1}',7,146,0,0,2,1,147,'{\'rally\':60,\'setPosition\':58,\'preparedPosition\':29}','{\'fireburst\':2,\'mend\':1,\'fieldRepair\':1,\'flare\':3}',{"leaguePike":1},6,113
53,river_ford,league,baseline,draw,round-limit,30,1,5,2,6,99,'{\'rally\':56,\'setPosition\':37,\'preparedPosition\':3,\'arcBurst\':3}','{\'fireburst\':3,\'fieldRepair\':2,\'ward\':4,\'flare\':1,\'mend\':4}','{\'leaguePike\':3,\'coil\':2,\'relicWalker\':1}',6,116,0,2,5,13,25,'{\'rally\':13,\'secondWind\':3,\'focusedShot\':5,\'brace\':4}','{\'fireburst\':3,\'ward\':9,\'mend\':6}','{\'pikeman\':3,\'archer\':9,\'cavalier\':1}',7,163
53,river_ford,baseline,league,draw,round-limit,30,1,2,1,12,30,'{\'rally\':23,\'brace\':7}','{\'fireburst\':6,\'mend\':1,\'ward\':4}','{\'pikeman\':9,\'cavalier\':2,\'archer\':1}',8,195,0,4,2,5,134,'{\'rally\':55,\'setPosition\':52,\'preparedPosition\':27}','{\'fireburst\':1,\'ward\':2,\'fieldRepair\':2,\'flare\':2}','{\'pavise\':3,\'coil\':2}',6,120
54,river_ford,league,baseline,draw,round-limit,30,0,4,8,6,201,'{\'rally\':91,\'setPosition\':85,\'preparedPosition\':25}','{\'fieldRepair\':1,\'ward\':2,\'mend\':2}','{\'leaguePike\':2,\'pavise\':1,\'coil\':3}',7,140,0,8,3,13,27,'{\'rally\':16,\'brace\':3,\'secondWind\':5,\'charge\':3}','{\'fireburst\':6,\'mend\':4}','{\'pikeman\':7,\'cavalier\':4,\'archer\':2}',7,170
54,river_ford,baseline,league,draw,round-limit,30,1,10,0,16,38,'{\'rally\':23,\'charge\':5,\'brace\':6,\'secondWind\':4}','{\'fireburst\':4,\'mend\':2,\'ward\':3}','{\'pikeman\':10,\'cavalier\':5,\'archer\':1}',8,200,0,0,10,1,149,'{\'setPosition\':60,\'rally\':60,\'preparedPosition\':29}','{\'ward\':1,\'fieldRepair\':2,\'flare\':2,\'mend\':2}',{"pavise":1},6,133
55,river_ford,league,baseline,draw,round-limit,30,0,0,6,4,232,'{\'rally\':104,\'setPosition\':101,\'preparedPosition\':27}','{\'fireburst\':1,\'ward\':1,\'mend\':1,\'fieldRepair\':1}','{\'leaguePike\':3,\'coil\':1}',9,211,0,6,0,12,43,'{\'rally\':22,\'brace\':15,\'focusedShot\':2,\'charge\':3,\'secondWind\':1}','{\'ward\':5,\'mend\':5,\'fireburst\':1}','{\'pikeman\':5,\'archer\':3,\'cavalier\':4}',8,166
55,river_ford,baseline,league,draw,round-limit,30,1,5,0,16,42,'{\'rally\':26,\'brace\':12,\'charge\':2,\'secondWind\':2}','{\'fireburst\':1,\'ward\':4,\'mend\':2}','{\'pikeman\':13,\'cavalier\':2,\'archer\':1}',8,155,0,0,5,1,147,'{\'rally\':60,\'setPosition\':58,\'preparedPosition\':29}','{\'fireburst\':1,\'flare\':1,\'fieldRepair\':3}',{"leaguePike":1},6,127
56,river_ford,league,baseline,draw,round-limit,30,0,0,2,4,231,'{\'rally\':104,\'setPosition\':101,\'preparedPosition\':26}','{\'fireburst\':3,\'ward\':5,\'flare\':2,\'mend\':2}','{\'leaguePike\':2,\'pavise\':1,\'coil\':1}',9,199,0,3,0,11,55,'{\'rally\':31,\'brace\':22,\'charge\':1,\'secondWind\':1}','{\'fireburst\':2,\'ward\':3,\'mend\':4}','{\'pikeman\':7,\'cavalier\':1,\'archer\':3}',8,191
56,river_ford,baseline,league,draw,round-limit,30,0,3,0,16,44,'{\'rally\':27,\'brace\':11,\'secondWind\':5,\'charge\':1}','{\'fireburst\':5,\'mend\':4,\'ward\':1}','{\'pikeman\':14,\'cavalier\':1,\'archer\':1}',6,125,0,0,3,1,149,'{\'setPosition\':60,\'rally\':60,\'preparedPosition\':29}','{\'fireburst\':1,\'fieldRepair\':3,\'mend\':1,\'ward\':1}',{"pavise":1},6,130
57,river_ford,league,baseline,draw,round-limit,30,1,3,3,6,111,'{\'rally\':66,\'setPosition\':40,\'preparedPosition\':3,\'arcBurst\':2}','{\'fireburst\':2,\'ward\':4,\'mend\':2,\'flare\':1,\'fieldRepair\':1}','{\'leaguePike\':3,\'pavise\':1,\'coil\':1,\'relicWalker\':1}',8,173,0,3,3,11,34,'{\'rally\':19,\'brace\':9,\'secondWind\':3,\'charge\':1,\'focusedShot\':2}','{\'fireburst\':5,\'mend\':1,\'ward\':2}','{\'pikeman\':7,\'archer\':2,\'cavalier\':2}',8,191
57,river_ford,baseline,league,draw,round-limit,30,1,4,1,20,42,'{\'rally\':30,\'secondWind\':3,\'brace\':8,\'charge\':1}','{\'fireburst\':5,\'ward\':6,\'mend\':4}','{\'pikeman\':17,\'cavalier\':2,\'archer\':1}',7,160,0,1,4,2,148,'{\'setPosition\':59,\'rally\':60,\'preparedPosition\':29}','{\'ward\':3,\'flare\':2,\'mend\':1,\'fieldRepair\':1}',{"pavise":2},6,139
58,river_ford,league,baseline,draw,round-limit,30,0,1,2,3,118,'{\'rally\':55,\'setPosition\':48,\'preparedPosition\':15}','{\'fireburst\':1,\'ward\':2,\'mend\':1,\'fieldRepair\':2}','{\'leaguePike\':1,\'pavise\':1,\'coil\':1}',7,151,0,2,1,10,36,'{\'rally\':27,\'brace\':8,\'secondWind\':1}','{\'ward\':3,\'mend\':2,\'fireburst\':2}','{\'pikeman\':7,\'archer\':2,\'cavalier\':1}',8,198
58,river_ford,baseline,league,draw,round-limit,30,1,2,1,10,45,'{\'rally\':26,\'secondWind\':3,\'charge\':1,\'brace\':15}','{\'fireburst\':7,\'ward\':2,\'mend\':5}','{\'pikeman\':6,\'archer\':3,\'cavalier\':1}',7,159,0,1,2,2,147,'{\'setPosition\':59,\'rally\':59,\'preparedPosition\':29}','{\'flare\':1,\'mend\':3,\'fieldRepair\':2,\'ward\':1}',{"pavise":2},6,135
59,river_ford,league,baseline,draw,round-limit,30,1,2,3,5,173,'{\'rally\':81,\'setPosition\':74,\'preparedPosition\':18}','{\'fireburst\':2,\'ward\':1,\'mend\':1,\'fieldRepair\':2}','{\'leaguePike\':1,\'pavise\':2,\'coil\':2}',8,183,0,3,2,10,28,'{\'rally\':15,\'brace\':5,\'charge\':2,\'secondWind\':4,\'focusedShot\':2}','{\'fireburst\':1,\'ward\':2,\'mend\':5}','{\'pikeman\':5,\'archer\':3,\'cavalier\':2}',8,145
59,river_ford,baseline,league,draw,round-limit,30,1,3,2,15,48,'{\'rally\':34,\'secondWind\':5,\'brace\':9}','{\'fireburst\':4,\'ward\':4,\'mend\':3}','{\'pikeman\':13,\'cavalier\':2}',7,184,0,2,3,3,119,'{\'rally\':52,\'setPosition\':49,\'preparedPosition\':18}','{\'ward\':3,\'mend\':1,\'fieldRepair\':2,\'flare\':2}','{\'leaguePike\':1,\'pavise\':1,\'coil\':1}',6,127
60,river_ford,league,baseline,draw,round-limit,30,0,1,4,4,168,'{\'rally\':79,\'setPosition\':67,\'preparedPosition\':22}','{\'fireburst\':1,\'flare\':2,\'mend\':1,\'ward\':1}','{\'leaguePike\':1,\'pavise\':1,\'coil\':2}',8,160,0,4,1,10,35,'{\'rally\':19,\'brace\':7,\'focusedShot\':1,\'charge\':2,\'secondWind\':6}','{\'mend\':4,\'ward\':1,\'fireburst\':1}','{\'pikeman\':7,\'cavalier\':2,\'archer\':1}',9,201
60,river_ford,baseline,league,draw,round-limit,30,0,4,0,13,46,'{\'rally\':30,\'secondWind\':4,\'brace\':10,\'charge\':2}','{\'ward\':4,\'fireburst\':3,\'mend\':2}','{\'pikeman\':9,\'archer\':3,\'cavalier\':1}',6,134,0,0,4,1,149,'{\'setPosition\':60,\'rally\':60,\'preparedPosition\':29}','{\'fieldRepair\':3,\'ward\':1}',{"pavise":1},6,135
61,river_ford,league,baseline,draw,round-limit,30,0,2,4,5,187,'{\'rally\':83,\'setPosition\':80,\'preparedPosition\':24}','{\'fireburst\':2,\'flare\':2}','{\'leaguePike\':2,\'coil\':3}',8,182,0,4,2,10,40,'{\'rally\':24,\'brace\':9,\'secondWind\':4,\'charge\':3}','{\'ward\':3,\'mend\':2,\'fireburst\':1}','{\'pikeman\':6,\'archer\':3,\'cavalier\':1}',7,146
61,river_ford,baseline,league,draw,round-limit,30,1,3,0,9,52,'{\'rally\':35,\'secondWind\':5,\'charge\':1,\'brace\':11}','{\'ward\':4,\'fireburst\':2,\'mend\':3}','{\'pikeman\':6,\'archer\':1,\'cavalier\':2}',9,205,0,0,3,1,149,'{\'setPosition\':60,\'rally\':60,\'preparedPosition\':29}','{\'flare\':3,\'ward\':1,\'mend\':1,\'fieldRepair\':1}',{"pavise":1},6,127
62,river_ford,league,baseline,draw,round-limit,30,0,3,3,6,194,'{\'rally\':87,\'setPosition\':83,\'preparedPosition\':24}','{\'fireburst\':3,\'ward\':1,\'fieldRepair\':1}','{\'leaguePike\':1,\'pavise\':1,\'coil\':4}',8,180,0,3,3,10,50,'{\'rally\':30,\'brace\':17,\'secondWind\':3}','{\'ward\':5,\'mend\':3,\'fireburst\':1}','{\'pikeman\':7,\'archer\':2,\'cavalier\':1}',8,180
62,river_ford,baseline,league,draw,round-limit,30,1,2,0,9,58,'{\'rally\':43,\'brace\':12,\'secondWind\':3}',{"ward":3},'{\'pikeman\':5,\'archer\':3,\'cavalier\':1}',7,152,0,0,2,1,147,'{\'rally\':60,\'setPosition\':58,\'preparedPosition\':29}','{\'fireburst\':2,\'mend\':1,\'fieldRepair\':2,\'ward\':1}',{"leaguePike":1},6,138
63,river_ford,league,baseline,draw,round-limit,30,0,1,4,5,231,'{\'rally\':104,\'setPosition\':100,\'preparedPosition\':27}','{\'fireburst\':2,\'mend\':1,\'flare\':1}','{\'leaguePike\':2,\'pavise\':1,\'coil\':2}',9,193,0,4,1,11,42,'{\'rally\':27,\'brace\':8,\'focusedShot\':1,\'charge\':1,\'secondWind\':5}','{\'mend\':5,\'fireburst\':3,\'ward\':2}','{\'cavalier\':2,\'pikeman\':7,\'archer\':2}',7,166
63,river_ford,baseline,league,draw,round-limit,30,0,4,0,12,40,'{\'rally\':25,\'secondWind\':6,\'charge\':1,\'brace\':8}','{\'ward\':2,\'fireburst\':1,\'mend\':1}','{\'pikeman\':9,\'archer\':3}',7,161,0,0,4,1,148,'{\'setPosition\':60,\'rally\':60,\'preparedPosition\':28}','{\'fieldRepair\':2,\'ward\':1}',{"pavise":1},6,137
64,river_ford,league,baseline,draw,round-limit,30,0,1,0,4,191,'{\'rally\':90,\'setPosition\':87,\'preparedPosition\':14}','{\'fireburst\':2,\'ward\':1,\'flare\':2,\'fieldRepair\':3}','{\'leaguePike\':3,\'coil\':1}',8,174,0,0,1,8,35,'{\'rally\':21,\'focusedShot\':1,\'brace\':13}','{\'ward\':5,\'mend\':7,\'fireburst\':2}','{\'pikeman\':6,\'archer\':2}',7,168
64,river_ford,baseline,league,draw,round-limit,30,1,3,0,14,42,'{\'rally\':27,\'brace\':13,\'charge\':1,\'secondWind\':1}','{\'ward\':5,\'mend\':2,\'fireburst\':2}','{\'pikeman\':12,\'archer\':1,\'cavalier\':1}',8,149,0,0,3,1,147,'{\'rally\':60,\'setPosition\':58,\'preparedPosition\':29}','{\'fireburst\':1,\'flare\':2,\'mend\':1,\'fieldRepair\':2}',{"leaguePike":1},6,134
65,river_ford,league,baseline,draw,round-limit,30,0,1,4,5,235,'{\'rally\':105,\'setPosition\':102,\'preparedPosition\':28}','{\'fireburst\':2,\'ward\':1,\'flare\':3,\'mend\':1}','{\'leaguePike\':3,\'coil\':2}',9,191,0,4,1,14,38,'{\'rally\':23,\'brace\':10,\'focusedShot\':3,\'secondWind\':2}','{\'fireburst\':2,\'ward\':6,\'mend\':5}','{\'pikeman\':10,\'archer\':4}',8,185
65,river_ford,baseline,league,draw,round-limit,30,1,1,0,7,52,'{\'rally\':31,\'brace\':21}','{\'ward\':1,\'mend\':3,\'fireburst\':2}','{\'pikeman\':5,\'archer\':1,\'cavalier\':1}',8,166,0,0,1,1,144,'{\'rally\':59,\'setPosition\':57,\'preparedPosition\':28}','{\'fireburst\':1,\'ward\':1,\'fieldRepair\':1,\'flare\':1}',{"pavise":1},6,131
66,river_ford,league,baseline,draw,round-limit,30,0,2,6,5,204,'{\'rally\':92,\'setPosition\':86,\'preparedPosition\':26}','{\'flare\':3,\'mend\':1,\'fieldRepair\':1}','{\'leaguePike\':3,\'coil\':2}',8,181,0,6,2,17,30,'{\'rally\':18,\'brace\':3,\'secondWind\':7,\'charge\':2}','{\'mend\':3,\'ward\':3,\'fireburst\':2}','{\'pikeman\':11,\'archer\':3,\'cavalier\':3}',6,128
66,river_ford,baseline,league,draw,round-limit,30,1,5,0,12,46,'{\'rally\':32,\'brace\':12,\'secondWind\':2}','{\'ward\':4,\'mend\':1,\'fireburst\':1}','{\'archer\':3,\'pikeman\':7,\'cavalier\':2}',7,165,0,0,5,1,146,'{\'rally\':60,\'setPosition\':58,\'preparedPosition\':28}','{\'fireburst\':2,\'fieldRepair\':1,\'flare\':1}',{"leaguePike":1},6,130
67,river_ford,league,baseline,draw,round-limit,30,0,0,5,4,219,'{\'rally\':100,\'setPosition\':96,\'preparedPosition\':23}','{\'mend\':2,\'flare\':2,\'fireburst\':1}','{\'leaguePike\':2,\'pavise\':1,\'coil\':1}',9,179,0,5,0,11,39,'{\'rally\':23,\'brace\':12,\'secondWind\':3,\'charge\':1}','{\'ward\':1,\'mend\':2,\'fireburst\':1}','{\'pikeman\':9,\'archer\':2}',7,172
67,river_ford,baseline,league,draw,round-limit,30,1,2,0,9,53,'{\'rally\':30,\'brace\':19,\'secondWind\':3,\'charge\':1}','{\'ward\':3,\'fireburst\':3,\'mend\':1}','{\'archer\':3,\'pikeman\':6}',7,150,0,0,2,1,146,'{\'rally\':60,\'setPosition\':58,\'preparedPosition\':28}','{\'fireburst\':1,\'fieldRepair\':3}',{"leaguePike":1},6,123
68,river_ford,league,baseline,draw,round-limit,30,0,0,3,3,220,'{\'rally\':104,\'setPosition\':101,\'preparedPosition\':15}','{\'fireburst\':2,\'fieldRepair\':2,\'flare\':2,\'mend\':1}','{\'leaguePike\':2,\'pavise\':1}',8,181,0,3,0,12,30,'{\'rally\':26,\'focusedShot\':1,\'brace\':1,\'charge\':1,\'secondWind\':1}','{\'ward\':6,\'fireburst\':1,\'mend\':2}','{\'pikeman\':7,\'archer\':5}',7,187
68,river_ford,baseline,league,draw,round-limit,30,0,1,0,8,55,'{\'rally\':32,\'secondWind\':4,\'brace\':19}','{\'fireburst\':3,\'ward\':1,\'mend\':2}','{\'pikeman\':6,\'archer\':2}',7,174,0,0,1,1,147,'{\'rally\':60,\'setPosition\':58,\'preparedPosition\':29}','{\'fireburst\':2,\'mend\':2,\'fieldRepair\':1}',{"leaguePike":1},6,115
69,river_ford,league,baseline,draw,round-limit,30,1,3,6,5,190,'{\'rally\':85,\'setPosition\':80,\'preparedPosition\':25}','{\'fireburst\':1,\'fieldRepair\':1,\'ward\':4,\'mend\':1,\'flare\':1}','{\'leaguePike\':3,\'coil\':2}',7,147,0,6,3,17,39,'{\'rally\':22,\'brace\':6,\'focusedShot\':3,\'secondWind\':7,\'charge\':1}','{\'fireburst\':2,\'mend\':4,\'ward\':6}','{\'pikeman\':12,\'archer\':3,\'cavalier\':2}',5,126
69,river_ford,baseline,league,draw,round-limit,30,1,5,0,12,46,'{\'rally\':33,\'brace\':13}',{"fireburst":3},'{\'pikeman\':8,\'archer\':4}',8,184,0,0,5,1,147,'{\'rally\':60,\'setPosition\':58,\'preparedPosition\':29}','{\'fireburst\':3,\'mend\':2,\'fieldRepair\':2}',{"leaguePike":1},6,125
70,river_ford,league,baseline,draw,round-limit,30,0,2,5,5,228,'{\'rally\':103,\'setPosition\':99,\'preparedPosition\':26}','{\'fieldRepair\':2,\'flare\':2,\'mend\':1,\'ward\':2}','{\'leaguePike\':2,\'pavise\':1,\'coil\':2}',8,187,0,5,1,13,29,'{\'rally\':18,\'brace\':7,\'secondWind\':3,\'charge\':1}','{\'fireburst\':3,\'mend\':6,\'ward\':5}','{\'pikeman\':10,\'archer\':2,\'cavalier\':1}',7,181
70,river_ford,baseline,league,draw,round-limit,30,1,3,0,10,48,'{\'rally\':33,\'brace\':14,\'secondWind\':1}','{\'ward\':2,\'fireburst\':2,\'mend\':4}','{\'archer\':1,\'pikeman\':6,\'cavalier\':3}',9,206,0,0,3,1,144,'{\'rally\':59,\'setPosition\':57,\'preparedPosition\':28}','{\'fireburst\':1,\'ward\':1,\'fieldRepair\':3,\'flare\':1}',{"pavise":1},6,125
71,river_ford,league,baseline,draw,round-limit,30,0,5,5,7,189,'{\'rally\':90,\'setPosition\':78,\'preparedPosition\':21}','{\'fieldRepair\':4,\'ward\':4,\'mend\':1,\'flare\':1}','{\'leaguePike\':3,\'coil\':4}',7,155,0,5,5,12,39,'{\'rally\':21,\'brace\':5,\'secondWind\':4,\'focusedShot\':6,\'charge\':3}','{\'fireburst\':2,\'ward\':5,\'mend\':5}','{\'pikeman\':7,\'cavalier\':2,\'archer\':3}',7,169
71,river_ford,baseline,league,draw,round-limit,30,1,2,2,13,36,'{\'rally\':27,\'charge\':1,\'secondWind\':1,\'brace\':7}','{\'fireburst\':12,\'ward\':6,\'mend\':5}','{\'pikeman\':12,\'archer\':1}',8,191,0,6,2,6,117,'{\'rally\':52,\'setPosition\':48,\'preparedPosition\':17}','{\'fireburst\':1,\'ward\':3,\'mend\':2,\'fieldRepair\':2,\'flare\':1}','{\'pavise\':3,\'coil\':3}',5,116
72,river_ford,league,baseline,draw,round-limit,30,0,5,6,6,159,'{\'rally\':76,\'setPosition\':70,\'preparedPosition\':13}','{\'fieldRepair\':3,\'ward\':2,\'flare\':2,\'fireburst\':1}','{\'leaguePike\':3,\'coil\':3}',7,137,0,6,4,16,30,'{\'rally\':19,\'brace\':6,\'focusedShot\':3,\'secondWind\':1,\'charge\':1}','{\'fireburst\':4,\'ward\':3,\'mend\':5}','{\'pikeman\':10,\'archer\':5,\'cavalier\':1}',7,180
72,river_ford,baseline,league,draw,round-limit,30,1,8,0,16,32,'{\'rally\':18,\'brace\':5,\'charge\':5,\'secondWind\':4}','{\'ward\':6,\'fireburst\':2,\'mend\':3}','{\'pikeman\':9,\'archer\':3,\'cavalier\':4}',7,161,0,0,8,1,142,'{\'rally\':59,\'setPosition\':57,\'preparedPosition\':26}','{\'fireburst\':1,\'ward\':4,\'fieldRepair\':3,\'flare\':1,\'mend\':3}',{"pavise":1},6,124
73,river_ford,league,baseline,draw,round-limit,30,0,1,5,4,210,'{\'rally\':93,\'setPosition\':89,\'preparedPosition\':28}','{\'mend\':1,\'fieldRepair\':2,\'ward\':1}','{\'leaguePike\':3,\'coil\':1}',8,172,0,5,1,11,49,'{\'rally\':25,\'brace\':14,\'focusedShot\':4,\'secondWind\':6}','{\'fireburst\':4,\'ward\':3,\'mend\':1}','{\'pikeman\':8,\'archer\':2,\'cavalier\':1}',7,142
73,river_ford,baseline,league,draw,round-limit,30,1,1,0,8,58,'{\'rally\':35,\'brace\':23}','{\'fireburst\':2,\'mend\':1,\'ward\':1}','{\'pikeman\':7,\'archer\':1}',8,165,0,0,1,1,148,'{\'setPosition\':60,\'rally\':60,\'preparedPosition\':28}','{\'fireburst\':3,\'ward\':1,\'mend\':1,\'fieldRepair\':2}',{"pavise":1},6,127
74,river_ford,league,baseline,draw,round-limit,30,0,4,3,8,220,'{\'rally\':99,\'setPosition\':97,\'preparedPosition\':24}','{\'fieldRepair\':1,\'mend\':2,\'ward\':1}','{\'leaguePike\':3,\'coil\':5}',9,191,0,3,4,9,41,'{\'rally\':28,\'brace\':8,\'secondWind\':5}','{\'fireburst\':2,\'ward\':1,\'mend\':1}','{\'pikeman\':7,\'cavalier\':2}',8,178
74,river_ford,baseline,league,draw,round-limit,30,1,4,2,14,40,'{\'rally\':23,\'brace\':10,\'secondWind\':4,\'charge\':3}','{\'fireburst\':4,\'ward\':3,\'mend\':4}','{\'pikeman\':11,\'archer\':1,\'cavalier\':2}',7,154,0,2,4,3,145,'{\'rally\':60,\'setPosition\':57,\'preparedPosition\':28}','{\'fireburst\':1,\'ward\':1,\'fieldRepair\':3,\'flare\':1}','{\'leaguePike\':1,\'pavise\':1,\'coil\':1}',6,138
75,river_ford,league,baseline,draw,round-limit,30,0,2,4,6,238,'{\'rally\':116,\'setPosition\':110,\'preparedPosition\':12}','{\'mend\':3,\'ward\':1}','{\'leaguePike\':4,\'coil\':2}',9,198,0,4,2,11,34,'{\'rally\':21,\'brace\':9,\'charge\':1,\'secondWind\':3}','{\'fireburst\':6,\'ward\':3,\'mend\':2}','{\'pikeman\':8,\'archer\':2,\'cavalier\':1}',7,175
75,river_ford,baseline,league,draw,round-limit,30,1,6,1,14,39,'{\'rally\':26,\'secondWind\':2,\'brace\':11}','{\'fireburst\':3,\'ward\':3,\'mend\':3}','{\'pikeman\':12,\'archer\':1,\'cavalier\':1}',7,151,0,1,6,2,148,'{\'setPosition\':59,\'rally\':60,\'preparedPosition\':29}','{\'ward\':4,\'flare\':3,\'fireburst\':1,\'fieldRepair\':2}',{"pavise":2},6,140
76,river_ford,league,baseline,draw,round-limit,30,0,2,4,7,223,'{\'rally\':104,\'setPosition\':98,\'preparedPosition\':21}','{\'flare\':4,\'mend\':3,\'fieldRepair\':3,\'ward\':1,\'fireburst\':3}','{\'leaguePike\':2,\'pavise\':2,\'coil\':3}',10,225,0,4,2,12,34,'{\'rally\':23,\'brace\':9,\'charge\':1,\'secondWind\':1}','{\'fireburst\':3,\'mend\':3,\'ward\':1}','{\'pikeman\':8,\'cavalier\':2,\'archer\':2}',7,169
76,river_ford,baseline,league,draw,round-limit,30,1,1,0,8,60,'{\'rally\':40,\'brace\':15,\'charge\':1,\'secondWind\':4}','{\'ward\':5,\'fireburst\':4}','{\'archer\':1,\'pikeman\':6,\'cavalier\':1}',9,205,0,0,1,1,146,'{\'rally\':60,\'setPosition\':58,\'preparedPosition\':28}','{\'fireburst\':1,\'mend\':1,\'fieldRepair\':1,\'ward\':1,\'flare\':1}',{"leaguePike":1},6,118
77,river_ford,league,baseline,draw,round-limit,30,0,4,0,7,184,'{\'rally\':94,\'setPosition\':86,\'arcBurst\':2,\'preparedPosition\':2}','{\'fireburst\':1,\'fieldRepair\':1,\'ward\':1,\'mend\':1,\'flare\':1}','{\'leaguePike\':3,\'pavise\':2,\'relicWalker\':1,\'coil\':1}',8,190,0,0,4,8,28,'{\'rally\':17,\'brace\':9,\'focusedShot\':2}','{\'ward\':4,\'fireburst\':3,\'mend\':4}','{\'archer\':2,\'pikeman\':6}',7,141
77,river_ford,baseline,league,draw,round-limit,30,1,2,0,9,54,'{\'rally\':42,\'brace\':12}','{\'mend\':1,\'fireburst\':1}','{\'pikeman\':6,\'archer\':3}',7,161,0,0,2,1,144,'{\'rally\':59,\'setPosition\':57,\'preparedPosition\':28}','{\'fireburst\':1,\'flare\':2,\'mend\':2,\'fieldRepair\':1}',{"pavise":1},6,125
78,river_ford,league,baseline,draw,round-limit,30,1,3,2,6,184,'{\'rally\':100,\'setPosition\':76,\'preparedPosition\':8}','{\'fireburst\':2,\'ward\':2,\'fieldRepair\':1}','{\'leaguePike\':4,\'coil\':2}',8,171,0,3,2,10,31,'{\'rally\':17,\'brace\':7,\'focusedShot\':5,\'charge\':1,\'secondWind\':1}','{\'fireburst\':7,\'ward\':4,\'mend\':2}','{\'pikeman\':7,\'archer\':1,\'cavalier\':2}',9,211
78,river_ford,baseline,league,draw,round-limit,30,1,1,0,8,50,'{\'rally\':32,\'brace\':18}','{\'fireburst\':2,\'ward\':2,\'mend\':1}','{\'pikeman\':6,\'archer\':2}',7,165,0,0,1,1,146,'{\'rally\':60,\'setPosition\':58,\'preparedPosition\':28}','{\'fireburst\':1,\'ward\':5,\'mend\':1,\'fieldRepair\':1}',{"leaguePike":1},6,110
79,river_ford,league,baseline,draw,round-limit,30,0,4,3,7,215,'{\'rally\':108,\'setPosition\':104,\'preparedPosition\':3}',{"ward":1},'{\'leaguePike\':4,\'coil\':2,\'pavise\':1}',8,187,0,3,4,11,17,'{\'rally\':9,\'brace\':2,\'charge\':3,\'secondWind\':3}','{\'mend\':6,\'ward\':3,\'fireburst\':1}','{\'cavalier\':3,\'pikeman\':6,\'archer\':2}',7,160
79,river_ford,baseline,league,draw,round-limit,30,1,3,0,14,48,'{\'rally\':34,\'brace\':12,\'charge\':1,\'secondWind\':1}','{\'ward\':3,\'mend\':2,\'fireburst\':4}','{\'archer\':3,\'pikeman\':11}',6,141,0,0,3,1,148,'{\'setPosition\':60,\'rally\':60,\'preparedPosition\':28}','{\'flare\':2,\'mend\':1,\'fieldRepair\':1}',{"pavise":1},6,137
80,river_ford,league,baseline,draw,round-limit,30,0,3,6,6,196,'{\'rally\':91,\'setPosition\':87,\'preparedPosition\':18}','{\'fireburst\':2,\'fieldRepair\':3,\'ward\':2}','{\'leaguePike\':3,\'pavise\':1,\'coil\':2}',8,186,0,6,3,14,27,'{\'rally\':17,\'brace\':3,\'charge\':3,\'secondWind\':4}','{\'fireburst\':4,\'ward\':4,\'mend\':2}','{\'pikeman\':10,\'archer\':2,\'cavalier\':2}',7,163
80,river_ford,baseline,league,draw,round-limit,30,1,3,0,9,46,'{\'rally\':29,\'brace\':15,\'secondWind\':2}','{\'fireburst\':5,\'mend\':2,\'ward\':4}','{\'pikeman\':6,\'archer\':3}',6,142,0,0,3,1,148,'{\'setPosition\':60,\'rally\':60,\'preparedPosition\':28}','{\'mend\':3,\'fieldRepair\':2}',{"pavise":1},6,137
81,river_ford,league,baseline,draw,round-limit,30,0,9,2,12,149,'{\'rally\':76,\'setPosition\':63,\'preparedPosition\':10}','{\'ward\':2,\'mend\':1,\'fireburst\':1}','{\'leaguePike\':1,\'pavise\':4,\'coil\':7}',9,198,0,2,8,14,33,'{\'rally\':26,\'brace\':3,\'focusedShot\':4}','{\'fireburst\':6,\'ward\':4,\'mend\':3}','{\'pikeman\':12,\'archer\':2}',6,155
81,river_ford,baseline,league,draw,round-limit,30,1,4,0,11,45,'{\'rally\':28,\'brace\':15,\'charge\':1,\'secondWind\':1}',{"fireburst":3},'{\'archer\':3,\'pikeman\':7,\'cavalier\':1}',7,165,0,0,4,1,146,'{\'rally\':60,\'setPosition\':58,\'preparedPosition\':28}','{\'ward\':2,\'fieldRepair\':3,\'flare\':1,\'mend\':2}',{"leaguePike":1},6,134
82,river_ford,league,baseline,draw,round-limit,30,0,4,5,5,152,'{\'rally\':67,\'setPosition\':63,\'preparedPosition\':22}','{\'fireburst\':2,\'ward\':1,\'fieldRepair\':2}','{\'leaguePike\':2,\'pavise\':1,\'coil\':2}',6,128,0,5,4,10,45,'{\'rally\':24,\'brace\':15,\'secondWind\':3,\'focusedShot\':1,\'charge\':2}','{\'fireburst\':2,\'ward\':1,\'mend\':2}','{\'pikeman\':8,\'cavalier\':1,\'archer\':1}',7,164
82,river_ford,baseline,league,draw,round-limit,30,0,3,0,10,44,'{\'rally\':29,\'brace\':7,\'charge\':4,\'secondWind\':4}','{\'fireburst\':4,\'ward\':4,\'mend\':3}','{\'pikeman\':7,\'archer\':3}',8,176,0,0,3,1,149,'{\'setPosition\':60,\'rally\':60,\'preparedPosition\':29}','{\'ward\':1,\'fieldRepair\':2}',{"pavise":1},6,137
83,river_ford,league,baseline,draw,round-limit,30,0,3,4,7,214,'{\'rally\':104,\'setPosition\':98,\'preparedPosition\':12}','{\'mend\':1,\'fieldRepair\':2,\'ward\':1,\'fireburst\':1}','{\'leaguePike\':3,\'coil\':3,\'pavise\':1}',9,218,0,4,3,16,29,'{\'rally\':18,\'brace\':3,\'focusedShot\':3,\'charge\':1,\'secondWind\':4}','{\'fireburst\':4,\'ward\':5,\'mend\':6}','{\'pikeman\':12,\'archer\':2,\'cavalier\':2}',6,155
83,river_ford,baseline,league,draw,round-limit,30,1,3,0,10,57,'{\'rally\':39,\'brace\':16,\'charge\':1,\'secondWind\':1}','{\'ward\':2,\'fireburst\':2,\'mend\':1}','{\'archer\':3,\'pikeman\':6,\'cavalier\':1}',7,177,0,0,3,1,145,'{\'rally\':60,\'setPosition\':58,\'preparedPosition\':27}','{\'fireburst\':2,\'ward\':1,\'mend\':1,\'fieldRepair\':1}',{"leaguePike":1},6,125
84,river_ford,league,baseline,draw,round-limit,30,0,6,3,9,205,'{\'rally\':106,\'setPosition\':94,\'preparedPosition\':5}','{\'fireburst\':1,\'flare\':2,\'mend\':4,\'ward\':1}','{\'leaguePike\':2,\'pavise\':2,\'coil\':5}',8,175,0,3,6,10,20,'{\'rally\':16,\'brace\':2,\'focusedShot\':1,\'charge\':1}','{\'fireburst\':5,\'mend\':6,\'ward\':5}','{\'pikeman\':7,\'archer\':2,\'cavalier\':1}',7,174
84,river_ford,baseline,league,draw,round-limit,30,1,3,0,10,59,'{\'rally\':36,\'brace\':18,\'secondWind\':5}','{\'ward\':3,\'fireburst\':3,\'mend\':3}','{\'pikeman\':6,\'archer\':2,\'cavalier\':2}',7,164,0,0,2,1,147,'{\'rally\':60,\'setPosition\':58,\'preparedPosition\':29}','{\'fireburst\':3,\'ward\':2,\'fieldRepair\':2,\'flare\':3}',{"leaguePike":1},6,113
85,river_ford,league,baseline,draw,round-limit,30,0,3,3,6,199,'{\'rally\':90,\'setPosition\':87,\'preparedPosition\':22}','{\'fireburst\':4,\'fieldRepair\':1,\'ward\':2,\'mend\':2,\'flare\':1}','{\'leaguePike\':2,\'pavise\':1,\'coil\':3}',8,158,0,4,3,14,43,'{\'rally\':28,\'brace\':7,\'secondWind\':7,\'charge\':1}','{\'fireburst\':5,\'mend\':3}','{\'pikeman\':10,\'archer\':3,\'cavalier\':1}',7,161
85,river_ford,baseline,league,draw,round-limit,30,1,4,0,13,33,'{\'rally\':23,\'brace\':10}','{\'ward\':3,\'fireburst\':4,\'mend\':2}','{\'pikeman\':10,\'archer\':3}',8,180,0,0,4,1,146,'{\'rally\':60,\'setPosition\':58,\'preparedPosition\':28}','{\'fireburst\':2,\'ward\':2,\'mend\':2,\'fieldRepair\':2,\'flare\':1}',{"leaguePike":1},6,127
86,river_ford,league,baseline,draw,round-limit,30,0,3,5,7,210,'{\'rally\':100,\'setPosition\':89,\'preparedPosition\':21}',{"flare":1},'{\'leaguePike\':1,\'pavise\':2,\'coil\':4}',9,208,0,5,3,17,36,'{\'rally\':25,\'brace\':6,\'charge\':3,\'secondWind\':2}','{\'fireburst\':2,\'mend\':2,\'ward\':2}','{\'pikeman\':13,\'archer\':2,\'cavalier\':2}',7,154
86,river_ford,baseline,league,draw,round-limit,30,1,2,0,9,54,'{\'rally\':31,\'brace\':19,\'secondWind\':3,\'charge\':1}','{\'fireburst\':2,\'ward\':1}','{\'archer\':3,\'pikeman\':6}',7,133,0,0,2,1,148,'{\'setPosition\':60,\'rally\':60,\'preparedPosition\':28}','{\'fireburst\':1,\'fieldRepair\':2}',{"pavise":1},6,135
87,river_ford,league,baseline,draw,round-limit,30,0,3,2,6,211,'{\'rally\':98,\'setPosition\':87,\'preparedPosition\':26}','{\'fireburst\':1,\'flare\':2,\'fieldRepair\':2}','{\'leaguePike\':2,\'pavise\':1,\'coil\':3}',8,176,0,2,3,8,49,'{\'rally\':28,\'brace\':20,\'secondWind\':1}','{\'fireburst\':3,\'mend\':4,\'ward\':2}','{\'pikeman\':4,\'archer\':3,\'cavalier\':1}',8,185
87,river_ford,baseline,league,draw,round-limit,30,1,3,2,10,42,'{\'rally\':29,\'brace\':12,\'secondWind\':1}','{\'ward\':4,\'mend\':4,\'fireburst\':5}','{\'archer\':4,\'pikeman\':6}',7,160,0,2,3,3,137,'{\'rally\':57,\'setPosition\':54,\'preparedPosition\':26}','{\'fireburst\':1,\'ward\':1,\'fieldRepair\':3,\'flare\':2}','{\'leaguePike\':1,\'pavise\':1,\'coil\':1}',6,132
88,river_ford,league,baseline,draw,round-limit,30,0,1,5,4,214,'{\'rally\':95,\'setPosition\':91,\'preparedPosition\':28}','{\'ward\':2,\'fireburst\':2,\'fieldRepair\':2,\'flare\':1}','{\'leaguePike\':1,\'pavise\':2,\'coil\':1}',8,172,0,5,1,14,37,'{\'rally\':22,\'brace\':8,\'secondWind\':5,\'charge\':2}','{\'mend\':5,\'ward\':5,\'fireburst\':3}','{\'pikeman\':11,\'cavalier\':1,\'archer\':2}',8,179
88,river_ford,baseline,league,draw,round-limit,30,1,2,2,8,41,'{\'rally\':24,\'brace\':14,\'secondWind\':2,\'charge\':1}','{\'fireburst\':1,\'mend\':6,\'ward\':1}','{\'archer\':1,\'pikeman\':6,\'cavalier\':1}',8,178,0,2,2,3,146,'{\'rally\':60,\'setPosition\':57,\'preparedPosition\':29}','{\'fireburst\':1,\'fieldRepair\':2,\'flare\':1,\'mend\':2}','{\'leaguePike\':1,\'pavise\':1,\'coil\':1}',6,136
89,river_ford,league,baseline,draw,round-limit,30,0,1,6,4,217,'{\'rally\':97,\'setPosition\':94,\'preparedPosition\':26}','{\'fireburst\':4,\'flare\':3,\'mend\':1,\'fieldRepair\':2}','{\'leaguePike\':3,\'coil\':1}',8,176,0,7,1,12,37,'{\'rally\':22,\'focusedShot\':1,\'brace\':8,\'secondWind\':4,\'charge\':2}','{\'ward\':10,\'mend\':1,\'fireburst\':1}','{\'pikeman\':8,\'archer\':3,\'cavalier\':1}',6,144
89,river_ford,baseline,league,draw,round-limit,30,1,6,0,20,39,'{\'rally\':28,\'brace\':9,\'secondWind\':2}','{\'ward\':9,\'mend\':3,\'fireburst\':4}','{\'archer\':3,\'pikeman\':15,\'cavalier\':2}',7,146,0,0,6,1,146,'{\'rally\':60,\'setPosition\':58,\'preparedPosition\':28}','{\'fireburst\':1,\'flare\':3,\'mend\':2,\'fieldRepair\':1}',{"leaguePike":1},6,136
90,river_ford,league,baseline,draw,round-limit,30,0,8,3,12,108,'{\'rally\':58,\'setPosition\':41,\'preparedPosition\':9}','{\'ward\':1,\'flare\':1,\'fireburst\':1,\'mend\':3,\'fieldRepair\':3}','{\'leaguePike\':2,\'pavise\':3,\'coil\':7}',9,194,0,4,8,14,35,'{\'rally\':19,\'brace\':6,\'focusedShot\':6,\'secondWind\':4}','{\'fireburst\':3,\'mend\':1,\'ward\':5}','{\'pikeman\':10,\'archer\':3,\'cavalier\':1}',8,184
90,river_ford,baseline,league,draw,round-limit,30,1,3,0,13,31,'{\'rally\':20,\'brace\':9,\'secondWind\':2}','{\'ward\':5,\'mend\':2,\'fireburst\':1}','{\'pikeman\':7,\'archer\':6}',6,136,0,0,3,1,146,'{\'rally\':60,\'setPosition\':58,\'preparedPosition\':28}','{\'ward\':1,\'mend\':1,\'fieldRepair\':2}',{"leaguePike":1},6,125
91,river_ford,league,baseline,draw,round-limit,30,0,1,6,4,215,'{\'rally\':95,\'setPosition\':92,\'preparedPosition\':28}','{\'fireburst\':2,\'flare\':1,\'mend\':1}','{\'leaguePike\':3,\'coil\':1}',8,170,0,6,1,16,36,'{\'rally\':22,\'brace\':9,\'secondWind\':5}','{\'fireburst\':6,\'ward\':3,\'mend\':3}','{\'pikeman\':12,\'archer\':2,\'cavalier\':2}',7,151
91,river_ford,baseline,league,draw,round-limit,30,0,3,1,9,55,'{\'rally\':35,\'brace\':17,\'secondWind\':3}','{\'fireburst\':1,\'ward\':1,\'mend\':1}','{\'pikeman\':6,\'archer\':1,\'cavalier\':2}',8,164,0,1,3,2,147,'{\'setPosition\':59,\'rally\':59,\'preparedPosition\':29}','{\'fireburst\':1,\'ward\':2,\'flare\':3,\'mend\':1,\'fieldRepair\':3}',{"pavise":2},6,135
92,river_ford,league,baseline,draw,round-limit,30,0,1,1,4,219,'{\'rally\':97,\'setPosition\':94,\'preparedPosition\':28}','{\'mend\':1,\'flare\':2,\'fieldRepair\':1,\'fireburst\':1}','{\'leaguePike\':2,\'pavise\':1,\'coil\':1}',8,178,0,1,1,9,45,'{\'rally\':32,\'brace\':12,\'secondWind\':1}','{\'fireburst\':3,\'ward\':3,\'mend\':3}','{\'pikeman\':6,\'archer\':2,\'cavalier\':1}',7,167
92,river_ford,baseline,league,draw,round-limit,30,1,3,0,10,42,'{\'rally\':26,\'brace\':16}','{\'ward\':7,\'mend\':4,\'fireburst\':2}','{\'archer\':3,\'pikeman\':7}',8,193,0,0,3,1,148,'{\'setPosition\':60,\'rally\':60,\'preparedPosition\':28}','{\'flare\':2,\'fieldRepair\':1,\'ward\':1}',{"pavise":1},6,135
93,river_ford,league,baseline,draw,round-limit,30,0,2,5,5,226,'{\'rally\':103,\'setPosition\':98,\'preparedPosition\':25}',{"fieldRepair":2},'{\'leaguePike\':2,\'pavise\':1,\'coil\':2}',8,183,0,5,1,14,38,'{\'rally\':20,\'brace\':10,\'focusedShot\':1,\'secondWind\':4,\'charge\':3}','{\'fireburst\':2,\'ward\':5,\'mend\':1}','{\'pikeman\':8,\'cavalier\':3,\'archer\':3}',7,158
93,river_ford,baseline,league,draw,round-limit,30,1,5,0,12,39,'{\'rally\':26,\'brace\':8,\'charge\':2,\'secondWind\':3}','{\'ward\':3,\'mend\':3}','{\'archer\':4,\'pikeman\':7,\'cavalier\':1}',8,187,0,0,5,1,148,'{\'setPosition\':60,\'rally\':60,\'preparedPosition\':28}','{\'fireburst\':1,\'ward\':3,\'flare\':2,\'fieldRepair\':1}',{"pavise":1},6,133
94,river_ford,league,baseline,draw,round-limit,30,0,1,1,4,204,'{\'rally\':92,\'setPosition\':83,\'preparedPosition\':29}','{\'ward\':2,\'flare\':1,\'mend\':1,\'fieldRepair\':1}','{\'leaguePike\':2,\'pavise\':1,\'coil\':1}',8,169,0,1,1,8,54,'{\'rally\':35,\'focusedShot\':1,\'brace\':18}','{\'fireburst\':2,\'mend\':3,\'ward\':1}','{\'pikeman\':7,\'archer\':1}',8,161
94,river_ford,baseline,league,draw,round-limit,30,1,4,0,13,43,'{\'rally\':26,\'brace\':13,\'charge\':3,\'secondWind\':1}','{\'fireburst\':6,\'ward\':7,\'mend\':3}','{\'archer\':1,\'pikeman\':9,\'cavalier\':3}',8,145,0,0,4,1,148,'{\'setPosition\':60,\'rally\':60,\'preparedPosition\':28}','{\'ward\':1,\'fieldRepair\':2,\'flare\':1}',{"pavise":1},6,133
95,river_ford,league,baseline,draw,round-limit,30,0,1,9,5,227,'{\'rally\':104,\'setPosition\':100,\'preparedPosition\':23}','{\'flare\':1,\'mend\':2,\'ward\':1}','{\'leaguePike\':1,\'pavise\':2,\'coil\':2}',9,205,0,9,1,15,30,'{\'rally\':19,\'charge\':3,\'secondWind\':2,\'brace\':6}','{\'ward\':3,\'mend\':1,\'fireburst\':2}','{\'pikeman\':11,\'archer\':3,\'cavalier\':1}',7,163
95,river_ford,baseline,league,draw,round-limit,30,1,3,0,8,52,'{\'rally\':28,\'brace\':16,\'secondWind\':6,\'charge\':2}','{\'ward\':6,\'fireburst\':1,\'mend\':1}','{\'archer\':1,\'pikeman\':6,\'cavalier\':1}',8,148,0,0,3,1,148,'{\'setPosition\':60,\'rally\':60,\'preparedPosition\':28}','{\'flare\':1,\'fieldRepair\':1}',{"pavise":1},6,131
96,river_ford,league,baseline,draw,round-limit,30,0,1,2,5,222,'{\'rally\':104,\'setPosition\':98,\'preparedPosition\':14,\'arcBurst\':6}','{\'ward\':2,\'flare\':3,\'mend\':2,\'fieldRepair\':2,\'fireburst\':1}','{\'leaguePike\':2,\'pavise\':1,\'relicWalker\':1,\'coil\':1}',9,205,0,2,1,10,35,'{\'rally\':29,\'brace\':5,\'secondWind\':1}','{\'ward\':2,\'fireburst\':4,\'mend\':3}','{\'pikeman\':7,\'archer\':3}',8,186
96,river_ford,baseline,league,draw,round-limit,30,1,1,0,13,47,'{\'rally\':35,\'brace\':9,\'charge\':1,\'secondWind\':2}','{\'ward\':11,\'fireburst\':2,\'mend\':5}','{\'pikeman\':12,\'archer\':1}',8,171,0,0,1,1,148,'{\'setPosition\':60,\'rally\':60,\'preparedPosition\':28}','{\'fireburst\':1,\'flare\':1,\'ward\':2,\'mend\':3,\'fieldRepair\':1}',{"pavise":1},6,137
97,river_ford,league,baseline,draw,round-limit,30,1,4,6,7,149,'{\'rally\':71,\'setPosition\':59,\'preparedPosition\':19}','{\'fireburst\':3,\'mend\':1,\'ward\':2}','{\'leaguePike\':2,\'pavise\':1,\'coil\':4}',8,186,0,6,4,16,55,'{\'rally\':27,\'brace\':14,\'charge\':3,\'secondWind\':6,\'focusedShot\':5}','{\'fireburst\':2,\'mend\':4,\'ward\':7}','{\'pikeman\':10,\'archer\':5,\'cavalier\':1}',7,145
97,river_ford,baseline,league,draw,round-limit,30,1,2,1,11,35,'{\'rally\':22,\'brace\':13}','{\'fireburst\':1,\'mend\':2,\'ward\':2}','{\'pikeman\':8,\'archer\':3}',6,131,0,1,2,2,147,'{\'setPosition\':59,\'rally\':59,\'preparedPosition\':29}','{\'ward\':1,\'mend\':2,\'fieldRepair\':3}',{"pavise":2},6,138
98,river_ford,league,baseline,draw,round-limit,30,0,1,5,4,194,'{\'rally\':87,\'setPosition\':81,\'preparedPosition\':26}','{\'fireburst\':2,\'flare\':2,\'fieldRepair\':2}','{\'leaguePike\':1,\'pavise\':1,\'coil\':2}',8,178,0,5,0,12,44,'{\'rally\':27,\'brace\':10,\'focusedShot\':1,\'secondWind\':5,\'charge\':1}','{\'ward\':5,\'fireburst\':3,\'mend\':4}','{\'cavalier\':2,\'archer\':3,\'pikeman\':7}',7,168
98,river_ford,baseline,league,draw,round-limit,30,2,7,0,14,33,'{\'rally\':19,\'brace\':9,\'charge\':3,\'secondWind\':2}','{\'ward\':3,\'fireburst\':1,\'mend\':1}','{\'archer\':4,\'pikeman\':6,\'cavalier\':4}',7,156,0,0,7,1,147,'{\'setPosition\':60,\'rally\':60,\'preparedPosition\':27}','{\'flare\':4,\'ward\':1,\'fieldRepair\':1,\'fireburst\':1}',{"pavise":1},6,134
99,river_ford,league,baseline,draw,round-limit,30,0,2,3,5,221,'{\'rally\':100,\'setPosition\':97,\'preparedPosition\':24}','{\'fieldRepair\':2,\'mend\':1,\'ward\':1,\'fireburst\':1,\'flare\':2}','{\'leaguePike\':2,\'pavise\':1,\'coil\':2}',8,184,0,3,2,12,35,'{\'rally\':23,\'brace\':9,\'focusedShot\':1,\'charge\':1,\'secondWind\':1}','{\'fireburst\':2,\'ward\':3,\'mend\':4}','{\'pikeman\':9,\'archer\':3}',7,172
99,river_ford,baseline,league,draw,round-limit,30,1,0,1,7,51,'{\'rally\':30,\'brace\':21}','{\'fireburst\':3,\'mend\':1}','{\'pikeman\':5,\'archer\':1,\'cavalier\':1}',8,177,0,1,0,2,146,'{\'setPosition\':59,\'rally\':60,\'preparedPosition\':27}','{\'ward\':2,\'mend\':1,\'fieldRepair\':1}',{"pavise":2},6,135
100,river_ford,league,baseline,draw,round-limit,30,0,2,1,6,219,'{\'rally\':105,\'setPosition\':101,\'preparedPosition\':13}','{\'fireburst\':2,\'mend\':3,\'fieldRepair\':1}','{\'leaguePike\':2,\'pavise\':2,\'coil\':2}',9,200,0,1,2,9,30,'{\'rally\':20,\'charge\':1,\'brace\':9}','{\'ward\':1,\'mend\':2,\'fireburst\':1}','{\'cavalier\':1,\'pikeman\':6,\'archer\':2}',7,163
100,river_ford,baseline,league,draw,round-limit,30,1,3,1,9,47,'{\'rally\':32,\'charge\':1,\'brace\':13,\'secondWind\':1}','{\'fireburst\':3,\'mend\':4,\'ward\':1}','{\'pikeman\':6,\'archer\':1,\'cavalier\':2}',9,202,0,1,3,2,143,'{\'rally\':59,\'setPosition\':57,\'preparedPosition\':27}','{\'fireburst\':1,\'mend\':1,\'fieldRepair\':2,\'ward\':1,\'flare\':1}',{"pavise":2},6,127
1,river_ford,league-heuristic,baseline,draw,round-limit,30,1,8,2,19,79,'{\'rally\':52,\'brace\':27}','{\'fireburst\':1,\'ward\':1,\'mend\':1}','{\'leaguePike\':9,\'coil\':4,\'sapper\':3,\'pavise\':3}',7,167,0,2,7,10,40,'{\'rally\':19,\'secondWind\':2,\'focusedShot\':10,\'brace\':9}','{\'fireburst\':7,\'ward\':5,\'mend\':4}','{\'pikeman\':7,\'archer\':2,\'cavalier\':1}',8,142
1,river_ford,baseline,league-heuristic,draw,round-limit,30,1,3,3,10,54,'{\'rally\':32,\'brace\':13,\'secondWind\':5,\'focusedShot\':2,\'charge\':2}','{\'fireburst\':2,\'ward\':3,\'mend\':1}','{\'pikeman\':6,\'archer\':2,\'cavalier\':2}',8,174,0,3,2,12,53,'{\'rally\':32,\'focusedShot\':7,\'brace\':14}','{\'ward\':3,\'mend\':4,\'fireburst\':2}','{\'pavise\':4,\'leaguePike\':3,\'coil\':4,\'relicWalker\':1}',9,222
2,river_ford,league-heuristic,baseline,draw,round-limit,30,1,0,2,7,65,'{\'rally\':43,\'brace\':22}','{\'ward\':3,\'fireburst\':1}','{\'pavise\':4,\'leaguePike\':2,\'coil\':1}',8,170,0,2,0,10,32,'{\'rally\':21,\'brace\':9,\'charge\':1,\'secondWind\':1}','{\'ward\':8,\'fireburst\':4,\'mend\':4}','{\'pikeman\':7,\'archer\':3}',8,192
2,river_ford,baseline,league-heuristic,draw,round-limit,30,1,2,4,9,61,'{\'rally\':31,\'brace\':15,\'secondWind\':4,\'focusedShot\':8,\'charge\':3}','{\'fireburst\':2,\'ward\':2}','{\'pikeman\':6,\'archer\':1,\'cavalier\':2}',8,159,0,4,2,12,66,'{\'rally\':39,\'focusedShot\':6,\'brace\':21}','{\'fireburst\':2,\'ward\':6,\'mend\':3}','{\'leaguePike\':3,\'pavise\':4,\'coil\':4,\'sapper\':1}',8,186
3,river_ford,league-heuristic,baseline,draw,round-limit,30,1,3,2,10,71,'{\'rally\':46,\'brace\':25}','{\'fireburst\':1,\'mend\':2}','{\'pavise\':4,\'leaguePike\':3,\'sapper\':1,\'coil\':2}',8,182,1,2,3,10,37,'{\'rally\':18,\'charge\':3,\'secondWind\':8,\'brace\':6,\'focusedShot\':2}','{\'fireburst\':3,\'mend\':8,\'ward\':2}','{\'pikeman\':5,\'archer\':3,\'cavalier\':2}',8,141
3,river_ford,baseline,league-heuristic,draw,round-limit,30,2,4,5,10,58,'{\'rally\':31,\'focusedShot\':7,\'secondWind\':7,\'brace\':13}','{\'fireburst\':3,\'ward\':3,\'mend\':2}','{\'archer\':2,\'pikeman\':7,\'cavalier\':1}',9,199,0,5,3,12,71,'{\'rally\':38,\'focusedShot\':10,\'brace\':23}','{\'fireburst\':3,\'ward\':1,\'mend\':1}','{\'leaguePike\':4,\'sapper\':2,\'coil\':4,\'pavise\':1,\'relicWalker\':1}',9,207
4,river_ford,league-heuristic,baseline,draw,round-limit,30,1,4,5,10,59,'{\'rally\':38,\'brace\':21}','{\'fireburst\':1,\'mend\':1,\'ward\':1}','{\'pavise\':3,\'leaguePike\':3,\'coil\':2,\'relicWalker\':1,\'sapper\':1}',8,200,0,5,4,16,27,'{\'rally\':17,\'charge\':2,\'brace\':4,\'focusedShot\':2,\'secondWind\':2}','{\'ward\':4,\'mend\':1,\'fireburst\':2}','{\'pikeman\':9,\'archer\':5,\'cavalier\':2}',7,180
4,river_ford,baseline,league-heuristic,draw,round-limit,30,1,4,2,13,69,'{\'rally\':38,\'brace\':22,\'focusedShot\':6,\'secondWind\':2,\'charge\':1}','{\'ward\':7,\'fireburst\':7,\'mend\':3}','{\'archer\':4,\'pikeman\':9}',6,139,0,5,4,13,86,'{\'rally\':55,\'focusedShot\':7,\'brace\':24}','{\'fireburst\':3,\'mend\':3,\'ward\':1}','{\'leaguePike\':5,\'coil\':5,\'pavise\':3}',6,135
5,river_ford,league-heuristic,baseline,draw,round-limit,30,1,1,2,8,52,'{\'rally\':35,\'brace\':17}','{\'ward\':2,\'mend\':1}','{\'pavise\':4,\'leaguePike\':2,\'sapper\':1,\'coil\':1}',8,185,0,2,1,9,24,'{\'rally\':18,\'charge\':1,\'brace\':5}','{\'fireburst\':6,\'mend\':3,\'ward\':1}','{\'pikeman\':7,\'cavalier\':1,\'archer\':1}',7,173
5,river_ford,baseline,league-heuristic,draw,round-limit,30,0,2,1,10,49,'{\'rally\':33,\'brace\':15,\'secondWind\':1}','{\'fireburst\':4,\'mend\':1,\'ward\':1}','{\'pikeman\':6,\'archer\':4}',8,192,0,2,2,8,58,'{\'rally\':37,\'focusedShot\':3,\'brace\':18}',{"ward":5},'{\'pavise\':4,\'leaguePike\':1,\'coil\':2,\'sapper\':1}',9,163
6,river_ford,league-heuristic,baseline,draw,round-limit,30,1,0,2,7,54,'{\'rally\':36,\'brace\':18}',{"mend":1},'{\'pavise\':2,\'leaguePike\':3,\'coil\':2}',8,191,0,2,0,9,37,'{\'rally\':21,\'charge\':1,\'focusedShot\':3,\'secondWind\':2,\'brace\':10}','{\'fireburst\':3,\'mend\':2,\'ward\':3}','{\'pikeman\':7,\'archer\':2}',7,182
6,river_ford,baseline,league-heuristic,draw,round-limit,30,2,3,6,10,62,'{\'rally\':35,\'brace\':19,\'secondWind\':2,\'focusedShot\':5,\'charge\':1}','{\'fireburst\':2,\'mend\':1,\'ward\':1}','{\'archer\':3,\'pikeman\':6,\'cavalier\':1}',6,149,0,6,2,14,55,'{\'rally\':32,\'focusedShot\':5,\'brace\':18}','{\'ward\':3,\'mend\':2,\'fireburst\':2}','{\'pavise\':3,\'leaguePike\':4,\'coil\':5,\'sapper\':2}',8,170
7,river_ford,league-heuristic,baseline,draw,round-limit,30,1,0,2,8,45,'{\'rally\':34,\'brace\':11}',{"ward":3},'{\'leaguePike\':4,\'pavise\':2,\'coil\':2}',7,181,0,2,0,10,20,'{\'rally\':16,\'charge\':1,\'brace\':3}','{\'fireburst\':4,\'ward\':1,\'mend\':4}','{\'pikeman\':7,\'archer\':2,\'cavalier\':1}',8,207
7,river_ford,baseline,league-heuristic,draw,round-limit,30,1,3,1,9,71,'{\'rally\':45,\'brace\':21,\'secondWind\':5}','{\'ward\':3,\'fireburst\':3,\'mend\':1}','{\'pikeman\':7,\'archer\':1,\'cavalier\':1}',8,161,0,2,2,9,85,'{\'rally\':53,\'focusedShot\':6,\'brace\':26}','{\'fireburst\':5,\'mend\':1}','{\'leaguePike\':6,\'pavise\':1,\'sapper\':1,\'coil\':1}',8,192
8,river_ford,league-heuristic,baseline,draw,round-limit,30,1,0,5,7,54,'{\'rally\':33,\'brace\':14,\'focusedShot\':7}','{\'fireburst\':2,\'ward\':2,\'mend\':2}','{\'leaguePike\':5,\'pavise\':1,\'sapper\':1}',8,187,0,5,0,12,22,'{\'rally\':18,\'charge\':1,\'secondWind\':3}','{\'fireburst\':4,\'mend\':4}','{\'pikeman\':6,\'archer\':2,\'cavalier\':4}',7,183
8,river_ford,baseline,league-heuristic,draw,round-limit,30,1,2,2,9,48,'{\'rally\':25,\'brace\':11,\'secondWind\':10,\'charge\':2}','{\'fireburst\':4,\'ward\':2,\'mend\':3}','{\'pikeman\':6,\'cavalier\':2,\'archer\':1}',9,176,0,3,2,11,56,'{\'rally\':33,\'focusedShot\':8,\'brace\':15}','{\'ward\':3,\'fireburst\':2}','{\'pavise\':3,\'leaguePike\':3,\'coil\':4,\'sapper\':1}',8,176
9,river_ford,league-heuristic,baseline,draw,round-limit,30,1,0,1,7,37,'{\'rally\':26,\'brace\':11}','{\'ward\':3,\'fireburst\':2,\'mend\':2}','{\'pavise\':3,\'leaguePike\':3,\'coil\':1}',8,198,0,1,0,9,29,'{\'rally\':22,\'brace\':6,\'secondWind\':1}','{\'ward\':6,\'fireburst\':1,\'mend\':3}','{\'pikeman\':7,\'archer\':2}',7,174
9,river_ford,baseline,league-heuristic,draw,round-limit,30,1,6,4,12,52,'{\'rally\':28,\'brace\':14,\'secondWind\':6,\'charge\':2,\'focusedShot\':2}','{\'fireburst\':3,\'ward\':3,\'mend\':1}','{\'pikeman\':7,\'archer\':2,\'cavalier\':3}',6,165,0,4,6,12,57,'{\'rally\':27,\'focusedShot\':17,\'brace\':13}',{"fireburst":3},'{\'pavise\':3,\'leaguePike\':5,\'coil\':3,\'sapper\':1}',8,172
10,river_ford,league-heuristic,baseline,draw,round-limit,30,0,0,4,8,72,'{\'rally\':46,\'brace\':26}','{\'fireburst\':5,\'ward\':2,\'mend\':2}','{\'leaguePike\':4,\'pavise\':3,\'coil\':1}',7,163,0,4,0,12,38,'{\'rally\':21,\'charge\':1,\'secondWind\':1,\'brace\':9,\'focusedShot\':6}','{\'fireburst\':5,\'mend\':4,\'ward\':2}','{\'archer\':5,\'pikeman\':7}',6,132
10,river_ford,baseline,league-heuristic,draw,round-limit,30,2,0,2,7,51,'{\'rally\':28,\'brace\':14,\'focusedShot\':3,\'secondWind\':4,\'charge\':2}','{\'fireburst\':3,\'mend\':3,\'ward\':1}','{\'pikeman\':6,\'archer\':1}',8,173,0,3,0,10,49,'{\'rally\':34,\'focusedShot\':4,\'brace\':11}','{\'ward\':2,\'fireburst\':1}','{\'pavise\':3,\'leaguePike\':2,\'coil\':3,\'sapper\':1,\'relicWalker\':1}',7,155
11,river_ford,league-heuristic,baseline,draw,round-limit,30,1,5,5,13,88,'{\'rally\':54,\'brace\':32,\'focusedShot\':2}',{"fireburst":5},'{\'leaguePike\':5,\'coil\':5,\'sapper\':1,\'relicWalker\':1,\'pavise\':1}',9,185,0,5,5,15,43,'{\'rally\':19,\'charge\':3,\'secondWind\':5,\'focusedShot\':12,\'brace\':4}','{\'fireburst\':6,\'mend\':4,\'ward\':5}','{\'pikeman\':10,\'cavalier\':3,\'archer\':2}',7,140
11,river_ford,baseline,league-heuristic,draw,round-limit,30,1,2,3,14,44,'{\'rally\':31,\'brace\':12,\'secondWind\':1}','{\'ward\':2,\'fireburst\':2,\'mend\':1}','{\'pikeman\':9,\'archer\':5}',6,161,0,4,2,12,52,'{\'rally\':32,\'focusedShot\':3,\'brace\':17}','{\'ward\':2,\'mend\':1,\'fireburst\':2}','{\'leaguePike\':4,\'pavise\':3,\'coil\':4,\'sapper\':1}',8,186
12,river_ford,league-heuristic,baseline,draw,round-limit,30,2,1,3,8,81,'{\'rally\':49,\'brace\':30,\'focusedShot\':2}','{\'fireburst\':4,\'ward\':3}','{\'leaguePike\':5,\'sapper\':1,\'coil\':2}',8,180,1,3,1,10,50,'{\'rally\':21,\'charge\':2,\'focusedShot\':14,\'brace\':10,\'secondWind\':3}','{\'fireburst\':2,\'ward\':3,\'mend\':5}','{\'archer\':2,\'pikeman\':7,\'cavalier\':1}',6,120
12,river_ford,baseline,league-heuristic,draw,round-limit,30,1,4,3,11,19,'{\'rally\':16,\'secondWind\':1,\'brace\':2}','{\'ward\':2,\'mend\':4}','{\'pikeman\':8,\'archer\':2,\'cavalier\':1}',6,166,0,3,4,9,39,'{\'rally\':24,\'focusedShot\':8,\'brace\':7}',{"fireburst":1},'{\'pavise\':4,\'coil\':2,\'leaguePike\':2,\'sapper\':1}',8,184
13,river_ford,league-heuristic,baseline,draw,round-limit,30,1,0,1,7,55,'{\'rally\':46,\'brace\':9}',{"ward":3},'{\'pavise\':3,\'leaguePike\':3,\'sapper\':1}',8,182,0,1,0,8,48,'{\'rally\':22,\'charge\':1,\'brace\':12,\'focusedShot\':13}','{\'ward\':4,\'fireburst\':5}','{\'pikeman\':7,\'cavalier\':1}',8,192
13,river_ford,baseline,league-heuristic,draw,round-limit,30,1,3,5,10,47,'{\'rally\':28,\'brace\':10,\'charge\':1,\'focusedShot\':6,\'secondWind\':2}','{\'fireburst\':3,\'mend\':6,\'ward\':4}','{\'archer\':3,\'pikeman\':7}',8,189,0,6,3,14,61,'{\'rally\':40,\'focusedShot\':3,\'brace\':18}','{\'fireburst\':2,\'ward\':3,\'mend\':1}','{\'leaguePike\':3,\'pavise\':6,\'coil\':3,\'relicWalker\':2}',7,194
14,river_ford,league-heuristic,baseline,draw,round-limit,30,1,2,2,9,65,'{\'rally\':40,\'brace\':21,\'focusedShot\':4}','{\'ward\':5,\'fireburst\':1}','{\'leaguePike\':5,\'coil\':2,\'relicWalker\':1,\'pavise\':1}',8,175,0,2,2,10,53,'{\'rally\':32,\'brace\':20,\'secondWind\':1}','{\'fireburst\':4,\'ward\':6,\'mend\':4}','{\'pikeman\':7,\'archer\':2,\'cavalier\':1}',8,155
14,river_ford,baseline,league-heuristic,draw,round-limit,30,1,4,2,11,44,'{\'rally\':31,\'brace\':11,\'secondWind\':2}','{\'fireburst\':4,\'ward\':2,\'mend\':4}','{\'pikeman\':7,\'archer\':4}',8,161,0,2,4,9,61,'{\'rally\':39,\'focusedShot\':3,\'brace\':19}','{\'ward\':2,\'fireburst\':1}','{\'pavise\':3,\'leaguePike\':4,\'coil\':1,\'sapper\':1}',9,183
15,river_ford,league-heuristic,baseline,draw,round-limit,30,1,3,3,11,50,'{\'rally\':33,\'brace\':17}',{"fireburst":4},'{\'leaguePike\':5,\'coil\':3,\'sapper\':3}',7,173,0,3,3,11,25,'{\'rally\':15,\'brace\':3,\'charge\':3,\'secondWind\':4}','{\'ward\':7,\'mend\':4,\'fireburst\':2}','{\'pikeman\':7,\'archer\':3,\'cavalier\':1}',8,172
15,river_ford,baseline,league-heuristic,draw,round-limit,30,1,1,4,7,50,'{\'rally\':36,\'brace\':14}','{\'ward\':2,\'mend\':2}','{\'pikeman\':6,\'archer\':1}',8,166,0,4,1,12,56,'{\'rally\':32,\'focusedShot\':4,\'brace\':20}','{\'fireburst\':3,\'ward\':2,\'mend\':2}','{\'pavise\':3,\'leaguePike\':3,\'coil\':4,\'sapper\':2}',8,193
16,river_ford,league-heuristic,baseline,draw,round-limit,30,1,2,2,9,76,'{\'rally\':48,\'brace\':28}','{\'fireburst\':2,\'ward\':1,\'mend\':2}','{\'leaguePike\':6,\'coil\':3}',7,165,0,3,2,10,46,'{\'rally\':30,\'charge\':2,\'secondWind\':2,\'brace\':12}','{\'fireburst\':3,\'ward\':4,\'mend\':2}','{\'pikeman\':7,\'archer\':3}',8,170
16,river_ford,baseline,league-heuristic,draw,round-limit,30,1,1,4,9,43,'{\'rally\':27,\'brace\':15,\'secondWind\':1}','{\'ward\':4,\'mend\':1}','{\'pikeman\':6,\'archer\':3}',7,151,0,4,1,12,37,'{\'rally\':26,\'focusedShot\':4,\'brace\':7}','{\'fireburst\':1,\'ward\':1}','{\'pavise\':3,\'leaguePike\':5,\'sapper\':1,\'coil\':3}',8,176
17,river_ford,league-heuristic,baseline,draw,round-limit,30,1,1,2,10,45,'{\'rally\':32,\'brace\':13}','{\'ward\':3,\'mend\':1}','{\'pavise\':3,\'leaguePike\':4,\'coil\':2,\'relicWalker\':1}',8,197,0,2,1,9,36,'{\'rally\':20,\'charge\':2,\'brace\':10,\'secondWind\':2,\'focusedShot\':2}','{\'ward\':2,\'fireburst\':3,\'mend\':2}','{\'pikeman\':6,\'archer\':2,\'cavalier\':1}',7,149
17,river_ford,baseline,league-heuristic,draw,round-limit,30,1,3,3,10,51,'{\'rally\':30,\'brace\':17,\'focusedShot\':1,\'secondWind\':2,\'charge\':1}','{\'fireburst\':4,\'mend\':2}','{\'archer\':3,\'pikeman\':6,\'cavalier\':1}',7,179,0,3,3,12,64,'{\'rally\':42,\'focusedShot\':3,\'brace\':19}','{\'fireburst\':2,\'mend\':2,\'ward\':1}','{\'pavise\':6,\'leaguePike\':6}',7,181
18,river_ford,league-heuristic,baseline,draw,round-limit,30,1,1,2,8,77,'{\'rally\':55,\'brace\':22}','{\'ward\':1,\'fireburst\':1,\'mend\':2}','{\'pavise\':4,\'leaguePike\':3,\'coil\':1}',8,188,0,2,1,10,65,'{\'rally\':30,\'charge\':1,\'focusedShot\':14,\'brace\':20}','{\'ward\':2,\'mend\':3,\'fireburst\':3}','{\'pikeman\':6,\'archer\':3,\'cavalier\':1}',8,197
18,river_ford,baseline,league-heuristic,draw,round-limit,30,2,1,4,11,43,'{\'rally\':28,\'brace\':13,\'secondWind\':2}','{\'fireburst\':4,\'mend\':4,\'ward\':1}','{\'pikeman\':8,\'archer\':3}',7,161,0,5,1,12,58,'{\'rally\':36,\'focusedShot\':4,\'brace\':18}','{\'ward\':1,\'mend\':1}','{\'pavise\':4,\'leaguePike\':4,\'sapper\':2,\'coil\':2}',9,202
19,river_ford,league-heuristic,baseline,draw,round-limit,30,2,0,4,7,76,'{\'rally\':42,\'brace\':25,\'focusedShot\':9}',{"ward":2},'{\'pavise\':3,\'leaguePike\':3,\'coil\':1}',8,185,0,4,0,10,38,'{\'rally\':16,\'charge\':1,\'secondWind\':3,\'brace\':8,\'focusedShot\':10}','{\'ward\':5,\'mend\':4,\'fireburst\':1}','{\'pikeman\':7,\'archer\':2,\'cavalier\':1}',7,143
19,river_ford,baseline,league-heuristic,draw,round-limit,30,1,1,3,9,61,'{\'rally\':35,\'brace\':24,\'focusedShot\':1,\'charge\':1}','{\'ward\':3,\'fireburst\':2,\'mend\':3}','{\'archer\':3,\'pikeman\':6}',7,154,0,3,1,11,58,'{\'rally\':29,\'focusedShot\':11,\'brace\':18}',{"fireburst":1},'{\'leaguePike\':5,\'sapper\':1,\'coil\':4,\'pavise\':1}',8,172
20,river_ford,league-heuristic,baseline,draw,round-limit,30,1,0,1,7,38,'{\'rally\':27,\'brace\':11}',{"ward":1},'{\'pavise\':3,\'leaguePike\':3,\'coil\':1}',8,196,0,1,0,9,30,'{\'rally\':21,\'charge\':1,\'brace\':6,\'secondWind\':1,\'focusedShot\':1}','{\'fireburst\':1,\'ward\':2}','{\'pikeman\':7,\'archer\':2}',7,183
20,river_ford,baseline,league-heuristic,draw,round-limit,30,1,3,1,11,53,'{\'rally\':32,\'brace\':19,\'charge\':1,\'secondWind\':1}','{\'fireburst\':2,\'mend\':2,\'ward\':3}','{\'pikeman\':7,\'archer\':3,\'cavalier\':1}',7,143,0,1,3,9,40,'{\'rally\':30,\'focusedShot\':3,\'brace\':7}','{\'fireburst\':3,\'ward\':1}','{\'leaguePike\':5,\'pavise\':3,\'coil\':1}',7,184
21,river_ford,league-heuristic,baseline,draw,round-limit,30,1,2,3,10,68,'{\'rally\':43,\'brace\':25}','{\'fireburst\':2,\'mend\':1,\'ward\':1}','{\'leaguePike\':5,\'sapper\':1,\'pavise\':2,\'relicWalker\':1,\'coil\':1}',7,171,0,3,2,12,39,'{\'rally\':17,\'charge\':2,\'secondWind\':4,\'brace\':6,\'focusedShot\':10}','{\'fireburst\':5,\'ward\':4,\'mend\':3}','{\'pikeman\':9,\'cavalier\':1,\'archer\':2}',7,162
21,river_ford,baseline,league-heuristic,draw,round-limit,30,1,2,6,14,47,'{\'rally\':34,\'brace\':7,\'secondWind\':2,\'focusedShot\':4}','{\'ward\':7,\'mend\':2}','{\'pikeman\':12,\'archer\':2}',6,161,0,6,2,15,59,'{\'rally\':34,\'focusedShot\':6,\'brace\':19}','{\'fireburst\':2,\'ward\':3,\'mend\':2}','{\'leaguePike\':6,\'pavise\':3,\'sapper\':1,\'coil\':5}',7,154
22,river_ford,league-heuristic,baseline,draw,round-limit,30,1,1,4,9,52,'{\'rally\':36,\'brace\':12,\'focusedShot\':4}','{\'fireburst\':3,\'ward\':1,\'mend\':1}','{\'pavise\':3,\'leaguePike\':5,\'coil\':1}',8,211,0,4,1,12,34,'{\'rally\':20,\'brace\':4,\'focusedShot\':8,\'secondWind\':1,\'charge\':1}','{\'ward\':9,\'fireburst\':1}','{\'pikeman\':10,\'cavalier\':1,\'archer\':1}',8,162
22,river_ford,baseline,league-heuristic,draw,round-limit,30,1,5,3,14,47,'{\'rally\':33,\'brace\':9,\'focusedShot\':1,\'secondWind\':3,\'charge\':1}','{\'fireburst\':2,\'ward\':5,\'mend\':1}','{\'archer\':3,\'pikeman\':10,\'cavalier\':1}',8,192,0,3,5,11,62,'{\'rally\':33,\'focusedShot\':17,\'brace\':12}','{\'ward\':3,\'fireburst\':3,\'mend\':1}','{\'leaguePike\':6,\'coil\':2,\'sapper\':1,\'pavise\':2}',8,165
23,river_ford,league-heuristic,baseline,draw,round-limit,30,1,2,3,8,56,'{\'rally\':38,\'brace\':18}','{\'fireburst\':2,\'ward\':1}','{\'pavise\':1,\'leaguePike\':3,\'coil\':3,\'sapper\':1}',8,185,0,3,2,13,38,'{\'rally\':24,\'focusedShot\':11,\'brace\':3}','{\'fireburst\':1,\'ward\':5}','{\'pikeman\':10,\'archer\':3}',8,177
23,river_ford,baseline,league-heuristic,draw,round-limit,30,1,1,3,7,53,'{\'rally\':29,\'focusedShot\':6,\'secondWind\':4,\'brace\':13,\'charge\':1}',{"ward":4},'{\'archer\':1,\'pikeman\':6}',8,186,0,3,1,11,56,'{\'rally\':31,\'focusedShot\':9,\'brace\':16}',{"fireburst":2},'{\'pavise\':6,\'leaguePike\':3,\'coil\':2}',8,189
24,river_ford,league-heuristic,baseline,draw,round-limit,30,1,0,2,7,52,'{\'rally\':40,\'brace\':12}','{\'fireburst\':3,\'ward\':1,\'mend\':1}','{\'pavise\':4,\'leaguePike\':3}',8,191,0,2,0,10,38,'{\'rally\':22,\'charge\':1,\'secondWind\':2,\'brace\':4,\'focusedShot\':9}','{\'ward\':5,\'fireburst\':1,\'mend\':2}','{\'pikeman\':6,\'cavalier\':2,\'archer\':2}',8,197
24,river_ford,baseline,league-heuristic,draw,round-limit,30,1,5,2,10,64,'{\'rally\':37,\'brace\':21,\'secondWind\':4,\'charge\':2}','{\'fireburst\':3,\'mend\':2,\'ward\':1}','{\'archer\':1,\'pikeman\':6,\'cavalier\':3}',8,158,0,2,5,9,75,'{\'rally\':32,\'focusedShot\':26,\'brace\':17}','{\'fireburst\':2,\'ward\':2,\'mend\':1}','{\'leaguePike\':2,\'pavise\':2,\'sapper\':1,\'coil\':4}',7,151
25,river_ford,league-heuristic,baseline,draw,round-limit,30,0,2,2,9,75,'{\'rally\':48,\'brace\':27}','{\'fireburst\':1,\'mend\':1,\'ward\':1}','{\'leaguePike\':5,\'pavise\':1,\'sapper\':1,\'coil\':2}',8,170,0,2,2,10,52,'{\'rally\':27,\'charge\':1,\'focusedShot\':12,\'brace\':12}','{\'ward\':4,\'fireburst\':3,\'mend\':1}','{\'pikeman\':7,\'archer\':3}',8,189
25,river_ford,baseline,league-heuristic,draw,round-limit,30,2,3,3,9,50,'{\'rally\':31,\'brace\':15,\'secondWind\':3,\'charge\':1}','{\'ward\':1,\'fireburst\':1}','{\'pikeman\':6,\'cavalier\':2,\'archer\':1}',8,188,0,3,3,10,54,'{\'rally\':29,\'focusedShot\':13,\'brace\':12}',{"ward":2},'{\'pavise\':4,\'leaguePike\':3,\'coil\':2,\'relicWalker\':1}',9,200
26,river_ford,league-heuristic,baseline,draw,round-limit,30,0,1,2,8,70,'{\'rally\':44,\'brace\':26}',{"fireburst":2},'{\'leaguePike\':3,\'pavise\':4,\'sapper\':1}',8,190,0,2,1,10,42,'{\'rally\':28,\'charge\':1,\'secondWind\':1,\'brace\':12}','{\'ward\':7,\'mend\':3,\'fireburst\':3}','{\'pikeman\':7,\'archer\':3}',8,170
26,river_ford,baseline,league-heuristic,draw,round-limit,30,1,3,3,11,46,'{\'rally\':31,\'brace\':14,\'secondWind\':1}','{\'mend\':5,\'ward\':2}','{\'pikeman\':6,\'archer\':4,\'cavalier\':1}',8,179,0,3,3,9,50,'{\'rally\':31,\'focusedShot\':5,\'brace\':14}','{\'fireburst\':4,\'ward\':1,\'mend\':1}','{\'leaguePike\':6,\'sapper\':1,\'coil\':1,\'pavise\':1}',8,170
27,river_ford,league-heuristic,baseline,draw,round-limit,30,1,1,1,8,42,'{\'rally\':31,\'brace\':11}','{\'fireburst\':2,\'ward\':1,\'mend\':2}','{\'leaguePike\':2,\'pavise\':3,\'sapper\':1,\'coil\':2}',8,187,0,1,1,9,24,'{\'rally\':18,\'focusedShot\':1,\'brace\':5}','{\'ward\':2,\'fireburst\':1,\'mend\':3}','{\'pikeman\':5,\'archer\':4}',6,137
27,river_ford,baseline,league-heuristic,draw,round-limit,30,1,4,1,10,48,'{\'rally\':35,\'brace\':12,\'secondWind\':1}','{\'fireburst\':7,\'ward\':5,\'mend\':2}','{\'pikeman\':7,\'archer\':2,\'cavalier\':1}',8,166,0,2,3,13,65,'{\'rally\':47,\'focusedShot\':3,\'brace\':15}',{"fireburst":4},'{\'pavise\':9,\'leaguePike\':1,\'sapper\':2,\'coil\':1}',8,173
28,river_ford,league-heuristic,baseline,draw,round-limit,30,1,2,2,11,65,'{\'rally\':44,\'brace\':21}','{\'fireburst\':1,\'mend\':1,\'ward\':2}','{\'pavise\':6,\'leaguePike\':3,\'sapper\':1,\'coil\':1}',8,185,0,2,2,9,50,'{\'rally\':22,\'charge\':2,\'secondWind\':2,\'focusedShot\':13,\'brace\':11}','{\'fireburst\':1,\'mend\':3,\'ward\':2}','{\'pikeman\':7,\'cavalier\':2}',9,196
28,river_ford,baseline,league-heuristic,draw,round-limit,30,1,4,2,14,50,'{\'rally\':31,\'focusedShot\':1,\'brace\':12,\'secondWind\':4,\'charge\':2}','{\'ward\':3,\'fireburst\':1,\'mend\':1}','{\'archer\':3,\'pikeman\':8,\'cavalier\':3}',7,153,1,2,4,8,72,'{\'rally\':41,\'focusedShot\':9,\'brace\':22}',{"ward":1},'{\'pavise\':3,\'leaguePike\':3,\'coil\':1,\'sapper\':1}',8,179
29,river_ford,league-heuristic,baseline,draw,round-limit,30,2,4,5,10,62,'{\'rally\':45,\'brace\':17}','{\'ward\':4,\'fireburst\':1,\'mend\':2}','{\'pavise\':6,\'leaguePike\':1,\'sapper\':1,\'relicWalker\':2}',6,162,0,5,4,14,37,'{\'rally\':16,\'charge\':2,\'brace\':4,\'secondWind\':1,\'focusedShot\':14}','{\'fireburst\':5,\'mend\':3,\'ward\':1}','{\'pikeman\':9,\'archer\':3,\'cavalier\':2}',8,197
29,river_ford,baseline,league-heuristic,draw,round-limit,30,1,3,7,15,51,'{\'rally\':40,\'brace\':8,\'secondWind\':3}','{\'fireburst\':11,\'mend\':4,\'ward\':2}','{\'pikeman\':13,\'archer\':2}',6,164,0,8,3,17,82,'{\'rally\':52,\'focusedShot\':3,\'brace\':27}','{\'ward\':2,\'mend\':1}','{\'pavise\':8,\'leaguePike\':3,\'sapper\':3,\'relicWalker\':1,\'coil\':2}',7,165
30,river_ford,league-heuristic,baseline,draw,round-limit,30,1,1,2,8,58,'{\'rally\':40,\'brace\':18}','{\'ward\':3,\'mend\':1}','{\'pavise\':4,\'leaguePike\':3,\'coil\':1}',8,197,0,2,1,10,21,'{\'rally\':16,\'charge\':1,\'secondWind\':1,\'brace\':3}','{\'fireburst\':6,\'ward\':1,\'mend\':4}','{\'pikeman\':7,\'archer\':2,\'cavalier\':1}',8,206
30,river_ford,baseline,league-heuristic,draw,round-limit,30,1,2,1,10,52,'{\'rally\':36,\'brace\':15,\'secondWind\':1}','{\'ward\':2,\'fireburst\':5,\'mend\':1}','{\'archer\':3,\'pikeman\':7}',7,177,0,2,2,8,63,'{\'rally\':38,\'focusedShot\':5,\'brace\':20}','{\'ward\':5,\'mend\':1}','{\'leaguePike\':4,\'pavise\':1,\'sapper\':1,\'relicWalker\':1,\'coil\':1}',10,216
31,river_ford,league-heuristic,baseline,draw,round-limit,30,1,1,3,9,60,'{\'rally\':43,\'brace\':17}','{\'ward\':4,\'mend\':1}','{\'pavise\':6,\'leaguePike\':2,\'sapper\':1}',7,172,0,3,1,9,36,'{\'rally\':21,\'charge\':2,\'brace\':13}','{\'mend\':7,\'ward\':2,\'fireburst\':2}','{\'pikeman\':7,\'cavalier\':2}',8,172
31,river_ford,baseline,league-heuristic,draw,round-limit,30,1,2,0,10,36,'{\'rally\':22,\'brace\':13,\'secondWind\':1}','{\'fireburst\':5,\'mend\':1,\'ward\':2}','{\'archer\':3,\'pikeman\':6,\'cavalier\':1}',7,161,0,1,2,8,45,'{\'rally\':29,\'focusedShot\':4,\'brace\':12}',{},'{\'leaguePike\':4,\'pavise\':2,\'coil\':1,\'sapper\':1}',8,189
32,river_ford,league-heuristic,baseline,draw,round-limit,30,1,1,1,8,41,'{\'rally\':30,\'brace\':11}','{\'ward\':1,\'mend\':1}','{\'pavise\':1,\'leaguePike\':5,\'coil\':2}',9,217,0,1,1,8,27,'{\'rally\':13,\'secondWind\':6,\'charge\':3,\'focusedShot\':4,\'brace\':1}','{\'fireburst\':4,\'mend\':1}','{\'pikeman\':7,\'cavalier\':1}',9,203
32,river_ford,baseline,league-heuristic,draw,round-limit,30,1,1,2,9,59,'{\'rally\':38,\'brace\':19,\'secondWind\':1,\'charge\':1}',{"fireburst":3},'{\'pikeman\':6,\'archer\':2,\'cavalier\':1}',7,153,0,2,1,10,56,'{\'rally\':33,\'focusedShot\':15,\'brace\':8}','{\'fireburst\':2,\'ward\':1}','{\'pavise\':6,\'coil\':2,\'leaguePike\':2}',8,201
33,river_ford,league-heuristic,baseline,draw,round-limit,30,1,1,4,8,48,'{\'rally\':29,\'brace\':15,\'focusedShot\':4}',{"ward":2},'{\'pavise\':3,\'leaguePike\':3,\'coil\':2}',8,193,0,4,1,12,27,'{\'rally\':20,\'charge\':2,\'brace\':5}',{"fireburst":1},'{\'pikeman\':8,\'cavalier\':2,\'archer\':2}',8,187
33,river_ford,baseline,league-heuristic,draw,round-limit,30,1,3,1,9,57,'{\'rally\':33,\'brace\':21,\'secondWind\':2,\'charge\':1}','{\'mend\':2,\'ward\':1}','{\'pikeman\':6,\'archer\':1,\'cavalier\':2}',8,183,0,1,3,7,62,'{\'rally\':37,\'focusedShot\':5,\'brace\':20}',{"fireburst":2},'{\'leaguePike\':4,\'coil\':2,\'pavise\':1}',9,199
34,river_ford,league-heuristic,baseline,draw,round-limit,30,1,1,3,9,49,'{\'rally\':35,\'brace\':14}','{\'fireburst\':1,\'mend\':2}','{\'leaguePike\':4,\'pavise\':3,\'sapper\':1,\'coil\':1}',7,178,0,3,1,12,32,'{\'rally\':23,\'charge\':1,\'brace\':8}','{\'fireburst\':3,\'ward\':2,\'mend\':1}','{\'pikeman\':9,\'cavalier\':1,\'archer\':2}',7,179
34,river_ford,baseline,league-heuristic,draw,round-limit,30,1,4,2,12,37,'{\'rally\':24,\'brace\':11,\'secondWind\':2}','{\'ward\':1,\'fireburst\':2,\'mend\':4}','{\'pikeman\':7,\'archer\':4,\'cavalier\':1}',8,183,0,2,4,9,58,'{\'rally\':37,\'focusedShot\':6,\'brace\':15}','{\'fireburst\':2,\'ward\':1,\'mend\':1}','{\'pavise\':4,\'leaguePike\':3,\'coil\':1,\'relicWalker\':1}',9,222
35,river_ford,league-heuristic,baseline,draw,round-limit,30,1,2,6,9,58,'{\'rally\':41,\'brace\':17}','{\'ward\':1,\'mend\':1}','{\'pavise\':3,\'leaguePike\':3,\'coil\':2,\'sapper\':1}',8,163,0,6,2,19,33,'{\'rally\':21,\'charge\':2,\'brace\':6,\'focusedShot\':3,\'secondWind\':1}','{\'fireburst\':6,\'ward\':6,\'mend\':3}','{\'pikeman\':13,\'archer\':5,\'cavalier\':1}',7,171
35,river_ford,baseline,league-heuristic,draw,round-limit,30,1,0,2,8,80,'{\'rally\':45,\'brace\':31,\'secondWind\':3,\'charge\':1}','{\'fireburst\':2,\'mend\':2}','{\'archer\':2,\'pikeman\':6}',7,153,0,3,0,9,76,'{\'rally\':45,\'focusedShot\':3,\'brace\':28}','{\'fireburst\':4,\'mend\':1,\'ward\':1}','{\'pavise\':4,\'leaguePike\':3,\'coil\':2}',8,180
36,river_ford,league-heuristic,baseline,draw,round-limit,30,2,4,4,9,74,'{\'rally\':45,\'focusedShot\':2,\'brace\':27}','{\'fireburst\':2,\'ward\':2,\'mend\':1}','{\'leaguePike\':3,\'pavise\':2,\'sapper\':3,\'coil\':1}',8,169,0,4,3,13,42,'{\'rally\':20,\'charge\':2,\'secondWind\':2,\'focusedShot\':12,\'brace\':6}','{\'ward\':5,\'mend\':3,\'fireburst\':5}','{\'cavalier\':2,\'pikeman\':9,\'archer\':2}',7,180
36,river_ford,baseline,league-heuristic,draw,round-limit,30,1,1,3,8,40,'{\'rally\':27,\'brace\':9,\'charge\':2,\'secondWind\':2}','{\'fireburst\':3,\'ward\':6,\'mend\':2}','{\'pikeman\':6,\'archer\':1,\'cavalier\':1}',9,211,0,3,1,11,53,'{\'rally\':31,\'focusedShot\':6,\'brace\':16}','{\'ward\':1,\'mend\':2}','{\'pavise\':6,\'leaguePike\':2,\'coil\':2,\'relicWalker\':1}',8,170
37,river_ford,league-heuristic,baseline,draw,round-limit,30,1,1,2,9,48,'{\'rally\':38,\'brace\':10}','{\'ward\':1,\'fireburst\':1}','{\'pavise\':5,\'leaguePike\':3,\'coil\':1}',7,183,0,2,1,9,34,'{\'rally\':19,\'charge\':2,\'secondWind\':4,\'brace\':9}','{\'fireburst\':5,\'ward\':4,\'mend\':1}','{\'pikeman\':7,\'archer\':2}',7,166
37,river_ford,baseline,league-heuristic,draw,round-limit,30,1,5,5,12,33,'{\'rally\':23,\'brace\':7,\'secondWind\':3}','{\'fireburst\':1,\'ward\':2,\'mend\':1}','{\'pikeman\':7,\'archer\':4,\'cavalier\':1}',8,192,0,5,5,13,50,'{\'rally\':31,\'focusedShot\':4,\'brace\':15}','{\'fireburst\':1,\'mend\':1}','{\'pavise\':4,\'leaguePike\':4,\'sapper\':2,\'coil\':3}',8,188
38,river_ford,league-heuristic,baseline,draw,round-limit,30,2,3,3,9,78,'{\'rally\':42,\'brace\':27,\'focusedShot\':9}','{\'fireburst\':3,\'ward\':3}','{\'leaguePike\':3,\'pavise\':2,\'sapper\':3,\'coil\':1}',6,126,0,3,3,12,43,'{\'rally\':19,\'focusedShot\':13,\'brace\':11}','{\'ward\':2,\'fireburst\':3,\'mend\':2}','{\'pikeman\':6,\'archer\':5,\'cavalier\':1}',8,141
38,river_ford,baseline,league-heuristic,draw,round-limit,30,1,3,3,13,49,'{\'rally\':33,\'brace\':12,\'secondWind\':3,\'charge\':1}','{\'mend\':5,\'fireburst\':5}','{\'pikeman\':8,\'archer\':3,\'cavalier\':2}',7,177,0,5,3,13,64,'{\'rally\':37,\'focusedShot\':11,\'brace\':16}','{\'fireburst\':2,\'ward\':4,\'mend\':1}','{\'pavise\':4,\'coil\':6,\'leaguePike\':2,\'relicWalker\':1}',8,186
39,river_ford,league-heuristic,baseline,draw,round-limit,30,1,4,3,14,64,'{\'rally\':50,\'brace\':14}','{\'ward\':1,\'mend\':1}','{\'pavise\':4,\'leaguePike\':5,\'sapper\':1,\'coil\':4}',7,174,0,3,4,10,52,'{\'rally\':26,\'focusedShot\':9,\'charge\':1,\'brace\':13,\'secondWind\':3}','{\'fireburst\':4,\'ward\':2,\'mend\':2}','{\'pikeman\':7,\'archer\':2,\'cavalier\':1}',8,171
39,river_ford,baseline,league-heuristic,draw,round-limit,30,1,2,2,9,61,'{\'rally\':32,\'brace\':21,\'focusedShot\':1,\'secondWind\':5,\'charge\':2}','{\'ward\':1,\'mend\':4}','{\'archer\':3,\'pikeman\':6}',7,172,0,2,2,9,68,'{\'rally\':36,\'focusedShot\':16,\'brace\':16}','{\'ward\':1,\'mend\':1}','{\'pavise\':6,\'leaguePike\':1,\'coil\':2}',9,219
40,river_ford,league-heuristic,baseline,draw,round-limit,30,1,3,5,11,57,'{\'rally\':39,\'brace\':15,\'focusedShot\':3}','{\'fireburst\':3,\'mend\':1}','{\'leaguePike\':4,\'pavise\':4,\'sapper\':1,\'coil\':2}',8,186,0,5,3,12,28,'{\'rally\':12,\'charge\':2,\'secondWind\':1,\'focusedShot\':12,\'brace\':1}','{\'ward\':6,\'fireburst\':3,\'mend\':2}','{\'cavalier\':1,\'pikeman\':8,\'archer\':3}',8,198
40,river_ford,baseline,league-heuristic,draw,round-limit,30,1,6,1,13,40,'{\'rally\':24,\'brace\':8,\'secondWind\':6,\'charge\':1,\'focusedShot\':1}','{\'ward\':9,\'fireburst\':4,\'mend\':1}','{\'pikeman\':9,\'archer\':3,\'cavalier\':1}',6,132,0,1,6,9,81,'{\'rally\':50,\'focusedShot\':11,\'brace\':20}','{\'ward\':1,\'fireburst\':1,\'mend\':2}','{\'pavise\':5,\'leaguePike\':2,\'coil\':2}',7,141
41,river_ford,league-heuristic,baseline,draw,round-limit,30,2,0,3,6,74,'{\'rally\':45,\'brace\':29}','{\'ward\':1,\'fireburst\':2}','{\'leaguePike\':3,\'pavise\':1,\'coil\':2}',9,195,0,3,0,12,38,'{\'rally\':27,\'brace\':5,\'focusedShot\':6}','{\'fireburst\':5,\'ward\':3,\'mend\':3}','{\'pikeman\':10,\'archer\':2}',8,194
41,river_ford,baseline,league-heuristic,draw,round-limit,30,1,2,4,8,46,'{\'rally\':27,\'brace\':12,\'focusedShot\':3,\'secondWind\':2,\'charge\':2}','{\'fireburst\':2,\'mend\':3,\'ward\':1}','{\'pikeman\':6,\'cavalier\':1,\'archer\':1}',8,183,0,4,1,13,44,'{\'rally\':26,\'focusedShot\':4,\'brace\':14}','{\'mend\':4,\'ward\':1,\'fireburst\':2}','{\'pavise\':3,\'leaguePike\':4,\'sapper\':3,\'coil\':2,\'relicWalker\':1}',9,203
42,river_ford,league-heuristic,baseline,draw,round-limit,30,1,1,3,8,97,'{\'rally\':60,\'brace\':30,\'focusedShot\':7}',{"ward":3},'{\'leaguePike\':3,\'pavise\':4,\'coil\':1}',9,219,0,3,0,10,41,'{\'rally\':28,\'brace\':11,\'charge\':1,\'secondWind\':1}','{\'fireburst\':7,\'ward\':4,\'mend\':6}','{\'archer\':2,\'pikeman\':7,\'cavalier\':1}',7,156
42,river_ford,baseline,league-heuristic,draw,round-limit,30,1,1,4,8,54,'{\'rally\':29,\'brace\':13,\'secondWind\':9,\'charge\':3}','{\'fireburst\':4,\'ward\':6,\'mend\':2}','{\'pikeman\':6,\'archer\':1,\'cavalier\':1}',9,199,0,4,1,10,57,'{\'rally\':35,\'focusedShot\':5,\'brace\':17}',{"ward":2},'{\'pavise\':6,\'leaguePike\':2,\'coil\':1,\'sapper\':1}',8,182
43,river_ford,league-heuristic,baseline,draw,round-limit,30,1,0,0,7,37,'{\'rally\':29,\'brace\':8}',{"fireburst":1},'{\'pavise\':4,\'leaguePike\':2,\'sapper\':1}',8,193,0,0,0,8,23,'{\'rally\':20,\'brace\':3}','{\'fireburst\':4,\'ward\':3}','{\'pikeman\':6,\'archer\':2}',7,164
43,river_ford,baseline,league-heuristic,draw,round-limit,30,1,5,3,12,48,'{\'rally\':31,\'focusedShot\':1,\'secondWind\':3,\'brace\':12,\'charge\':1}','{\'fireburst\':3,\'ward\':3}','{\'archer\':3,\'pikeman\':7,\'cavalier\':2}',9,206,0,3,2,10,57,'{\'rally\':34,\'focusedShot\':3,\'brace\':20}','{\'fireburst\':3,\'ward\':3}','{\'pavise\':4,\'leaguePike\':4,\'sapper\':1,\'coil\':1}',9,211
44,river_ford,league-heuristic,baseline,draw,round-limit,30,2,2,1,9,64,'{\'rally\':41,\'brace\':23}',{"fireburst":1},'{\'pavise\':3,\'leaguePike\':3,\'coil\':1,\'relicWalker\':2}',8,216,0,1,1,9,37,'{\'rally\':27,\'brace\':10}','{\'fireburst\':4,\'ward\':3,\'mend\':2}','{\'pikeman\':7,\'archer\':2}',8,163
44,river_ford,baseline,league-heuristic,draw,round-limit,30,2,2,3,10,48,'{\'rally\':29,\'brace\':14,\'focusedShot\':4,\'secondWind\':1}','{\'ward\':5,\'mend\':4}','{\'archer\':4,\'pikeman\':6}',8,188,0,3,2,11,55,'{\'rally\':30,\'focusedShot\':11,\'brace\':14}','{\'fireburst\':1,\'mend\':2,\'ward\':1}','{\'pavise\':7,\'leaguePike\':2,\'sapper\':1,\'coil\':1}',8,183
45,river_ford,league-heuristic,baseline,draw,round-limit,30,2,3,3,10,61,'{\'rally\':38,\'brace\':23}','{\'fireburst\':1,\'ward\':5}','{\'leaguePike\':3,\'pavise\':3,\'sapper\':2,\'coil\':2}',7,160,0,3,3,12,30,'{\'rally\':14,\'charge\':2,\'focusedShot\':12,\'secondWind\':1,\'brace\':1}','{\'fireburst\':1,\'mend\':5,\'ward\':1}','{\'pikeman\':9,\'cavalier\':1,\'archer\':2}',7,174
45,river_ford,baseline,league-heuristic,draw,round-limit,30,2,2,4,8,48,'{\'rally\':31,\'brace\':13,\'secondWind\':3,\'charge\':1}','{\'fireburst\':2,\'ward\':5,\'mend\':2}','{\'pikeman\':6,\'archer\':1,\'cavalier\':1}',8,167,0,4,2,12,70,'{\'rally\':44,\'focusedShot\':7,\'brace\':19}','{\'fireburst\':1,\'mend\':1}','{\'leaguePike\':2,\'pavise\':6,\'sapper\':1,\'coil\':2,\'relicWalker\':1}',8,181
46,river_ford,league-heuristic,baseline,draw,round-limit,30,1,3,4,10,77,'{\'rally\':49,\'brace\':27,\'focusedShot\':1}','{\'fireburst\':1,\'mend\':3}','{\'pavise\':3,\'leaguePike\':3,\'coil\':4}',7,185,0,4,1,14,35,'{\'rally\':24,\'charge\':1,\'secondWind\':1,\'brace\':7,\'focusedShot\':2}','{\'fireburst\':7,\'ward\':3,\'mend\':2}','{\'pikeman\':10,\'archer\':3,\'cavalier\':1}',8,197
46,river_ford,baseline,league-heuristic,draw,round-limit,30,1,4,3,14,53,'{\'rally\':29,\'brace\':13,\'focusedShot\':7,\'secondWind\':1,\'charge\':3}','{\'ward\':3,\'fireburst\':3,\'mend\':1}','{\'archer\':4,\'pikeman\':8,\'cavalier\':2}',7,164,0,3,4,11,55,'{\'rally\':33,\'focusedShot\':10,\'brace\':12}','{\'fireburst\':1,\'mend\':3}','{\'pavise\':5,\'leaguePike\':3,\'coil\':1,\'relicWalker\':2}',8,206
47,river_ford,league-heuristic,baseline,draw,round-limit,30,2,2,6,11,78,'{\'rally\':50,\'brace\':28}','{\'fireburst\':3,\'ward\':1,\'mend\':1}','{\'leaguePike\':8,\'coil\':3}',7,175,1,6,2,13,31,'{\'rally\':15,\'charge\':4,\'secondWind\':5,\'focusedShot\':3,\'brace\':4}','{\'fireburst\':8,\'ward\':5,\'mend\':5}','{\'pikeman\':6,\'cavalier\':5,\'archer\':2}',7,155
47,river_ford,baseline,league-heuristic,draw,round-limit,30,1,4,3,12,60,'{\'rally\':36,\'brace\':17,\'secondWind\':3,\'charge\':4}','{\'fireburst\':5,\'ward\':5,\'mend\':4}','{\'pikeman\':7,\'archer\':2,\'cavalier\':3}',8,186,0,4,4,8,66,'{\'rally\':37,\'focusedShot\':9,\'brace\':20}','{\'ward\':3,\'fireburst\':1}','{\'pavise\':2,\'leaguePike\':2,\'sapper\':3,\'coil\':1}',4,62
48,river_ford,league-heuristic,baseline,draw,round-limit,30,1,2,2,10,52,'{\'rally\':36,\'brace\':16}','{\'ward\':2,\'fireburst\':2,\'mend\':1}','{\'pavise\':3,\'leaguePike\':5,\'sapper\':1,\'coil\':1}',7,173,0,2,2,14,28,'{\'rally\':26,\'charge\':1,\'brace\':1}','{\'fireburst\':4,\'ward\':5,\'mend\':1}','{\'pikeman\':11,\'cavalier\':1,\'archer\':2}',6,162
48,river_ford,baseline,league-heuristic,draw,round-limit,30,1,2,3,12,43,'{\'rally\':26,\'brace\':4,\'focusedShot\':5,\'secondWind\':7,\'charge\':1}','{\'fireburst\':3,\'ward\':6,\'mend\':6}','{\'archer\':1,\'pikeman\':11}',7,152,0,3,2,11,56,'{\'rally\':32,\'focusedShot\':11,\'brace\':13}','{\'fireburst\':1,\'ward\':1,\'mend\':2}','{\'leaguePike\':3,\'pavise\':5,\'sapper\':1,\'coil\':2}',8,169
49,river_ford,league-heuristic,baseline,draw,round-limit,30,2,0,6,7,86,'{\'rally\':57,\'brace\':28,\'focusedShot\':1}','{\'fireburst\':1,\'ward\':1,\'mend\':1}','{\'leaguePike\':5,\'pavise\':1,\'coil\':1}',8,185,0,6,0,17,47,'{\'rally\':24,\'secondWind\':3,\'brace\':10,\'focusedShot\':10}','{\'ward\':5,\'mend\':4,\'fireburst\':6}','{\'pikeman\':10,\'archer\':6,\'cavalier\':1}',7,139
49,river_ford,baseline,league-heuristic,draw,round-limit,30,1,2,1,10,47,'{\'rally\':32,\'brace\':14,\'secondWind\':1}','{\'fireburst\':2,\'ward\':3,\'mend\':1}','{\'pikeman\':6,\'archer\':4}',8,191,0,1,2,9,61,'{\'rally\':36,\'focusedShot\':3,\'brace\':22}','{\'fireburst\':1,\'mend\':2,\'ward\':1}','{\'pavise\':3,\'leaguePike\':5,\'coil\':1}',7,174
50,river_ford,league-heuristic,baseline,draw,round-limit,30,2,0,3,8,50,'{\'rally\':34,\'brace\':16}','{\'ward\':2,\'fireburst\':2,\'mend\':1}','{\'pavise\':5,\'leaguePike\':2,\'sapper\':1}',7,184,0,3,0,11,26,'{\'rally\':16,\'charge\':1,\'secondWind\':2,\'brace\':7}','{\'fireburst\':4,\'ward\':6,\'mend\':2}','{\'pikeman\':7,\'archer\':3,\'cavalier\':1}',8,198
50,river_ford,baseline,league-heuristic,draw,round-limit,30,1,2,6,14,45,'{\'rally\':26,\'brace\':7,\'focusedShot\':7,\'secondWind\':4,\'charge\':1}','{\'fireburst\':2,\'ward\':5,\'mend\':2}','{\'archer\':3,\'pikeman\':11}',6,161,0,6,2,15,55,'{\'rally\':34,\'focusedShot\':3,\'brace\':18}','{\'ward\':2,\'mend\':1}','{\'pavise\':6,\'leaguePike\':4,\'sapper\':1,\'coil\':4}',8,191
51,river_ford,league-heuristic,baseline,draw,round-limit,30,2,0,0,7,59,'{\'rally\':36,\'brace\':23}','{\'fireburst\':3,\'ward\':1,\'mend\':2}','{\'leaguePike\':4,\'sapper\':1,\'pavise\':1,\'coil\':1}',8,185,0,0,0,8,40,'{\'rally\':20,\'focusedShot\':14,\'brace\':6}','{\'ward\':2,\'mend\':1,\'fireburst\':1}','{\'pikeman\':5,\'archer\':2,\'cavalier\':1}',7,157
51,river_ford,baseline,league-heuristic,draw,round-limit,30,1,2,3,14,46,'{\'rally\':35,\'brace\':10,\'secondWind\':1}','{\'fireburst\':4,\'ward\':3,\'mend\':3}','{\'pikeman\':12,\'archer\':2}',6,165,0,4,2,11,51,'{\'rally\':34,\'focusedShot\':4,\'brace\':13}','{\'fireburst\':3,\'ward\':1}','{\'pavise\':4,\'leaguePike\':3,\'sapper\':2,\'relicWalker\':2}',9,203
52,river_ford,league-heuristic,baseline,draw,round-limit,30,1,0,0,7,40,'{\'rally\':27,\'brace\':13}','{\'fireburst\':1,\'ward\':2,\'mend\':1}','{\'pavise\':2,\'leaguePike\':2,\'coil\':2,\'sapper\':1}',8,183,0,0,0,8,7,{"rally":7},'{\'ward\':3,\'fireburst\':2,\'mend\':10}','{\'pikeman\':5,\'archer\':2,\'cavalier\':1}',7,155
52,river_ford,baseline,league-heuristic,draw,round-limit,30,1,0,3,7,48,'{\'rally\':33,\'brace\':13,\'secondWind\':2}','{\'fireburst\':4,\'mend\':1,\'ward\':5}','{\'pikeman\':6,\'archer\':1}',8,169,0,3,0,10,49,'{\'rally\':26,\'focusedShot\':10,\'brace\':13}','{\'fireburst\':2,\'mend\':1}','{\'leaguePike\':2,\'pavise\':3,\'coil\':2,\'relicWalker\':2,\'sapper\':1}',9,201
53,river_ford,league-heuristic,baseline,draw,round-limit,30,0,1,2,9,90,'{\'rally\':54,\'brace\':34,\'focusedShot\':2}','{\'fireburst\':2,\'ward\':4,\'mend\':4}','{\'leaguePike\':5,\'pavise\':2,\'coil\':1,\'relicWalker\':1}',7,185,0,2,1,14,33,'{\'rally\':14,\'charge\':1,\'focusedShot\':17,\'brace\':1}','{\'fireburst\':4,\'ward\':9,\'mend\':6}','{\'pikeman\':4,\'archer\':10}',6,161
53,river_ford,baseline,league-heuristic,draw,round-limit,30,1,3,4,14,57,'{\'rally\':35,\'brace\':8,\'secondWind\':4,\'charge\':5,\'focusedShot\':5}','{\'fireburst\':6,\'mend\':8,\'ward\':5}','{\'pikeman\':12,\'cavalier\':1,\'archer\':1}',7,139,0,5,3,11,62,'{\'rally\':40,\'focusedShot\':4,\'brace\':18}','{\'fireburst\':1,\'ward\':4}','{\'pavise\':3,\'leaguePike\':2,\'sapper\':2,\'coil\':2,\'relicWalker\':2}',8,167
54,river_ford,league-heuristic,baseline,draw,round-limit,30,1,0,4,8,58,'{\'rally\':38,\'brace\':18,\'focusedShot\':2}',{"ward":2},'{\'pavise\':2,\'leaguePike\':4,\'coil\':2}',7,176,0,4,0,10,31,'{\'rally\':18,\'charge\':2,\'secondWind\':2,\'brace\':9}','{\'fireburst\':6,\'mend\':3,\'ward\':1}','{\'pikeman\':7,\'archer\':2,\'cavalier\':1}',6,159
54,river_ford,baseline,league-heuristic,draw,round-limit,30,1,9,1,17,43,'{\'rally\':24,\'brace\':10,\'secondWind\':8,\'charge\':1}','{\'fireburst\':4,\'mend\':2,\'ward\':3}','{\'pikeman\':6,\'cavalier\':8,\'archer\':3}',7,167,0,1,8,8,65,'{\'rally\':33,\'focusedShot\':11,\'brace\':21}','{\'fireburst\':2,\'ward\':2,\'mend\':1}','{\'pavise\':5,\'coil\':1,\'sapper\':1,\'leaguePike\':1}',8,163
55,river_ford,league-heuristic,baseline,draw,round-limit,30,1,0,4,7,61,'{\'rally\':40,\'brace\':21}','{\'fireburst\':2,\'ward\':1}','{\'leaguePike\':5,\'coil\':2}',8,173,0,4,0,13,22,'{\'rally\':11,\'charge\':1,\'brace\':5,\'secondWind\':3,\'focusedShot\':2}','{\'ward\':5,\'mend\':4,\'fireburst\':2}','{\'pikeman\':5,\'archer\':5,\'cavalier\':3}',5,106
55,river_ford,baseline,league-heuristic,draw,round-limit,30,0,5,1,12,39,'{\'rally\':25,\'brace\':12,\'secondWind\':2}','{\'fireburst\':1,\'ward\':4,\'mend\':2}','{\'pikeman\':9,\'cavalier\':2,\'archer\':1}',9,194,0,1,5,9,52,'{\'rally\':28,\'focusedShot\':8,\'brace\':16}',{"fireburst":1},'{\'leaguePike\':2,\'pavise\':3,\'coil\':4}',7,146
56,river_ford,league-heuristic,baseline,draw,round-limit,30,1,2,2,10,39,'{\'rally\':30,\'brace\':9}','{\'fireburst\':4,\'ward\':5,\'mend\':1}','{\'leaguePike\':4,\'sapper\':3,\'pavise\':2,\'relicWalker\':1}',7,195,0,2,2,14,35,'{\'rally\':19,\'charge\':2,\'focusedShot\':12,\'brace\':2}','{\'fireburst\':2,\'ward\':3,\'mend\':3}','{\'pikeman\':12,\'archer\':2}',6,165
56,river_ford,baseline,league-heuristic,draw,round-limit,30,1,0,3,7,38,'{\'rally\':25,\'brace\':10,\'secondWind\':3}','{\'fireburst\':5,\'mend\':3,\'ward\':1}','{\'pikeman\':6,\'archer\':1}',8,176,0,4,0,9,43,'{\'rally\':27,\'focusedShot\':2,\'brace\':14}','{\'fireburst\':1,\'ward\':1}','{\'pavise\':4,\'leaguePike\':1,\'sapper\':1,\'relicWalker\':1,\'coil\':2}',9,222
57,river_ford,league-heuristic,baseline,draw,round-limit,30,1,5,3,12,59,'{\'rally\':42,\'brace\':16,\'focusedShot\':1}','{\'fireburst\':2,\'ward\':4}','{\'pavise\':4,\'leaguePike\':4,\'sapper\':1,\'coil\':1,\'relicWalker\':2}',9,232,1,3,5,10,39,'{\'rally\':17,\'charge\':3,\'brace\':6,\'secondWind\':1,\'focusedShot\':12}','{\'fireburst\':4,\'ward\':3}','{\'pikeman\':5,\'archer\':3,\'cavalier\':2}',7,144
57,river_ford,baseline,league-heuristic,draw,round-limit,30,0,2,3,8,47,'{\'rally\':27,\'brace\':13,\'secondWind\':6,\'charge\':1}','{\'fireburst\':2,\'ward\':3,\'mend\':2}','{\'pikeman\':6,\'cavalier\':1,\'archer\':1}',8,177,0,3,2,11,55,'{\'rally\':32,\'focusedShot\':7,\'brace\':16}','{\'ward\':4,\'fireburst\':1,\'mend\':1}','{\'pavise\':7,\'leaguePike\':3,\'coil\':1}',8,183
58,river_ford,league-heuristic,baseline,draw,round-limit,30,1,1,1,8,56,'{\'rally\':38,\'brace\':18}','{\'fireburst\':1,\'ward\':2}','{\'leaguePike\':3,\'pavise\':3,\'sapper\':1,\'relicWalker\':1}',8,195,0,1,1,9,23,'{\'rally\':16,\'brace\':7}','{\'ward\':3,\'fireburst\':2,\'mend\':1}','{\'pikeman\':7,\'archer\':2}',8,168
58,river_ford,baseline,league-heuristic,draw,round-limit,30,1,3,1,11,51,'{\'rally\':31,\'brace\':18,\'secondWind\':2}','{\'fireburst\':7,\'ward\':2,\'mend\':5}','{\'pikeman\':6,\'archer\':4,\'cavalier\':1}',8,180,0,2,3,9,69,'{\'rally\':46,\'focusedShot\':6,\'brace\':17}','{\'mend\':2,\'ward\':1}','{\'pavise\':4,\'leaguePike\':3,\'coil\':2}',9,210
59,river_ford,league-heuristic,baseline,draw,round-limit,30,1,1,5,8,75,'{\'rally\':48,\'brace\':24,\'focusedShot\':3}','{\'fireburst\':1,\'ward\':3}','{\'leaguePike\':2,\'pavise\':3,\'sapper\':1,\'coil\':2}',8,174,0,5,1,13,40,'{\'rally\':19,\'charge\':2,\'secondWind\':4,\'focusedShot\':11,\'brace\':4}','{\'fireburst\':1,\'ward\':2,\'mend\':6}','{\'pikeman\':8,\'archer\':3,\'cavalier\':2}',7,168
59,river_ford,baseline,league-heuristic,draw,round-limit,30,1,0,1,12,62,'{\'rally\':39,\'brace\':19,\'secondWind\':4}','{\'fireburst\':6,\'ward\':4,\'mend\':3}',{"pikeman":12},7,150,0,3,0,11,59,'{\'rally\':35,\'focusedShot\':4,\'brace\':20}','{\'ward\':3,\'mend\':1,\'fireburst\':1}','{\'leaguePike\':2,\'pavise\':3,\'sapper\':4,\'coil\':2}',7,165
60,river_ford,league-heuristic,baseline,draw,round-limit,30,1,3,2,10,62,'{\'rally\':39,\'brace\':23}',{"fireburst":2},'{\'leaguePike\':3,\'pavise\':4,\'sapper\':1,\'coil\':2}',9,199,0,2,3,10,22,'{\'rally\':15,\'charge\':2,\'brace\':3,\'secondWind\':2}','{\'ward\':1,\'fireburst\':1,\'mend\':4}','{\'pikeman\':7,\'cavalier\':1,\'archer\':2}',8,148
60,river_ford,baseline,league-heuristic,draw,round-limit,30,1,1,3,9,36,'{\'rally\':23,\'brace\':10,\'secondWind\':3}','{\'ward\':4,\'fireburst\':4,\'mend\':1}','{\'pikeman\':6,\'archer\':3}',7,156,0,4,1,10,64,'{\'rally\':42,\'focusedShot\':4,\'brace\':18}','{\'mend\':1,\'ward\':1}','{\'pavise\':4,\'leaguePike\':3,\'coil\':2,\'sapper\':1}',8,189
61,river_ford,league-heuristic,baseline,draw,round-limit,30,1,1,1,8,41,'{\'rally\':28,\'brace\':13}','{\'fireburst\':3,\'ward\':1}','{\'leaguePike\':3,\'pavise\':4,\'relicWalker\':1}',9,223,0,1,1,9,27,'{\'rally\':16,\'brace\':3,\'focusedShot\':8}','{\'ward\':5,\'mend\':5,\'fireburst\':1}','{\'pikeman\':6,\'archer\':2,\'cavalier\':1}',8,183
61,river_ford,baseline,league-heuristic,draw,round-limit,30,1,0,1,7,56,'{\'rally\':35,\'brace\':19,\'secondWind\':1,\'charge\':1}','{\'ward\':4,\'fireburst\':1,\'mend\':2}','{\'pikeman\':6,\'archer\':1}',8,169,0,2,0,9,64,'{\'rally\':38,\'focusedShot\':3,\'brace\':23}','{\'fireburst\':2,\'ward\':1}','{\'pavise\':4,\'leaguePike\':4,\'coil\':1}',9,198
62,river_ford,league-heuristic,baseline,draw,round-limit,30,1,0,0,6,29,'{\'rally\':22,\'brace\':7}','{\'fireburst\':2,\'ward\':1}','{\'leaguePike\':3,\'sapper\':1,\'coil\':2}',9,197,0,0,0,7,28,'{\'rally\':22,\'brace\':6}','{\'ward\':3,\'mend\':2,\'fireburst\':1}',{"pikeman":7},8,178
62,river_ford,baseline,league-heuristic,blue,keep-captured,23,2,4,5,12,44,'{\'rally\':24,\'brace\':13,\'secondWind\':4,\'charge\':3}',{"ward":3},'{\'pikeman\':7,\'archer\':3,\'cavalier\':2}',7,158,0,5,4,14,46,'{\'rally\':28,\'focusedShot\':6,\'brace\':12}','{\'fireburst\':3,\'mend\':1}','{\'leaguePike\':6,\'pavise\':2,\'coil\':4,\'sapper\':2}',7,177
63,river_ford,league-heuristic,baseline,draw,round-limit,30,1,3,4,10,57,'{\'rally\':38,\'brace\':19}','{\'fireburst\':3,\'mend\':2}','{\'leaguePike\':5,\'pavise\':1,\'coil\':3,\'sapper\':1}',8,191,0,4,3,11,38,'{\'rally\':23,\'brace\':11,\'charge\':3,\'secondWind\':1}','{\'fireburst\':3,\'mend\':5,\'ward\':3}','{\'cavalier\':2,\'pikeman\':7,\'archer\':2}',7,143
63,river_ford,baseline,league-heuristic,draw,round-limit,30,1,2,4,9,45,'{\'rally\':26,\'brace\':10,\'secondWind\':5,\'focusedShot\':4}','{\'ward\':2,\'fireburst\':1,\'mend\':1}','{\'pikeman\':6,\'archer\':3}',7,160,0,4,2,10,51,'{\'rally\':33,\'focusedShot\':4,\'brace\':14}','{\'ward\':2,\'fireburst\':2,\'mend\':1}','{\'pavise\':6,\'leaguePike\':1,\'sapper\':1,\'coil\':2}',8,179
64,river_ford,league-heuristic,baseline,draw,round-limit,30,1,2,2,9,90,'{\'rally\':53,\'brace\':37}','{\'fireburst\':2,\'ward\':1}','{\'leaguePike\':5,\'sapper\':2,\'coil\':1,\'pavise\':1}',8,174,0,2,2,10,53,'{\'rally\':30,\'charge\':1,\'secondWind\':1,\'focusedShot\':11,\'brace\':10}','{\'ward\':7,\'mend\':7,\'fireburst\':3}','{\'pikeman\':7,\'archer\':2,\'cavalier\':1}',8,196
64,river_ford,baseline,league-heuristic,draw,round-limit,30,1,2,6,9,44,'{\'rally\':27,\'brace\':15,\'secondWind\':2}','{\'ward\':3,\'mend\':2}','{\'pikeman\':6,\'archer\':1,\'cavalier\':2}',9,202,0,6,2,11,51,'{\'rally\':31,\'focusedShot\':5,\'brace\':15}',{"fireburst":1},'{\'leaguePike\':4,\'pavise\':1,\'sapper\':3,\'coil\':2,\'relicWalker\':1}',9,208
65,river_ford,league-heuristic,baseline,draw,round-limit,30,1,0,2,7,64,'{\'rally\':41,\'brace\':23}','{\'fireburst\':2,\'ward\':1,\'mend\':1}','{\'leaguePike\':4,\'pavise\':1,\'coil\':2}',8,181,0,2,0,10,53,'{\'rally\':31,\'charge\':1,\'secondWind\':1,\'brace\':20}','{\'fireburst\':2,\'ward\':6,\'mend\':4}','{\'pikeman\':7,\'archer\':3}',8,168
65,river_ford,baseline,league-heuristic,draw,round-limit,30,1,5,1,13,34,'{\'rally\':21,\'brace\':7,\'secondWind\':4,\'charge\':2}','{\'ward\':2,\'mend\':5,\'fireburst\':4}','{\'pikeman\':9,\'archer\':3,\'cavalier\':1}',7,167,0,2,5,9,76,'{\'rally\':42,\'focusedShot\':8,\'brace\':26}','{\'fireburst\':2,\'ward\':1,\'mend\':1}','{\'leaguePike\':5,\'coil\':2,\'pavise\':1,\'relicWalker\':1}',9,199
66,river_ford,league-heuristic,baseline,draw,round-limit,30,1,0,2,7,48,'{\'rally\':33,\'brace\':15}',{},'{\'pavise\':4,\'leaguePike\':3}',8,201,0,2,0,8,20,'{\'rally\':19,\'charge\':1}','{\'fireburst\':3,\'ward\':2}','{\'pikeman\':7,\'cavalier\':1}',8,198
66,river_ford,baseline,league-heuristic,draw,round-limit,30,1,5,1,12,53,'{\'rally\':29,\'brace\':18,\'secondWind\':2,\'focusedShot\':3,\'charge\':1}','{\'ward\':4,\'mend\':1,\'fireburst\':1}','{\'archer\':4,\'pikeman\':6,\'cavalier\':2}',8,154,0,1,5,7,66,'{\'rally\':35,\'focusedShot\':8,\'brace\':23}',{"fireburst":2},'{\'leaguePike\':4,\'pavise\':1,\'coil\':1,\'sapper\':1}',10,197
67,river_ford,league-heuristic,baseline,draw,round-limit,30,1,3,2,11,52,'{\'rally\':39,\'brace\':13}','{\'fireburst\':2,\'ward\':1,\'mend\':1}','{\'pavise\':3,\'leaguePike\':5,\'sapper\':1,\'coil\':2}',7,171,0,2,3,10,53,'{\'rally\':29,\'charge\':1,\'secondWind\':1,\'focusedShot\':7,\'brace\':15}','{\'mend\':2,\'ward\':1,\'fireburst\':1}','{\'pikeman\':7,\'archer\':3}',8,151
67,river_ford,baseline,league-heuristic,draw,round-limit,30,1,1,0,11,48,'{\'rally\':27,\'brace\':18,\'secondWind\':3}','{\'ward\':3,\'fireburst\':4,\'mend\':2}','{\'archer\':3,\'pikeman\':8}',7,146,0,1,1,9,58,'{\'rally\':37,\'focusedShot\':7,\'brace\':14}',{"fireburst":1},'{\'leaguePike\':5,\'pavise\':4}',7,177
68,river_ford,league-heuristic,baseline,draw,round-limit,30,0,1,3,8,41,'{\'rally\':28,\'brace\':13}','{\'fireburst\':5,\'mend\':1}','{\'leaguePike\':6,\'pavise\':1,\'relicWalker\':1}',8,206,0,3,1,9,40,'{\'rally\':22,\'secondWind\':1,\'focusedShot\':5,\'brace\':11,\'charge\':1}','{\'ward\':5,\'fireburst\':1,\'mend\':1}','{\'pikeman\':6,\'archer\':3}',6,136
68,river_ford,baseline,league-heuristic,draw,round-limit,30,1,1,5,8,48,'{\'rally\':29,\'brace\':12,\'secondWind\':5,\'charge\':2}','{\'fireburst\':3,\'ward\':1,\'mend\':3}','{\'pikeman\':6,\'archer\':2}',7,152,0,6,1,14,58,'{\'rally\':35,\'focusedShot\':5,\'brace\':18}','{\'fireburst\':2,\'ward\':4,\'mend\':3}','{\'leaguePike\':4,\'pavise\':4,\'coil\':3,\'relicWalker\':2,\'sapper\':1}',8,211
69,river_ford,league-heuristic,baseline,draw,round-limit,30,2,1,5,8,88,'{\'rally\':54,\'brace\':34}','{\'fireburst\':1,\'ward\':3,\'mend\':1}','{\'leaguePike\':3,\'pavise\':3,\'sapper\':1,\'coil\':1}',8,181,0,5,1,13,51,'{\'rally\':17,\'charge\':5,\'focusedShot\':18,\'secondWind\':5,\'brace\':6}','{\'fireburst\':3,\'ward\':3,\'mend\':3}','{\'pikeman\':7,\'archer\':3,\'cavalier\':3}',8,161
69,river_ford,baseline,league-heuristic,draw,round-limit,30,1,2,2,13,56,'{\'rally\':39,\'brace\':13,\'secondWind\':3,\'charge\':1}','{\'fireburst\':5,\'ward\':1}','{\'pikeman\':11,\'archer\':1,\'cavalier\':1}',7,150,0,2,2,8,66,'{\'rally\':41,\'focusedShot\':3,\'brace\':22}','{\'fireburst\':4,\'mend\':2}','{\'leaguePike\':3,\'pavise\':3,\'sapper\':2}',7,144
70,river_ford,league-heuristic,baseline,draw,round-limit,30,1,3,2,9,43,'{\'rally\':27,\'brace\':16}',{"ward":3},'{\'pavise\':1,\'leaguePike\':3,\'sapper\':1,\'coil\':3,\'relicWalker\':1}',8,207,0,2,3,10,23,'{\'rally\':17,\'charge\':1,\'focusedShot\':2,\'brace\':3}','{\'fireburst\':1,\'mend\':4,\'ward\':7}','{\'pikeman\':7,\'archer\':2,\'cavalier\':1}',8,181
70,river_ford,baseline,league-heuristic,draw,round-limit,30,2,4,2,17,57,'{\'rally\':30,\'brace\':13,\'charge\':2,\'focusedShot\':9,\'secondWind\':3}','{\'ward\':3,\'fireburst\':2,\'mend\':4}','{\'archer\':2,\'pikeman\':11,\'cavalier\':4}',7,163,0,2,4,9,57,'{\'rally\':34,\'focusedShot\':6,\'brace\':17}','{\'fireburst\':2,\'ward\':1}','{\'leaguePike\':4,\'pavise\':3,\'coil\':2}',9,201
71,river_ford,league-heuristic,baseline,draw,round-limit,30,1,1,2,10,53,'{\'rally\':36,\'brace\':17}','{\'ward\':3,\'mend\':3}','{\'leaguePike\':5,\'pavise\':3,\'coil\':2}',8,184,0,2,1,10,28,'{\'rally\':17,\'charge\':2,\'focusedShot\':8,\'brace\':1}','{\'fireburst\':2,\'ward\':4,\'mend\':5}','{\'archer\':2,\'pikeman\':7,\'cavalier\':1}',8,197
71,river_ford,baseline,league-heuristic,draw,round-limit,30,1,2,4,13,44,'{\'rally\':31,\'brace\':12,\'secondWind\':1}','{\'fireburst\':12,\'ward\':11,\'mend\':2}','{\'pikeman\':12,\'archer\':1}',7,169,0,7,2,15,66,'{\'rally\':42,\'focusedShot\':9,\'brace\':15}','{\'fireburst\':1,\'mend\':1,\'ward\':2}','{\'pavise\':4,\'coil\':5,\'leaguePike\':4,\'sapper\':1,\'relicWalker\':1}',8,150
72,river_ford,league-heuristic,baseline,draw,round-limit,30,1,2,2,11,50,'{\'rally\':37,\'brace\':13}',{"ward":2},'{\'leaguePike\':4,\'pavise\':4,\'coil\':3}',7,156,0,2,2,10,17,'{\'rally\':11,\'charge\':2,\'secondWind\':1,\'brace\':1,\'focusedShot\':2}','{\'fireburst\':5,\'ward\':5,\'mend\':3}','{\'pikeman\':7,\'archer\':2,\'cavalier\':1}',8,176
72,river_ford,baseline,league-heuristic,draw,round-limit,30,1,3,4,10,39,'{\'rally\':24,\'brace\':11,\'secondWind\':3,\'focusedShot\':1}','{\'ward\':5,\'fireburst\':2,\'mend\':3}','{\'pikeman\':5,\'archer\':3,\'cavalier\':2}',7,145,0,4,3,11,50,'{\'rally\':29,\'focusedShot\':6,\'brace\':15}','{\'fireburst\':3,\'ward\':3,\'mend\':3}','{\'coil\':5,\'pavise\':1,\'leaguePike\':4,\'sapper\':1}',9,186
73,river_ford,league-heuristic,baseline,draw,round-limit,30,1,1,2,9,54,'{\'rally\':38,\'brace\':16}','{\'fireburst\':1,\'ward\':1}','{\'leaguePike\':5,\'pavise\':3,\'coil\':1}',8,212,0,2,1,10,32,'{\'rally\':18,\'brace\':9,\'focusedShot\':2,\'charge\':1,\'secondWind\':2}','{\'fireburst\':4,\'ward\':3}','{\'pikeman\':7,\'archer\':3}',8,175
73,river_ford,baseline,league-heuristic,draw,round-limit,30,1,2,5,8,48,'{\'rally\':28,\'brace\':15,\'secondWind\':4,\'charge\':1}','{\'fireburst\':2,\'mend\':1,\'ward\':1}','{\'pikeman\':6,\'archer\':2}',7,173,0,5,2,13,55,'{\'rally\':35,\'focusedShot\':4,\'brace\':16}','{\'fireburst\':4,\'ward\':2,\'mend\':3}','{\'pavise\':7,\'leaguePike\':4,\'coil\':2}',9,215
74,river_ford,league-heuristic,baseline,draw,round-limit,30,2,3,2,9,63,'{\'rally\':43,\'brace\':20}','{\'fireburst\':1,\'mend\':1,\'ward\':1}','{\'leaguePike\':5,\'pavise\':1,\'sapper\':1,\'coil\':2}',7,161,0,2,3,8,51,'{\'rally\':17,\'secondWind\':13,\'focusedShot\':10,\'charge\':6,\'brace\':5}','{\'fireburst\':2,\'ward\':1,\'mend\':1}','{\'pikeman\':6,\'cavalier\':2}',8,150
74,river_ford,baseline,league-heuristic,draw,round-limit,30,1,1,4,8,41,'{\'rally\':26,\'brace\':11,\'secondWind\':3,\'charge\':1}','{\'fireburst\':2,\'ward\':1,\'mend\':3}','{\'pikeman\':6,\'archer\':2}',7,161,0,4,1,11,42,'{\'rally\':27,\'focusedShot\':2,\'brace\':13}','{\'fireburst\':2,\'ward\':2,\'mend\':1}','{\'leaguePike\':3,\'sapper\':1,\'coil\':3,\'pavise\':4}',7,176
75,river_ford,league-heuristic,baseline,draw,round-limit,30,2,0,1,8,52,'{\'rally\':36,\'brace\':16}',{"mend":2},'{\'leaguePike\':4,\'pavise\':3,\'sapper\':1}',7,186,0,1,0,9,22,'{\'rally\':17,\'focusedShot\':3,\'brace\':2}','{\'fireburst\':6,\'ward\':4,\'mend\':1}','{\'pikeman\':7,\'archer\':2}',8,207
75,river_ford,baseline,league-heuristic,draw,round-limit,30,1,2,5,9,50,'{\'rally\':24,\'brace\':8,\'secondWind\':8,\'focusedShot\':8,\'charge\':2}','{\'fireburst\':1,\'ward\':2,\'mend\':2}','{\'pikeman\':6,\'archer\':1,\'cavalier\':2}',9,166,0,5,2,12,62,'{\'rally\':39,\'focusedShot\':5,\'brace\':18}','{\'ward\':4,\'fireburst\':1,\'mend\':1}','{\'pavise\':7,\'leaguePike\':3,\'coil\':2}',8,190
76,river_ford,league-heuristic,baseline,draw,round-limit,30,1,1,3,9,65,'{\'rally\':36,\'brace\':16,\'focusedShot\':13}','{\'mend\':1,\'ward\':2,\'fireburst\':1}','{\'pavise\':3,\'leaguePike\':6}',7,194,0,3,1,10,47,'{\'rally\':33,\'charge\':2,\'brace\':12}','{\'fireburst\':3,\'mend\':2,\'ward\':1}','{\'pikeman\':7,\'cavalier\':1,\'archer\':2}',7,171
76,river_ford,baseline,league-heuristic,draw,round-limit,30,1,3,5,10,60,'{\'rally\':33,\'brace\':14,\'secondWind\':3,\'focusedShot\':7,\'charge\':3}','{\'ward\':6,\'fireburst\':6,\'mend\':1}','{\'archer\':3,\'pikeman\':7}',8,183,1,6,3,14,68,'{\'rally\':43,\'focusedShot\':9,\'brace\':16}','{\'fireburst\':2,\'ward\':1}','{\'leaguePike\':3,\'pavise\':4,\'coil\':5,\'sapper\':2}',8,166
77,river_ford,league-heuristic,baseline,draw,round-limit,30,1,1,2,9,67,'{\'rally\':50,\'brace\':17}','{\'fireburst\':1,\'ward\':1,\'mend\':1}','{\'leaguePike\':3,\'pavise\':5,\'sapper\':1}',7,179,0,2,1,9,36,'{\'rally\':17,\'charge\':2,\'focusedShot\':14,\'secondWind\':1,\'brace\':2}','{\'ward\':4,\'fireburst\':3,\'mend\':4}','{\'archer\':2,\'pikeman\':7}',7,175
77,river_ford,baseline,league-heuristic,draw,round-limit,30,1,2,4,10,55,'{\'rally\':34,\'secondWind\':1,\'focusedShot\':9,\'brace\':11}','{\'mend\':4,\'fireburst\':3,\'ward\':1}','{\'pikeman\':6,\'archer\':4}',8,185,0,4,2,11,64,'{\'rally\':39,\'focusedShot\':5,\'brace\':20}','{\'fireburst\':2,\'mend\':2}','{\'pavise\':4,\'leaguePike\':3,\'sapper\':2,\'relicWalker\':1,\'coil\':1}',9,191
78,river_ford,league-heuristic,baseline,draw,round-limit,30,1,0,1,7,39,'{\'rally\':31,\'brace\':8}','{\'fireburst\':2,\'ward\':2}','{\'leaguePike\':3,\'pavise\':2,\'sapper\':1,\'coil\':1}',8,198,0,1,0,8,18,{"rally":18},'{\'fireburst\':4,\'ward\':2,\'mend\':2}','{\'pikeman\':7,\'cavalier\':1}',9,207
78,river_ford,baseline,league-heuristic,draw,round-limit,30,1,1,2,8,61,'{\'rally\':36,\'brace\':22,\'secondWind\':2,\'charge\':1}','{\'fireburst\':2,\'ward\':2,\'mend\':1}','{\'pikeman\':6,\'archer\':2}',7,167,0,2,1,8,60,'{\'rally\':36,\'focusedShot\':8,\'brace\':16}','{\'fireburst\':1,\'ward\':6}','{\'leaguePike\':2,\'pavise\':4,\'sapper\':1,\'coil\':1}',8,170
79,river_ford,league-heuristic,baseline,draw,round-limit,30,1,1,6,8,64,'{\'rally\':43,\'focusedShot\':2,\'brace\':19}','{\'ward\':1,\'fireburst\':1}','{\'pavise\':4,\'leaguePike\':3,\'sapper\':1}',8,195,0,6,1,15,26,'{\'rally\':21,\'charge\':1,\'brace\':4}','{\'ward\':5,\'mend\':4,\'fireburst\':3}','{\'cavalier\':3,\'pikeman\':10,\'archer\':2}',8,206
79,river_ford,baseline,league-heuristic,draw,round-limit,30,1,3,4,10,74,'{\'rally\':37,\'brace\':15,\'focusedShot\':14,\'secondWind\':5,\'charge\':3}','{\'mend\':1,\'ward\':2,\'fireburst\':2}','{\'archer\':3,\'pikeman\':7}',7,157,0,4,3,11,68,'{\'rally\':41,\'focusedShot\':7,\'brace\':20}',{},'{\'pavise\':7,\'sapper\':1,\'leaguePike\':1,\'coil\':2}',8,172
80,river_ford,league-heuristic,baseline,draw,round-limit,30,1,3,5,10,75,'{\'rally\':49,\'brace\':26}','{\'fireburst\':2,\'ward\':3,\'mend\':3}','{\'leaguePike\':3,\'pavise\':2,\'sapper\':1,\'coil\':4}',7,159,0,5,3,11,66,'{\'rally\':29,\'focusedShot\':13,\'charge\':2,\'brace\':19,\'secondWind\':3}','{\'fireburst\':3,\'mend\':1,\'ward\':2}','{\'pikeman\':7,\'archer\':2,\'cavalier\':2}',7,157
80,river_ford,baseline,league-heuristic,draw,round-limit,30,1,3,1,12,52,'{\'rally\':34,\'brace\':16,\'secondWind\':2}','{\'fireburst\':2,\'mend\':4,\'ward\':3}','{\'pikeman\':8,\'archer\':4}',7,149,0,2,3,8,64,'{\'rally\':37,\'focusedShot\':5,\'brace\':22}','{\'mend\':3,\'ward\':1}','{\'pavise\':3,\'leaguePike\':4,\'sapper\':1}',7,164
81,river_ford,league-heuristic,baseline,draw,round-limit,30,1,2,2,12,70,'{\'rally\':46,\'brace\':24}','{\'mend\':2,\'ward\':2}','{\'pavise\':3,\'leaguePike\':4,\'coil\':4,\'relicWalker\':1}',7,159,0,2,2,14,38,'{\'rally\':21,\'charge\':3,\'secondWind\':5,\'focusedShot\':6,\'brace\':3}','{\'fireburst\':7,\'ward\':5,\'mend\':7}','{\'pikeman\':12,\'cavalier\':2}',8,189
81,river_ford,baseline,league-heuristic,draw,round-limit,30,1,4,2,11,53,'{\'rally\':34,\'brace\':17,\'secondWind\':2}','{\'fireburst\':2,\'mend\':1,\'ward\':1}','{\'archer\':4,\'pikeman\':6,\'cavalier\':1}',8,183,0,2,4,8,65,'{\'rally\':41,\'focusedShot\':4,\'brace\':20}','{\'ward\':1,\'mend\':2,\'fireburst\':1}','{\'leaguePike\':4,\'pavise\':1,\'coil\':3}',8,182
82,river_ford,league-heuristic,baseline,draw,round-limit,30,0,0,1,7,63,'{\'rally\':43,\'brace\':20}','{\'fireburst\':2,\'ward\':1}','{\'leaguePike\':2,\'pavise\':4,\'sapper\':1}',8,196,0,1,0,8,49,'{\'rally\':33,\'focusedShot\':2,\'brace\':14}','{\'fireburst\':2,\'ward\':1,\'mend\':2}','{\'pikeman\':7,\'archer\':1}',7,163
82,river_ford,baseline,league-heuristic,draw,round-limit,30,1,3,3,10,43,'{\'rally\':26,\'brace\':13,\'secondWind\':2,\'charge\':1,\'focusedShot\':1}','{\'fireburst\':4,\'mend\':3,\'ward\':4}','{\'pikeman\':6,\'archer\':3,\'cavalier\':1}',7,170,0,3,3,10,62,'{\'rally\':37,\'focusedShot\':4,\'brace\':21}',{"ward":3},'{\'pavise\':5,\'leaguePike\':3,\'coil\':1,\'sapper\':1}',7,139
83,river_ford,league-heuristic,baseline,draw,round-limit,30,1,2,4,9,69,'{\'rally\':48,\'brace\':21}','{\'ward\':2,\'mend\':1}','{\'pavise\':6,\'leaguePike\':3}',7,184,0,4,2,13,29,'{\'rally\':15,\'charge\':3,\'focusedShot\':4,\'secondWind\':3,\'brace\':4}','{\'fireburst\':4,\'ward\':5,\'mend\':5}','{\'pikeman\':9,\'cavalier\':2,\'archer\':2}',7,156
83,river_ford,baseline,league-heuristic,draw,round-limit,30,1,4,1,16,64,'{\'rally\':39,\'brace\':22,\'secondWind\':2,\'charge\':1}','{\'ward\':2,\'mend\':2,\'fireburst\':2}','{\'archer\':6,\'pikeman\':10}',6,127,0,1,4,9,63,'{\'rally\':35,\'focusedShot\':12,\'brace\':16}','{\'fireburst\':3,\'ward\':3}','{\'leaguePike\':4,\'sapper\':3,\'pavise\':1,\'coil\':1}',9,186
84,river_ford,league-heuristic,baseline,draw,round-limit,30,1,2,4,10,78,'{\'rally\':49,\'brace\':28,\'focusedShot\':1}','{\'fireburst\':1,\'mend\':4}','{\'leaguePike\':3,\'pavise\':4,\'coil\':2,\'relicWalker\':1}',9,208,0,4,2,13,37,'{\'rally\':21,\'charge\':1,\'brace\':7,\'secondWind\':2,\'focusedShot\':6}','{\'fireburst\':6,\'ward\':3,\'mend\':7}','{\'pikeman\':10,\'archer\':3}',8,198
84,river_ford,baseline,league-heuristic,draw,round-limit,30,1,3,3,10,66,'{\'rally\':41,\'brace\':19,\'secondWind\':4,\'charge\':2}','{\'ward\':3,\'fireburst\':3,\'mend\':2}','{\'pikeman\':7,\'archer\':2,\'cavalier\':1}',7,166,0,4,3,12,81,'{\'rally\':48,\'focusedShot\':3,\'brace\':30}','{\'fireburst\':3,\'ward\':4}','{\'leaguePike\':5,\'sapper\':1,\'coil\':3,\'pavise\':3}',8,168
85,river_ford,league-heuristic,baseline,draw,round-limit,30,0,2,4,9,72,'{\'rally\':47,\'brace\':23,\'focusedShot\':2}','{\'fireburst\':3,\'ward\':1,\'mend\':2}','{\'leaguePike\':3,\'pavise\':3,\'sapper\':1,\'coil\':2}',8,194,0,4,2,12,36,'{\'rally\':20,\'charge\':3,\'secondWind\':5,\'brace\':7,\'focusedShot\':1}','{\'fireburst\':7,\'mend\':3,\'ward\':1}','{\'pikeman\':9,\'cavalier\':2,\'archer\':1}',8,171
85,river_ford,baseline,league-heuristic,draw,round-limit,30,1,4,1,11,71,'{\'rally\':47,\'secondWind\':1,\'brace\':23}','{\'ward\':4,\'fireburst\':2,\'mend\':2}','{\'pikeman\':8,\'archer\':3}',7,175,0,1,4,8,72,'{\'rally\':34,\'focusedShot\':16,\'brace\':22}','{\'fireburst\':2,\'ward\':4,\'mend\':2}','{\'leaguePike\':2,\'pavise\':3,\'coil\':2,\'relicWalker\':1}',9,187
86,river_ford,league-heuristic,baseline,draw,round-limit,30,1,3,4,11,64,'{\'rally\':44,\'brace\':20}',{"mend":1},'{\'pavise\':5,\'leaguePike\':3,\'coil\':2,\'sapper\':1}',9,199,0,4,3,17,34,'{\'rally\':26,\'focusedShot\':5,\'charge\':2,\'brace\':1}','{\'fireburst\':4,\'ward\':2}','{\'pikeman\':13,\'archer\':3,\'cavalier\':1}',7,179
86,river_ford,baseline,league-heuristic,draw,round-limit,30,2,4,4,13,56,'{\'rally\':29,\'brace\':17,\'secondWind\':6,\'charge\':4}','{\'fireburst\':2,\'ward\':1}','{\'archer\':3,\'pikeman\':9,\'cavalier\':1}',8,175,0,4,4,14,58,'{\'rally\':34,\'focusedShot\':12,\'brace\':12}','{\'fireburst\':1,\'mend\':2,\'ward\':2}','{\'pavise\':6,\'leaguePike\':7,\'coil\':1}',8,195
87,river_ford,league-heuristic,baseline,draw,round-limit,30,1,0,2,8,57,'{\'rally\':41,\'brace\':15,\'focusedShot\':1}',{"fireburst":1},'{\'pavise\':3,\'leaguePike\':4,\'coil\':1}',7,172,0,2,0,8,38,'{\'rally\':23,\'charge\':1,\'brace\':12,\'secondWind\':2}','{\'fireburst\':3,\'ward\':2,\'mend\':3}','{\'pikeman\':4,\'archer\':2,\'cavalier\':2}',8,184
87,river_ford,baseline,league-heuristic,draw,round-limit,30,2,2,5,10,52,'{\'rally\':30,\'brace\':10,\'focusedShot\':11,\'secondWind\':1}','{\'ward\':5,\'mend\':5,\'fireburst\':4}','{\'archer\':4,\'pikeman\':6}',7,127,0,7,2,13,55,'{\'rally\':34,\'focusedShot\':8,\'brace\':13}','{\'fireburst\':2,\'ward\':2,\'mend\':1}','{\'leaguePike\':3,\'coil\':7,\'pavise\':2,\'sapper\':1}',5,130
88,river_ford,league-heuristic,baseline,draw,round-limit,30,1,3,3,10,67,'{\'rally\':41,\'brace\':15,\'focusedShot\':11}','{\'ward\':2,\'fireburst\':3,\'mend\':1}','{\'pavise\':4,\'leaguePike\':4,\'coil\':1,\'relicWalker\':1}',8,200,0,3,3,15,48,'{\'rally\':34,\'charge\':2,\'secondWind\':3,\'brace\':9}','{\'ward\':6,\'fireburst\':4,\'mend\':4}','{\'pikeman\':13,\'cavalier\':1,\'archer\':1}',7,172
88,river_ford,baseline,league-heuristic,draw,round-limit,30,1,1,3,8,35,'{\'rally\':21,\'brace\':6,\'focusedShot\':5,\'secondWind\':2,\'charge\':1}','{\'fireburst\':1,\'mend\':5,\'ward\':2}','{\'archer\':2,\'pikeman\':6}',7,175,0,3,1,12,42,'{\'rally\':29,\'focusedShot\':3,\'brace\':10}','{\'fireburst\':1,\'ward\':1,\'mend\':2}','{\'leaguePike\':5,\'coil\':2,\'pavise\':4,\'sapper\':1}',9,213
89,river_ford,league-heuristic,baseline,draw,round-limit,30,1,0,0,8,33,'{\'rally\':24,\'brace\':9}',{"fireburst":4},'{\'pavise\':2,\'leaguePike\':5,\'coil\':1}',7,185,0,0,0,7,27,'{\'rally\':20,\'brace\':7}','{\'ward\':7,\'mend\':1}','{\'pikeman\':4,\'cavalier\':1,\'archer\':2}',8,180
89,river_ford,baseline,league-heuristic,draw,round-limit,30,1,4,1,12,62,'{\'rally\':31,\'brace\':17,\'focusedShot\':8,\'secondWind\':4,\'charge\':2}','{\'ward\':6,\'mend\':2,\'fireburst\':2}','{\'archer\':3,\'pikeman\':7,\'cavalier\':2}',7,165,0,1,4,7,71,'{\'rally\':38,\'focusedShot\':11,\'brace\':22}','{\'fireburst\':1,\'mend\':2}','{\'leaguePike\':4,\'pavise\':1,\'coil\':1,\'sapper\':1}',9,181
90,river_ford,league-heuristic,baseline,draw,round-limit,30,1,1,1,8,60,'{\'rally\':46,\'brace\':14}','{\'ward\':1,\'fireburst\':1,\'mend\':1}','{\'pavise\':4,\'leaguePike\':3,\'coil\':1}',8,183,0,1,1,8,29,'{\'rally\':12,\'charge\':1,\'brace\':2,\'focusedShot\':14}','{\'fireburst\':4,\'ward\':4}','{\'pikeman\':7,\'cavalier\':1}',8,176
90,river_ford,baseline,league-heuristic,draw,round-limit,30,1,2,3,10,49,'{\'rally\':30,\'brace\':13,\'focusedShot\':5,\'secondWind\':1}','{\'ward\':5,\'mend\':2,\'fireburst\':1}','{\'pikeman\':6,\'archer\':4}',8,199,0,3,2,9,46,'{\'rally\':28,\'focusedShot\':4,\'brace\':14}','{\'ward\':3,\'fireburst\':1}','{\'leaguePike\':4,\'pavise\':2,\'coil\':2,\'sapper\':1}',8,163
91,river_ford,league-heuristic,baseline,draw,round-limit,30,1,4,2,13,66,'{\'rally\':46,\'brace\':16,\'focusedShot\':4}','{\'fireburst\':4,\'ward\':1,\'mend\':1}','{\'leaguePike\':5,\'pavise\':4,\'coil\':3,\'sapper\':1}',7,168,1,3,4,10,45,'{\'rally\':32,\'charge\':1,\'secondWind\':1,\'brace\':11}','{\'fireburst\':6,\'ward\':3,\'mend\':1}','{\'pikeman\':7,\'archer\':2,\'cavalier\':1}',8,180
91,river_ford,baseline,league-heuristic,draw,round-limit,30,2,5,4,13,51,'{\'rally\':31,\'brace\':12,\'secondWind\':3,\'charge\':3,\'focusedShot\':2}','{\'fireburst\':1,\'ward\':1,\'mend\':1}','{\'pikeman\':10,\'archer\':1,\'cavalier\':2}',8,157,0,4,5,10,68,'{\'rally\':35,\'focusedShot\':12,\'brace\':21}','{\'fireburst\':2,\'ward\':4,\'mend\':2}','{\'pavise\':3,\'leaguePike\':5,\'coil\':2}',8,150
92,river_ford,league-heuristic,baseline,draw,round-limit,30,1,0,3,7,75,'{\'rally\':50,\'brace\':25}',{},'{\'pavise\':4,\'leaguePike\':3}',8,208,0,3,0,11,30,'{\'rally\':13,\'charge\':2,\'focusedShot\':9,\'brace\':6}','{\'fireburst\':4,\'ward\':5,\'mend\':1}','{\'pikeman\':5,\'archer\':5,\'cavalier\':1}',6,148
92,river_ford,baseline,league-heuristic,draw,round-limit,30,1,2,3,10,42,'{\'rally\':27,\'brace\':10,\'focusedShot\':4,\'secondWind\':1}','{\'ward\':7,\'mend\':4,\'fireburst\':2}','{\'archer\':4,\'pikeman\':6}',8,195,0,3,2,10,54,'{\'rally\':32,\'focusedShot\':5,\'brace\':17}','{\'fireburst\':1,\'mend\':1}','{\'pavise\':3,\'leaguePike\':4,\'coil\':2,\'sapper\':1}',9,185
93,river_ford,league-heuristic,baseline,draw,round-limit,30,1,0,2,7,48,'{\'rally\':31,\'brace\':17}',{},'{\'pavise\':4,\'leaguePike\':2,\'coil\':1}',8,198,0,2,0,9,18,'{\'rally\':17,\'charge\':1}','{\'fireburst\':2,\'ward\':2,\'mend\':1}','{\'pikeman\':7,\'cavalier\':2}',9,222
93,river_ford,baseline,league-heuristic,draw,round-limit,30,1,2,2,11,35,'{\'rally\':23,\'brace\':12}','{\'ward\':2,\'mend\':3}','{\'archer\':5,\'pikeman\':5,\'cavalier\':1}',6,143,0,2,2,9,56,'{\'rally\':32,\'focusedShot\':6,\'brace\':18}','{\'fireburst\':2,\'ward\':4}','{\'pavise\':3,\'leaguePike\':3,\'sapper\':1,\'coil\':2}',9,192
94,river_ford,league-heuristic,baseline,draw,round-limit,30,1,1,5,9,63,'{\'rally\':44,\'brace\':19}','{\'ward\':2,\'mend\':2}','{\'pavise\':2,\'leaguePike\':5,\'coil\':1,\'relicWalker\':1}',7,179,0,5,1,11,37,'{\'rally\':24,\'charge\':3,\'secondWind\':3,\'brace\':7}','{\'fireburst\':3,\'mend\':3}','{\'pikeman\':9,\'cavalier\':2}',8,135
94,river_ford,baseline,league-heuristic,draw,round-limit,30,1,2,3,9,61,'{\'rally\':29,\'focusedShot\':8,\'brace\':17,\'secondWind\':7}','{\'fireburst\':2,\'mend\':4,\'ward\':4}','{\'archer\':1,\'pikeman\':7,\'cavalier\':1}',8,176,0,3,2,11,67,'{\'rally\':39,\'focusedShot\':6,\'brace\':22}',{"ward":1},'{\'pavise\':5,\'leaguePike\':3,\'coil\':2,\'sapper\':1}',8,182
95,river_ford,league-heuristic,baseline,draw,round-limit,30,1,3,2,13,61,'{\'rally\':42,\'brace\':19}','{\'fireburst\':1,\'ward\':1}','{\'pavise\':5,\'leaguePike\':3,\'sapper\':1,\'coil\':4}',7,156,0,2,2,10,47,'{\'rally\':29,\'charge\':1,\'secondWind\':1,\'focusedShot\':2,\'brace\':14}','{\'ward\':3,\'fireburst\':2}','{\'pikeman\':7,\'archer\':3}',8,181
95,river_ford,baseline,league-heuristic,draw,round-limit,30,1,4,5,17,50,'{\'rally\':34,\'brace\':14,\'focusedShot\':2}','{\'ward\':6,\'fireburst\':3,\'mend\':2}','{\'archer\':6,\'pikeman\':10,\'cavalier\':1}',6,148,0,5,4,13,66,'{\'rally\':31,\'focusedShot\':20,\'brace\':15}',{},'{\'pavise\':4,\'leaguePike\':3,\'coil\':4,\'sapper\':2}',8,178
96,river_ford,league-heuristic,baseline,draw,round-limit,30,1,0,2,8,55,'{\'rally\':39,\'brace\':16}','{\'ward\':2,\'fireburst\':1}','{\'pavise\':3,\'leaguePike\':5}',7,174,0,2,0,9,30,'{\'rally\':20,\'charge\':1,\'secondWind\':1,\'focusedShot\':2,\'brace\':6}','{\'ward\':3,\'fireburst\':4,\'mend\':1}','{\'pikeman\':6,\'archer\':3}',7,172
96,river_ford,baseline,league-heuristic,draw,round-limit,30,1,3,4,15,50,'{\'rally\':31,\'brace\':6,\'focusedShot\':10,\'secondWind\':2,\'charge\':1}','{\'ward\':11,\'fireburst\':2,\'mend\':5}','{\'pikeman\':12,\'cavalier\':2,\'archer\':1}',7,173,0,4,3,11,57,'{\'rally\':36,\'focusedShot\':4,\'brace\':17}','{\'fireburst\':2,\'mend\':3,\'ward\':2}','{\'pavise\':6,\'leaguePike\':1,\'sapper\':1,\'coil\':3}',7,170
97,river_ford,league-heuristic,baseline,draw,round-limit,30,1,0,1,8,36,'{\'rally\':29,\'brace\':7}','{\'fireburst\':3,\'ward\':2}','{\'pavise\':2,\'leaguePike\':5,\'coil\':1}',7,185,0,1,0,9,34,'{\'rally\':22,\'brace\':12}','{\'fireburst\':2,\'ward\':4,\'mend\':1}','{\'pikeman\':6,\'archer\':2,\'cavalier\':1}',8,196
97,river_ford,baseline,league-heuristic,draw,round-limit,30,1,5,5,16,47,'{\'rally\':33,\'brace\':12,\'secondWind\':1,\'focusedShot\':1}','{\'fireburst\':1,\'mend\':2,\'ward\':5}','{\'pikeman\':13,\'archer\':3}',7,172,0,5,5,13,51,'{\'rally\':27,\'focusedShot\':14,\'brace\':10}','{\'fireburst\':1,\'ward\':2}','{\'pavise\':5,\'coil\':7,\'sapper\':1}',6,143
98,river_ford,league-heuristic,baseline,draw,round-limit,30,1,0,1,7,43,'{\'rally\':32,\'brace\':11}',{"fireburst":2},'{\'pavise\':3,\'leaguePike\':3,\'coil\':1}',8,180,0,1,0,8,35,'{\'rally\':19,\'charge\':1,\'focusedShot\':2,\'brace\':13}','{\'ward\':3,\'fireburst\':3,\'mend\':1}','{\'cavalier\':1,\'archer\':3,\'pikeman\':4}',8,162
98,river_ford,baseline,league-heuristic,draw,round-limit,30,1,7,4,11,65,'{\'rally\':21,\'brace\':7,\'secondWind\':10,\'focusedShot\':24,\'charge\':3}','{\'ward\':3,\'fireburst\':1,\'mend\':1}','{\'archer\':4,\'pikeman\':5,\'cavalier\':2}',7,123,0,4,7,11,71,'{\'rally\':39,\'focusedShot\':10,\'brace\':22}','{\'fireburst\':1,\'ward\':2,\'mend\':1}','{\'pavise\':5,\'leaguePike\':3,\'coil\':2,\'sapper\':1}',8,151
99,river_ford,league-heuristic,baseline,draw,round-limit,30,1,1,1,8,44,'{\'rally\':30,\'brace\':14}','{\'ward\':1,\'fireburst\':1}','{\'pavise\':2,\'leaguePike\':3,\'coil\':2,\'sapper\':1}',8,193,0,1,1,8,34,'{\'rally\':22,\'charge\':1,\'secondWind\':5,\'brace\':6}','{\'fireburst\':2,\'ward\':3,\'mend\':3}','{\'pikeman\':7,\'archer\':1}',7,171
99,river_ford,baseline,league-heuristic,draw,round-limit,30,1,1,3,8,34,'{\'rally\':28,\'brace\':5,\'secondWind\':1}','{\'fireburst\':3,\'mend\':2}','{\'pikeman\':6,\'archer\':1,\'cavalier\':1}',9,202,0,3,1,10,44,'{\'rally\':28,\'focusedShot\':2,\'brace\':14}','{\'ward\':3,\'fireburst\':1}','{\'pavise\':4,\'leaguePike\':2,\'coil\':2,\'relicWalker\':2}',9,205
100,river_ford,league-heuristic,baseline,draw,round-limit,30,0,2,3,8,59,'{\'rally\':39,\'brace\':20}','{\'fireburst\':2,\'ward\':1,\'mend\':2}','{\'leaguePike\':4,\'pavise\':3,\'coil\':1}',7,180,0,3,2,10,23,'{\'rally\':15,\'charge\':2,\'focusedShot\':1,\'secondWind\':3,\'brace\':2}','{\'ward\':1,\'mend\':5,\'fireburst\':2}','{\'cavalier\':3,\'pikeman\':7}',9,216
100,river_ford,baseline,league-heuristic,draw,round-limit,30,1,6,4,13,49,'{\'rally\':25,\'brace\':13,\'secondWind\':6,\'focusedShot\':3,\'charge\':2}','{\'fireburst\':3,\'mend\':5,\'ward\':1}','{\'pikeman\':8,\'cavalier\':4,\'archer\':1}',8,175,0,4,6,10,63,'{\'rally\':41,\'focusedShot\':5,\'brace\':17}','{\'fireburst\':1,\'mend\':2,\'ward\':2}','{\'leaguePike\':2,\'pavise\':6,\'coil\':1,\'sapper\':1}',7,165
1,river_ford,league,league,draw,round-limit,30,0,5,3,9,227,'{\'rally\':116,\'setPosition\':105,\'preparedPosition\':5,\'arcBurst\':1}','{\'fieldRepair\':3,\'flare\':2,\'fireburst\':1,\'mend\':1}','{\'leaguePike\':3,\'coil\':4,\'pavise\':1,\'relicWalker\':1}',9,214,0,3,5,4,139,'{\'setPosition\':60,\'rally\':60,\'preparedPosition\':19}','{\'ward\':2,\'mend\':4,\'fieldRepair\':2,\'flare\':1,\'fireburst\':2}','{\'pavise\':1,\'coil\':3}',6,134
2,river_ford,league,league,draw,round-limit,30,0,2,1,6,225,'{\'rally\':117,\'setPosition\':105,\'preparedPosition\':3}','{\'ward\':2,\'fireburst\':1,\'fieldRepair\':1}','{\'leaguePike\':3,\'coil\':2,\'pavise\':1}',9,214,0,2,2,3,132,'{\'rally\':60,\'setPosition\':58,\'preparedPosition\':14}','{\'fireburst\':2,\'mend\':3,\'fieldRepair\':2,\'ward\':3}','{\'leaguePike\':1,\'coil\':2}',6,138
3,river_ford,league,league,draw,round-limit,30,1,4,4,6,72,'{\'rally\':41,\'setPosition\':27,\'preparedPosition\':4}','{\'mend\':3,\'flare\':1}','{\'leaguePike\':2,\'pavise\':2,\'coil\':2}',7,154,0,4,4,5,139,'{\'rally\':60,\'setPosition\':58,\'preparedPosition\':21}','{\'fireburst\':3,\'flare\':2,\'fieldRepair\':1,\'mend\':1}','{\'leaguePike\':1,\'coil\':4}',6,139
4,river_ford,league,league,draw,round-limit,30,0,9,9,14,231,'{\'rally\':108,\'setPosition\':107,\'preparedPosition\':14,\'arcBurst\':2}','{\'mend\':5,\'flare\':3,\'fieldRepair\':2,\'ward\':2}','{\'leaguePike\':3,\'pavise\':1,\'coil\':8,\'relicWalker\':2}',10,228,0,9,9,13,220,'{\'rally\':102,\'setPosition\':100,\'preparedPosition\':18}','{\'fireburst\':4,\'flare\':1,\'fieldRepair\':2,\'mend\':1}','{\'leaguePike\':2,\'coil\':7,\'pavise\':3,\'relicWalker\':1}',9,220
5,river_ford,league,league,draw,round-limit,30,0,7,5,10,226,'{\'rally\':113,\'setPosition\':104,\'preparedPosition\':9}','{\'ward\':2,\'mend\':2,\'fieldRepair\':1,\'flare\':1}','{\'leaguePike\':3,\'coil\':6,\'pavise\':1}',8,196,0,5,7,9,197,'{\'rally\':92,\'setPosition\':89,\'preparedPosition\':16}','{\'ward\':4,\'flare\':2,\'fieldRepair\':4}','{\'pavise\':3,\'coil\':5,\'leaguePike\':1}',9,191
6,river_ford,league,league,draw,round-limit,30,0,7,4,10,220,'{\'rally\':109,\'setPosition\':108,\'preparedPosition\':3}','{\'mend\':1,\'flare\':2}','{\'leaguePike\':4,\'coil\':6}',8,199,0,4,7,7,179,'{\'setPosition\':84,\'rally\':85,\'preparedPosition\':10}','{\'ward\':5,\'fieldRepair\':4,\'flare\':1}','{\'pavise\':3,\'coil\':3,\'leaguePike\':1}',8,196
7,river_ford,league,league,draw,round-limit,30,0,14,10,17,225,'{\'rally\':105,\'setPosition\':103,\'preparedPosition\':14,\'arcBurst\':3}','{\'ward\':4,\'mend\':1,\'fieldRepair\':1,\'flare\':3}','{\'leaguePike\':3,\'coil\':11,\'relicWalker\':2,\'pavise\':1}',8,200,0,10,13,14,158,'{\'rally\':72,\'setPosition\':69,\'preparedPosition\':14,\'arcBurst\':3}','{\'fireburst\':6,\'ward\':2,\'fieldRepair\':2,\'mend\':2,\'flare\':1}','{\'leaguePike\':1,\'coil\':8,\'relicWalker\':2,\'pavise\':3}',9,218
8,river_ford,league,league,draw,round-limit,30,0,8,10,12,222,'{\'rally\':105,\'setPosition\':103,\'preparedPosition\':14}','{\'fireburst\':3,\'ward\':3,\'flare\':1,\'mend\':4,\'fieldRepair\':1}','{\'leaguePike\':3,\'coil\':8,\'relicWalker\':1}',9,211,0,10,8,13,196,'{\'setPosition\':89,\'rally\':94,\'preparedPosition\':13}','{\'ward\':4,\'fieldRepair\':3,\'flare\':4,\'fireburst\':3,\'mend\':1}','{\'pavise\':4,\'coil\':7,\'leaguePike\':2}',8,203
9,river_ford,league,league,draw,round-limit,30,0,11,8,14,234,'{\'rally\':110,\'setPosition\':108,\'preparedPosition\':14,\'arcBurst\':2}','{\'ward\':2,\'mend\':6,\'fieldRepair\':1,\'flare\':1,\'fireburst\':2}','{\'leaguePike\':4,\'coil\':9,\'relicWalker\':1}',8,199,0,8,11,9,138,'{\'setPosition\':60,\'rally\':60,\'preparedPosition\':18}','{\'mend\':3,\'fieldRepair\':2,\'flare\':2,\'fireburst\':1,\'ward\':1}','{\'pavise\':1,\'coil\':8}',6,140
10,river_ford,league,league,draw,round-limit,30,0,7,7,10,219,'{\'rally\':109,\'setPosition\':101,\'preparedPosition\':9}','{\'fireburst\':4,\'fieldRepair\':1,\'ward\':2,\'mend\':3}','{\'leaguePike\':2,\'pavise\':2,\'coil\':6}',8,197,0,7,7,8,133,'{\'setPosition\':60,\'rally\':60,\'preparedPosition\':9,\'arcBurst\':4}','{\'ward\':2,\'fieldRepair\':2,\'flare\':1,\'mend\':1}','{\'pavise\':1,\'coil\':6,\'relicWalker\':1}',6,138
11,river_ford,league,league,draw,round-limit,30,0,11,10,14,224,'{\'rally\':106,\'setPosition\':103,\'preparedPosition\':13,\'arcBurst\':2}','{\'fireburst\':4,\'fieldRepair\':3,\'flare\':2,\'mend\':1}','{\'leaguePike\':3,\'pavise\':1,\'coil\':9,\'relicWalker\':1}',8,199,0,10,11,14,188,'{\'rally\':90,\'setPosition\':82,\'preparedPosition\':16}','{\'ward\':3,\'fieldRepair\':4,\'flare\':3,\'fireburst\':1,\'mend\':2}','{\'leaguePike\':3,\'coil\':9,\'pavise\':2}',9,196
12,river_ford,league,league,draw,round-limit,30,1,6,0,6,61,'{\'rally\':37,\'setPosition\':20,\'preparedPosition\':4}','{\'fireburst\':4,\'mend\':1,\'flare\':1,\'ward\':1}','{\'leaguePike\':2,\'pavise\':1,\'coil\':3}',5,116,0,0,6,1,142,'{\'setPosition\':60,\'rally\':60,\'preparedPosition\':22}','{\'flare\':2,\'mend\':2,\'fieldRepair\':3,\'fireburst\':1}',{"pavise":1},6,110
13,river_ford,league,league,draw,round-limit,30,1,4,0,7,102,'{\'rally\':60,\'setPosition\':40,\'preparedPosition\':2}','{\'ward\':4,\'fieldRepair\':2,\'flare\':1,\'mend\':1}','{\'leaguePike\':3,\'pavise\':1,\'coil\':2,\'relicWalker\':1}',8,189,0,0,4,1,140,'{\'rally\':60,\'setPosition\':58,\'preparedPosition\':22}','{\'fireburst\':1,\'flare\':1,\'fieldRepair\':1,\'ward\':2}',{"leaguePike":1},6,117
14,river_ford,league,league,draw,round-limit,30,0,7,6,11,218,'{\'rally\':105,\'setPosition\':104,\'preparedPosition\':9}','{\'ward\':7,\'flare\':2,\'fireburst\':2}','{\'leaguePike\':3,\'coil\':8}',9,205,0,6,7,9,210,'{\'setPosition\':100,\'rally\':101,\'preparedPosition\':8,\'arcBurst\':1}','{\'ward\':1,\'mend\':1,\'fieldRepair\':1,\'fireburst\':3}','{\'pavise\':4,\'coil\':3,\'leaguePike\':1,\'relicWalker\':1}',8,203
15,river_ford,league,league,draw,round-limit,30,1,3,1,4,51,'{\'rally\':35,\'setPosition\':14,\'preparedPosition\':2}','{\'fireburst\':4,\'fieldRepair\':3}','{\'leaguePike\':3,\'coil\':1}',6,147,0,1,3,2,138,'{\'setPosition\':60,\'rally\':60,\'preparedPosition\':18}','{\'mend\':1,\'fieldRepair\':3,\'ward\':1,\'flare\':1,\'fireburst\':2}','{\'pavise\':1,\'coil\':1}',6,135
16,river_ford,league,league,draw,round-limit,30,1,7,4,11,83,'{\'rally\':45,\'setPosition\':33,\'preparedPosition\':5}','{\'fireburst\':3,\'flare\':1,\'mend\':2,\'fieldRepair\':1}','{\'leaguePike\':4,\'coil\':6,\'pavise\':1}',9,207,0,4,7,5,139,'{\'setPosition\':60,\'rally\':60,\'preparedPosition\':19}','{\'ward\':1,\'fireburst\':2,\'mend\':3,\'fieldRepair\':1,\'flare\':1}','{\'pavise\':1,\'coil\':4}',6,140
17,river_ford,league,league,draw,round-limit,30,0,9,6,12,225,'{\'rally\':111,\'setPosition\':103,\'preparedPosition\':10,\'arcBurst\':1}','{\'ward\':4,\'mend\':2,\'fieldRepair\':1,\'flare\':1}','{\'leaguePike\':3,\'coil\':7,\'relicWalker\':1,\'pavise\':1}',8,196,0,6,9,11,235,'{\'setPosition\':108,\'rally\':108,\'preparedPosition\':19}','{\'flare\':2,\'mend\':3,\'fieldRepair\':2,\'fireburst\':3,\'ward\':3}','{\'pavise\':2,\'leaguePike\':3,\'coil\':6}',10,237
18,river_ford,league,league,draw,round-limit,30,0,6,6,9,233,'{\'rally\':113,\'setPosition\':111,\'preparedPosition\':9}','{\'ward\':2,\'fireburst\':2,\'mend\':2,\'fieldRepair\':2}','{\'leaguePike\':1,\'pavise\':3,\'coil\':5}',8,202,0,6,6,9,175,'{\'setPosition\':82,\'rally\':84,\'preparedPosition\':9}','{\'flare\':2,\'fieldRepair\':2,\'ward\':3,\'mend\':3}','{\'pavise\':3,\'coil\':6}',8,190
19,river_ford,league,league,draw,round-limit,30,0,6,7,9,226,'{\'rally\':114,\'setPosition\':104,\'preparedPosition\':8}','{\'fieldRepair\':2,\'mend\':2,\'flare\':1}','{\'leaguePike\':2,\'pavise\':2,\'coil\':5}',8,199,0,7,6,11,191,'{\'rally\':90,\'setPosition\':87,\'preparedPosition\':10,\'arcBurst\':4}','{\'fireburst\':1,\'fieldRepair\':5,\'flare\':1,\'mend\':1}','{\'leaguePike\':1,\'coil\':6,\'pavise\':3,\'relicWalker\':1}',9,226
20,river_ford,league,league,draw,round-limit,30,0,3,2,6,222,'{\'rally\':116,\'setPosition\':103,\'preparedPosition\':3}','{\'ward\':1,\'fieldRepair\':2,\'flare\':2}','{\'leaguePike\':3,\'coil\':2,\'pavise\':1}',8,190,0,2,3,5,207,'{\'rally\':97,\'setPosition\':94,\'preparedPosition\':16}','{\'ward\':1,\'fireburst\':2,\'fieldRepair\':1}','{\'leaguePike\':1,\'coil\':1,\'pavise\':3}',8,196
21,river_ford,league,league,draw,round-limit,30,0,4,5,8,215,'{\'rally\':104,\'setPosition\':103,\'preparedPosition\':8}','{\'fireburst\':3,\'mend\':2,\'fieldRepair\':2,\'flare\':2}','{\'leaguePike\':2,\'pavise\':1,\'coil\':4,\'relicWalker\':1}',9,202,0,5,4,8,220,'{\'rally\':107,\'setPosition\':105,\'preparedPosition\':8}','{\'ward\':3,\'fireburst\':2,\'fieldRepair\':3,\'mend\':3}','{\'leaguePike\':3,\'pavise\':2,\'coil\':3}',8,201
22,river_ford,league,league,draw,round-limit,30,0,5,4,8,224,'{\'rally\':115,\'setPosition\':104,\'preparedPosition\':5}','{\'fireburst\':2,\'ward\':1,\'flare\':2,\'mend\':1}','{\'leaguePike\':3,\'coil\':4,\'pavise\':1}',8,188,0,4,5,5,135,'{\'rally\':60,\'setPosition\':58,\'preparedPosition\':17}','{\'ward\':2,\'fieldRepair\':4,\'fireburst\':4,\'mend\':2,\'flare\':2}','{\'leaguePike\':1,\'coil\':4}',6,127
23,river_ford,league,league,draw,round-limit,30,0,6,7,11,225,'{\'rally\':114,\'setPosition\':101,\'preparedPosition\':10}','{\'fireburst\':3,\'ward\':2,\'flare\':4,\'fieldRepair\':1}','{\'leaguePike\':2,\'pavise\':3,\'coil\':6}',10,217,0,7,6,10,202,'{\'setPosition\':92,\'rally\':94,\'preparedPosition\':16}','{\'flare\':2,\'mend\':1,\'fieldRepair\':1}','{\'pavise\':3,\'coil\':5,\'leaguePike\':2}',8,187
24,river_ford,league,league,draw,round-limit,30,1,6,0,6,60,'{\'rally\':39,\'setPosition\':20,\'preparedPosition\':1}','{\'fireburst\':3,\'fieldRepair\':1,\'flare\':1,\'mend\':1}','{\'leaguePike\':2,\'pavise\':2,\'coil\':2}',6,139,0,0,6,1,141,'{\'rally\':60,\'setPosition\':58,\'preparedPosition\':23}','{\'fireburst\':2,\'mend\':3,\'fieldRepair\':3,\'ward\':1}',{"leaguePike":1},6,129
25,river_ford,league,league,draw,round-limit,30,0,9,7,12,221,'{\'rally\':109,\'setPosition\':102,\'preparedPosition\':8,\'arcBurst\':2}','{\'fireburst\':2,\'fieldRepair\':1,\'mend\':2,\'flare\':1}','{\'leaguePike\':2,\'pavise\':2,\'coil\':6,\'relicWalker\':2}',8,185,0,7,9,10,223,'{\'setPosition\':101,\'rally\':102,\'preparedPosition\':20}','{\'mend\':2,\'fieldRepair\':2,\'ward\':1,\'flare\':1}','{\'pavise\':2,\'leaguePike\':2,\'coil\':6}',8,194
26,river_ford,league,league,draw,round-limit,30,0,5,4,8,226,'{\'rally\':111,\'setPosition\':109,\'preparedPosition\':6}','{\'fireburst\':2,\'flare\':2,\'mend\':1}','{\'leaguePike\':3,\'coil\':4,\'pavise\':1}',8,200,0,4,5,5,124,'{\'rally\':60,\'setPosition\':58,\'preparedPosition\':6}','{\'fireburst\':4,\'flare\':2,\'fieldRepair\':4,\'mend\':1}','{\'leaguePike\':1,\'coil\':4}',6,139
27,river_ford,league,league,draw,round-limit,30,0,5,6,9,217,'{\'rally\':104,\'setPosition\':102,\'preparedPosition\':11}','{\'fireburst\':2,\'ward\':2,\'mend\':4,\'flare\':2}','{\'leaguePike\':2,\'pavise\':1,\'coil\':6}',9,198,0,6,5,9,224,'{\'setPosition\':108,\'rally\':108,\'preparedPosition\':6,\'arcBurst\':2}','{\'fireburst\':4,\'fieldRepair\':3,\'ward\':1}','{\'pavise\':3,\'coil\':2,\'leaguePike\':2,\'relicWalker\':2}',8,202
28,river_ford,league,league,draw,round-limit,30,0,4,6,7,224,'{\'rally\':110,\'setPosition\':102,\'preparedPosition\':8,\'arcBurst\':4}','{\'fireburst\':1,\'mend\':2,\'fieldRepair\':2,\'ward\':2}','{\'leaguePike\':2,\'pavise\':2,\'coil\':2,\'relicWalker\':1}',8,185,0,6,4,9,183,'{\'setPosition\':83,\'rally\':86,\'preparedPosition\':12,\'arcBurst\':2}','{\'fieldRepair\':3,\'ward\':1,\'fireburst\':2,\'flare\':1}','{\'pavise\':3,\'coil\':3,\'leaguePike\':2,\'relicWalker\':1}',8,194
29,river_ford,league,league,draw,round-limit,30,0,6,6,9,218,'{\'rally\':109,\'setPosition\':101,\'preparedPosition\':5,\'arcBurst\':3}','{\'fireburst\':2,\'ward\':5,\'fieldRepair\':3,\'mend\':2,\'flare\':1}','{\'leaguePike\':2,\'coil\':3,\'pavise\':2,\'relicWalker\':2}',8,191,0,6,6,10,187,'{\'setPosition\':84,\'rally\':86,\'preparedPosition\':17}','{\'mend\':3,\'fieldRepair\':3,\'ward\':1}','{\'pavise\':2,\'coil\':6,\'leaguePike\':2}',9,209
30,river_ford,league,league,draw,round-limit,30,0,9,10,12,229,'{\'rally\':111,\'setPosition\':105,\'preparedPosition\':13}','{\'mend\':1,\'ward\':3,\'flare\':3}','{\'leaguePike\':3,\'pavise\':2,\'coil\':7}',8,200,0,10,9,14,166,'{\'rally\':78,\'setPosition\':75,\'preparedPosition\':13}','{\'ward\':6,\'flare\':2,\'fieldRepair\':1,\'mend\':1,\'fireburst\':1}','{\'leaguePike\':2,\'coil\':10,\'pavise\':2}',9,213
31,river_ford,league,league,draw,round-limit,30,0,1,1,4,234,'{\'rally\':117,\'setPosition\':115,\'preparedPosition\':2}','{\'ward\':3,\'flare\':1}','{\'leaguePike\':1,\'pavise\':3}',8,202,0,1,1,2,120,'{\'rally\':60,\'setPosition\':58,\'preparedPosition\':2}',{"fieldRepair":3},'{\'leaguePike\':1,\'coil\':1}',6,135
32,river_ford,league,league,draw,round-limit,30,0,5,4,8,218,'{\'rally\':108,\'setPosition\':105,\'preparedPosition\':5}','{\'mend\':2,\'fieldRepair\':2,\'ward\':1,\'fireburst\':2}','{\'leaguePike\':2,\'pavise\':2,\'coil\':4}',8,201,0,4,5,8,187,'{\'rally\':91,\'setPosition\':88,\'preparedPosition\':8}','{\'fireburst\':2,\'ward\':1,\'mend\':2,\'fieldRepair\':2}','{\'pavise\':3,\'coil\':4,\'leaguePike\':1}',9,209
33,river_ford,league,league,draw,round-limit,30,0,5,9,9,223,'{\'rally\':104,\'setPosition\':102,\'preparedPosition\':17}','{\'ward\':3,\'flare\':4}','{\'leaguePike\':1,\'pavise\':2,\'coil\':6}',9,183,0,9,5,12,197,'{\'rally\':99,\'setPosition\':88,\'preparedPosition\':10}','{\'fireburst\':2,\'flare\':2,\'fieldRepair\':2,\'ward\':2}','{\'leaguePike\':3,\'coil\':7,\'pavise\':2}',8,191
34,river_ford,league,league,draw,round-limit,30,0,5,5,9,214,'{\'rally\':104,\'setPosition\':103,\'preparedPosition\':7}','{\'fireburst\':1,\'flare\':1,\'mend\':2,\'fieldRepair\':1}','{\'leaguePike\':2,\'pavise\':1,\'coil\':6}',9,212,0,5,5,8,232,'{\'setPosition\':112,\'rally\':112,\'preparedPosition\':8}','{\'ward\':1,\'fireburst\':1,\'fieldRepair\':2,\'mend\':1}','{\'pavise\':3,\'leaguePike\':2,\'coil\':3}',8,202
35,river_ford,league,league,draw,round-limit,30,0,7,6,10,217,'{\'rally\':104,\'setPosition\':104,\'preparedPosition\':7,\'arcBurst\':2}','{\'mend\':1,\'fieldRepair\':1,\'fireburst\':2}','{\'leaguePike\':4,\'coil\':5,\'relicWalker\':1}',8,199,0,6,7,11,194,'{\'setPosition\':90,\'rally\':92,\'preparedPosition\':12}','{\'flare\':1,\'fireburst\':2,\'mend\':2,\'fieldRepair\':1,\'ward\':1}','{\'pavise\':4,\'coil\':5,\'leaguePike\':1,\'relicWalker\':1}',10,251
36,river_ford,league,league,draw,round-limit,30,0,6,6,10,239,'{\'rally\':116,\'setPosition\':114,\'preparedPosition\':9}','{\'fireburst\':3,\'ward\':3,\'mend\':5,\'fieldRepair\':3,\'flare\':2}','{\'leaguePike\':3,\'pavise\':1,\'coil\':6}',9,212,0,6,6,9,158,'{\'setPosition\':66,\'rally\':67,\'preparedPosition\':24,\'arcBurst\':1}','{\'mend\':3,\'fieldRepair\':2,\'ward\':3,\'flare\':1}','{\'pavise\':3,\'coil\':4,\'relicWalker\':1,\'leaguePike\':1}',8,191
37,river_ford,league,league,draw,round-limit,30,0,3,1,6,221,'{\'rally\':116,\'setPosition\':102,\'preparedPosition\':2,\'arcBurst\':1}','{\'ward\':2,\'fireburst\':1,\'fieldRepair\':1}','{\'leaguePike\':2,\'pavise\':2,\'coil\':1,\'relicWalker\':1}',8,191,0,1,3,2,137,'{\'setPosition\':60,\'rally\':60,\'preparedPosition\':17}','{\'fieldRepair\':5,\'flare\':2}','{\'pavise\':1,\'coil\':1}',6,128
38,river_ford,league,league,draw,round-limit,30,0,13,11,16,224,'{\'rally\':104,\'setPosition\':103,\'preparedPosition\':15,\'arcBurst\':2}','{\'fireburst\':4,\'ward\':2,\'fieldRepair\':4,\'mend\':1}','{\'leaguePike\':3,\'coil\':11,\'relicWalker\':1,\'pavise\':1}',8,200,0,11,13,15,173,'{\'setPosition\':77,\'rally\':78,\'preparedPosition\':16,\'arcBurst\':2}','{\'fireburst\':1,\'ward\':4,\'flare\':2,\'fieldRepair\':2,\'mend\':3}','{\'pavise\':4,\'coil\':10,\'relicWalker\':1}',9,200
39,river_ford,league,league,draw,round-limit,30,0,2,1,5,221,'{\'rally\':116,\'setPosition\':103,\'preparedPosition\':2}','{\'mend\':1,\'fieldRepair\':2,\'ward\':1}','{\'leaguePike\':3,\'coil\':1,\'pavise\':1}',8,190,0,1,2,2,135,'{\'setPosition\':60,\'rally\':60,\'preparedPosition\':15}','{\'ward\':1,\'flare\':2,\'fieldRepair\':2}','{\'pavise\':1,\'coil\':1}',6,127
40,river_ford,league,league,draw,round-limit,30,0,6,5,10,227,'{\'rally\':114,\'setPosition\':105,\'preparedPosition\':8}','{\'fireburst\':3,\'mend\':3,\'fieldRepair\':2,\'flare\':1}','{\'leaguePike\':3,\'coil\':6,\'pavise\':1}',9,208,0,5,6,6,138,'{\'setPosition\':60,\'rally\':60,\'preparedPosition\':18}','{\'mend\':3,\'fieldRepair\':3,\'fireburst\':3,\'flare\':3,\'ward\':1}','{\'pavise\':1,\'coil\':4,\'relicWalker\':1}',6,136
41,river_ford,league,league,draw,round-limit,30,0,9,6,12,226,'{\'rally\':109,\'setPosition\':108,\'preparedPosition\':8,\'arcBurst\':1}','{\'ward\':3,\'fieldRepair\':1,\'flare\':6,\'fireburst\':3}','{\'leaguePike\':3,\'pavise\':1,\'coil\':7,\'relicWalker\':1}',8,200,0,6,9,9,194,'{\'setPosition\':90,\'rally\':91,\'preparedPosition\':13}','{\'ward\':1,\'flare\':2,\'fieldRepair\':1,\'mend\':2}','{\'pavise\':4,\'coil\':5}',8,187
42,river_ford,league,league,draw,round-limit,30,0,5,5,9,213,'{\'rally\':104,\'setPosition\':101,\'preparedPosition\':8}','{\'ward\':4,\'fieldRepair\':3,\'flare\':4}','{\'leaguePike\':2,\'pavise\':1,\'coil\':6}',9,202,0,5,5,8,207,'{\'setPosition\':100,\'rally\':100,\'preparedPosition\':7}','{\'mend\':2,\'fieldRepair\':3,\'ward\':1}','{\'pavise\':3,\'coil\':3,\'leaguePike\':2}',8,202
43,river_ford,league,league,draw,round-limit,30,0,5,8,9,229,'{\'rally\':112,\'setPosition\':104,\'preparedPosition\':13}','{\'fireburst\':3,\'mend\':3,\'flare\':1}','{\'leaguePike\':2,\'pavise\':2,\'coil\':5}',9,203,0,8,5,11,199,'{\'setPosition\':93,\'rally\':95,\'preparedPosition\':7,\'arcBurst\':4}','{\'fireburst\':2,\'mend\':2,\'fieldRepair\':2,\'flare\':1,\'ward\':1}','{\'pavise\':4,\'coil\':4,\'relicWalker\':2,\'leaguePike\':1}',8,202
44,river_ford,league,league,draw,round-limit,30,0,5,4,8,225,'{\'rally\':115,\'setPosition\':104,\'preparedPosition\':6}','{\'fireburst\':1,\'mend\':1,\'fieldRepair\':2,\'flare\':4,\'ward\':1}','{\'leaguePike\':2,\'pavise\':2,\'coil\':4}',8,197,0,4,5,5,136,'{\'setPosition\':60,\'rally\':60,\'preparedPosition\':16}','{\'ward\':2,\'mend\':2,\'fieldRepair\':1}','{\'pavise\':1,\'coil\':4}',6,132
45,river_ford,league,league,draw,round-limit,30,1,6,5,10,126,'{\'rally\':66,\'setPosition\':53,\'preparedPosition\':7}','{\'fireburst\':2,\'ward\':3,\'mend\':2,\'flare\':5,\'fieldRepair\':1}','{\'leaguePike\':1,\'pavise\':3,\'coil\':6}',9,191,0,5,6,6,132,'{\'rally\':60,\'setPosition\':58,\'preparedPosition\':8,\'arcBurst\':6}','{\'fireburst\':1,\'ward\':2,\'mend\':1,\'fieldRepair\':4}','{\'leaguePike\':1,\'coil\':3,\'relicWalker\':2}',6,155
46,river_ford,league,league,draw,round-limit,30,0,8,10,11,222,'{\'rally\':104,\'setPosition\':102,\'preparedPosition\':16}','{\'fireburst\':1,\'ward\':1,\'mend\':2,\'flare\':1,\'fieldRepair\':1}','{\'leaguePike\':2,\'pavise\':1,\'coil\':8}',8,186,0,10,8,13,207,'{\'setPosition\':97,\'rally\':99,\'preparedPosition\':9,\'arcBurst\':2}','{\'flare\':1,\'mend\':2,\'fieldRepair\':2,\'fireburst\':1,\'ward\':1}','{\'pavise\':5,\'coil\':6,\'relicWalker\':2}',8,204
47,river_ford,league,league,draw,round-limit,30,0,10,7,14,226,'{\'rally\':112,\'setPosition\':103,\'preparedPosition\':11}','{\'fireburst\':3,\'ward\':1,\'mend\':5,\'flare\':3,\'fieldRepair\':1}','{\'leaguePike\':3,\'coil\':10,\'pavise\':1}',9,208,0,7,10,8,138,'{\'setPosition\':60,\'rally\':60,\'preparedPosition\':18}','{\'ward\':2,\'fieldRepair\':4,\'mend\':3,\'flare\':4,\'fireburst\':1}','{\'pavise\':1,\'coil\':7}',6,128
48,river_ford,league,league,draw,round-limit,30,0,6,7,10,226,'{\'rally\':108,\'setPosition\':106,\'preparedPosition\':10,\'arcBurst\':2}','{\'ward\':1,\'fireburst\':2,\'mend\':2,\'flare\':1}','{\'leaguePike\':2,\'pavise\':2,\'coil\':5,\'relicWalker\':1}',9,209,0,8,6,11,227,'{\'rally\':109,\'setPosition\':106,\'preparedPosition\':9,\'arcBurst\':3}','{\'fireburst\':2,\'mend\':4,\'fieldRepair\':2}','{\'leaguePike\':2,\'pavise\':3,\'coil\':5,\'relicWalker\':1}',8,202
49,river_ford,league,league,draw,round-limit,30,0,9,8,13,228,'{\'rally\':110,\'setPosition\':103,\'preparedPosition\':15}','{\'mend\':6,\'fireburst\':1,\'ward\':2,\'fieldRepair\':1}','{\'leaguePike\':3,\'coil\':8,\'pavise\':1,\'relicWalker\':1}',9,226,0,8,9,12,215,'{\'setPosition\':99,\'rally\':100,\'preparedPosition\':15,\'arcBurst\':1}','{\'flare\':3,\'fieldRepair\':4,\'mend\':5,\'ward\':1,\'fireburst\':1}','{\'pavise\':4,\'coil\':7,\'relicWalker\':1}',9,211
50,river_ford,league,league,draw,round-limit,30,0,5,4,8,228,'{\'rally\':112,\'setPosition\':110,\'preparedPosition\':5,\'arcBurst\':1}','{\'ward\':3,\'fireburst\':3,\'mend\':2,\'fieldRepair\':1,\'flare\':1}','{\'leaguePike\':3,\'pavise\':1,\'coil\':3,\'relicWalker\':1}',8,200,0,4,5,5,130,'{\'setPosition\':60,\'rally\':60,\'preparedPosition\':10}','{\'ward\':2,\'flare\':1,\'fieldRepair\':4,\'mend\':2}','{\'pavise\':1,\'coil\':4}',6,130
51,river_ford,league,league,draw,round-limit,30,0,9,7,14,223,'{\'rally\':104,\'setPosition\':104,\'preparedPosition\':14,\'arcBurst\':1}','{\'fireburst\':4,\'mend\':4,\'fieldRepair\':1,\'ward\':4,\'flare\':1}','{\'leaguePike\':4,\'coil\':9,\'relicWalker\':1}',10,235,0,7,9,10,201,'{\'setPosition\':92,\'rally\':96,\'preparedPosition\':11,\'arcBurst\':2}','{\'flare\':2,\'mend\':3,\'fieldRepair\':3}','{\'pavise\':3,\'coil\':4,\'relicWalker\':1,\'leaguePike\':2}',8,190
52,river_ford,league,league,draw,round-limit,30,0,5,2,8,221,'{\'rally\':112,\'setPosition\':109}','{\'fireburst\':1,\'ward\':2,\'flare\':2,\'mend\':1}','{\'leaguePike\':3,\'coil\':4,\'pavise\':1}',8,194,0,2,5,3,136,'{\'rally\':60,\'setPosition\':58,\'preparedPosition\':18}','{\'fireburst\':2,\'mend\':1,\'fieldRepair\':1,\'flare\':3}','{\'leaguePike\':1,\'coil\':2}',6,132
53,river_ford,league,league,draw,round-limit,30,0,6,3,9,163,'{\'rally\':86,\'setPosition\':76,\'arcBurst\':1}','{\'fireburst\':3,\'fieldRepair\':4,\'ward\':5,\'mend\':5}','{\'leaguePike\':3,\'pavise\':1,\'relicWalker\':3,\'coil\':2}',8,189,0,3,6,4,140,'{\'rally\':59,\'setPosition\':57,\'preparedPosition\':24}','{\'fireburst\':1,\'ward\':2,\'flare\':2,\'fieldRepair\':2}','{\'pavise\':1,\'coil\':3}',6,125
54,river_ford,league,league,draw,round-limit,30,0,5,4,8,225,'{\'rally\':115,\'setPosition\':104,\'preparedPosition\':6}','{\'ward\':2,\'fieldRepair\':1,\'mend\':1,\'flare\':2,\'fireburst\':1}','{\'leaguePike\':2,\'pavise\':2,\'coil\':4}',8,179,0,4,5,5,136,'{\'setPosition\':60,\'rally\':60,\'preparedPosition\':16}','{\'ward\':2,\'flare\':2,\'fieldRepair\':2,\'fireburst\':1,\'mend\':2}','{\'pavise\':1,\'coil\':4}',6,128
55,river_ford,league,league,draw,round-limit,30,0,4,2,7,218,'{\'rally\':114,\'setPosition\':102,\'preparedPosition\':2}','{\'fireburst\':2,\'fieldRepair\':1,\'ward\':1,\'mend\':1}','{\'leaguePike\':3,\'coil\':3,\'pavise\':1}',8,182,0,2,4,3,134,'{\'rally\':60,\'setPosition\':58,\'preparedPosition\':16}','{\'fireburst\':1,\'fieldRepair\':3,\'flare\':1}','{\'leaguePike\':1,\'coil\':2}',6,129
56,river_ford,league,league,draw,round-limit,30,1,6,1,6,86,'{\'rally\':47,\'setPosition\':37,\'preparedPosition\':2}','{\'fireburst\':3,\'ward\':6,\'mend\':2,\'flare\':1}','{\'leaguePike\':3,\'pavise\':1,\'coil\':1,\'relicWalker\':1}',5,127,0,1,6,2,137,'{\'setPosition\':60,\'rally\':60,\'preparedPosition\':17}','{\'fireburst\':1,\'mend\':1,\'fieldRepair\':3}','{\'pavise\':1,\'coil\':1}',6,127
57,river_ford,league,league,draw,round-limit,30,0,5,7,9,223,'{\'rally\':110,\'setPosition\':102,\'preparedPosition\':8,\'arcBurst\':3}','{\'fireburst\':3,\'ward\':4,\'mend\':1,\'flare\':1,\'fieldRepair\':3}','{\'leaguePike\':2,\'pavise\':2,\'coil\':3,\'relicWalker\':2}',9,203,0,7,5,10,189,'{\'setPosition\':86,\'rally\':88,\'preparedPosition\':15}','{\'ward\':2,\'flare\':3,\'fireburst\':2,\'mend\':3,\'fieldRepair\':3}','{\'pavise\':4,\'coil\':5,\'leaguePike\':1}',8,203
58,river_ford,league,league,draw,round-limit,30,0,8,8,11,229,'{\'rally\':113,\'setPosition\':105,\'preparedPosition\':11}','{\'fireburst\':2,\'ward\':3,\'mend\':3,\'fieldRepair\':2}','{\'leaguePike\':3,\'pavise\':2,\'coil\':6}',8,200,0,8,8,12,203,'{\'setPosition\':92,\'rally\':94,\'preparedPosition\':17}','{\'flare\':2,\'mend\':2,\'fieldRepair\':2,\'ward\':1}','{\'pavise\':2,\'coil\':8,\'leaguePike\':2}',9,205
59,river_ford,league,league,draw,round-limit,30,0,4,4,7,234,'{\'rally\':115,\'setPosition\':113,\'preparedPosition\':6}','{\'fireburst\':1,\'ward\':1,\'mend\':2,\'fieldRepair\':3}','{\'leaguePike\':1,\'pavise\':3,\'coil\':3}',8,202,0,4,4,5,126,'{\'rally\':60,\'setPosition\':58,\'preparedPosition\':8}','{\'ward\':3,\'mend\':1,\'fieldRepair\':3,\'flare\':2}','{\'leaguePike\':1,\'coil\':4}',6,127
60,river_ford,league,league,draw,round-limit,30,0,3,1,6,222,'{\'rally\':116,\'setPosition\':102,\'preparedPosition\':4}','{\'fireburst\':1,\'mend\':2,\'flare\':2}','{\'leaguePike\':2,\'pavise\':2,\'coil\':2}',8,179,0,1,3,2,137,'{\'setPosition\':60,\'rally\':60,\'preparedPosition\':17}','{\'fieldRepair\':3,\'mend\':1,\'ward\':1}','{\'pavise\':1,\'coil\':1}',6,120
61,river_ford,league,league,draw,round-limit,30,0,9,8,12,218,'{\'rally\':108,\'setPosition\':100,\'preparedPosition\':9,\'arcBurst\':1}','{\'fireburst\':2,\'flare\':3,\'fieldRepair\':1}','{\'leaguePike\':2,\'coil\':7,\'relicWalker\':1,\'pavise\':2}',8,187,0,8,9,12,206,'{\'setPosition\':93,\'rally\':93,\'preparedPosition\':20}','{\'flare\':5,\'fireburst\':1,\'mend\':1,\'fieldRepair\':2,\'ward\':2}','{\'pavise\':2,\'coil\':8,\'leaguePike\':2}',9,213
62,river_ford,league,league,draw,round-limit,30,1,8,6,9,81,'{\'rally\':43,\'setPosition\':32,\'preparedPosition\':6}','{\'fireburst\':2,\'ward\':1,\'flare\':1,\'fieldRepair\':1}','{\'leaguePike\':2,\'pavise\':1,\'coil\':6}',6,141,0,6,8,7,137,'{\'rally\':60,\'setPosition\':58,\'preparedPosition\':19}','{\'fireburst\':2,\'mend\':1,\'fieldRepair\':3}','{\'leaguePike\':1,\'coil\':6}',6,122
63,river_ford,league,league,draw,round-limit,30,0,4,4,7,222,'{\'rally\':114,\'setPosition\':102,\'preparedPosition\':6}','{\'fireburst\':2,\'mend\':1,\'flare\':1}','{\'leaguePike\':2,\'pavise\':2,\'coil\':3}',8,187,0,4,4,8,202,'{\'setPosition\':92,\'rally\':93,\'preparedPosition\':17}','{\'fieldRepair\':2,\'ward\':2,\'fireburst\':2,\'flare\':1,\'mend\':1}','{\'pavise\':4,\'coil\':4}',9,205
64,river_ford,league,league,draw,round-limit,30,0,9,10,12,231,'{\'rally\':110,\'setPosition\':109,\'preparedPosition\':12}','{\'fireburst\':2,\'fieldRepair\':3,\'ward\':1,\'flare\':2,\'mend\':1}','{\'leaguePike\':4,\'coil\':8}',8,199,0,10,9,11,131,'{\'rally\':60,\'setPosition\':58,\'preparedPosition\':12,\'arcBurst\':1}','{\'fireburst\':2,\'mend\':2,\'fieldRepair\':3,\'flare\':1}','{\'leaguePike\':1,\'coil\':8,\'relicWalker\':2}',6,144
65,river_ford,league,league,draw,round-limit,30,0,12,9,15,231,'{\'rally\':107,\'setPosition\':106,\'preparedPosition\':16,\'arcBurst\':2}','{\'fireburst\':3,\'ward\':1,\'mend\':2,\'flare\':2,\'fieldRepair\':2}','{\'leaguePike\':4,\'coil\':10,\'relicWalker\':1}',8,199,0,10,12,14,207,'{\'rally\':98,\'setPosition\':95,\'preparedPosition\':10,\'arcBurst\':4}','{\'fireburst\':1,\'ward\':1,\'fieldRepair\':2,\'flare\':3}','{\'pavise\':3,\'coil\':7,\'leaguePike\':1,\'relicWalker\':3}',9,212
66,river_ford,league,league,draw,round-limit,30,0,5,3,9,224,'{\'rally\':115,\'setPosition\':103,\'preparedPosition\':6}','{\'mend\':3,\'fieldRepair\':1,\'flare\':3}','{\'leaguePike\':3,\'coil\':5,\'pavise\':1}',9,202,0,3,5,6,179,'{\'rally\':83,\'setPosition\':80,\'preparedPosition\':16}','{\'fireburst\':3,\'fieldRepair\':1,\'flare\':2,\'mend\':2}','{\'leaguePike\':1,\'coil\':3,\'pavise\':2}',8,175
67,river_ford,league,league,draw,round-limit,30,0,3,4,7,215,'{\'rally\':105,\'setPosition\':104,\'preparedPosition\':6}','{\'mend\':2,\'flare\':4,\'fieldRepair\':1}','{\'leaguePike\':2,\'pavise\':1,\'coil\':4}',9,196,0,4,3,7,219,'{\'rally\':108,\'setPosition\':106,\'preparedPosition\':4,\'arcBurst\':1}','{\'fireburst\':1,\'fieldRepair\':2,\'ward\':2}','{\'leaguePike\':4,\'pavise\':1,\'coil\':1,\'relicWalker\':1}',8,200
68,river_ford,league,league,draw,round-limit,30,0,3,3,6,223,'{\'rally\':117,\'setPosition\':102,\'preparedPosition\':4}','{\'fireburst\':2,\'fieldRepair\':3,\'flare\':3,\'mend\':3}','{\'leaguePike\':2,\'pavise\':3,\'coil\':1}',8,197,0,3,3,4,134,'{\'rally\':60,\'setPosition\':58,\'preparedPosition\':16}','{\'fireburst\':2,\'mend\':2,\'fieldRepair\':1}','{\'leaguePike\':1,\'coil\':3}',6,139
69,river_ford,league,league,draw,round-limit,30,0,6,4,9,223,'{\'rally\':114,\'setPosition\':104,\'preparedPosition\':5}','{\'fireburst\':2,\'fieldRepair\':1,\'ward\':4,\'mend\':1,\'flare\':1}','{\'leaguePike\':4,\'coil\':4,\'pavise\':1}',8,199,0,4,6,5,133,'{\'rally\':60,\'setPosition\':58,\'preparedPosition\':15}','{\'fireburst\':3,\'mend\':2,\'fieldRepair\':2,\'flare\':2}','{\'leaguePike\':1,\'coil\':4}',6,139
70,river_ford,league,league,draw,round-limit,30,0,7,7,11,221,'{\'rally\':105,\'setPosition\':104,\'preparedPosition\':12}','{\'fieldRepair\':2,\'mend\':1,\'ward\':3,\'flare\':3,\'fireburst\':1}','{\'leaguePike\':2,\'pavise\':1,\'coil\':8}',9,208,0,7,7,10,214,'{\'rally\':104,\'setPosition\':101,\'preparedPosition\':8,\'arcBurst\':1}','{\'fireburst\':4,\'ward\':1,\'flare\':1,\'fieldRepair\':3,\'mend\':1}','{\'pavise\':4,\'coil\':4,\'leaguePike\':1,\'relicWalker\':1}',8,203
71,river_ford,league,league,draw,round-limit,30,0,5,4,8,225,'{\'rally\':114,\'setPosition\':105,\'preparedPosition\':6}','{\'fieldRepair\':3,\'ward\':5,\'mend\':2,\'flare\':2}','{\'leaguePike\':4,\'coil\':3,\'pavise\':1}',8,199,0,4,5,5,129,'{\'rally\':59,\'setPosition\':57,\'preparedPosition\':13}','{\'fireburst\':1,\'ward\':3,\'mend\':2,\'fieldRepair\':3,\'flare\':1}','{\'pavise\':1,\'coil\':4}',6,140
72,river_ford,league,league,draw,round-limit,30,0,3,1,7,221,'{\'rally\':116,\'setPosition\':103,\'preparedPosition\':2}','{\'ward\':5,\'fieldRepair\':3,\'flare\':1}','{\'leaguePike\':3,\'coil\':3,\'pavise\':1}',9,196,0,1,3,2,131,'{\'rally\':59,\'setPosition\':57,\'preparedPosition\':15}','{\'fireburst\':1,\'ward\':3,\'mend\':3,\'fieldRepair\':3,\'flare\':1}','{\'pavise\':1,\'coil\':1}',6,140
73,river_ford,league,league,draw,round-limit,30,0,4,3,7,225,'{\'rally\':111,\'setPosition\':109,\'preparedPosition\':5}','{\'mend\':1,\'fieldRepair\':3,\'ward\':1,\'fireburst\':2}','{\'leaguePike\':4,\'coil\':3}',8,199,0,3,4,6,213,'{\'setPosition\':104,\'rally\':104,\'preparedPosition\':5}','{\'fireburst\':4,\'ward\':1,\'mend\':2,\'fieldRepair\':2}','{\'pavise\':3,\'coil\':1,\'leaguePike\':2}',8,202
74,river_ford,league,league,draw,round-limit,30,0,7,10,11,230,'{\'rally\':105,\'setPosition\':105,\'preparedPosition\':20}','{\'fieldRepair\':4,\'mend\':3,\'ward\':2}','{\'leaguePike\':3,\'coil\':8}',9,200,0,10,7,13,197,'{\'rally\':99,\'setPosition\':88,\'preparedPosition\':10}','{\'fireburst\':2,\'ward\':1,\'fieldRepair\':4,\'mend\':1}','{\'leaguePike\':3,\'coil\':7,\'pavise\':3}',8,197
75,river_ford,league,league,draw,round-limit,30,0,4,3,7,224,'{\'rally\':115,\'setPosition\':103,\'preparedPosition\':6}',{"mend":3},'{\'leaguePike\':3,\'coil\':3,\'pavise\':1}',8,188,0,3,4,4,136,'{\'setPosition\':60,\'rally\':60,\'preparedPosition\':16}','{\'ward\':3,\'fieldRepair\':3,\'flare\':2,\'fireburst\':1,\'mend\':2}','{\'pavise\':1,\'coil\':3}',6,140
76,river_ford,league,league,draw,round-limit,30,0,7,5,11,229,'{\'rally\':116,\'setPosition\':104,\'preparedPosition\':9}','{\'ward\':2,\'mend\':3,\'fieldRepair\':2,\'fireburst\':2,\'flare\':3}','{\'leaguePike\':2,\'pavise\':3,\'coil\':6}',9,213,0,5,7,9,169,'{\'rally\':78,\'setPosition\':75,\'preparedPosition\':16}','{\'fireburst\':3,\'flare\':2,\'mend\':3,\'fieldRepair\':1,\'ward\':2}','{\'leaguePike\':2,\'coil\':5,\'pavise\':2}',9,201
77,river_ford,league,league,draw,round-limit,30,0,1,0,5,232,'{\'rally\':117,\'setPosition\':115}','{\'fireburst\':2,\'fieldRepair\':1,\'ward\':1,\'mend\':1}','{\'leaguePike\':3,\'pavise\':1,\'relicWalker\':1}',9,214,0,0,1,1,132,'{\'rally\':59,\'setPosition\':57,\'preparedPosition\':16}','{\'fireburst\':1,\'flare\':1}',{"pavise":1},6,135
78,river_ford,league,league,draw,round-limit,30,0,3,2,6,235,'{\'rally\':117,\'setPosition\':116,\'preparedPosition\':2}','{\'fireburst\':3,\'ward\':3,\'fieldRepair\':1,\'flare\':1}','{\'leaguePike\':4,\'coil\':2}',8,199,0,2,3,3,121,'{\'rally\':60,\'setPosition\':58,\'preparedPosition\':3}','{\'fireburst\':1,\'ward\':6,\'mend\':1,\'fieldRepair\':1}','{\'leaguePike\':1,\'coil\':2}',6,139
79,river_ford,league,league,draw,round-limit,30,0,3,2,6,224,'{\'rally\':116,\'setPosition\':105,\'preparedPosition\':3}',{"ward":1},'{\'leaguePike\':3,\'coil\':2,\'pavise\':1}',8,178,0,2,3,3,135,'{\'setPosition\':60,\'rally\':60,\'preparedPosition\':15}','{\'flare\':2,\'mend\':1,\'fieldRepair\':1}','{\'pavise\':1,\'coil\':2}',6,140
80,river_ford,league,league,draw,round-limit,30,0,3,1,6,236,'{\'rally\':117,\'setPosition\':116,\'preparedPosition\':3}','{\'fireburst\':1,\'fieldRepair\':2,\'ward\':2}','{\'leaguePike\':3,\'pavise\':1,\'coil\':2}',8,200,0,1,3,2,123,'{\'setPosition\':60,\'rally\':60,\'preparedPosition\':3}','{\'mend\':2,\'fieldRepair\':1,\'ward\':1}','{\'pavise\':1,\'coil\':1}',6,127
81,river_ford,league,league,draw,round-limit,30,0,8,6,11,235,'{\'rally\':113,\'setPosition\':111,\'preparedPosition\':11}','{\'ward\':2,\'mend\':2,\'fireburst\':1}','{\'leaguePike\':1,\'pavise\':3,\'coil\':7}',8,202,0,6,8,11,183,'{\'rally\':87,\'setPosition\':85,\'preparedPosition\':11}','{\'ward\':5,\'flare\':1,\'mend\':4,\'fieldRepair\':4}','{\'leaguePike\':2,\'coil\':6,\'pavise\':3}',10,238
82,river_ford,league,league,draw,round-limit,30,0,5,3,8,227,'{\'rally\':112,\'setPosition\':110,\'preparedPosition\':4,\'arcBurst\':1}','{\'fireburst\':3,\'ward\':1,\'fieldRepair\':1}','{\'leaguePike\':3,\'pavise\':1,\'coil\':3,\'relicWalker\':1}',8,200,0,3,5,4,127,'{\'setPosition\':60,\'rally\':60,\'preparedPosition\':7}','{\'ward\':2,\'fieldRepair\':2}','{\'pavise\':1,\'coil\':3}',6,112
83,river_ford,league,league,draw,round-limit,30,0,5,4,8,222,'{\'rally\':114,\'setPosition\':102,\'preparedPosition\':6}','{\'fieldRepair\':2,\'mend\':1,\'ward\':1,\'fireburst\':1}','{\'leaguePike\':3,\'coil\':4,\'pavise\':1}',8,192,0,4,5,8,209,'{\'rally\':98,\'setPosition\':96,\'preparedPosition\':15}','{\'fireburst\':1,\'ward\':3,\'mend\':1,\'fieldRepair\':1}','{\'leaguePike\':3,\'coil\':4,\'pavise\':1}',9,195
84,river_ford,league,league,draw,round-limit,30,0,9,11,12,223,'{\'rally\':104,\'setPosition\':102,\'preparedPosition\':13,\'arcBurst\':4}','{\'fireburst\':6,\'mend\':5,\'flare\':3,\'ward\':1,\'fieldRepair\':1}','{\'leaguePike\':2,\'pavise\':1,\'coil\':7,\'relicWalker\':2}',8,192,0,11,9,15,178,'{\'rally\':83,\'setPosition\':81,\'preparedPosition\':11,\'arcBurst\':3}','{\'fireburst\':4,\'ward\':8,\'flare\':5,\'fieldRepair\':2,\'mend\':2}','{\'leaguePike\':2,\'coil\':8,\'relicWalker\':2,\'pavise\':3}',9,232
85,river_ford,league,league,draw,round-limit,30,0,5,3,9,214,'{\'rally\':104,\'setPosition\':103,\'preparedPosition\':7}','{\'fireburst\':5,\'fieldRepair\':2,\'ward\':2,\'mend\':2,\'flare\':1}','{\'leaguePike\':2,\'pavise\':1,\'coil\':5,\'relicWalker\':1}',9,214,0,3,5,6,208,'{\'rally\':101,\'setPosition\':98,\'preparedPosition\':9}','{\'fireburst\':1,\'ward\':2,\'mend\':3,\'fieldRepair\':1,\'flare\':3}','{\'leaguePike\':2,\'coil\':1,\'pavise\':3}',8,202
86,river_ford,league,league,draw,round-limit,30,0,4,4,8,235,'{\'rally\':115,\'setPosition\':113,\'preparedPosition\':6,\'arcBurst\':1}','{\'flare\':1,\'fieldRepair\':1,\'fireburst\':1,\'ward\':1}','{\'leaguePike\':2,\'pavise\':2,\'coil\':3,\'relicWalker\':1}',9,217,0,4,4,7,220,'{\'setPosition\':106,\'rally\':107,\'preparedPosition\':7}','{\'fireburst\':1,\'fieldRepair\':1,\'ward\':2,\'mend\':1}','{\'pavise\':5,\'coil\':2}',8,204
87,river_ford,league,league,draw,round-limit,30,0,11,14,14,191,'{\'rally\':92,\'setPosition\':85,\'preparedPosition\':13,\'arcBurst\':1}','{\'fireburst\':2,\'fieldRepair\':4,\'flare\':5,\'ward\':1,\'mend\':1}','{\'leaguePike\':2,\'pavise\':2,\'coil\':8,\'relicWalker\':2}',8,184,0,14,11,19,157,'{\'rally\':68,\'setPosition\':66,\'preparedPosition\':23}','{\'fireburst\':1,\'ward\':2,\'flare\':2,\'fieldRepair\':4,\'mend\':2}','{\'leaguePike\':2,\'coil\':14,\'pavise\':3}',10,224
88,river_ford,league,league,draw,round-limit,30,0,4,5,7,232,'{\'rally\':113,\'setPosition\':111,\'preparedPosition\':8}','{\'ward\':3,\'fireburst\':3,\'fieldRepair\':3,\'mend\':1,\'flare\':1}','{\'leaguePike\':1,\'pavise\':3,\'coil\':3}',8,202,0,5,4,9,205,'{\'rally\':100,\'setPosition\':97,\'preparedPosition\':7,\'arcBurst\':1}','{\'fireburst\':1,\'flare\':1,\'mend\':1,\'fieldRepair\':2,\'ward\':1}','{\'leaguePike\':3,\'coil\':3,\'pavise\':2,\'relicWalker\':1}',9,214
89,river_ford,league,league,draw,round-limit,30,0,10,11,13,252,'{\'rally\':118,\'setPosition\':117,\'preparedPosition\':12,\'arcBurst\':5}','{\'fireburst\':6,\'mend\':3,\'fieldRepair\':3,\'flare\':3,\'ward\':1}','{\'leaguePike\':3,\'pavise\':1,\'coil\':7,\'relicWalker\':2}',8,200,0,11,10,14,220,'{\'rally\':102,\'setPosition\':100,\'preparedPosition\':17,\'arcBurst\':1}','{\'fireburst\':1,\'mend\':2,\'fieldRepair\':3,\'flare\':4,\'ward\':1}','{\'leaguePike\':3,\'pavise\':1,\'coil\':9,\'relicWalker\':1}',8,195
90,river_ford,league,league,draw,round-limit,30,0,5,5,9,224,'{\'rally\':112,\'setPosition\':104,\'preparedPosition\':8}','{\'ward\':3,\'mend\':2,\'fieldRepair\':2,\'flare\':1,\'fireburst\':2}','{\'leaguePike\':2,\'pavise\':2,\'coil\':5}',9,213,0,5,5,8,208,'{\'rally\':102,\'setPosition\':99,\'preparedPosition\':7}','{\'ward\':2,\'mend\':1,\'fieldRepair\':4,\'fireburst\':1,\'flare\':3}','{\'leaguePike\':1,\'coil\':3,\'pavise\':4}',8,199
91,river_ford,league,league,draw,round-limit,30,0,4,2,7,232,'{\'rally\':114,\'setPosition\':112,\'preparedPosition\':6}','{\'fireburst\':2,\'mend\':2,\'flare\':1,\'ward\':1}','{\'leaguePike\':3,\'pavise\':1,\'coil\':3}',8,200,0,2,4,3,127,'{\'setPosition\':60,\'rally\':60,\'preparedPosition\':7}','{\'fireburst\':1,\'ward\':3,\'flare\':1,\'mend\':3,\'fieldRepair\':3}','{\'pavise\':1,\'coil\':2}',6,124
92,river_ford,league,league,draw,round-limit,30,0,9,10,13,226,'{\'rally\':110,\'setPosition\':102,\'preparedPosition\':14}','{\'mend\':3,\'flare\':2,\'fieldRepair\':1,\'fireburst\':1,\'ward\':1}','{\'leaguePike\':2,\'pavise\':2,\'coil\':9}',9,210,0,10,9,13,192,'{\'setPosition\':87,\'rally\':88,\'preparedPosition\':17}','{\'flare\':4,\'fieldRepair\':1,\'ward\':3,\'fireburst\':1,\'mend\':1}','{\'pavise\':4,\'coil\':8,\'leaguePike\':1}',8,202
93,river_ford,league,league,draw,round-limit,30,0,8,8,12,219,'{\'rally\':105,\'setPosition\':104,\'preparedPosition\':10}','{\'fieldRepair\':3,\'flare\':2,\'fireburst\':1}','{\'leaguePike\':2,\'pavise\':1,\'coil\':9}',9,201,0,8,8,11,206,'{\'setPosition\':97,\'rally\':98,\'preparedPosition\':11}','{\'fireburst\':3,\'ward\':4,\'fieldRepair\':1,\'flare\':2}','{\'pavise\':4,\'coil\':6,\'leaguePike\':1}',8,203
94,river_ford,league,league,draw,round-limit,30,0,2,4,6,213,'{\'rally\':104,\'setPosition\':102,\'preparedPosition\':7}','{\'ward\':1,\'mend\':2,\'flare\':1,\'fieldRepair\':1}','{\'leaguePike\':2,\'pavise\':1,\'coil\':3}',9,198,0,4,2,7,229,'{\'setPosition\':112,\'rally\':112,\'preparedPosition\':4,\'arcBurst\':1}','{\'ward\':1,\'fieldRepair\':2,\'flare\':1}','{\'pavise\':3,\'leaguePike\':2,\'coil\':1,\'relicWalker\':1}',8,202
95,river_ford,league,league,draw,round-limit,30,0,5,5,8,232,'{\'rally\':114,\'setPosition\':112,\'preparedPosition\':6}','{\'mend\':2,\'flare\':1,\'ward\':1}','{\'leaguePike\':2,\'pavise\':2,\'coil\':4}',8,201,0,5,5,6,127,'{\'setPosition\':60,\'rally\':60,\'preparedPosition\':7}','{\'flare\':1,\'fieldRepair\':1}','{\'pavise\':1,\'coil\':5}',6,140
96,river_ford,league,league,draw,round-limit,30,1,5,6,9,216,'{\'rally\':106,\'setPosition\':103,\'preparedPosition\':7}','{\'ward\':3,\'mend\':2,\'fieldRepair\':6,\'flare\':4,\'fireburst\':2}','{\'leaguePike\':3,\'pavise\':1,\'coil\':5}',9,218,0,6,5,9,188,'{\'setPosition\':89,\'rally\':89,\'preparedPosition\':10}','{\'fireburst\':3,\'flare\':1,\'mend\':4,\'fieldRepair\':1,\'ward\':2}','{\'pavise\':3,\'coil\':4,\'leaguePike\':2}',8,202
97,river_ford,league,league,draw,round-limit,30,0,8,7,11,224,'{\'rally\':111,\'setPosition\':102,\'preparedPosition\':11}','{\'fireburst\':3,\'mend\':1,\'ward\':1,\'flare\':2,\'fieldRepair\':2}','{\'leaguePike\':2,\'pavise\':2,\'coil\':7}',8,197,0,7,8,8,137,'{\'setPosition\':60,\'rally\':60,\'preparedPosition\':17}','{\'ward\':1,\'mend\':2,\'fieldRepair\':4,\'fireburst\':3,\'flare\':1}','{\'pavise\':1,\'coil\':7}',6,130
98,river_ford,league,league,draw,round-limit,30,0,8,6,11,230,'{\'rally\':111,\'setPosition\':109,\'preparedPosition\':10}','{\'fireburst\':3,\'fieldRepair\':2,\'flare\':4}','{\'leaguePike\':3,\'pavise\':1,\'coil\':7}',8,200,0,6,8,10,208,'{\'setPosition\':99,\'rally\':100,\'preparedPosition\':9}','{\'flare\':4,\'fieldRepair\':2,\'ward\':1,\'mend\':2,\'fireburst\':1}','{\'pavise\':2,\'leaguePike\':2,\'coil\':6}',9,213
99,river_ford,league,league,draw,round-limit,30,0,12,9,15,230,'{\'rally\':107,\'setPosition\':106,\'preparedPosition\':15,\'arcBurst\':2}','{\'mend\':1,\'fieldRepair\':3,\'ward\':1,\'flare\':2,\'fireburst\':2}','{\'leaguePike\':3,\'pavise\':1,\'coil\':10,\'relicWalker\':1}',8,200,0,9,12,12,181,'{\'setPosition\':83,\'rally\':84,\'preparedPosition\':10,\'arcBurst\':4}','{\'ward\':2,\'mend\':3,\'fieldRepair\':2,\'fireburst\':1,\'flare\':1}','{\'pavise\':4,\'coil\':6,\'relicWalker\':2}',8,185
100,river_ford,league,league,draw,round-limit,30,0,7,8,11,225,'{\'rally\':104,\'setPosition\':103,\'preparedPosition\':18}','{\'fireburst\':2,\'fieldRepair\':2,\'mend\':3,\'ward\':1}','{\'leaguePike\':2,\'pavise\':1,\'coil\':8}',9,195,0,8,7,11,212,'{\'rally\':104,\'setPosition\':95,\'preparedPosition\':13}','{\'fireburst\':4,\'mend\':7,\'fieldRepair\':3,\'ward\':3,\'flare\':1}','{\'pavise\':3,\'leaguePike\':2,\'coil\':6}',8,190
1,river_ford,baseline,baseline,draw,round-limit,30,1,3,6,9,60,'{\'rally\':33,\'brace\':21,\'focusedShot\':2,\'secondWind\':3,\'charge\':1}','{\'mend\':3,\'ward\':2,\'fireburst\':1}','{\'pikeman\':6,\'archer\':3}',7,148,0,6,3,14,32,'{\'rally\':13,\'focusedShot\':9,\'charge\':4,\'brace\':2,\'secondWind\':4}','{\'fireburst\':7,\'ward\':5,\'mend\':4}','{\'pikeman\':8,\'cavalier\':3,\'archer\':3}',8,174
2,river_ford,baseline,baseline,draw,round-limit,30,0,7,6,13,65,'{\'rally\':34,\'brace\':14,\'secondWind\':9,\'charge\':8}','{\'fireburst\':2,\'ward\':2,\'mend\':1}','{\'pikeman\':8,\'archer\':2,\'cavalier\':3}',8,184,0,6,7,15,47,'{\'rally\':25,\'focusedShot\':7,\'charge\':4,\'secondWind\':1,\'brace\':10}','{\'ward\':7,\'fireburst\':2,\'mend\':5}','{\'pikeman\':8,\'cavalier\':1,\'archer\':6}',6,154
3,river_ford,baseline,baseline,draw,round-limit,30,2,4,3,10,53,'{\'rally\':29,\'brace\':15,\'focusedShot\':5,\'secondWind\':4}','{\'fireburst\':3,\'ward\':3,\'mend\':1}','{\'archer\':2,\'pikeman\':6,\'cavalier\':2}',8,172,0,3,4,10,30,'{\'rally\':18,\'focusedShot\':7,\'charge\':2,\'brace\':1,\'secondWind\':2}','{\'mend\':7,\'fireburst\':3,\'ward\':2}','{\'pikeman\':5,\'cavalier\':2,\'archer\':3}',7,168
4,river_ford,baseline,baseline,draw,round-limit,30,1,1,2,8,51,'{\'rally\':31,\'brace\':20}','{\'ward\':4,\'fireburst\':3,\'mend\':2}','{\'archer\':1,\'pikeman\':7}',8,166,0,2,1,10,31,'{\'rally\':22,\'focusedShot\':1,\'charge\':1,\'brace\':5,\'secondWind\':2}','{\'ward\':3,\'fireburst\':3,\'mend\':2}','{\'pikeman\':7,\'archer\':3}',8,186
5,river_ford,baseline,baseline,draw,round-limit,30,1,2,1,9,52,'{\'rally\':35,\'brace\':14,\'secondWind\':2,\'focusedShot\':1}','{\'fireburst\':4,\'mend\':1,\'ward\':1}','{\'pikeman\':6,\'archer\':3}',7,159,0,1,1,8,56,'{\'rally\':31,\'focusedShot\':4,\'charge\':2,\'secondWind\':2,\'brace\':17}','{\'fireburst\':4,\'mend\':5,\'ward\':2}','{\'pikeman\':7,\'cavalier\':1}',8,146
6,river_ford,baseline,baseline,draw,round-limit,30,1,11,4,18,70,'{\'rally\':38,\'brace\':20,\'focusedShot\':7,\'secondWind\':3,\'charge\':2}','{\'fireburst\':7,\'mend\':1,\'ward\':2}','{\'archer\':5,\'pikeman\':12,\'cavalier\':1}',5,119,1,4,11,13,54,'{\'rally\':32,\'focusedShot\':6,\'charge\':7,\'secondWind\':4,\'brace\':5}','{\'fireburst\':2,\'mend\':5,\'ward\':3}','{\'pikeman\':8,\'archer\':3,\'cavalier\':2}',8,177
7,river_ford,baseline,baseline,draw,round-limit,30,1,1,2,9,43,'{\'rally\':25,\'brace\':13,\'focusedShot\':1,\'secondWind\':3,\'charge\':1}','{\'ward\':4,\'fireburst\':2}','{\'pikeman\':6,\'archer\':3}',8,187,0,2,1,9,25,'{\'rally\':22,\'charge\':1,\'focusedShot\':2}','{\'fireburst\':4,\'mend\':1,\'ward\':1}','{\'pikeman\':7,\'archer\':2}',7,180
8,river_ford,baseline,baseline,draw,round-limit,30,1,5,5,16,48,'{\'rally\':35,\'brace\':8,\'charge\':2,\'secondWind\':3}','{\'fireburst\':6,\'ward\':5,\'mend\':4}','{\'pikeman\':13,\'cavalier\':1,\'archer\':2}',7,163,0,6,5,16,28,'{\'rally\':11,\'charge\':3,\'brace\':1,\'secondWind\':5,\'focusedShot\':8}','{\'fireburst\':4,\'mend\':3,\'ward\':1}','{\'pikeman\':7,\'archer\':7,\'cavalier\':2}',7,164
9,river_ford,baseline,baseline,draw,round-limit,30,2,4,2,9,38,'{\'rally\':21,\'charge\':4,\'brace\':5,\'secondWind\':7,\'focusedShot\':1}','{\'fireburst\':2,\'ward\':3}','{\'pikeman\':7,\'archer\':1,\'cavalier\':1}',6,143,0,2,3,11,38,'{\'rally\':23,\'focusedShot\':5,\'brace\':10}','{\'fireburst\':1,\'ward\':8,\'mend\':4}','{\'pikeman\':7,\'archer\':3,\'cavalier\':1}',9,213
10,river_ford,baseline,baseline,draw,round-limit,30,2,2,5,9,61,'{\'rally\':36,\'brace\':15,\'focusedShot\':6,\'secondWind\':3,\'charge\':1}','{\'fireburst\':3,\'mend\':3}','{\'pikeman\':6,\'archer\':3}',8,189,0,5,1,16,40,'{\'rally\':25,\'focusedShot\':6,\'charge\':1,\'brace\':8}','{\'fireburst\':5,\'ward\':3,\'mend\':3}','{\'archer\':5,\'pikeman\':10,\'cavalier\':1}',8,196
11,river_ford,baseline,baseline,draw,round-limit,30,1,7,3,16,61,'{\'rally\':34,\'brace\':18,\'secondWind\':6,\'charge\':2,\'focusedShot\':1}','{\'ward\':3,\'fireburst\':2}','{\'pikeman\':10,\'archer\':6}',6,149,0,4,7,10,54,'{\'rally\':30,\'focusedShot\':5,\'charge\':3,\'brace\':14,\'secondWind\':2}','{\'fireburst\':6,\'ward\':6,\'mend\':2}','{\'pikeman\':7,\'archer\':1,\'cavalier\':2}',8,175
12,river_ford,baseline,baseline,draw,round-limit,30,1,6,8,18,50,'{\'rally\':35,\'charge\':2,\'secondWind\':2,\'brace\':8,\'focusedShot\':3}','{\'ward\':5,\'mend\':3,\'fireburst\':3}','{\'pikeman\':14,\'archer\':3,\'cavalier\':1}',7,151,0,8,6,16,49,'{\'rally\':24,\'focusedShot\':12,\'charge\':4,\'brace\':9}','{\'fireburst\':3,\'ward\':3,\'mend\':5}','{\'archer\':5,\'pikeman\':8,\'cavalier\':3}',8,170
13,river_ford,baseline,baseline,draw,round-limit,30,1,5,3,12,60,'{\'rally\':33,\'charge\':2,\'brace\':21,\'secondWind\':4}','{\'fireburst\':3,\'ward\':4,\'mend\':5}','{\'archer\':3,\'pikeman\':7,\'cavalier\':2}',7,163,0,4,3,12,44,'{\'rally\':27,\'focusedShot\':4,\'brace\':12,\'charge\':1}','{\'fireburst\':6,\'ward\':4,\'mend\':3}','{\'pikeman\':7,\'archer\':3,\'cavalier\':2}',9,217
14,river_ford,baseline,baseline,draw,round-limit,30,1,5,3,11,36,'{\'rally\':22,\'brace\':8,\'secondWind\':5,\'charge\':1}','{\'fireburst\':4,\'ward\':2,\'mend\':4}','{\'pikeman\':8,\'archer\':3}',7,137,0,3,5,14,50,'{\'rally\':30,\'focusedShot\':6,\'charge\':1,\'brace\':12,\'secondWind\':1}','{\'fireburst\':2,\'mend\':4,\'ward\':3}','{\'pikeman\':10,\'archer\':3,\'cavalier\':1}',7,174
15,river_ford,baseline,baseline,draw,round-limit,30,1,4,5,10,45,'{\'rally\':25,\'brace\':8,\'charge\':4,\'focusedShot\':6,\'secondWind\':2}','{\'ward\':3,\'mend\':3}','{\'pikeman\':8,\'archer\':1,\'cavalier\':1}',8,178,0,5,3,18,32,'{\'rally\':17,\'focusedShot\':4,\'brace\':6,\'secondWind\':4,\'charge\':1}','{\'ward\':6,\'mend\':5,\'fireburst\':2}','{\'pikeman\':10,\'archer\':4,\'cavalier\':4}',7,177
16,river_ford,baseline,baseline,draw,round-limit,30,1,2,3,12,42,'{\'rally\':27,\'brace\':12,\'secondWind\':2,\'focusedShot\':1}','{\'ward\':4,\'mend\':1}','{\'pikeman\':8,\'archer\':4}',7,142,0,3,2,10,38,'{\'rally\':22,\'focusedShot\':5,\'brace\':11}','{\'fireburst\':3,\'ward\':4,\'mend\':2}','{\'pikeman\':7,\'archer\':3}',8,184
17,river_ford,baseline,baseline,draw,round-limit,30,2,4,4,11,54,'{\'rally\':33,\'brace\':15,\'focusedShot\':4,\'charge\':1,\'secondWind\':1}','{\'fireburst\':4,\'mend\':2}','{\'archer\':3,\'pikeman\':7,\'cavalier\':1}',8,193,0,4,4,15,48,'{\'rally\':26,\'focusedShot\':15,\'charge\':2,\'secondWind\':1,\'brace\':4}','{\'fireburst\':2,\'ward\':2,\'mend\':3}','{\'pikeman\':9,\'archer\':5,\'cavalier\':1}',7,168
18,river_ford,baseline,baseline,draw,round-limit,30,1,8,4,17,61,'{\'rally\':40,\'brace\':17,\'focusedShot\':3,\'secondWind\':1}','{\'fireburst\':6,\'mend\':5,\'ward\':2}','{\'pikeman\':11,\'archer\':6}',6,146,0,6,8,12,45,'{\'rally\':22,\'focusedShot\':12,\'charge\':3,\'brace\':6,\'secondWind\':2}','{\'mend\':4,\'ward\':2,\'fireburst\':3}','{\'pikeman\':6,\'archer\':4,\'cavalier\':2}',7,167
19,river_ford,baseline,baseline,draw,round-limit,30,1,6,6,15,53,'{\'rally\':30,\'brace\':10,\'charge\':3,\'focusedShot\':6,\'secondWind\':4}','{\'ward\':5,\'fireburst\':3,\'mend\':5}','{\'archer\':4,\'pikeman\':10,\'cavalier\':1}',8,169,0,6,6,14,42,'{\'rally\':21,\'focusedShot\':13,\'charge\':2,\'secondWind\':1,\'brace\':5}','{\'ward\':8,\'mend\':7,\'fireburst\':2}','{\'pikeman\':9,\'archer\':3,\'cavalier\':2}',7,163
20,river_ford,baseline,baseline,draw,round-limit,30,1,2,3,9,60,'{\'rally\':35,\'brace\':23,\'secondWind\':1,\'focusedShot\':1}','{\'fireburst\':2,\'mend\':3,\'ward\':2}','{\'pikeman\':6,\'archer\':3}',7,142,0,3,2,14,42,'{\'rally\':22,\'focusedShot\':16,\'charge\':2,\'secondWind\':2}','{\'fireburst\':3,\'ward\':3}','{\'pikeman\':10,\'archer\':4}',7,174
21,river_ford,baseline,baseline,draw,round-limit,30,1,2,2,14,57,'{\'rally\':38,\'brace\':8,\'secondWind\':3,\'focusedShot\':8}','{\'ward\':6,\'mend\':4}','{\'pikeman\':12,\'archer\':2}',7,169,0,2,2,10,62,'{\'rally\':35,\'focusedShot\':2,\'charge\':1,\'brace\':24}','{\'fireburst\':5,\'ward\':4,\'mend\':2}','{\'pikeman\':7,\'archer\':3}',8,200
22,river_ford,baseline,baseline,draw,round-limit,30,1,3,6,10,45,'{\'rally\':26,\'brace\':12,\'focusedShot\':2,\'secondWind\':3,\'charge\':2}','{\'fireburst\':2,\'ward\':2}','{\'archer\':3,\'pikeman\':6,\'cavalier\':1}',8,193,0,6,3,14,40,'{\'rally\':19,\'focusedShot\':6,\'charge\':5,\'brace\':6,\'secondWind\':4}','{\'ward\':7,\'fireburst\':1,\'mend\':1}','{\'pikeman\':9,\'cavalier\':3,\'archer\':2}',7,143
23,river_ford,baseline,baseline,draw,round-limit,30,1,2,2,10,50,'{\'rally\':29,\'brace\':8,\'focusedShot\':8,\'secondWind\':4,\'charge\':1}','{\'ward\':2,\'mend\':3}','{\'archer\':3,\'pikeman\':7}',7,129,0,2,2,13,52,'{\'rally\':25,\'focusedShot\':16,\'charge\':1,\'secondWind\':1,\'brace\':9}','{\'fireburst\':1,\'ward\':5}',{"pikeman":13},7,148
24,river_ford,baseline,baseline,draw,round-limit,30,1,2,4,8,46,'{\'rally\':24,\'secondWind\':4,\'brace\':12,\'charge\':4,\'focusedShot\':2}','{\'fireburst\':3,\'mend\':2}','{\'archer\':1,\'pikeman\':6,\'cavalier\':1}',8,139,0,4,2,12,54,'{\'rally\':32,\'focusedShot\':4,\'charge\':1,\'brace\':15,\'secondWind\':2}','{\'fireburst\':1,\'ward\':5,\'mend\':3}','{\'pikeman\':9,\'cavalier\':2,\'archer\':1}',8,164
25,river_ford,baseline,baseline,draw,round-limit,30,1,2,2,9,54,'{\'rally\':27,\'brace\':13,\'charge\':1,\'focusedShot\':13}','{\'ward\':1,\'fireburst\':1}','{\'pikeman\':7,\'cavalier\':1,\'archer\':1}',8,168,0,2,2,16,38,'{\'rally\':26,\'focusedShot\':2,\'secondWind\':1,\'brace\':9}','{\'ward\':6,\'fireburst\':3,\'mend\':5}','{\'pikeman\':13,\'archer\':3}',7,161
26,river_ford,baseline,baseline,draw,round-limit,30,1,6,1,13,38,'{\'rally\':29,\'brace\':7,\'secondWind\':2}','{\'mend\':4,\'ward\':3,\'fireburst\':1}','{\'pikeman\':7,\'archer\':4,\'cavalier\':2}',8,183,0,2,6,9,37,'{\'rally\':23,\'focusedShot\':6,\'brace\':8}','{\'ward\':8,\'mend\':3,\'fireburst\':6}','{\'pikeman\':6,\'archer\':3}',7,160
27,river_ford,baseline,baseline,draw,round-limit,30,0,4,2,13,46,'{\'rally\':30,\'brace\':12,\'charge\':2,\'secondWind\':2}','{\'fireburst\':7,\'ward\':5,\'mend\':3}','{\'pikeman\':9,\'archer\':3,\'cavalier\':1}',7,172,0,2,4,9,56,'{\'rally\':30,\'focusedShot\':5,\'brace\':19,\'secondWind\':1,\'charge\':1}','{\'ward\':1,\'mend\':2,\'fireburst\':1}','{\'pikeman\':6,\'archer\':3}',7,134
28,river_ford,baseline,baseline,draw,round-limit,30,1,2,4,11,51,'{\'rally\':31,\'secondWind\':2,\'brace\':14,\'focusedShot\':4}',{"ward":3},'{\'archer\':5,\'pikeman\':6}',8,173,0,4,2,12,42,'{\'rally\':26,\'focusedShot\':3,\'charge\':1,\'secondWind\':1,\'brace\':11}','{\'fireburst\':1,\'mend\':3,\'ward\':2}','{\'pikeman\':9,\'cavalier\':2,\'archer\':1}',7,184
29,river_ford,baseline,baseline,draw,round-limit,30,2,6,7,18,58,'{\'rally\':34,\'brace\':13,\'focusedShot\':9,\'charge\':1,\'secondWind\':1}','{\'fireburst\':9,\'mend\':6,\'ward\':2}','{\'pikeman\':14,\'archer\':3,\'cavalier\':1}',7,169,0,7,6,15,60,'{\'rally\':29,\'focusedShot\':7,\'charge\':6,\'brace\':14,\'secondWind\':4}','{\'fireburst\':3,\'mend\':4,\'ward\':3}','{\'pikeman\':9,\'archer\':3,\'cavalier\':3}',8,160
30,river_ford,baseline,baseline,draw,round-limit,30,1,5,5,16,55,'{\'rally\':30,\'brace\':15,\'secondWind\':5,\'charge\':2,\'focusedShot\':3}','{\'ward\':1,\'fireburst\':6}','{\'archer\':4,\'pikeman\':11,\'cavalier\':1}',6,135,0,5,5,13,50,'{\'rally\':32,\'focusedShot\':2,\'charge\':1,\'secondWind\':1,\'brace\':14}','{\'fireburst\':8,\'ward\':1,\'mend\':8}','{\'pikeman\':10,\'archer\':2,\'cavalier\':1}',8,152
31,river_ford,baseline,baseline,draw,round-limit,30,2,7,4,20,64,'{\'rally\':34,\'brace\':14,\'focusedShot\':13,\'secondWind\':2,\'charge\':1}','{\'fireburst\':6,\'mend\':3,\'ward\':5}','{\'archer\':4,\'pikeman\':14,\'cavalier\':2}',6,105,1,6,5,12,64,'{\'rally\':30,\'focusedShot\':10,\'charge\':4,\'secondWind\':4,\'brace\':16}','{\'mend\':9,\'fireburst\':3,\'ward\':1}','{\'pikeman\':8,\'cavalier\':2,\'archer\':2}',7,144
32,river_ford,baseline,baseline,draw,round-limit,30,1,4,5,10,55,'{\'rally\':28,\'brace\':16,\'charge\':3,\'secondWind\':6,\'focusedShot\':2}',{"fireburst":3},'{\'pikeman\':7,\'cavalier\':2,\'archer\':1}',8,178,0,5,3,14,33,'{\'rally\':19,\'focusedShot\':4,\'brace\':3,\'charge\':3,\'secondWind\':4}','{\'fireburst\':4,\'mend\':1}','{\'pikeman\':10,\'archer\':3,\'cavalier\':1}',8,180
33,river_ford,baseline,baseline,draw,round-limit,30,2,6,5,19,81,'{\'rally\':40,\'brace\':21,\'focusedShot\':10,\'secondWind\':6,\'charge\':4}','{\'ward\':4,\'mend\':2,\'fireburst\':1}','{\'pikeman\':11,\'archer\':4,\'cavalier\':4}',7,139,0,5,6,12,65,'{\'rally\':31,\'focusedShot\':13,\'charge\':2,\'secondWind\':4,\'brace\':15}',{"fireburst":1},'{\'pikeman\':8,\'cavalier\':1,\'archer\':3}',8,183
34,river_ford,baseline,baseline,draw,round-limit,30,2,1,6,11,49,'{\'rally\':29,\'brace\':12,\'focusedShot\':2,\'secondWind\':4,\'charge\':2}','{\'ward\':2,\'fireburst\':1,\'mend\':4}','{\'pikeman\':8,\'archer\':2,\'cavalier\':1}',7,139,0,6,1,16,31,'{\'rally\':20,\'focusedShot\':3,\'charge\':2,\'brace\':6}','{\'fireburst\':4,\'ward\':2,\'mend\':1}','{\'pikeman\':10,\'archer\':5,\'cavalier\':1}',7,159
35,river_ford,baseline,baseline,draw,round-limit,30,2,4,6,11,80,'{\'rally\':40,\'brace\':21,\'charge\':5,\'secondWind\':8,\'focusedShot\':6}','{\'fireburst\':2,\'mend\':3}','{\'archer\':3,\'pikeman\':7,\'cavalier\':1}',8,163,0,6,4,17,60,'{\'rally\':30,\'focusedShot\':16,\'charge\':1,\'secondWind\':1,\'brace\':12}','{\'fireburst\':6,\'ward\':4,\'mend\':5}','{\'pikeman\':12,\'archer\':5}',7,161
36,river_ford,baseline,baseline,draw,round-limit,30,2,8,4,18,62,'{\'rally\':36,\'brace\':18,\'focusedShot\':2,\'secondWind\':4,\'charge\':2}','{\'fireburst\':5,\'ward\':6,\'mend\':2}','{\'pikeman\':10,\'archer\':5,\'cavalier\':3}',7,164,0,4,8,10,53,'{\'rally\':27,\'focusedShot\':9,\'charge\':4,\'secondWind\':7,\'brace\':6}','{\'mend\':3,\'ward\':4,\'fireburst\':4}','{\'cavalier\':1,\'pikeman\':7,\'archer\':2}',7,157
37,river_ford,baseline,baseline,draw,round-limit,30,1,6,5,13,72,'{\'rally\':45,\'brace\':21,\'focusedShot\':2,\'secondWind\':3,\'charge\':1}','{\'fireburst\':2,\'ward\':1,\'mend\':2}','{\'pikeman\':9,\'archer\':3,\'cavalier\':1}',7,150,0,5,5,12,46,'{\'rally\':26,\'focusedShot\':5,\'charge\':3,\'brace\':11,\'secondWind\':1}','{\'fireburst\':5,\'ward\':2,\'mend\':2}','{\'pikeman\':7,\'archer\':2,\'cavalier\':3}',8,186
38,river_ford,baseline,baseline,red,keep-captured,13,1,0,4,8,27,'{\'rally\':17,\'brace\':4,\'focusedShot\':2,\'secondWind\':3,\'charge\':1}','{\'mend\':4,\'fireburst\':1}','{\'pikeman\':6,\'archer\':2}',7,139,0,4,0,11,14,'{\'rally\':7,\'focusedShot\':5,\'charge\':1,\'brace\':1}','{\'ward\':2,\'mend\':1,\'fireburst\':2}','{\'archer\':6,\'pikeman\':4,\'cavalier\':1}',7,162
39,river_ford,baseline,baseline,red,keep-captured,11,1,0,2,8,32,'{\'rally\':19,\'brace\':8,\'focusedShot\':2,\'secondWind\':3}','{\'ward\':1,\'mend\':3}','{\'archer\':2,\'pikeman\':6}',6,127,0,2,0,8,23,'{\'rally\':9,\'focusedShot\':8,\'charge\':2,\'secondWind\':3,\'brace\':1}','{\'fireburst\':4,\'ward\':3,\'mend\':1}','{\'pikeman\':7,\'cavalier\':1}',8,191
40,river_ford,baseline,baseline,draw,round-limit,30,1,5,5,17,64,'{\'rally\':36,\'brace\':15,\'charge\':3,\'focusedShot\':9,\'secondWind\':1}','{\'ward\':9,\'fireburst\':3,\'mend\':1}','{\'pikeman\':9,\'archer\':6,\'cavalier\':2}',8,183,0,6,5,14,51,'{\'rally\':28,\'focusedShot\':9,\'charge\':3,\'brace\':10,\'secondWind\':1}','{\'ward\':6,\'fireburst\':2,\'mend\':2}','{\'cavalier\':2,\'pikeman\':9,\'archer\':3}',9,173
41,river_ford,baseline,baseline,blue,keep-captured,12,0,4,3,10,24,'{\'rally\':15,\'brace\':4,\'focusedShot\':1,\'secondWind\':3,\'charge\':1}','{\'fireburst\':3,\'mend\':3}','{\'pikeman\':6,\'cavalier\':2,\'archer\':2}',8,184,1,3,3,9,24,'{\'rally\':14,\'focusedShot\':4,\'charge\':3,\'brace\':1,\'secondWind\':2}','{\'fireburst\':5,\'mend\':3,\'ward\':2}','{\'pikeman\':7,\'archer\':2}',8,165
42,river_ford,baseline,baseline,draw,round-limit,30,1,8,5,16,55,'{\'rally\':32,\'brace\':15,\'focusedShot\':1,\'secondWind\':3,\'charge\':4}','{\'fireburst\':6,\'ward\':7,\'mend\':3}','{\'pikeman\':11,\'archer\':4,\'cavalier\':1}',6,125,0,6,7,15,32,'{\'rally\':21,\'focusedShot\':4,\'charge\':2,\'brace\':5}','{\'fireburst\':8,\'mend\':6,\'ward\':6}','{\'archer\':4,\'pikeman\':9,\'cavalier\':2}',6,135
43,river_ford,baseline,baseline,draw,round-limit,30,1,6,4,12,33,'{\'rally\':19,\'focusedShot\':2,\'brace\':4,\'secondWind\':7,\'charge\':1}','{\'fireburst\':3,\'ward\':3}','{\'archer\':5,\'pikeman\':7}',7,162,0,4,6,11,39,'{\'rally\':26,\'focusedShot\':5,\'charge\':1,\'brace\':6,\'secondWind\':1}','{\'fireburst\':5,\'ward\':4,\'mend\':3}','{\'pikeman\':8,\'archer\':3}',7,178
44,river_ford,baseline,baseline,draw,round-limit,30,1,5,5,13,61,'{\'rally\':36,\'brace\':16,\'focusedShot\':8,\'secondWind\':1}','{\'ward\':6,\'mend\':4,\'fireburst\':2}','{\'archer\':4,\'pikeman\':9}',8,155,0,5,5,13,52,'{\'rally\':32,\'focusedShot\':5,\'brace\':13,\'charge\':1,\'secondWind\':1}','{\'fireburst\':5,\'ward\':3,\'mend\':2}','{\'pikeman\':10,\'archer\':1,\'cavalier\':2}',9,179
45,river_ford,baseline,baseline,draw,round-limit,30,1,4,2,10,44,'{\'rally\':27,\'brace\':13,\'secondWind\':2,\'charge\':2}','{\'fireburst\':2,\'ward\':6,\'mend\':2}','{\'pikeman\':6,\'archer\':3,\'cavalier\':1}',7,155,0,2,4,9,54,'{\'rally\':27,\'focusedShot\':5,\'charge\':1,\'brace\':19,\'secondWind\':2}','{\'fireburst\':1,\'mend\':4,\'ward\':1}','{\'pikeman\':7,\'archer\':2}',7,120
46,river_ford,baseline,baseline,draw,round-limit,30,1,7,5,13,67,'{\'rally\':36,\'brace\':14,\'focusedShot\':4,\'secondWind\':7,\'charge\':6}','{\'ward\':2,\'fireburst\':3,\'mend\':1}','{\'archer\':1,\'pikeman\':10,\'cavalier\':2}',9,174,0,5,7,14,45,'{\'rally\':27,\'focusedShot\':8,\'brace\':6,\'secondWind\':2,\'charge\':2}','{\'fireburst\':7,\'ward\':3,\'mend\':2}','{\'pikeman\':11,\'archer\':2,\'cavalier\':1}',8,158
47,river_ford,baseline,baseline,draw,round-limit,30,1,5,4,10,49,'{\'rally\':30,\'brace\':15,\'secondWind\':3,\'charge\':1}','{\'fireburst\':3,\'ward\':4,\'mend\':5}','{\'pikeman\':6,\'archer\':2,\'cavalier\':2}',8,180,0,4,4,12,31,'{\'rally\':18,\'focusedShot\':5,\'charge\':2,\'brace\':5,\'secondWind\':1}','{\'fireburst\':8,\'ward\':5,\'mend\':5}','{\'pikeman\':7,\'archer\':3,\'cavalier\':2}',8,186
48,river_ford,baseline,baseline,draw,round-limit,30,1,1,1,8,37,'{\'rally\':25,\'brace\':8,\'focusedShot\':2,\'charge\':1,\'secondWind\':1}','{\'fireburst\':2,\'ward\':5,\'mend\':6}','{\'archer\':2,\'pikeman\':6}',7,181,0,1,1,8,25,'{\'rally\':20,\'focusedShot\':2,\'brace\':3}','{\'fireburst\':4,\'mend\':1,\'ward\':4}','{\'pikeman\':6,\'archer\':2}',7,166
49,river_ford,baseline,baseline,draw,round-limit,30,1,3,4,15,56,'{\'rally\':39,\'brace\':13,\'charge\':3,\'secondWind\':1}','{\'fireburst\':3,\'ward\':3,\'mend\':1}','{\'pikeman\':10,\'archer\':4,\'cavalier\':1}',6,141,0,4,2,12,41,'{\'rally\':24,\'focusedShot\':3,\'charge\':1,\'brace\':10,\'secondWind\':3}','{\'ward\':5,\'fireburst\':6,\'mend\':3}','{\'pikeman\':6,\'archer\':6}',7,161
50,river_ford,baseline,baseline,draw,round-limit,30,1,4,2,15,47,'{\'rally\':30,\'brace\':13,\'focusedShot\':3,\'secondWind\':1}','{\'fireburst\':3,\'ward\':4,\'mend\':2}','{\'archer\':3,\'pikeman\':11,\'cavalier\':1}',6,148,0,2,4,9,42,'{\'rally\':25,\'focusedShot\':6,\'brace\':11}','{\'fireburst\':3,\'mend\':3,\'ward\':7}','{\'pikeman\':7,\'archer\':2}',8,151
51,river_ford,baseline,baseline,draw,round-limit,30,1,8,2,17,52,'{\'rally\':35,\'brace\':13,\'secondWind\':2,\'charge\':1,\'focusedShot\':1}','{\'fireburst\':4,\'ward\':3,\'mend\':3}','{\'pikeman\':11,\'archer\':6}',9,196,0,2,8,10,47,'{\'rally\':23,\'focusedShot\':12,\'secondWind\':4,\'charge\':2,\'brace\':6}','{\'ward\':4,\'fireburst\':1,\'mend\':5}','{\'pikeman\':7,\'archer\':2,\'cavalier\':1}',8,170
52,river_ford,baseline,baseline,draw,round-limit,30,1,3,4,11,53,'{\'rally\':35,\'brace\':15,\'secondWind\':2,\'charge\':1}','{\'fireburst\':5,\'ward\':6,\'mend\':1}','{\'pikeman\':7,\'archer\':4}',8,189,0,4,3,14,33,'{\'rally\':22,\'focusedShot\':5,\'charge\':1,\'brace\':5}','{\'fireburst\':4,\'mend\':10,\'ward\':4}','{\'pikeman\':9,\'archer\':3,\'cavalier\':2}',8,185
53,river_ford,baseline,baseline,draw,round-limit,30,0,5,14,15,62,'{\'rally\':35,\'brace\':10,\'secondWind\':7,\'charge\':3,\'focusedShot\':7}','{\'fireburst\':8,\'mend\':5,\'ward\':2}','{\'pikeman\':11,\'cavalier\':2,\'archer\':2}',6,157,1,14,5,26,61,'{\'rally\':26,\'focusedShot\':13,\'charge\':6,\'brace\':14,\'secondWind\':2}','{\'fireburst\':4,\'mend\':9,\'ward\':9}','{\'pikeman\':10,\'archer\':13,\'cavalier\':3}',8,147
54,river_ford,baseline,baseline,draw,round-limit,30,2,5,4,11,68,'{\'rally\':41,\'brace\':22,\'charge\':2,\'secondWind\':2,\'focusedShot\':1}','{\'fireburst\':4,\'mend\':1,\'ward\':1}','{\'pikeman\':6,\'cavalier\':4,\'archer\':1}',9,203,0,4,3,12,54,'{\'rally\':16,\'focusedShot\':13,\'charge\':7,\'brace\':8,\'secondWind\':10}','{\'fireburst\':6,\'mend\':4}','{\'pikeman\':6,\'cavalier\':3,\'archer\':3}',8,127
55,river_ford,baseline,baseline,draw,round-limit,30,2,4,7,10,72,'{\'rally\':41,\'brace\':19,\'secondWind\':8,\'charge\':3,\'focusedShot\':1}','{\'fireburst\':1,\'ward\':4,\'mend\':2}','{\'pikeman\':7,\'cavalier\':1,\'archer\':2}',8,156,0,7,4,16,47,'{\'rally\':19,\'focusedShot\':16,\'brace\':7,\'charge\':2,\'secondWind\':3}','{\'ward\':5,\'mend\':4,\'fireburst\':3}','{\'pikeman\':8,\'cavalier\':3,\'archer\':5}',6,123
56,river_ford,baseline,baseline,draw,round-limit,30,1,2,5,11,61,'{\'rally\':34,\'brace\':19,\'secondWind\':3,\'charge\':3,\'focusedShot\':2}','{\'fireburst\':6,\'mend\':4,\'ward\':2}','{\'pikeman\':7,\'archer\':3,\'cavalier\':1}',8,155,0,6,2,14,49,'{\'rally\':30,\'focusedShot\':7,\'charge\':1,\'secondWind\':1,\'brace\':10}','{\'fireburst\':1,\'mend\':5,\'ward\':2}','{\'pikeman\':10,\'cavalier\':1,\'archer\':3}',7,153
57,river_ford,baseline,baseline,draw,round-limit,30,2,3,3,14,55,'{\'rally\':38,\'brace\':13,\'focusedShot\':1,\'secondWind\':3}','{\'fireburst\':2,\'ward\':4,\'mend\':2}','{\'pikeman\':12,\'cavalier\':1,\'archer\':1}',7,177,0,3,2,9,36,'{\'rally\':18,\'focusedShot\':4,\'charge\':2,\'secondWind\':3,\'brace\':9}','{\'fireburst\':5,\'mend\':1,\'ward\':2}','{\'pikeman\':4,\'archer\':3,\'cavalier\':2}',8,172
58,river_ford,baseline,baseline,draw,round-limit,30,1,7,2,12,56,'{\'rally\':34,\'brace\':17,\'secondWind\':3,\'focusedShot\':2}','{\'fireburst\':7,\'ward\':2,\'mend\':5}','{\'pikeman\':8,\'archer\':3,\'cavalier\':1}',6,141,0,4,6,11,55,'{\'rally\':30,\'focusedShot\':3,\'charge\':3,\'secondWind\':5,\'brace\':14}','{\'ward\':3,\'mend\':1,\'fireburst\':3}','{\'pikeman\':7,\'archer\':2,\'cavalier\':2}',7,151
59,river_ford,baseline,baseline,draw,round-limit,30,1,7,5,19,54,'{\'rally\':31,\'brace\':12,\'focusedShot\':4,\'charge\':2,\'secondWind\':5}','{\'fireburst\':8,\'ward\':5,\'mend\':3}','{\'pikeman\':14,\'cavalier\':3,\'archer\':2}',8,176,1,7,7,13,58,'{\'rally\':30,\'charge\':5,\'focusedShot\':3,\'brace\':13,\'secondWind\':7}','{\'fireburst\':1,\'mend\':8,\'ward\':4}','{\'pikeman\':8,\'archer\':3,\'cavalier\':2}',7,114
60,river_ford,baseline,baseline,draw,round-limit,30,1,6,5,13,64,'{\'rally\':35,\'brace\':18,\'secondWind\':2,\'focusedShot\':9}','{\'ward\':6,\'fireburst\':4,\'mend\':1}','{\'pikeman\':8,\'archer\':4,\'cavalier\':1}',8,150,0,6,6,11,62,'{\'rally\':35,\'focusedShot\':4,\'charge\':1,\'brace\':16,\'secondWind\':6}','{\'ward\':2,\'mend\':2,\'fireburst\':3}','{\'pikeman\':8,\'cavalier\':1,\'archer\':2}',8,181
61,river_ford,baseline,baseline,draw,round-limit,30,1,5,4,14,48,'{\'rally\':30,\'brace\':8,\'secondWind\':7,\'focusedShot\':2,\'charge\':1}','{\'ward\':4,\'fireburst\':3,\'mend\':2}','{\'pikeman\':10,\'archer\':3,\'cavalier\':1}',8,191,0,4,5,11,32,'{\'rally\':19,\'focusedShot\':4,\'brace\':3,\'charge\':1,\'secondWind\':5}','{\'fireburst\':2,\'ward\':3,\'mend\':1}','{\'pikeman\':6,\'archer\':3,\'cavalier\':2}',8,177
62,river_ford,baseline,baseline,draw,round-limit,30,1,3,2,11,45,'{\'rally\':23,\'brace\':10,\'secondWind\':9,\'charge\':3}',{"ward":3},'{\'pikeman\':6,\'archer\':3,\'cavalier\':2}',8,169,0,2,3,8,38,'{\'rally\':22,\'focusedShot\':4,\'brace\':12}','{\'fireburst\':2,\'ward\':4,\'mend\':2}','{\'pikeman\':7,\'cavalier\':1}',9,197
63,river_ford,baseline,baseline,draw,round-limit,30,1,7,5,13,57,'{\'rally\':34,\'brace\':16,\'charge\':1,\'focusedShot\':6}','{\'ward\':2,\'fireburst\':1,\'mend\':1}','{\'pikeman\':9,\'archer\':4}',7,132,0,6,6,18,38,'{\'rally\':22,\'focusedShot\':3,\'charge\':4,\'secondWind\':1,\'brace\':8}','{\'fireburst\':6,\'mend\':5,\'ward\':2}','{\'cavalier\':4,\'pikeman\':10,\'archer\':4}',7,163
64,river_ford,baseline,baseline,draw,round-limit,30,1,1,2,8,44,'{\'rally\':27,\'secondWind\':1,\'focusedShot\':1,\'brace\':15}','{\'ward\':3,\'mend\':2}','{\'pikeman\':6,\'archer\':2}',8,174,0,2,1,10,33,'{\'rally\':22,\'focusedShot\':1,\'charge\':1,\'brace\':9}','{\'ward\':6,\'fireburst\':3,\'mend\':4}','{\'pikeman\':7,\'archer\':2,\'cavalier\':1}',8,205
65,river_ford,baseline,baseline,draw,round-limit,30,2,2,5,12,56,'{\'rally\':28,\'brace\':14,\'focusedShot\':12,\'secondWind\':1,\'charge\':1}','{\'ward\':1,\'mend\':3,\'fireburst\':2}','{\'pikeman\':6,\'archer\':6}',7,170,1,5,2,14,41,'{\'rally\':24,\'focusedShot\':6,\'charge\':1,\'secondWind\':1,\'brace\':9}','{\'fireburst\':2,\'ward\':5,\'mend\':4}','{\'pikeman\':10,\'archer\':4}',7,171
66,river_ford,baseline,baseline,draw,round-limit,30,1,7,8,17,72,'{\'rally\':39,\'brace\':19,\'secondWind\':9,\'focusedShot\':2,\'charge\':3}','{\'fireburst\':5,\'ward\':5}','{\'archer\':5,\'pikeman\':9,\'cavalier\':3}',8,152,0,10,7,22,52,'{\'rally\':30,\'focusedShot\':9,\'charge\':7,\'secondWind\':3,\'brace\':3}','{\'fireburst\':3,\'ward\':2,\'mend\':3}','{\'pikeman\':12,\'cavalier\':4,\'archer\':6}',8,173
67,river_ford,baseline,baseline,draw,round-limit,30,1,3,3,10,40,'{\'rally\':26,\'focusedShot\':1,\'brace\':13}','{\'ward\':3,\'fireburst\':3,\'mend\':1}','{\'archer\':3,\'pikeman\':7}',7,156,0,4,3,15,36,'{\'rally\':25,\'focusedShot\':4,\'charge\':1,\'brace\':6}','{\'mend\':2,\'ward\':1,\'fireburst\':1}','{\'pikeman\':10,\'archer\':4,\'cavalier\':1}',7,171
68,river_ford,baseline,baseline,draw,round-limit,30,1,3,6,15,37,'{\'rally\':26,\'brace\':7,\'charge\':2,\'secondWind\':1,\'focusedShot\':1}','{\'fireburst\':5,\'ward\':2,\'mend\':3}','{\'pikeman\':10,\'archer\':3,\'cavalier\':2}',6,143,0,7,3,18,30,'{\'rally\':20,\'focusedShot\':3,\'charge\':2,\'secondWind\':2,\'brace\':3}','{\'ward\':6,\'fireburst\':1,\'mend\':1}','{\'pikeman\':10,\'archer\':6,\'cavalier\':2}',8,200
69,river_ford,baseline,baseline,draw,round-limit,30,1,2,5,10,51,'{\'rally\':34,\'brace\':16,\'secondWind\':1}',{"fireburst":3},'{\'pikeman\':6,\'archer\':4}',8,176,0,5,2,12,47,'{\'rally\':27,\'focusedShot\':4,\'charge\':1,\'brace\':15}','{\'fireburst\':3,\'ward\':4,\'mend\':4}','{\'pikeman\':7,\'archer\':4,\'cavalier\':1}',8,177
70,river_ford,baseline,baseline,draw,round-limit,30,1,5,3,12,55,'{\'rally\':31,\'focusedShot\':1,\'charge\':2,\'brace\':19,\'secondWind\':2}','{\'ward\':2,\'fireburst\':2,\'mend\':3}','{\'archer\':2,\'pikeman\':7,\'cavalier\':3}',8,179,0,3,5,16,37,'{\'rally\':27,\'focusedShot\':3,\'charge\':1,\'brace\':6}','{\'fireburst\':1,\'ward\':6,\'mend\':4}','{\'pikeman\':12,\'archer\':3,\'cavalier\':1}',7,180
71,river_ford,baseline,baseline,draw,round-limit,30,0,10,3,20,60,'{\'rally\':33,\'brace\':16,\'secondWind\':2,\'focusedShot\':9}','{\'fireburst\':13,\'ward\':10,\'mend\':6}','{\'pikeman\':13,\'archer\':5,\'cavalier\':2}',7,164,1,4,10,14,66,'{\'rally\':35,\'focusedShot\':11,\'charge\':3,\'brace\':14,\'secondWind\':3}','{\'fireburst\':2,\'mend\':4,\'ward\':4}','{\'pikeman\':7,\'archer\':6,\'cavalier\':1}',7,142
72,river_ford,baseline,baseline,draw,round-limit,30,1,3,4,10,39,'{\'rally\':19,\'brace\':8,\'secondWind\':8,\'focusedShot\':2,\'charge\':2}','{\'ward\':3,\'fireburst\':2,\'mend\':4}','{\'pikeman\':5,\'archer\':3,\'cavalier\':2}',7,144,0,4,3,10,41,'{\'rally\':23,\'focusedShot\':9,\'brace\':8,\'charge\':1}','{\'fireburst\':4,\'ward\':4,\'mend\':4}','{\'pikeman\':7,\'archer\':1,\'cavalier\':2}',9,210
73,river_ford,baseline,baseline,draw,round-limit,30,1,3,2,16,28,'{\'rally\':26,\'brace\':1,\'secondWind\':1}','{\'fireburst\':3,\'mend\':2,\'ward\':5}','{\'pikeman\':11,\'archer\':5}',6,159,0,2,2,9,27,'{\'rally\':11,\'focusedShot\':16}','{\'fireburst\':3,\'ward\':3}','{\'pikeman\':6,\'archer\':3}',7,171
74,river_ford,baseline,baseline,draw,round-limit,30,1,2,6,8,52,'{\'rally\':30,\'brace\':12,\'focusedShot\':4,\'secondWind\':5,\'charge\':1}','{\'fireburst\':2,\'ward\':1,\'mend\':3}','{\'pikeman\':6,\'archer\':1,\'cavalier\':1}',8,183,0,6,2,17,41,'{\'rally\':26,\'charge\':1,\'secondWind\':1,\'focusedShot\':3,\'brace\':10}','{\'fireburst\':2,\'mend\':2,\'ward\':1}','{\'pikeman\':12,\'cavalier\':2,\'archer\':3}',8,204
75,river_ford,baseline,baseline,draw,round-limit,30,1,9,3,14,74,'{\'rally\':37,\'brace\':21,\'focusedShot\':7,\'secondWind\':7,\'charge\':2}','{\'fireburst\':2,\'ward\':2,\'mend\':2}','{\'pikeman\':9,\'archer\':2,\'cavalier\':3}',8,176,1,3,9,10,63,'{\'rally\':34,\'focusedShot\':8,\'brace\':17,\'charge\':2,\'secondWind\':2}','{\'fireburst\':6,\'ward\':3,\'mend\':2}','{\'pikeman\':7,\'archer\':2,\'cavalier\':1}',7,152
76,river_ford,baseline,baseline,draw,round-limit,30,1,9,8,18,67,'{\'rally\':37,\'brace\':17,\'focusedShot\':8,\'secondWind\':3,\'charge\':2}','{\'ward\':7,\'fireburst\':5,\'mend\':2}','{\'archer\':4,\'pikeman\':12,\'cavalier\':2}',7,177,0,8,7,16,48,'{\'rally\':28,\'focusedShot\':7,\'charge\':3,\'secondWind\':4,\'brace\':6}','{\'fireburst\':6,\'mend\':4,\'ward\':1}','{\'pikeman\':10,\'cavalier\':3,\'archer\':3}',7,153
77,river_ford,baseline,baseline,draw,round-limit,30,1,7,3,17,60,'{\'rally\':33,\'brace\':15,\'secondWind\':1,\'focusedShot\':11}','{\'mend\':4,\'fireburst\':4,\'ward\':2}','{\'pikeman\':10,\'archer\':6,\'cavalier\':1}',7,143,0,5,7,12,60,'{\'rally\':32,\'focusedShot\':12,\'brace\':15,\'charge\':1}','{\'fireburst\':3,\'ward\':5,\'mend\':4}','{\'archer\':4,\'pikeman\':8}',7,122
78,river_ford,baseline,baseline,draw,round-limit,30,1,5,5,16,58,'{\'rally\':35,\'brace\':16,\'secondWind\':4,\'charge\':1,\'focusedShot\':2}','{\'fireburst\':4,\'ward\':3,\'mend\':1}','{\'pikeman\':13,\'archer\':3}',6,143,0,6,4,12,48,'{\'rally\':23,\'focusedShot\':11,\'charge\':3,\'secondWind\':5,\'brace\':6}','{\'fireburst\':5,\'ward\':4,\'mend\':1}','{\'pikeman\':8,\'cavalier\':1,\'archer\':3}',7,175
79,river_ford,baseline,baseline,draw,round-limit,30,1,5,6,12,56,'{\'rally\':36,\'charge\':1,\'focusedShot\':3,\'brace\':14,\'secondWind\':2}','{\'ward\':2,\'mend\':1,\'fireburst\':3}','{\'archer\':4,\'pikeman\':8}',8,197,0,6,5,19,45,'{\'rally\':28,\'focusedShot\':4,\'charge\':3,\'secondWind\':1,\'brace\':9}','{\'ward\':5,\'mend\':3,\'fireburst\':3}','{\'cavalier\':3,\'pikeman\':11,\'archer\':5}',7,147
80,river_ford,baseline,baseline,draw,round-limit,30,1,6,2,19,61,'{\'rally\':42,\'brace\':15,\'secondWind\':3,\'charge\':1}','{\'fireburst\':4,\'mend\':4,\'ward\':4}','{\'pikeman\':14,\'archer\':5}',6,157,0,2,6,9,83,'{\'rally\':45,\'charge\':2,\'focusedShot\':9,\'brace\':27}','{\'fireburst\':4,\'mend\':1,\'ward\':1}','{\'pikeman\':7,\'archer\':2}',7,126
81,river_ford,baseline,baseline,draw,round-limit,30,1,10,3,25,57,'{\'rally\':36,\'secondWind\':4,\'charge\':2,\'focusedShot\':4,\'brace\':11}','{\'fireburst\':4,\'mend\':3,\'ward\':3}','{\'archer\':7,\'pikeman\':15,\'cavalier\':3}',7,144,0,4,10,12,53,'{\'rally\':29,\'focusedShot\':7,\'brace\':8,\'charge\':8,\'secondWind\':1}','{\'fireburst\':7,\'ward\':4,\'mend\':7}','{\'pikeman\':7,\'archer\':3,\'cavalier\':2}',8,153
82,river_ford,baseline,baseline,draw,round-limit,30,1,1,4,8,50,'{\'rally\':31,\'brace\':16,\'secondWind\':2,\'charge\':1}','{\'fireburst\':4,\'mend\':3,\'ward\':2}','{\'pikeman\':5,\'archer\':3}',7,159,0,5,1,14,37,'{\'rally\':26,\'focusedShot\':3,\'charge\':2,\'brace\':5,\'secondWind\':1}','{\'fireburst\':2,\'ward\':3,\'mend\':2}','{\'pikeman\':9,\'archer\':4,\'cavalier\':1}',7,176
83,river_ford,baseline,baseline,draw,round-limit,30,1,8,2,15,57,'{\'rally\':31,\'brace\':16,\'secondWind\':4,\'charge\':2,\'focusedShot\':4}','{\'ward\':2,\'fireburst\':1,\'mend\':2}','{\'archer\':5,\'pikeman\':8,\'cavalier\':2}',7,164,0,2,8,9,46,'{\'rally\':26,\'focusedShot\':7,\'brace\':13}','{\'fireburst\':3,\'ward\':5,\'mend\':5}','{\'pikeman\':7,\'archer\':2}',8,192
84,river_ford,baseline,baseline,draw,round-limit,30,1,3,2,10,52,'{\'rally\':31,\'brace\':19,\'secondWind\':1,\'focusedShot\':1}','{\'ward\':3,\'fireburst\':4,\'mend\':2}','{\'pikeman\':6,\'archer\':4}',8,196,0,4,3,11,47,'{\'rally\':26,\'focusedShot\':12,\'brace\':5,\'charge\':3,\'secondWind\':1}','{\'fireburst\':4,\'ward\':2,\'mend\':5}','{\'pikeman\':6,\'archer\':4,\'cavalier\':1}',7,177
85,river_ford,baseline,baseline,draw,round-limit,30,1,5,6,16,54,'{\'rally\':36,\'brace\':11,\'secondWind\':7}','{\'ward\':4,\'fireburst\':3,\'mend\':3}','{\'pikeman\':12,\'archer\':2,\'cavalier\':2}',7,172,1,6,5,13,61,'{\'rally\':30,\'focusedShot\':15,\'charge\':1,\'brace\':15}','{\'fireburst\':6,\'mend\':3,\'ward\':1}','{\'pikeman\':9,\'cavalier\':2,\'archer\':2}',7,154
86,river_ford,baseline,baseline,draw,round-limit,30,1,7,6,16,48,'{\'rally\':27,\'brace\':13,\'secondWind\':3,\'charge\':2,\'focusedShot\':3}','{\'fireburst\':2,\'ward\':1,\'mend\':1}','{\'archer\':4,\'pikeman\':9,\'cavalier\':3}',8,186,0,6,7,21,41,'{\'rally\':22,\'charge\':2,\'focusedShot\':12,\'secondWind\':3,\'brace\':2}','{\'fireburst\':5,\'ward\':2,\'mend\':1}','{\'pikeman\':16,\'archer\':5}',6,160
87,river_ford,baseline,baseline,draw,round-limit,30,1,3,5,12,31,'{\'rally\':20,\'brace\':5,\'focusedShot\':1,\'secondWind\':3,\'charge\':2}','{\'ward\':5,\'mend\':7,\'fireburst\':4}','{\'archer\':3,\'pikeman\':9}',7,156,0,5,3,12,18,'{\'rally\':10,\'focusedShot\':1,\'charge\':1,\'secondWind\':5,\'brace\':1}','{\'fireburst\':3,\'ward\':2,\'mend\':4}','{\'pikeman\':4,\'archer\':6,\'cavalier\':2}',8,182
88,river_ford,baseline,baseline,draw,round-limit,30,1,4,7,11,48,'{\'rally\':28,\'charge\':4,\'brace\':12,\'secondWind\':2,\'focusedShot\':2}','{\'fireburst\':3,\'ward\':2,\'mend\':7}','{\'archer\':4,\'pikeman\':7}',7,145,0,7,4,22,52,'{\'rally\':35,\'focusedShot\':3,\'charge\':1,\'brace\':12,\'secondWind\':1}','{\'fireburst\':4,\'ward\':6,\'mend\':4}','{\'pikeman\':18,\'archer\':2,\'cavalier\':2}',7,189
89,river_ford,baseline,baseline,draw,round-limit,30,2,2,2,9,59,'{\'rally\':29,\'brace\':14,\'focusedShot\':7,\'secondWind\':5,\'charge\':4}','{\'ward\':5,\'mend\':2,\'fireburst\':2}','{\'archer\':2,\'pikeman\':6,\'cavalier\':1}',6,135,0,2,2,9,39,'{\'rally\':23,\'focusedShot\':7,\'brace\':7,\'secondWind\':2}','{\'ward\':8,\'mend\':1}','{\'pikeman\':6,\'archer\':3}',8,141
90,river_ford,baseline,baseline,draw,round-limit,30,1,4,5,12,66,'{\'rally\':42,\'brace\':16,\'focusedShot\':4,\'secondWind\':1,\'charge\':3}','{\'ward\':4,\'mend\':2,\'fireburst\':1}','{\'pikeman\':7,\'archer\':4,\'cavalier\':1}',7,137,0,5,4,15,38,'{\'rally\':22,\'focusedShot\':13,\'brace\':2,\'charge\':1}','{\'fireburst\':5,\'ward\':4,\'mend\':1}','{\'pikeman\':13,\'archer\':1,\'cavalier\':1}',9,223
91,river_ford,baseline,baseline,draw,round-limit,30,1,6,4,10,64,'{\'rally\':36,\'brace\':19,\'focusedShot\':1,\'secondWind\':6,\'charge\':2}','{\'fireburst\':2,\'mend\':2,\'ward\':1}','{\'pikeman\':7,\'archer\':1,\'cavalier\':2}',7,159,0,4,5,13,44,'{\'rally\':25,\'focusedShot\':7,\'charge\':1,\'brace\':9,\'secondWind\':2}','{\'fireburst\':5,\'ward\':4,\'mend\':3}','{\'pikeman\':10,\'archer\':3}',8,152
92,river_ford,baseline,baseline,draw,round-limit,30,2,4,5,11,49,'{\'rally\':28,\'brace\':14,\'charge\':2,\'focusedShot\':5}','{\'ward\':7,\'mend\':4,\'fireburst\':2}','{\'archer\':4,\'pikeman\':7}',7,163,0,5,4,16,35,'{\'rally\':18,\'focusedShot\':7,\'charge\':2,\'secondWind\':3,\'brace\':5}','{\'fireburst\':3,\'ward\':6,\'mend\':1}','{\'pikeman\':9,\'archer\':5,\'cavalier\':2}',7,136
93,river_ford,baseline,baseline,draw,round-limit,30,1,2,4,10,41,'{\'rally\':24,\'brace\':15,\'focusedShot\':1,\'secondWind\':1}',{"mend":3},'{\'archer\':6,\'pikeman\':3,\'cavalier\':1}',7,145,0,4,2,14,38,'{\'rally\':21,\'focusedShot\':4,\'charge\':2,\'secondWind\':2,\'brace\':9}','{\'fireburst\':2,\'ward\':3,\'mend\':1}','{\'pikeman\':10,\'archer\':3,\'cavalier\':1}',8,174
94,river_ford,baseline,baseline,draw,round-limit,30,1,4,7,12,61,'{\'rally\':32,\'brace\':19,\'focusedShot\':5,\'secondWind\':3,\'charge\':2}','{\'fireburst\':5,\'mend\':3,\'ward\':7}','{\'archer\':3,\'pikeman\':8,\'cavalier\':1}',8,140,0,7,4,16,48,'{\'rally\':27,\'focusedShot\':4,\'charge\':1,\'secondWind\':4,\'brace\':12}','{\'fireburst\':5,\'mend\':4}','{\'pikeman\':11,\'archer\':3,\'cavalier\':2}',6,143
95,river_ford,baseline,baseline,draw,round-limit,30,2,6,5,15,52,'{\'rally\':35,\'focusedShot\':2,\'charge\':4,\'brace\':9,\'secondWind\':2}','{\'ward\':6,\'fireburst\':3,\'mend\':2}','{\'archer\':4,\'pikeman\':10,\'cavalier\':1}',8,156,0,5,4,21,47,'{\'rally\':26,\'charge\':3,\'secondWind\':1,\'brace\':7,\'focusedShot\':10}','{\'ward\':4,\'mend\':3,\'fireburst\':3}','{\'pikeman\':14,\'archer\':6,\'cavalier\':1}',6,132
96,river_ford,baseline,baseline,draw,round-limit,30,1,4,5,16,46,'{\'rally\':32,\'focusedShot\':5,\'charge\':2,\'brace\':4,\'secondWind\':3}','{\'ward\':13,\'fireburst\':2,\'mend\':5}','{\'pikeman\':11,\'archer\':3,\'cavalier\':2}',7,175,0,5,4,18,40,'{\'rally\':25,\'focusedShot\':10,\'charge\':1,\'brace\':4}','{\'fireburst\':4,\'ward\':3,\'mend\':1}','{\'pikeman\':13,\'archer\':5}',7,172
97,river_ford,baseline,baseline,draw,round-limit,30,1,4,4,11,49,'{\'rally\':28,\'charge\':3,\'brace\':15,\'secondWind\':3}','{\'fireburst\':2,\'mend\':2,\'ward\':1}','{\'pikeman\':6,\'archer\':4,\'cavalier\':1}',7,182,0,4,4,14,33,'{\'rally\':19,\'charge\':2,\'focusedShot\':4,\'secondWind\':1,\'brace\':7}','{\'fireburst\':3,\'ward\':4,\'mend\':2}','{\'pikeman\':7,\'archer\':5,\'cavalier\':2}',8,188
98,river_ford,baseline,baseline,draw,round-limit,30,1,12,6,22,64,'{\'rally\':38,\'brace\':15,\'focusedShot\':4,\'secondWind\':4,\'charge\':3}','{\'ward\':4,\'fireburst\':2,\'mend\':1}','{\'archer\':11,\'pikeman\':7,\'cavalier\':4}',7,115,1,6,12,14,64,'{\'rally\':29,\'focusedShot\':9,\'charge\':6,\'brace\':18,\'secondWind\':2}','{\'fireburst\':6,\'ward\':4,\'mend\':2}','{\'cavalier\':2,\'archer\':3,\'pikeman\':9}',6,134
99,river_ford,baseline,baseline,draw,round-limit,30,1,2,4,9,42,'{\'rally\':27,\'brace\':12,\'secondWind\':1,\'focusedShot\':1,\'charge\':1}','{\'fireburst\':4,\'mend\':3}','{\'pikeman\':6,\'archer\':3}',7,166,0,4,2,11,37,'{\'rally\':23,\'focusedShot\':3,\'charge\':1,\'secondWind\':2,\'brace\':8}','{\'fireburst\':3,\'ward\':3,\'mend\':3}','{\'pikeman\':7,\'archer\':4}',7,172
100,river_ford,baseline,baseline,draw,round-limit,30,1,6,4,17,55,'{\'rally\':37,\'brace\':15,\'secondWind\':1,\'focusedShot\':2}','{\'fireburst\':4,\'mend\':4,\'ward\':1}','{\'pikeman\':12,\'archer\':3,\'cavalier\':2}',7,181,0,4,6,10,47,'{\'rally\':19,\'focusedShot\':12,\'charge\':6,\'brace\':3,\'secondWind\':7}','{\'mend\':5,\'ward\':1,\'fireburst\':2}','{\'cavalier\':3,\'pikeman\':7}',8,179
1,choke_gap1,league,baseline,draw,round-limit,30,0,3,9,6,227,'{\'rally\':97,\'setPosition\':97,\'preparedPosition\':33}','{\'fieldRepair\':3,\'flare\':2,\'ward\':1,\'mend\':1}','{\'leaguePike\':3,\'coil\':3}',8,180,0,9,1,16,27,'{\'rally\':18,\'brace\':7,\'charge\':2}','{\'fireburst\':9,\'ward\':6,\'mend\':4}','{\'pikeman\':9,\'cavalier\':4,\'archer\':3}',7,177
1,choke_gap1,baseline,league,draw,round-limit,30,2,7,1,20,41,'{\'rally\':28,\'brace\':11,\'charge\':2}','{\'fireburst\':4,\'ward\':4,\'mend\':2}','{\'pikeman\':14,\'archer\':4,\'cavalier\':2}',7,151,0,1,7,4,205,'{\'setPosition\':83,\'rally\':84,\'preparedPosition\':38}','{\'ward\':2,\'fieldRepair\':2,\'fireburst\':1,\'flare\':1,\'mend\':4}','{\'pavise\':2,\'leaguePike\':1,\'coil\':1}',8,174
2,choke_gap1,league,baseline,draw,round-limit,30,0,2,6,5,212,'{\'rally\':93,\'setPosition\':93,\'preparedPosition\':26}','{\'ward\':2,\'fireburst\':1,\'fieldRepair\':1,\'flare\':1}','{\'leaguePike\':3,\'coil\':2}',8,164,0,6,1,13,26,'{\'rally\':19,\'brace\':6,\'charge\':1}','{\'ward\':7,\'mend\':5,\'fireburst\':5}','{\'pikeman\':10,\'archer\':3}',7,161
2,choke_gap1,baseline,league,draw,round-limit,30,1,4,1,14,36,'{\'rally\':25,\'charge\':2,\'brace\':9}','{\'fireburst\':2,\'ward\':2,\'mend\':1}','{\'pikeman\':12,\'archer\':1,\'cavalier\':1}',7,150,0,1,4,3,179,'{\'setPosition\':69,\'rally\':69,\'preparedPosition\':41}','{\'fireburst\':1,\'ward\':3,\'mend\':3,\'fieldRepair\':1}','{\'leaguePike\':1,\'pavise\':1,\'coil\':1}',7,137
3,choke_gap1,league,baseline,draw,round-limit,30,0,1,7,6,244,'{\'rally\':104,\'setPosition\':104,\'preparedPosition\':36}','{\'mend\':2,\'flare\':2}','{\'leaguePike\':2,\'pavise\':1,\'coil\':3}',10,219,0,7,0,12,29,'{\'rally\':16,\'brace\':8,\'charge\':4,\'secondWind\':1}','{\'fireburst\':4,\'mend\':6,\'ward\':2}','{\'pikeman\':5,\'archer\':3,\'cavalier\':4}',7,169
3,choke_gap1,baseline,league,draw,round-limit,30,1,8,0,18,39,'{\'rally\':26,\'brace\':9,\'charge\':2,\'secondWind\':2}','{\'fireburst\':3,\'ward\':3,\'mend\':2}','{\'archer\':3,\'pikeman\':13,\'cavalier\':2}',7,162,0,0,8,4,217,'{\'setPosition\':88,\'rally\':88,\'preparedPosition\':41}','{\'fireburst\':3,\'fieldRepair\':1,\'flare\':2,\'mend\':1}','{\'leaguePike\':3,\'coil\':1}',9,187
4,choke_gap1,league,baseline,draw,round-limit,30,0,0,7,5,226,'{\'rally\':94,\'setPosition\':90,\'preparedPosition\':42}','{\'mend\':3,\'flare\':2}','{\'leaguePike\':2,\'pavise\':1,\'coil\':2}',10,199,0,7,0,17,37,'{\'rally\':26,\'brace\':10,\'charge\':1}','{\'mend\':6,\'ward\':1,\'fireburst\':3}','{\'pikeman\':13,\'archer\':3,\'cavalier\':1}',7,166
4,choke_gap1,baseline,league,draw,round-limit,30,2,6,0,16,35,'{\'rally\':24,\'brace\':10,\'charge\':1}','{\'ward\':7,\'fireburst\':7,\'mend\':4}','{\'archer\':4,\'pikeman\':11,\'cavalier\':1}',8,189,0,2,6,4,156,'{\'setPosition\':59,\'rally\':59,\'preparedPosition\':38}','{\'fireburst\':2,\'flare\':1,\'fieldRepair\':2,\'mend\':1}','{\'pavise\':1,\'coil\':3}',7,158
5,choke_gap1,league,baseline,draw,round-limit,30,0,1,10,5,226,'{\'rally\':93,\'setPosition\':93,\'preparedPosition\':40}','{\'ward\':2,\'mend\':2}','{\'leaguePike\':3,\'coil\':2}',9,172,0,10,1,17,33,'{\'rally\':21,\'brace\':9,\'charge\':3}','{\'fireburst\':5,\'mend\':4,\'ward\':5}','{\'pikeman\':11,\'archer\':3,\'cavalier\':3}',8,193
5,choke_gap1,baseline,league,draw,round-limit,30,1,9,0,18,37,'{\'rally\':24,\'brace\':11,\'charge\':2}','{\'fireburst\':6,\'ward\':3}','{\'pikeman\':11,\'archer\':6,\'cavalier\':1}',6,154,0,1,9,3,186,'{\'setPosition\':73,\'rally\':73,\'preparedPosition\':40}','{\'fieldRepair\':4,\'ward\':5,\'flare\':3}','{\'leaguePike\':1,\'pavise\':1,\'coil\':1}',7,135
6,choke_gap1,league,baseline,draw,round-limit,30,0,2,6,6,238,'{\'rally\':98,\'setPosition\':98,\'preparedPosition\':42}','{\'mend\':1,\'flare\':1}','{\'leaguePike\':3,\'coil\':3}',9,200,0,6,1,19,35,'{\'rally\':22,\'brace\':11,\'charge\':2}','{\'fireburst\':3,\'mend\':5,\'ward\':4}','{\'pikeman\':11,\'cavalier\':5,\'archer\':3}',7,150
6,choke_gap1,baseline,league,draw,round-limit,30,2,7,3,17,39,'{\'rally\':29,\'brace\':9,\'charge\':1}','{\'fireburst\':7,\'ward\':3}','{\'archer\':3,\'pikeman\':13,\'cavalier\':1}',7,168,0,6,7,9,170,'{\'setPosition\':68,\'rally\':69,\'preparedPosition\':33}','{\'ward\':3,\'fieldRepair\':4,\'mend\':2}','{\'leaguePike\':2,\'pavise\':1,\'coil\':6}',8,168
7,choke_gap1,league,baseline,draw,round-limit,30,0,0,7,5,250,'{\'rally\':104,\'setPosition\':104,\'preparedPosition\':42}','{\'ward\':3,\'flare\':2,\'fieldRepair\':1,\'mend\':1}','{\'leaguePike\':3,\'coil\':2}',10,207,0,7,0,18,34,'{\'rally\':24,\'brace\':9,\'charge\':1}','{\'fireburst\':2,\'mend\':9,\'ward\':2}','{\'pikeman\':14,\'archer\':4}',6,147
7,choke_gap1,baseline,league,draw,round-limit,30,1,7,2,16,34,'{\'rally\':22,\'brace\':8,\'charge\':3,\'secondWind\':1}','{\'ward\':5,\'fireburst\':5,\'mend\':4}','{\'pikeman\':10,\'archer\':4,\'cavalier\':2}',7,140,0,3,7,6,129,'{\'setPosition\':49,\'rally\':57,\'preparedPosition\':23}','{\'fireburst\':4,\'ward\':1,\'fieldRepair\':3,\'mend\':1}','{\'leaguePike\':3,\'coil\':3}',8,175
8,choke_gap1,league,baseline,draw,round-limit,30,1,8,4,11,112,'{\'rally\':54,\'setPosition\':46,\'preparedPosition\':12}','{\'fireburst\':2,\'ward\':2,\'mend\':3,\'fieldRepair\':1,\'flare\':3}','{\'leaguePike\':3,\'coil\':8}',8,177,0,4,7,13,18,'{\'rally\':12,\'brace\':4,\'charge\':1,\'secondWind\':1}','{\'fireburst\':5,\'mend\':5}','{\'pikeman\':5,\'archer\':4,\'cavalier\':4}',6,157
8,choke_gap1,baseline,league,draw,round-limit,30,1,5,0,14,42,'{\'rally\':28,\'secondWind\':2,\'brace\':10,\'charge\':2}','{\'fireburst\':4,\'ward\':5,\'mend\':3}','{\'pikeman\':12,\'archer\':1,\'cavalier\':1}',6,145,0,0,5,4,218,'{\'setPosition\':88,\'rally\':89,\'preparedPosition\':41}','{\'fieldRepair\':2,\'ward\':5,\'flare\':2,\'fireburst\':2}','{\'pavise\':2,\'leaguePike\':1,\'coil\':1}',9,181
9,choke_gap1,league,baseline,draw,round-limit,30,0,1,8,5,228,'{\'rally\':95,\'setPosition\':95,\'preparedPosition\':38}','{\'ward\':2,\'fireburst\':2,\'fieldRepair\':1,\'flare\':1,\'mend\':4}','{\'leaguePike\':3,\'coil\':2}',9,202,0,8,1,15,29,'{\'rally\':21,\'brace\':6,\'charge\':2}','{\'ward\':8,\'fireburst\':1,\'mend\':6}','{\'pikeman\':12,\'archer\':2,\'cavalier\':1}',6,130
9,choke_gap1,baseline,league,draw,round-limit,30,1,6,0,16,37,'{\'rally\':24,\'charge\':2,\'brace\':11}','{\'fireburst\':4,\'ward\':4,\'mend\':1}','{\'pikeman\':11,\'archer\':3,\'cavalier\':2}',6,144,0,0,6,4,217,'{\'setPosition\':89,\'rally\':89,\'preparedPosition\':39}','{\'fieldRepair\':2,\'flare\':3,\'fireburst\':1,\'mend\':3}','{\'pavise\':1,\'leaguePike\':2,\'coil\':1}',9,164
10,choke_gap1,league,baseline,draw,round-limit,30,0,3,11,7,219,'{\'rally\':92,\'setPosition\':89,\'preparedPosition\':38}','{\'fireburst\':4,\'fieldRepair\':1,\'ward\':1,\'mend\':2}','{\'leaguePike\':2,\'pavise\':1,\'coil\':4}',9,197,0,11,1,19,25,'{\'rally\':17,\'brace\':5,\'secondWind\':1,\'charge\':2}','{\'fireburst\':5,\'mend\':4,\'ward\':2}','{\'archer\':6,\'pikeman\':10,\'cavalier\':3}',8,181
10,choke_gap1,baseline,league,draw,round-limit,30,1,10,0,18,34,'{\'rally\':24,\'brace\':8,\'charge\':2}','{\'fireburst\':3,\'mend\':6,\'ward\':1}','{\'pikeman\':12,\'archer\':3,\'cavalier\':3}',7,166,0,0,10,4,219,'{\'setPosition\':88,\'rally\':89,\'preparedPosition\':42}','{\'ward\':2,\'flare\':1,\'fieldRepair\':3,\'fireburst\':1}','{\'pavise\':2,\'leaguePike\':1,\'coil\':1}',9,192
11,choke_gap1,league,baseline,draw,round-limit,30,1,9,3,12,144,'{\'rally\':66,\'setPosition\':58,\'preparedPosition\':15,\'arcBurst\':5}','{\'fireburst\':3,\'fieldRepair\':3,\'flare\':1,\'mend\':1}','{\'leaguePike\':3,\'pavise\':2,\'coil\':5,\'relicWalker\':2}',8,177,0,3,9,10,37,'{\'rally\':26,\'brace\':9,\'charge\':1,\'secondWind\':1}','{\'fireburst\':5,\'mend\':4,\'ward\':4}','{\'pikeman\':7,\'archer\':2,\'cavalier\':1}',8,163
11,choke_gap1,baseline,league,draw,round-limit,30,1,8,0,18,35,'{\'rally\':24,\'brace\':8,\'secondWind\':1,\'charge\':2}','{\'ward\':2,\'fireburst\':2,\'mend\':2}','{\'pikeman\':10,\'archer\':7,\'cavalier\':1}',7,169,0,0,8,4,217,'{\'setPosition\':88,\'rally\':88,\'preparedPosition\':41}','{\'ward\':3,\'flare\':2,\'fieldRepair\':4,\'fireburst\':2,\'mend\':1}','{\'leaguePike\':2,\'pavise\':1,\'coil\':1}',9,187
12,choke_gap1,league,baseline,draw,round-limit,30,0,1,9,5,225,'{\'rally\':93,\'setPosition\':93,\'preparedPosition\':39}','{\'fireburst\':4,\'mend\':1,\'flare\':1,\'ward\':1}','{\'leaguePike\':2,\'pavise\':1,\'coil\':2}',9,179,0,10,1,19,28,'{\'rally\':19,\'brace\':5,\'charge\':4}','{\'fireburst\':3,\'ward\':3,\'mend\':6}','{\'archer\':4,\'pikeman\':11,\'cavalier\':4}',7,138
12,choke_gap1,baseline,league,draw,round-limit,30,2,5,1,16,39,'{\'rally\':28,\'brace\':9,\'charge\':2}','{\'ward\':5,\'mend\':5,\'fireburst\':1}','{\'pikeman\':13,\'cavalier\':2,\'archer\':1}',8,189,0,1,5,4,196,'{\'setPosition\':78,\'rally\':79,\'preparedPosition\':39}','{\'flare\':3,\'fireburst\':1,\'mend\':2,\'fieldRepair\':2,\'ward\':1}','{\'pavise\':2,\'leaguePike\':1,\'coil\':1}',8,173
13,choke_gap1,league,baseline,draw,round-limit,30,0,6,5,9,204,'{\'rally\':91,\'setPosition\':88,\'preparedPosition\':21,\'arcBurst\':4}','{\'ward\':4,\'flare\':3,\'fieldRepair\':2,\'mend\':1}','{\'leaguePike\':3,\'coil\':4,\'relicWalker\':2}',8,198,0,5,4,12,32,'{\'rally\':18,\'brace\':8,\'charge\':4,\'secondWind\':2}','{\'ward\':5,\'fireburst\':6,\'mend\':4}','{\'pikeman\':8,\'archer\':2,\'cavalier\':2}',8,152
13,choke_gap1,baseline,league,draw,round-limit,30,2,4,0,11,35,'{\'rally\':21,\'charge\':2,\'secondWind\':1,\'brace\':11}','{\'fireburst\':3,\'ward\':4,\'mend\':6}','{\'archer\':3,\'pikeman\':7,\'cavalier\':1}',8,177,0,0,4,4,215,'{\'setPosition\':88,\'rally\':88,\'preparedPosition\':39}','{\'fireburst\':1,\'ward\':2,\'fieldRepair\':1,\'flare\':1}','{\'leaguePike\':2,\'pavise\':1,\'coil\':1}',9,191
14,choke_gap1,league,baseline,draw,round-limit,30,0,1,7,5,239,'{\'rally\':100,\'setPosition\':100,\'preparedPosition\':39}','{\'ward\':6,\'flare\':1,\'fireburst\':1}','{\'leaguePike\':3,\'coil\':2}',9,183,0,7,1,19,37,'{\'rally\':24,\'brace\':9,\'charge\':2,\'secondWind\':2}','{\'fireburst\':3,\'ward\':3,\'mend\':5}','{\'pikeman\':12,\'archer\':7}',4,103
14,choke_gap1,baseline,league,draw,round-limit,30,1,6,1,18,41,'{\'rally\':30,\'brace\':10,\'charge\':1}','{\'fireburst\':4,\'ward\':5,\'mend\':6}','{\'pikeman\':14,\'archer\':4}',7,157,0,1,6,4,198,'{\'setPosition\':78,\'rally\':78,\'preparedPosition\':42}','{\'fieldRepair\':1,\'ward\':1,\'fireburst\':1,\'mend\':1}','{\'leaguePike\':2,\'pavise\':1,\'coil\':1}',8,164
15,choke_gap1,league,baseline,draw,round-limit,30,1,3,3,7,81,'{\'rally\':42,\'setPosition\':30,\'preparedPosition\':9}','{\'fireburst\':5,\'fieldRepair\':3,\'flare\':1}','{\'leaguePike\':3,\'coil\':4}',9,173,0,3,3,11,19,'{\'rally\':13,\'brace\':3,\'secondWind\':2,\'charge\':1}','{\'ward\':7,\'mend\':4,\'fireburst\':2}','{\'pikeman\':7,\'archer\':3,\'cavalier\':1}',8,144
15,choke_gap1,baseline,league,draw,round-limit,30,1,8,0,19,39,'{\'rally\':28,\'brace\':8,\'charge\':3}','{\'ward\':5,\'mend\':4,\'fireburst\':2}','{\'pikeman\':15,\'archer\':1,\'cavalier\':3}',8,176,0,0,8,4,221,'{\'setPosition\':89,\'rally\':90,\'preparedPosition\':42}','{\'fireburst\':2,\'mend\':1,\'fieldRepair\':3}','{\'leaguePike\':1,\'pavise\':2,\'coil\':1}',9,190
16,choke_gap1,league,baseline,draw,round-limit,30,0,5,7,10,222,'{\'rally\':98,\'setPosition\':97,\'preparedPosition\':27}','{\'fireburst\':2,\'mend\':2,\'flare\':1}','{\'leaguePike\':4,\'coil\':5,\'relicWalker\':1}',10,228,0,7,2,21,35,'{\'rally\':24,\'brace\':9,\'charge\':1,\'secondWind\':1}','{\'fireburst\':6,\'ward\':4,\'mend\':2}','{\'pikeman\':14,\'archer\':3,\'cavalier\':4}',7,159
16,choke_gap1,baseline,league,draw,round-limit,30,1,7,0,22,36,'{\'rally\':26,\'brace\':9,\'charge\':1}','{\'ward\':4,\'mend\':2,\'fireburst\':2}','{\'pikeman\':10,\'archer\':12}',6,138,0,0,7,4,219,'{\'setPosition\':89,\'rally\':89,\'preparedPosition\':41}','{\'fireburst\':2,\'ward\':2,\'flare\':2,\'mend\':2,\'fieldRepair\':1}','{\'leaguePike\':2,\'pavise\':1,\'coil\':1}',9,193
17,choke_gap1,league,baseline,draw,round-limit,30,0,2,8,6,241,'{\'rally\':100,\'setPosition\':100,\'preparedPosition\':41}','{\'ward\':3,\'mend\':1,\'fieldRepair\':1}','{\'leaguePike\':3,\'coil\':3}',9,188,0,8,0,20,32,'{\'rally\':21,\'brace\':8,\'charge\':3}','{\'ward\':3,\'fireburst\':3,\'mend\':4}','{\'pikeman\':12,\'archer\':6,\'cavalier\':2}',6,138
17,choke_gap1,baseline,league,draw,round-limit,30,1,4,0,13,51,'{\'rally\':32,\'secondWind\':1,\'brace\':17,\'charge\':1}','{\'fireburst\':4,\'mend\':1}','{\'archer\':4,\'pikeman\':9}',7,168,0,0,4,4,211,'{\'setPosition\':89,\'rally\':89,\'preparedPosition\':33}','{\'fieldRepair\':2,\'fireburst\':2,\'mend\':4,\'flare\':2,\'ward\':1}','{\'leaguePike\':2,\'pavise\':1,\'coil\':1}',9,198
18,choke_gap1,league,baseline,draw,round-limit,30,0,2,7,6,214,'{\'setPosition\':89,\'rally\':90,\'preparedPosition\':35}','{\'ward\':1,\'fireburst\':1,\'mend\':2,\'fieldRepair\':3}','{\'leaguePike\':1,\'pavise\':2,\'coil\':3}',9,184,0,7,1,17,32,'{\'rally\':19,\'brace\':10,\'charge\':3}','{\'mend\':6,\'ward\':2,\'fireburst\':5}','{\'pikeman\':8,\'archer\':5,\'cavalier\':4}',8,166
18,choke_gap1,baseline,league,draw,round-limit,30,1,5,0,17,31,'{\'rally\':22,\'brace\':7,\'charge\':1,\'secondWind\':1}','{\'fireburst\':5,\'mend\':6,\'ward\':2}','{\'pikeman\':12,\'archer\':5}',7,157,0,1,5,5,218,'{\'setPosition\':89,\'rally\':89,\'preparedPosition\':40}','{\'fieldRepair\':1,\'flare\':1}','{\'leaguePike\':2,\'pavise\':1,\'coil\':2}',9,199
19,choke_gap1,league,baseline,draw,round-limit,30,0,0,9,5,224,'{\'rally\':92,\'setPosition\':90,\'preparedPosition\':42}','{\'mend\':1,\'fieldRepair\':1,\'flare\':1}','{\'leaguePike\':2,\'pavise\':1,\'coil\':2}',10,212,0,9,0,15,30,'{\'rally\':18,\'brace\':7,\'charge\':4,\'secondWind\':1}','{\'mend\':6,\'ward\':4,\'fireburst\':1}','{\'pikeman\':9,\'cavalier\':4,\'archer\':2}',7,167
19,choke_gap1,baseline,league,draw,round-limit,30,2,7,0,21,34,'{\'rally\':23,\'brace\':8,\'charge\':2,\'secondWind\':1}','{\'ward\':7,\'fireburst\':3,\'mend\':5}','{\'archer\':7,\'pikeman\':13,\'cavalier\':1}',7,158,0,0,7,4,215,'{\'setPosition\':88,\'rally\':88,\'preparedPosition\':39}','{\'fireburst\':1,\'fieldRepair\':2}','{\'leaguePike\':2,\'pavise\':1,\'coil\':1}',9,187
20,choke_gap1,league,baseline,draw,round-limit,30,0,0,6,5,248,'{\'rally\':104,\'setPosition\':104,\'preparedPosition\':40}','{\'ward\':1,\'flare\':2,\'fieldRepair\':1}','{\'leaguePike\':3,\'coil\':2}',10,229,0,6,0,16,35,'{\'rally\':23,\'brace\':11,\'charge\':1}','{\'fireburst\':1,\'ward\':2,\'mend\':1}','{\'pikeman\':11,\'archer\':5}',6,130
20,choke_gap1,baseline,league,draw,round-limit,30,1,13,1,23,39,'{\'rally\':30,\'brace\':7,\'charge\':2}','{\'fireburst\':4,\'ward\':4,\'mend\':4}','{\'pikeman\':17,\'archer\':5,\'cavalier\':1}',6,141,0,1,12,4,220,'{\'setPosition\':89,\'rally\':89,\'preparedPosition\':42}','{\'fireburst\':4,\'ward\':1,\'fieldRepair\':1}','{\'leaguePike\':3,\'coil\':1}',8,162
21,choke_gap1,league,baseline,draw,round-limit,30,0,1,6,5,231,'{\'rally\':97,\'setPosition\':97,\'preparedPosition\':37}','{\'fireburst\':2,\'flare\':1,\'fieldRepair\':2,\'mend\':2}','{\'leaguePike\':2,\'pavise\':1,\'coil\':2}',9,182,0,6,1,14,36,'{\'rally\':23,\'brace\':12,\'charge\':1}','{\'fireburst\':5,\'ward\':4,\'mend\':4}','{\'pikeman\':11,\'archer\':3}',7,171
21,choke_gap1,baseline,league,draw,round-limit,30,1,6,1,20,36,'{\'rally\':29,\'brace\':7}','{\'ward\':7,\'mend\':4,\'fireburst\':1}','{\'pikeman\':19,\'archer\':1}',8,185,0,1,6,4,217,'{\'setPosition\':88,\'rally\':88,\'preparedPosition\':41}','{\'fireburst\':1,\'ward\':2,\'mend\':2,\'fieldRepair\':1}','{\'leaguePike\':2,\'pavise\':1,\'coil\':1}',8,166
22,choke_gap1,league,baseline,draw,round-limit,30,1,3,1,6,54,'{\'rally\':31,\'setPosition\':19,\'preparedPosition\':4}','{\'fireburst\':2,\'ward\':1,\'flare\':2,\'mend\':1}','{\'leaguePike\':3,\'coil\':2,\'pavise\':1}',8,180,0,1,3,8,14,'{\'rally\':12,\'focusedShot\':1,\'charge\':1}','{\'ward\':8,\'fireburst\':1}','{\'pikeman\':7,\'cavalier\':1}',9,191
22,choke_gap1,baseline,league,draw,round-limit,30,1,7,0,15,40,'{\'rally\':27,\'brace\':11,\'charge\':2}','{\'fireburst\':2,\'ward\':5,\'mend\':1}','{\'archer\':4,\'pikeman\':10,\'cavalier\':1}',8,170,0,0,7,4,219,'{\'setPosition\':89,\'rally\':89,\'preparedPosition\':41}','{\'fieldRepair\':4,\'ward\':1,\'fireburst\':3,\'mend\':2,\'flare\':1}','{\'leaguePike\':3,\'coil\':1}',9,196
23,choke_gap1,league,baseline,draw,round-limit,30,0,0,7,4,218,'{\'setPosition\':90,\'rally\':90,\'preparedPosition\':38}','{\'fireburst\':2,\'ward\':1,\'flare\':2}','{\'leaguePike\':1,\'pavise\':1,\'coil\':2}',9,201,0,7,0,15,41,'{\'rally\':26,\'brace\':11,\'charge\':2,\'secondWind\':2}','{\'fireburst\':1,\'ward\':4,\'mend\':1}','{\'pikeman\':12,\'archer\':2,\'cavalier\':1}',7,153
23,choke_gap1,baseline,league,draw,round-limit,30,1,8,0,16,33,'{\'rally\':22,\'brace\':8,\'charge\':3}','{\'ward\':6,\'mend\':2,\'fireburst\':1}','{\'archer\':3,\'pikeman\':10,\'cavalier\':3}',7,157,0,0,8,4,220,'{\'setPosition\':89,\'rally\':90,\'preparedPosition\':41}','{\'flare\':1,\'mend\':1,\'fieldRepair\':2}','{\'leaguePike\':1,\'pavise\':2,\'coil\':1}',9,194
24,choke_gap1,league,baseline,draw,round-limit,30,0,0,6,5,222,'{\'rally\':91,\'setPosition\':90,\'preparedPosition\':41}','{\'fireburst\':2,\'fieldRepair\':1,\'flare\':1}','{\'leaguePike\':2,\'pavise\':1,\'coil\':2}',10,215,0,6,0,14,42,'{\'rally\':24,\'brace\':12,\'charge\':4,\'secondWind\':2}','{\'ward\':5,\'fireburst\':1,\'mend\':4}','{\'pikeman\':9,\'cavalier\':2,\'archer\':3}',7,160
24,choke_gap1,baseline,league,draw,round-limit,30,2,10,0,20,29,'{\'rally\':20,\'brace\':5,\'charge\':3,\'secondWind\':1}','{\'fireburst\':5,\'mend\':2,\'ward\':2}','{\'archer\':4,\'pikeman\':12,\'cavalier\':4}',9,200,0,1,10,5,216,'{\'setPosition\':88,\'rally\':88,\'preparedPosition\':40}','{\'fireburst\':2,\'ward\':2,\'fieldRepair\':2,\'mend\':3}','{\'leaguePike\':2,\'pavise\':1,\'coil\':2}',9,194
25,choke_gap1,league,baseline,draw,round-limit,30,0,2,6,6,230,'{\'rally\':96,\'setPosition\':96,\'preparedPosition\':38}','{\'fireburst\':1,\'mend\':1,\'fieldRepair\':2,\'ward\':1}','{\'leaguePike\':2,\'pavise\':1,\'coil\':3}',9,203,0,6,1,21,35,'{\'rally\':25,\'brace\':8,\'charge\':1,\'secondWind\':1}','{\'ward\':4,\'fireburst\':3,\'mend\':4}','{\'pikeman\':15,\'archer\':3,\'cavalier\':3}',7,154
25,choke_gap1,baseline,league,draw,round-limit,30,1,8,0,18,32,'{\'rally\':20,\'charge\':3,\'secondWind\':1,\'brace\':8}','{\'ward\':6,\'fireburst\':3,\'mend\':1}','{\'pikeman\':10,\'cavalier\':2,\'archer\':6}',7,154,0,0,8,4,221,'{\'setPosition\':90,\'rally\':90,\'preparedPosition\':41}','{\'flare\':2,\'fieldRepair\':2,\'ward\':2,\'mend\':1}','{\'leaguePike\':3,\'coil\':1}',9,182
26,choke_gap1,league,baseline,draw,round-limit,30,0,3,10,6,196,'{\'rally\':78,\'setPosition\':78,\'preparedPosition\':40}','{\'fireburst\':2,\'flare\':1}','{\'leaguePike\':2,\'coil\':4}',8,176,0,10,1,19,25,'{\'rally\':19,\'brace\':5,\'charge\':1}','{\'ward\':8,\'mend\':4,\'fireburst\':6}','{\'pikeman\':12,\'archer\':7}',7,140
26,choke_gap1,baseline,league,draw,round-limit,30,1,9,0,19,41,'{\'rally\':28,\'brace\':9,\'secondWind\':2,\'charge\':2}','{\'mend\':5,\'ward\':3,\'fireburst\':2}','{\'pikeman\':13,\'archer\':3,\'cavalier\':3}',7,150,0,0,9,3,189,'{\'setPosition\':74,\'rally\':74,\'preparedPosition\':41}','{\'fireburst\':4,\'flare\':4,\'fieldRepair\':4,\'mend\':2}','{\'leaguePike\':2,\'coil\':1}',8,168
27,choke_gap1,league,baseline,draw,round-limit,30,0,0,8,5,247,'{\'rally\':103,\'setPosition\':103,\'preparedPosition\':41}','{\'fireburst\':2,\'ward\':1,\'mend\':3,\'fieldRepair\':1}','{\'leaguePike\':2,\'pavise\':1,\'coil\':2}',10,221,0,8,0,17,37,'{\'rally\':24,\'brace\':12,\'charge\':1}','{\'ward\':2,\'fireburst\':1,\'mend\':5}','{\'pikeman\':10,\'archer\':6,\'cavalier\':1}',7,160
27,choke_gap1,baseline,league,draw,round-limit,30,1,8,0,21,43,'{\'rally\':32,\'brace\':10,\'charge\':1}','{\'fireburst\':8,\'ward\':6,\'mend\':3}','{\'pikeman\':17,\'archer\':3,\'cavalier\':1}',7,158,0,1,8,4,218,'{\'setPosition\':89,\'rally\':89,\'preparedPosition\':40}','{\'fireburst\':2,\'fieldRepair\':3,\'mend\':1,\'ward\':1}','{\'leaguePike\':2,\'pavise\':1,\'coil\':1}',8,175
28,choke_gap1,league,baseline,draw,round-limit,30,0,0,3,4,233,'{\'setPosition\':103,\'rally\':104,\'preparedPosition\':26}','{\'fireburst\':1,\'ward\':1,\'mend\':1,\'fieldRepair\':2}','{\'leaguePike\':2,\'pavise\':1,\'coil\':1}',9,201,0,3,0,11,26,'{\'rally\':20,\'brace\':6}','{\'ward\':4,\'mend\':4}','{\'pikeman\':10,\'cavalier\':1}',9,201
28,choke_gap1,baseline,league,draw,round-limit,30,1,11,0,21,31,'{\'rally\':21,\'brace\':6,\'charge\':4}','{\'ward\':3,\'fireburst\':2,\'mend\':3}','{\'archer\':4,\'pikeman\':13,\'cavalier\':4}',8,173,0,0,11,4,221,'{\'setPosition\':89,\'rally\':90,\'preparedPosition\':42}','{\'ward\':1,\'fieldRepair\':3}','{\'leaguePike\':1,\'pavise\':2,\'coil\':1}',9,189
29,choke_gap1,league,baseline,draw,round-limit,30,0,1,10,4,219,'{\'rally\':89,\'setPosition\':89,\'preparedPosition\':41}','{\'fireburst\':1,\'ward\':5,\'fieldRepair\':3,\'mend\':2}','{\'leaguePike\':2,\'coil\':2}',8,169,0,10,1,18,24,'{\'rally\':16,\'brace\':5,\'charge\':3}','{\'fireburst\':4,\'mend\':5,\'ward\':3}','{\'pikeman\':10,\'archer\':3,\'cavalier\':5}',6,150
29,choke_gap1,baseline,league,draw,round-limit,30,1,5,4,13,32,'{\'rally\':24,\'brace\':7,\'charge\':1}','{\'fireburst\':11,\'mend\':4,\'ward\':3}','{\'pikeman\':10,\'archer\':2,\'cavalier\':1}',7,165,0,7,5,11,168,'{\'setPosition\':69,\'rally\':71,\'preparedPosition\':25,\'arcBurst\':3}','{\'fieldRepair\':3,\'mend\':2}','{\'leaguePike\':3,\'pavise\':1,\'coil\':5,\'relicWalker\':2}',9,165
30,choke_gap1,league,baseline,draw,round-limit,30,0,1,8,6,248,'{\'setPosition\':104,\'rally\':104,\'preparedPosition\':40}','{\'mend\':1,\'ward\':3,\'flare\':1}','{\'leaguePike\':2,\'pavise\':1,\'coil\':3}',10,195,0,8,0,16,31,'{\'rally\':22,\'brace\':8,\'charge\':1}','{\'fireburst\':6,\'ward\':4,\'mend\':5}','{\'pikeman\':14,\'cavalier\':2}',8,181
30,choke_gap1,baseline,league,draw,round-limit,30,1,1,2,8,48,'{\'rally\':29,\'brace\':19}','{\'ward\':1,\'fireburst\':5,\'mend\':1}','{\'archer\':3,\'pikeman\':5}',7,164,0,4,1,6,136,'{\'setPosition\':48,\'rally\':57,\'preparedPosition\':31}','{\'ward\':4,\'flare\':1,\'fieldRepair\':1,\'mend\':1}','{\'leaguePike\':2,\'pavise\':1,\'coil\':3}',7,148
31,choke_gap1,league,baseline,draw,round-limit,30,0,2,1,5,221,'{\'setPosition\':103,\'rally\':103,\'preparedPosition\':15}','{\'flare\':2,\'ward\':2,\'fieldRepair\':1,\'fireburst\':1}','{\'leaguePike\':2,\'pavise\':3}',8,179,0,1,2,8,19,'{\'rally\':15,\'brace\':4}','{\'mend\':9,\'fireburst\':2}','{\'pikeman\':7,\'cavalier\':1}',9,206
31,choke_gap1,baseline,league,draw,round-limit,30,1,7,0,20,41,'{\'rally\':30,\'brace\':10,\'charge\':1}','{\'fireburst\':6,\'mend\':3,\'ward\':3}','{\'archer\':4,\'pikeman\':16}',8,175,0,1,7,5,220,'{\'setPosition\':90,\'rally\':90,\'preparedPosition\':40}','{\'fieldRepair\':4,\'mend\':2,\'flare\':1,\'fireburst\':1}','{\'leaguePike\':3,\'coil\':2}',9,178
32,choke_gap1,league,baseline,draw,round-limit,30,0,0,8,5,248,'{\'setPosition\':104,\'rally\':104,\'preparedPosition\':40}','{\'mend\':2,\'fieldRepair\':1,\'ward\':1}','{\'leaguePike\':2,\'pavise\':1,\'coil\':2}',10,193,0,8,0,17,39,'{\'rally\':23,\'brace\':11,\'charge\':4,\'secondWind\':1}','{\'fireburst\':4,\'mend\':1}','{\'pikeman\':11,\'cavalier\':4,\'archer\':2}',8,172
32,choke_gap1,baseline,league,draw,round-limit,30,2,7,0,16,42,'{\'rally\':25,\'brace\':11,\'charge\':4,\'secondWind\':2}','{\'fireburst\':4,\'ward\':3,\'mend\':2}','{\'pikeman\':12,\'archer\':1,\'cavalier\':3}',7,137,0,1,7,4,184,'{\'setPosition\':73,\'rally\':73,\'preparedPosition\':38}','{\'fireburst\':2,\'fieldRepair\':2,\'ward\':2,\'mend\':1,\'flare\':1}','{\'leaguePike\':1,\'pavise\':1,\'coil\':2}',8,180
33,choke_gap1,league,baseline,draw,round-limit,30,0,0,2,5,235,'{\'setPosition\':104,\'rally\':104,\'preparedPosition\':27}','{\'ward\':2,\'flare\':1}','{\'leaguePike\':1,\'pavise\':2,\'coil\':2}',10,205,0,2,0,8,38,'{\'rally\':24,\'brace\':14}',{"fireburst":1},'{\'pikeman\':7,\'cavalier\':1}',9,193
33,choke_gap1,baseline,league,draw,round-limit,30,2,7,0,17,36,'{\'rally\':23,\'brace\':9,\'charge\':2,\'secondWind\':2}','{\'mend\':3,\'ward\':4,\'fireburst\':1}','{\'pikeman\':10,\'archer\':3,\'cavalier\':4}',7,142,0,0,7,3,189,'{\'setPosition\':74,\'rally\':74,\'preparedPosition\':41}','{\'fireburst\':2,\'flare\':1,\'fieldRepair\':2}','{\'leaguePike\':2,\'coil\':1}',8,170
34,choke_gap1,league,baseline,draw,round-limit,30,0,1,6,5,239,'{\'rally\':99,\'setPosition\':99,\'preparedPosition\':41}','{\'fireburst\':1,\'mend\':2,\'flare\':1}','{\'leaguePike\':2,\'pavise\':1,\'coil\':2}',9,181,0,6,1,19,39,'{\'rally\':27,\'brace\':10,\'charge\':2}','{\'fireburst\':4,\'ward\':4,\'mend\':2}','{\'pikeman\':15,\'cavalier\':2,\'archer\':2}',7,163
34,choke_gap1,baseline,league,draw,round-limit,30,0,8,0,18,34,'{\'rally\':23,\'brace\':7,\'charge\':2,\'secondWind\':2}','{\'ward\':4,\'fireburst\':2,\'mend\':4}','{\'pikeman\':13,\'archer\':3,\'cavalier\':2}',6,150,0,0,8,4,218,'{\'setPosition\':89,\'rally\':89,\'preparedPosition\':40}','{\'fireburst\':1,\'ward\':1,\'fieldRepair\':1,\'mend\':1}','{\'pavise\':1,\'leaguePike\':2,\'coil\':1}',9,204
35,choke_gap1,league,baseline,draw,round-limit,30,0,2,6,5,237,'{\'rally\':99,\'setPosition\':99,\'preparedPosition\':39}','{\'fieldRepair\':1,\'mend\':1}','{\'leaguePike\':3,\'coil\':2}',8,179,0,6,1,16,37,'{\'rally\':25,\'brace\':11,\'charge\':1}','{\'fireburst\':4,\'ward\':5,\'mend\':4}','{\'pikeman\':13,\'archer\':2,\'cavalier\':1}',7,177
35,choke_gap1,baseline,league,draw,round-limit,30,1,11,0,24,43,'{\'rally\':32,\'brace\':9,\'charge\':2}','{\'fireburst\':6,\'mend\':5,\'ward\':1}','{\'archer\':3,\'pikeman\':18,\'cavalier\':3}',6,148,0,1,11,5,221,'{\'setPosition\':89,\'rally\':90,\'preparedPosition\':42}','{\'fireburst\':3,\'fieldRepair\':1,\'flare\':1,\'mend\':1}','{\'pavise\':2,\'leaguePike\':1,\'coil\':2}',9,187
36,choke_gap1,league,baseline,draw,round-limit,30,0,4,9,6,222,'{\'rally\':92,\'setPosition\':92,\'preparedPosition\':38}','{\'fireburst\':2,\'mend\':3,\'fieldRepair\':3,\'ward\':2,\'flare\':1}','{\'leaguePike\':3,\'coil\':3}',8,161,0,9,3,18,30,'{\'rally\':19,\'brace\':8,\'charge\':3}','{\'ward\':7,\'fireburst\':6,\'mend\':4}','{\'cavalier\':4,\'pikeman\':11,\'archer\':3}',8,172
36,choke_gap1,baseline,league,draw,round-limit,30,0,9,0,16,36,'{\'rally\':23,\'brace\':10,\'charge\':3}','{\'fireburst\':5,\'ward\':5,\'mend\':2}','{\'pikeman\':11,\'archer\':3,\'cavalier\':2}',7,175,0,0,9,4,219,'{\'setPosition\':88,\'rally\':89,\'preparedPosition\':42}','{\'ward\':1,\'fieldRepair\':2,\'flare\':1,\'mend\':1}','{\'pavise\':3,\'coil\':1}',9,188
37,choke_gap1,league,baseline,draw,round-limit,30,0,0,4,4,235,'{\'setPosition\':104,\'rally\':104,\'preparedPosition\':27}','{\'ward\':2,\'fireburst\':1,\'fieldRepair\':1}','{\'leaguePike\':2,\'pavise\':1,\'coil\':1}',9,187,0,4,0,9,30,'{\'rally\':18,\'brace\':12}','{\'fireburst\':2,\'ward\':2,\'mend\':2}','{\'pikeman\':5,\'archer\':3,\'cavalier\':1}',9,200
37,choke_gap1,baseline,league,draw,round-limit,30,1,7,1,19,40,'{\'rally\':27,\'brace\':10,\'charge\':2,\'secondWind\':1}','{\'fireburst\':4,\'ward\':4,\'mend\':1}','{\'pikeman\':15,\'archer\':3,\'cavalier\':1}',6,160,0,2,7,5,210,'{\'setPosition\':85,\'rally\':85,\'preparedPosition\':40}','{\'flare\':2,\'fieldRepair\':5,\'mend\':2}','{\'pavise\':1,\'leaguePike\':2,\'coil\':2}',8,179
38,choke_gap1,league,baseline,draw,round-limit,30,0,0,5,5,242,'{\'rally\':103,\'setPosition\':103,\'preparedPosition\':36}','{\'fireburst\':3,\'ward\':2,\'fieldRepair\':2}','{\'leaguePike\':3,\'coil\':2}',10,209,0,5,0,12,29,'{\'rally\':18,\'brace\':9,\'charge\':1,\'secondWind\':1}','{\'ward\':2,\'fireburst\':3,\'mend\':4}','{\'pikeman\':6,\'archer\':5,\'cavalier\':1}',7,145
38,choke_gap1,baseline,league,draw,round-limit,30,1,7,0,18,42,'{\'rally\':29,\'brace\':12,\'charge\':1}','{\'mend\':5,\'fireburst\':4,\'ward\':3}','{\'pikeman\':13,\'archer\':3,\'cavalier\':2}',6,149,0,1,7,4,189,'{\'setPosition\':74,\'rally\':75,\'preparedPosition\':40}','{\'fireburst\':2,\'ward\':2,\'flare\':3,\'fieldRepair\':2,\'mend\':2}','{\'pavise\':2,\'coil\':2}',8,178
39,choke_gap1,league,baseline,draw,round-limit,30,0,1,4,4,234,'{\'rally\':103,\'setPosition\':103,\'preparedPosition\':28}','{\'fieldRepair\':2,\'mend\':1}','{\'leaguePike\':3,\'coil\':1}',8,172,0,4,1,15,32,'{\'rally\':23,\'brace\':9}','{\'fireburst\':4,\'ward\':2,\'mend\':3}','{\'pikeman\':12,\'archer\':2,\'cavalier\':1}',8,190
39,choke_gap1,baseline,league,draw,round-limit,30,1,7,0,14,36,'{\'rally\':21,\'charge\':3,\'brace\':9,\'secondWind\':3}','{\'ward\':2,\'fireburst\':4,\'mend\':2}','{\'archer\':3,\'pikeman\':9,\'cavalier\':2}',6,148,0,1,7,4,214,'{\'setPosition\':89,\'rally\':89,\'preparedPosition\':36}','{\'ward\':1,\'flare\':2,\'fieldRepair\':2,\'mend\':3}','{\'pavise\':1,\'leaguePike\':2,\'coil\':1}',8,187
40,choke_gap1,league,baseline,draw,round-limit,30,1,6,2,10,148,'{\'rally\':74,\'setPosition\':59,\'preparedPosition\':15}','{\'fireburst\':3,\'mend\':4,\'fieldRepair\':2,\'flare\':2}','{\'leaguePike\':3,\'coil\':5,\'pavise\':1,\'relicWalker\':1}',9,199,0,2,6,10,26,'{\'rally\':18,\'brace\':5,\'charge\':1,\'secondWind\':2}','{\'ward\':6,\'fireburst\':3,\'mend\':1}','{\'cavalier\':2,\'pikeman\':6,\'archer\':2}',7,141
40,choke_gap1,baseline,league,draw,round-limit,30,1,9,0,14,32,'{\'rally\':24,\'brace\':8}','{\'ward\':7,\'fireburst\':3,\'mend\':1}','{\'pikeman\':11,\'archer\':3}',8,186,0,0,9,4,218,'{\'setPosition\':88,\'rally\':89,\'preparedPosition\':41}','{\'fireburst\':1,\'flare\':1,\'fieldRepair\':3,\'mend\':1}','{\'pavise\':2,\'leaguePike\':1,\'coil\':1}',9,198
41,choke_gap1,league,baseline,draw,round-limit,30,0,10,2,13,191,'{\'rally\':87,\'setPosition\':82,\'preparedPosition\':22}','{\'ward\':3,\'fieldRepair\':1,\'flare\':6,\'fireburst\':4}','{\'leaguePike\':3,\'pavise\':2,\'coil\':8}',8,185,0,3,8,9,52,'{\'rally\':38,\'brace\':14}','{\'fireburst\':4,\'ward\':3,\'mend\':3}','{\'pikeman\':8,\'archer\':1}',8,164
41,choke_gap1,baseline,league,draw,round-limit,30,0,9,1,17,32,'{\'rally\':22,\'brace\':8,\'charge\':2}','{\'fireburst\':4,\'mend\':2,\'ward\':1}','{\'pikeman\':11,\'cavalier\':3,\'archer\':3}',6,136,0,1,9,4,209,'{\'setPosition\':84,\'rally\':84,\'preparedPosition\':41}','{\'fieldRepair\':1,\'ward\':1,\'mend\':2,\'flare\':3,\'fireburst\':1}','{\'pavise\':1,\'leaguePike\':2,\'coil\':1}',8,168
42,choke_gap1,league,baseline,draw,round-limit,30,0,10,3,13,163,'{\'rally\':80,\'setPosition\':72,\'preparedPosition\':11}','{\'ward\':4,\'fieldRepair\':4,\'flare\':3,\'mend\':1}','{\'leaguePike\':3,\'pavise\':1,\'coil\':9}',8,172,0,3,7,11,35,'{\'rally\':24,\'brace\':10,\'secondWind\':1}','{\'fireburst\':7,\'ward\':5,\'mend\':3}','{\'archer\':3,\'pikeman\':8}',8,182
42,choke_gap1,baseline,league,draw,round-limit,30,0,11,0,21,27,'{\'rally\':19,\'charge\':4,\'brace\':4}','{\'fireburst\':6,\'ward\':8,\'mend\':2}','{\'pikeman\':13,\'archer\':4,\'cavalier\':4}',8,171,0,0,11,4,217,'{\'setPosition\':88,\'rally\':89,\'preparedPosition\':40}','{\'fieldRepair\':4,\'ward\':2,\'mend\':1}','{\'pavise\':2,\'leaguePike\':1,\'coil\':1}',9,175
43,choke_gap1,league,baseline,draw,round-limit,30,0,1,9,5,220,'{\'rally\':92,\'setPosition\':90,\'preparedPosition\':38}','{\'fireburst\':1,\'mend\':4,\'flare\':2}','{\'leaguePike\':2,\'pavise\':1,\'coil\':2}',9,167,0,9,1,16,24,'{\'rally\':18,\'charge\':1,\'brace\':5}','{\'fireburst\':5,\'ward\':5,\'mend\':3}','{\'pikeman\':10,\'archer\':6}',7,152
43,choke_gap1,baseline,league,draw,round-limit,30,1,3,4,12,36,'{\'rally\':25,\'charge\':2,\'secondWind\':2,\'brace\':7}','{\'fireburst\':4,\'ward\':3,\'mend\':2}','{\'archer\':3,\'pikeman\':8,\'cavalier\':1}',7,148,0,5,3,9,178,'{\'setPosition\':73,\'rally\':78,\'preparedPosition\':22,\'arcBurst\':5}','{\'fireburst\':4,\'fieldRepair\':1,\'ward\':1,\'flare\':2,\'mend\':3}','{\'pavise\':3,\'leaguePike\':2,\'relicWalker\':1,\'coil\':3}',9,197
44,choke_gap1,league,baseline,draw,round-limit,30,0,8,6,10,177,'{\'rally\':74,\'setPosition\':73,\'preparedPosition\':30}','{\'fireburst\':2,\'mend\':1,\'fieldRepair\':2,\'flare\':5}','{\'leaguePike\':3,\'pavise\':1,\'coil\':6}',7,161,0,6,6,17,42,'{\'rally\':30,\'brace\':9,\'charge\':2,\'secondWind\':1}','{\'fireburst\':6,\'ward\':3,\'mend\':2}','{\'pikeman\':12,\'archer\':2,\'cavalier\':3}',8,170
44,choke_gap1,baseline,league,draw,round-limit,30,1,7,0,17,33,'{\'rally\':23,\'charge\':1,\'brace\':9}','{\'ward\':6,\'fireburst\':4,\'mend\':3}','{\'archer\':4,\'pikeman\':12,\'cavalier\':1}',8,179,0,1,7,5,220,'{\'setPosition\':89,\'rally\':90,\'preparedPosition\':41}','{\'ward\':1,\'fieldRepair\':3,\'mend\':2,\'flare\':1}','{\'pavise\':2,\'leaguePike\':1,\'coil\':2}',9,202
45,choke_gap1,league,baseline,draw,round-limit,30,0,1,8,5,231,'{\'rally\':96,\'setPosition\':96,\'preparedPosition\':39}','{\'fireburst\':1,\'ward\':3,\'flare\':3,\'mend\':3,\'fieldRepair\':2}','{\'leaguePike\':2,\'pavise\':1,\'coil\':2}',9,182,0,8,1,14,30,'{\'rally\':20,\'brace\':8,\'charge\':2}','{\'fireburst\':2,\'mend\':5,\'ward\':2}','{\'pikeman\':10,\'cavalier\':2,\'archer\':2}',6,156
45,choke_gap1,baseline,league,draw,round-limit,30,0,6,0,17,35,'{\'rally\':23,\'charge\':2,\'secondWind\':1,\'brace\':9}','{\'fireburst\':2,\'ward\':9,\'mend\':4}','{\'pikeman\':12,\'archer\':3,\'cavalier\':2}',8,183,0,0,6,4,218,'{\'setPosition\':88,\'rally\':88,\'preparedPosition\':42}','{\'fireburst\':1,\'fieldRepair\':4,\'ward\':2,\'mend\':1}','{\'leaguePike\':2,\'pavise\':1,\'coil\':1}',9,194
46,choke_gap1,league,baseline,draw,round-limit,30,0,3,7,6,209,'{\'setPosition\':84,\'rally\':85,\'preparedPosition\':40}','{\'fireburst\':1,\'ward\':1,\'flare\':1,\'mend\':2}','{\'leaguePike\':1,\'pavise\':1,\'coil\':4}',8,169,0,7,1,18,39,'{\'rally\':27,\'brace\':11,\'charge\':1}','{\'fireburst\':6,\'mend\':4,\'ward\':3}','{\'pikeman\':12,\'archer\':3,\'cavalier\':3}',6,142
46,choke_gap1,baseline,league,draw,round-limit,30,1,10,1,20,37,'{\'rally\':24,\'charge\':3,\'brace\':10}','{\'ward\':3,\'fireburst\':3,\'mend\':2}','{\'archer\':4,\'pikeman\':12,\'cavalier\':4}',8,179,0,1,10,4,215,'{\'setPosition\':86,\'rally\':87,\'preparedPosition\':42}','{\'fieldRepair\':1,\'flare\':1,\'mend\':2}','{\'pavise\':2,\'leaguePike\':1,\'coil\':1}',8,160
47,choke_gap1,league,baseline,draw,round-limit,30,1,11,6,14,130,'{\'rally\':62,\'setPosition\':51,\'preparedPosition\':15,\'arcBurst\':2}','{\'fireburst\':2,\'ward\':2,\'mend\':3,\'flare\':3,\'fieldRepair\':1}','{\'leaguePike\':4,\'coil\':9,\'relicWalker\':1}',8,151,0,6,9,13,35,'{\'rally\':21,\'brace\':10,\'charge\':2,\'secondWind\':2}','{\'fireburst\':8,\'mend\':4,\'ward\':4}','{\'pikeman\':7,\'archer\':2,\'cavalier\':4}',7,139
47,choke_gap1,baseline,league,draw,round-limit,30,1,4,2,19,33,'{\'rally\':25,\'brace\':7,\'charge\':1}','{\'fireburst\':5,\'ward\':7,\'mend\':5}','{\'pikeman\':15,\'archer\':3,\'cavalier\':1}',8,177,0,2,4,4,194,'{\'setPosition\':76,\'rally\':77,\'preparedPosition\':41}','{\'ward\':2,\'mend\':3,\'fieldRepair\':4,\'flare\':1}','{\'pavise\':2,\'leaguePike\':1,\'coil\':1}',7,140
48,choke_gap1,league,baseline,draw,round-limit,30,0,5,3,8,201,'{\'setPosition\':87,\'rally\':88,\'preparedPosition\':26}','{\'ward\':2,\'flare\':2,\'fireburst\':2,\'mend\':1,\'fieldRepair\':1}','{\'leaguePike\':2,\'pavise\':1,\'coil\':5}',8,171,0,3,3,10,41,'{\'rally\':26,\'brace\':13,\'charge\':1,\'secondWind\':1}','{\'fireburst\':4,\'ward\':4,\'mend\':1}','{\'pikeman\':7,\'archer\':2,\'cavalier\':1}',7,156
48,choke_gap1,baseline,league,draw,round-limit,30,1,3,1,15,34,'{\'rally\':24,\'brace\':9,\'charge\':1}','{\'fireburst\':4,\'ward\':6,\'mend\':6}','{\'archer\':3,\'pikeman\':12}',7,149,0,1,3,4,205,'{\'setPosition\':85,\'rally\':85,\'preparedPosition\':35}','{\'fireburst\':2,\'fieldRepair\':1,\'mend\':3,\'flare\':1}','{\'leaguePike\':2,\'pavise\':1,\'coil\':1}',8,149
49,choke_gap1,league,baseline,draw,round-limit,30,0,3,9,7,226,'{\'rally\':93,\'setPosition\':93,\'preparedPosition\':40}','{\'mend\':3,\'fireburst\':1,\'ward\':1,\'fieldRepair\':1}','{\'leaguePike\':3,\'coil\':4}',9,188,0,9,1,18,30,'{\'rally\':18,\'brace\':8,\'charge\':4}','{\'ward\':5,\'mend\':4,\'fireburst\':6}','{\'pikeman\':8,\'archer\':5,\'cavalier\':5}',6,150
49,choke_gap1,baseline,league,draw,round-limit,30,1,10,0,21,37,'{\'rally\':28,\'brace\':7,\'charge\':2}','{\'fireburst\':3,\'ward\':4,\'mend\':1}','{\'pikeman\':17,\'archer\':3,\'cavalier\':1}',7,177,0,0,10,4,220,'{\'setPosition\':89,\'rally\':90,\'preparedPosition\':41}','{\'fireburst\':1,\'fieldRepair\':2,\'flare\':2,\'mend\':2}','{\'leaguePike\':1,\'pavise\':2,\'coil\':1}',9,186
50,choke_gap1,league,baseline,draw,round-limit,30,0,5,3,10,201,'{\'setPosition\':94,\'rally\':95,\'preparedPosition\':8,\'arcBurst\':4}','{\'ward\':3,\'fireburst\':3,\'mend\':2,\'fieldRepair\':1,\'flare\':1}','{\'leaguePike\':3,\'pavise\':1,\'coil\':5,\'relicWalker\':1}',10,210,0,3,5,11,41,'{\'rally\':26,\'brace\':12,\'charge\':1,\'secondWind\':2}','{\'fireburst\':3,\'mend\':4,\'ward\':6}','{\'pikeman\':7,\'archer\':3,\'cavalier\':1}',8,170
50,choke_gap1,baseline,league,draw,round-limit,30,2,6,1,17,39,'{\'rally\':25,\'brace\':10,\'charge\':2,\'secondWind\':2}','{\'fireburst\':3,\'ward\':4,\'mend\':2}','{\'archer\':4,\'pikeman\':12,\'cavalier\':1}',8,172,0,1,6,4,209,'{\'setPosition\':85,\'rally\':85,\'preparedPosition\':39}','{\'fieldRepair\':2,\'ward\':2,\'flare\':1}','{\'pavise\':1,\'leaguePike\':2,\'coil\':1}',8,166
51,choke_gap1,league,baseline,draw,round-limit,30,0,1,11,4,200,'{\'rally\':79,\'setPosition\':79,\'preparedPosition\':42}','{\'fireburst\':3,\'mend\':2,\'fieldRepair\':1}','{\'leaguePike\':2,\'coil\':2}',8,168,0,11,1,19,32,'{\'rally\':23,\'brace\':7,\'charge\':2}','{\'mend\':6,\'ward\':4,\'fireburst\':2}','{\'pikeman\':14,\'cavalier\':3,\'archer\':2}',6,147
51,choke_gap1,baseline,league,draw,round-limit,30,1,5,1,15,35,'{\'rally\':25,\'charge\':1,\'brace\':9}','{\'fireburst\':6,\'ward\':4,\'mend\':1}','{\'pikeman\':11,\'archer\':3,\'cavalier\':1}',6,133,0,2,5,5,199,'{\'setPosition\':79,\'rally\':79,\'preparedPosition\':41}','{\'fireburst\':1,\'flare\':3,\'fieldRepair\':3,\'mend\':2,\'ward\':1}','{\'leaguePike\':2,\'pavise\':1,\'coil\':2}',8,159
52,choke_gap1,league,baseline,draw,round-limit,30,0,3,8,5,196,'{\'rally\':78,\'setPosition\':78,\'preparedPosition\':40}','{\'fireburst\':2,\'ward\':4,\'flare\':3,\'mend\':2,\'fieldRepair\':1}','{\'leaguePike\':2,\'coil\':3}',8,158,0,8,2,16,28,'{\'rally\':19,\'brace\':6,\'charge\':3}','{\'ward\':4,\'fireburst\':5,\'mend\':11}','{\'pikeman\':10,\'archer\':3,\'cavalier\':3}',7,157
52,choke_gap1,baseline,league,draw,round-limit,30,1,9,2,22,38,'{\'rally\':26,\'charge\':4,\'brace\':7,\'secondWind\':1}','{\'fireburst\':6,\'ward\':5,\'mend\':3}','{\'pikeman\':14,\'archer\':3,\'cavalier\':5}',8,199,0,3,9,5,186,'{\'setPosition\':72,\'rally\':73,\'preparedPosition\':41}','{\'fireburst\':2,\'fieldRepair\':2,\'flare\':3,\'mend\':3}','{\'leaguePike\':1,\'pavise\':2,\'coil\':2}',7,145
53,choke_gap1,league,baseline,draw,round-limit,30,0,1,5,5,223,'{\'rally\':96,\'setPosition\':96,\'preparedPosition\':27,\'arcBurst\':4}','{\'fireburst\':3,\'ward\':4,\'flare\':1,\'fieldRepair\':2,\'mend\':2}','{\'leaguePike\':3,\'coil\':1,\'relicWalker\':1}',9,198,0,5,1,14,33,'{\'rally\':21,\'brace\':10,\'charge\':2}','{\'fireburst\':5,\'ward\':12,\'mend\':9}','{\'pikeman\':8,\'archer\':4,\'cavalier\':2}',7,154
53,choke_gap1,baseline,league,draw,round-limit,30,1,4,1,15,31,'{\'rally\':21,\'brace\':8,\'charge\':2}','{\'fireburst\':7,\'mend\':8,\'ward\':4}','{\'pikeman\':10,\'cavalier\':2,\'archer\':3}',6,136,0,2,4,4,181,'{\'setPosition\':71,\'rally\':71,\'preparedPosition\':39}','{\'fireburst\':1,\'fieldRepair\':4,\'ward\':2,\'flare\':2}','{\'pavise\':2,\'coil\':2}',7,124
54,choke_gap1,league,baseline,draw,round-limit,30,0,1,3,6,208,'{\'rally\':96,\'setPosition\':90,\'preparedPosition\':22}','{\'ward\':2,\'fieldRepair\':1,\'mend\':2}','{\'leaguePike\':2,\'pavise\':1,\'coil\':3}',10,209,0,3,0,9,31,'{\'rally\':19,\'brace\':12}','{\'fireburst\':6,\'mend\':3,\'ward\':1}','{\'pikeman\':6,\'cavalier\':1,\'archer\':2}',8,183
54,choke_gap1,baseline,league,draw,round-limit,30,1,9,0,15,41,'{\'rally\':25,\'brace\':11,\'charge\':4,\'secondWind\':1}','{\'fireburst\':4,\'mend\':2,\'ward\':3}','{\'pikeman\':10,\'cavalier\':4,\'archer\':1}',7,165,0,0,9,4,218,'{\'setPosition\':88,\'rally\':89,\'preparedPosition\':41}','{\'fieldRepair\':2,\'ward\':1,\'flare\':1,\'fireburst\':1,\'mend\':1}','{\'pavise\':3,\'coil\':1}',9,194
55,choke_gap1,league,baseline,draw,round-limit,30,0,4,8,8,213,'{\'rally\':90,\'setPosition\':88,\'preparedPosition\':35}','{\'fireburst\':2,\'ward\':1,\'mend\':1,\'fieldRepair\':1}','{\'leaguePike\':3,\'coil\':5}',9,183,0,8,3,21,28,'{\'rally\':19,\'brace\':7,\'charge\':2}','{\'ward\':6,\'mend\':6,\'fireburst\':2}','{\'pikeman\':9,\'archer\':8,\'cavalier\':4}',6,129
55,choke_gap1,baseline,league,draw,round-limit,30,1,10,1,23,39,'{\'rally\':27,\'charge\':4,\'brace\':8}','{\'fireburst\':1,\'ward\':4,\'mend\':2}','{\'pikeman\':17,\'cavalier\':3,\'archer\':3}',8,182,0,1,10,3,176,'{\'setPosition\':67,\'rally\':67,\'preparedPosition\':42}','{\'fireburst\':1,\'flare\':1,\'fieldRepair\':3}','{\'leaguePike\':1,\'pavise\':1,\'coil\':1}',7,144
56,choke_gap1,league,baseline,draw,round-limit,30,0,1,5,5,222,'{\'rally\':95,\'setPosition\':95,\'preparedPosition\':27,\'arcBurst\':5}','{\'fireburst\':3,\'ward\':5,\'flare\':2,\'mend\':2}','{\'leaguePike\':2,\'pavise\':1,\'coil\':1,\'relicWalker\':1}',9,206,0,6,1,16,38,'{\'rally\':26,\'brace\':11,\'charge\':1}','{\'fireburst\':1,\'ward\':2,\'mend\':5}','{\'pikeman\':13,\'archer\':1,\'cavalier\':2}',9,211
56,choke_gap1,baseline,league,draw,round-limit,30,0,8,2,19,46,'{\'rally\':31,\'brace\':12,\'charge\':3}','{\'fireburst\':9,\'mend\':5,\'ward\':3}','{\'pikeman\':14,\'archer\':3,\'cavalier\':2}',7,166,0,4,8,7,208,'{\'setPosition\':84,\'rally\':86,\'preparedPosition\':38}','{\'fireburst\':2,\'fieldRepair\':3,\'mend\':1,\'ward\':1,\'flare\':1}','{\'pavise\':2,\'leaguePike\':1,\'coil\':4}',8,172
57,choke_gap1,league,baseline,draw,round-limit,30,0,3,2,6,222,'{\'setPosition\':107,\'rally\':114,\'preparedPosition\':1}','{\'fireburst\':2,\'ward\':3,\'mend\':1,\'fieldRepair\':2}','{\'leaguePike\':3,\'pavise\':2,\'coil\':1}',8,178,0,2,3,10,24,'{\'rally\':18,\'brace\':2,\'charge\':1,\'secondWind\':3}','{\'fireburst\':5,\'mend\':1,\'ward\':2}','{\'pikeman\':7,\'archer\':2,\'cavalier\':1}',8,196
57,choke_gap1,baseline,league,draw,round-limit,30,1,8,1,21,40,'{\'rally\':28,\'charge\':5,\'brace\':6,\'secondWind\':1}','{\'fireburst\':3,\'ward\':3,\'mend\':2}','{\'pikeman\':17,\'archer\':1,\'cavalier\':3}',6,134,0,1,8,4,217,'{\'setPosition\':88,\'rally\':88,\'preparedPosition\':41}','{\'fireburst\':1,\'ward\':3,\'flare\':2,\'fieldRepair\':2,\'mend\':1}','{\'leaguePike\':3,\'coil\':1}',8,165
58,choke_gap1,league,baseline,draw,round-limit,30,0,3,6,7,208,'{\'rally\':88,\'setPosition\':87,\'preparedPosition\':27,\'arcBurst\':6}','{\'fireburst\':1,\'ward\':3,\'mend\':1,\'fieldRepair\':1,\'flare\':1}','{\'leaguePike\':1,\'pavise\':2,\'coil\':3,\'relicWalker\':1}',9,195,0,6,1,16,34,'{\'rally\':21,\'brace\':9,\'charge\':2,\'secondWind\':2}','{\'ward\':3,\'mend\':2,\'fireburst\':3}','{\'pikeman\':11,\'archer\':2,\'cavalier\':3}',8,165
58,choke_gap1,baseline,league,draw,round-limit,30,1,8,0,16,33,'{\'rally\':22,\'brace\':8,\'charge\':2,\'secondWind\':1}','{\'fireburst\':8,\'ward\':3,\'mend\':7}','{\'pikeman\':11,\'archer\':2,\'cavalier\':3}',6,166,0,1,8,5,218,'{\'setPosition\':89,\'rally\':89,\'preparedPosition\':40}','{\'fieldRepair\':2,\'flare\':2,\'mend\':2}','{\'pavise\':1,\'leaguePike\':2,\'coil\':2}',9,182
59,choke_gap1,league,baseline,draw,round-limit,30,1,4,5,7,135,'{\'rally\':71,\'setPosition\':59,\'preparedPosition\':5}','{\'fireburst\':1,\'ward\':1,\'fieldRepair\':2,\'mend\':1,\'flare\':1}','{\'leaguePike\':1,\'pavise\':5,\'coil\':1}',8,202,0,5,4,14,28,'{\'rally\':19,\'brace\':4,\'charge\':3,\'secondWind\':2}','{\'fireburst\':1,\'ward\':2,\'mend\':5}','{\'pikeman\':9,\'archer\':2,\'cavalier\':3}',7,164
59,choke_gap1,baseline,league,draw,round-limit,30,0,9,0,17,42,'{\'rally\':28,\'charge\':3,\'brace\':11}','{\'fireburst\':6,\'ward\':4,\'mend\':2}','{\'pikeman\':14,\'cavalier\':2,\'archer\':1}',7,176,0,1,9,4,186,'{\'setPosition\':74,\'rally\':74,\'preparedPosition\':38}','{\'ward\':3,\'flare\':2,\'mend\':1,\'fieldRepair\':3}','{\'leaguePike\':1,\'pavise\':1,\'coil\':2}',8,170
60,choke_gap1,league,baseline,draw,round-limit,30,0,1,5,5,238,'{\'rally\':103,\'setPosition\':103,\'preparedPosition\':32}','{\'fireburst\':1,\'flare\':3,\'mend\':2}','{\'leaguePike\':2,\'pavise\':1,\'coil\':2}',9,200,0,5,0,11,35,'{\'rally\':22,\'brace\':12,\'charge\':1}','{\'ward\':1,\'fireburst\':3,\'mend\':4}','{\'pikeman\':8,\'cavalier\':1,\'archer\':2}',7,153
60,choke_gap1,baseline,league,draw,round-limit,30,0,6,0,15,31,'{\'rally\':20,\'charge\':1,\'brace\':10}','{\'ward\':6,\'fireburst\':3,\'mend\':1}','{\'pikeman\':8,\'archer\':4,\'cavalier\':3}',7,155,0,0,6,4,217,'{\'setPosition\':89,\'rally\':89,\'preparedPosition\':39}','{\'fieldRepair\':3,\'ward\':1}','{\'leaguePike\':2,\'pavise\':1,\'coil\':1}',9,200
61,choke_gap1,league,baseline,draw,round-limit,30,0,6,8,7,207,'{\'rally\':86,\'setPosition\':83,\'preparedPosition\':38}','{\'fireburst\':2,\'flare\':3,\'fieldRepair\':1}','{\'leaguePike\':2,\'coil\':5}',6,136,0,8,3,24,30,'{\'rally\':18,\'brace\':8,\'charge\':2,\'secondWind\':2}','{\'ward\':6,\'mend\':4,\'fireburst\':7}','{\'pikeman\':9,\'archer\':12,\'cavalier\':3}',7,136
61,choke_gap1,baseline,league,draw,round-limit,30,1,7,0,19,39,'{\'rally\':27,\'brace\':8,\'charge\':2,\'secondWind\':2}','{\'ward\':4,\'fireburst\':3,\'mend\':3}','{\'pikeman\':15,\'archer\':2,\'cavalier\':2}',7,157,0,0,7,4,219,'{\'setPosition\':89,\'rally\':89,\'preparedPosition\':41}','{\'fireburst\':1,\'ward\':3,\'flare\':3,\'fieldRepair\':1,\'mend\':1}','{\'leaguePike\':2,\'pavise\':1,\'coil\':1}',9,191
62,choke_gap1,league,baseline,draw,round-limit,30,0,1,7,4,196,'{\'rally\':78,\'setPosition\':78,\'preparedPosition\':40}','{\'fireburst\':1,\'ward\':1}','{\'leaguePike\':1,\'pavise\':1,\'coil\':2}',8,149,0,7,1,17,34,'{\'rally\':22,\'brace\':9,\'charge\':3}','{\'ward\':5,\'mend\':3,\'fireburst\':2}','{\'pikeman\':12,\'cavalier\':2,\'archer\':3}',7,149
62,choke_gap1,baseline,league,draw,round-limit,30,1,10,0,17,30,'{\'rally\':20,\'brace\':7,\'charge\':3}',{"ward":5},'{\'pikeman\':9,\'archer\':4,\'cavalier\':4}',7,159,0,0,10,4,215,'{\'setPosition\':88,\'rally\':88,\'preparedPosition\':39}','{\'fireburst\':2,\'mend\':1,\'fieldRepair\':3}','{\'leaguePike\':2,\'pavise\':1,\'coil\':1}',9,201
63,choke_gap1,league,baseline,draw,round-limit,30,0,4,6,8,196,'{\'rally\':85,\'setPosition\':79,\'preparedPosition\':32}','{\'fireburst\':3,\'mend\':1,\'flare\':2}','{\'leaguePike\':2,\'pavise\':1,\'coil\':5}',9,160,0,6,1,14,34,'{\'rally\':22,\'brace\':9,\'charge\':2,\'secondWind\':1}','{\'mend\':6,\'fireburst\':5,\'ward\':3}','{\'cavalier\':2,\'pikeman\':9,\'archer\':3}',7,160
63,choke_gap1,baseline,league,draw,round-limit,30,1,10,0,22,33,'{\'rally\':25,\'charge\':2,\'brace\':6}','{\'ward\':4,\'fireburst\':2,\'mend\':1}','{\'pikeman\':16,\'archer\':4,\'cavalier\':2}',8,181,0,0,10,4,219,'{\'setPosition\':89,\'rally\':89,\'preparedPosition\':41}','{\'ward\':1,\'fieldRepair\':2,\'mend\':1,\'flare\':1}','{\'leaguePike\':2,\'pavise\':1,\'coil\':1}',9,196
64,choke_gap1,league,baseline,draw,round-limit,30,0,1,8,5,228,'{\'rally\':95,\'setPosition\':95,\'preparedPosition\':38}','{\'fireburst\':2,\'fieldRepair\':4,\'ward\':1,\'flare\':2}','{\'leaguePike\':3,\'coil\':2}',9,186,0,8,1,12,33,'{\'rally\':22,\'charge\':2,\'brace\':9}','{\'ward\':7,\'mend\':7,\'fireburst\':3}','{\'pikeman\':9,\'archer\':2,\'cavalier\':1}',6,148
64,choke_gap1,baseline,league,draw,round-limit,30,1,9,0,18,36,'{\'rally\':23,\'brace\':8,\'charge\':3,\'secondWind\':2}','{\'ward\':6,\'mend\':2,\'fireburst\':3}','{\'pikeman\':13,\'archer\':2,\'cavalier\':3}',6,146,0,1,9,5,217,'{\'setPosition\':88,\'rally\':88,\'preparedPosition\':41}','{\'fireburst\':1,\'flare\':1,\'mend\':1,\'fieldRepair\':2}','{\'leaguePike\':3,\'coil\':2}',9,199
65,choke_gap1,league,baseline,draw,round-limit,30,0,1,6,5,231,'{\'rally\':96,\'setPosition\':96,\'preparedPosition\':39}','{\'fireburst\':3,\'flare\':3,\'ward\':1}','{\'leaguePike\':3,\'coil\':2}',9,194,0,7,1,14,38,'{\'rally\':26,\'brace\':11,\'charge\':1}','{\'fireburst\':2,\'ward\':6,\'mend\':5}','{\'pikeman\':10,\'archer\':4}',7,156
65,choke_gap1,baseline,league,draw,round-limit,30,2,10,0,20,32,'{\'rally\':20,\'brace\':6,\'charge\':4,\'secondWind\':2}','{\'ward\':4,\'mend\':5,\'fireburst\':3}','{\'pikeman\':11,\'archer\':6,\'cavalier\':3}',7,161,0,2,10,4,163,'{\'setPosition\':62,\'rally\':62,\'preparedPosition\':39}','{\'fireburst\':2,\'ward\':1,\'flare\':1,\'fieldRepair\':1}','{\'pavise\':2,\'coil\':2}',7,143
66,choke_gap1,league,baseline,draw,round-limit,30,0,7,1,10,172,'{\'rally\':76,\'setPosition\':74,\'preparedPosition\':22}','{\'flare\':2,\'mend\':1,\'fieldRepair\':2,\'ward\':1}','{\'leaguePike\':4,\'coil\':6}',8,177,0,1,6,8,52,'{\'rally\':32,\'brace\':16,\'charge\':1,\'secondWind\':3}','{\'mend\':1,\'ward\':3,\'fireburst\':2}','{\'pikeman\':7,\'cavalier\':1}',9,185
66,choke_gap1,baseline,league,draw,round-limit,30,2,8,0,16,40,'{\'rally\':25,\'charge\':3,\'brace\':12}','{\'ward\':6,\'mend\':1,\'fireburst\':3}','{\'archer\':4,\'pikeman\':8,\'cavalier\':4}',7,140,0,1,8,4,186,'{\'setPosition\':74,\'rally\':74,\'preparedPosition\':38}','{\'fireburst\':3,\'flare\':2,\'fieldRepair\':1}','{\'leaguePike\':2,\'coil\':2}',8,181
67,choke_gap1,league,baseline,draw,round-limit,30,0,1,7,5,221,'{\'rally\':92,\'setPosition\':90,\'preparedPosition\':39}','{\'mend\':2,\'flare\':3,\'fireburst\':1}','{\'leaguePike\':2,\'pavise\':1,\'coil\':2}',9,182,0,7,1,21,39,'{\'rally\':28,\'brace\':8,\'charge\':2,\'secondWind\':1}','{\'ward\':1,\'mend\':3,\'fireburst\':1}','{\'pikeman\':18,\'archer\':2,\'cavalier\':1}',6,151
67,choke_gap1,baseline,league,draw,round-limit,30,2,3,0,10,39,'{\'rally\':23,\'charge\':1,\'brace\':15}','{\'ward\':3,\'fireburst\':3,\'mend\':1}','{\'archer\':4,\'pikeman\':6}',7,160,0,0,3,3,202,'{\'setPosition\':88,\'rally\':88,\'preparedPosition\':26}','{\'fireburst\':1,\'fieldRepair\':3,\'ward\':2}',{"leaguePike":3},8,164
68,choke_gap1,league,baseline,draw,round-limit,30,0,2,4,6,226,'{\'rally\':102,\'setPosition\':102,\'preparedPosition\':20,\'arcBurst\':2}','{\'fireburst\':3,\'mend\':1,\'fieldRepair\':2,\'flare\':3}','{\'leaguePike\':3,\'pavise\':1,\'coil\':1,\'relicWalker\':1}',9,200,0,5,2,11,22,'{\'rally\':16,\'brace\':5,\'charge\':1}','{\'ward\':7,\'fireburst\':2,\'mend\':2}','{\'pikeman\':6,\'archer\':5}',5,129
68,choke_gap1,baseline,league,draw,round-limit,30,0,5,1,18,41,'{\'rally\':29,\'brace\':12}','{\'fireburst\':7,\'ward\':3,\'mend\':6}','{\'pikeman\':14,\'archer\':3,\'cavalier\':1}',9,195,0,2,5,5,204,'{\'setPosition\':82,\'rally\':82,\'preparedPosition\':40}','{\'fireburst\':2,\'ward\':3,\'fieldRepair\':1,\'mend\':2}','{\'leaguePike\':2,\'pavise\':1,\'coil\':2}',8,149
69,choke_gap1,league,baseline,draw,round-limit,30,0,0,4,4,214,'{\'rally\':89,\'setPosition\':89,\'preparedPosition\':36}','{\'fireburst\':1,\'ward\':4,\'mend\':1,\'fieldRepair\':1}','{\'leaguePike\':1,\'pavise\':1,\'coil\':2}',9,192,0,4,0,11,39,'{\'rally\':22,\'brace\':13,\'charge\':2,\'secondWind\':2}','{\'fireburst\':3,\'ward\':2,\'mend\':4}','{\'pikeman\':8,\'cavalier\':1,\'archer\':2}',8,166
69,choke_gap1,baseline,league,draw,round-limit,30,0,7,0,19,38,'{\'rally\':26,\'charge\':1,\'brace\':11}','{\'fireburst\':4,\'ward\':5,\'mend\':2}','{\'pikeman\':13,\'archer\':5,\'cavalier\':1}',7,166,0,0,7,4,217,'{\'setPosition\':88,\'rally\':88,\'preparedPosition\':41}','{\'fireburst\':1,\'fieldRepair\':3,\'mend\':2}','{\'leaguePike\':2,\'pavise\':1,\'coil\':1}',9,200
70,choke_gap1,league,baseline,draw,round-limit,30,0,0,8,5,250,'{\'rally\':104,\'setPosition\':104,\'preparedPosition\':42}','{\'ward\':1,\'flare\':2,\'mend\':1,\'fieldRepair\':2}','{\'leaguePike\':2,\'pavise\':1,\'coil\':2}',10,223,0,8,0,17,34,'{\'rally\':23,\'brace\':8,\'charge\':2,\'secondWind\':1}','{\'fireburst\':1,\'mend\':4,\'ward\':6}','{\'pikeman\':12,\'archer\':4,\'cavalier\':1}',7,167
70,choke_gap1,baseline,league,draw,round-limit,30,2,13,0,22,34,'{\'rally\':25,\'brace\':5,\'charge\':4}','{\'ward\':4,\'fireburst\':3,\'mend\':6}','{\'archer\':1,\'pikeman\':16,\'cavalier\':5}',8,198,0,0,13,4,215,'{\'setPosition\':87,\'rally\':87,\'preparedPosition\':41}','{\'fireburst\':4,\'ward\':1,\'fieldRepair\':5,\'flare\':1}','{\'pavise\':2,\'leaguePike\':1,\'coil\':1}',9,177
71,choke_gap1,league,baseline,draw,round-limit,30,0,0,9,5,248,'{\'rally\':105,\'setPosition\':105,\'preparedPosition\':38}','{\'ward\':4,\'fieldRepair\':3,\'flare\':1,\'mend\':2}','{\'leaguePike\':3,\'coil\':2}',10,216,0,9,0,16,30,'{\'rally\':19,\'brace\':9,\'charge\':2}','{\'fireburst\':3,\'ward\':4,\'mend\':2}','{\'archer\':5,\'pikeman\':9,\'cavalier\':2}',7,151
71,choke_gap1,baseline,league,draw,round-limit,30,1,4,1,15,33,'{\'rally\':23,\'charge\':1,\'secondWind\':1,\'brace\':8}','{\'fireburst\':13,\'ward\':7,\'mend\':4}','{\'pikeman\':11,\'archer\':3,\'cavalier\':1}',7,170,0,4,4,6,167,'{\'setPosition\':66,\'rally\':67,\'preparedPosition\':34}','{\'fireburst\':1,\'fieldRepair\':2,\'ward\':3,\'mend\':2,\'flare\':1}','{\'leaguePike\':1,\'pavise\':1,\'coil\':4}',7,117
72,choke_gap1,league,baseline,draw,round-limit,30,0,2,7,6,241,'{\'rally\':101,\'setPosition\':101,\'preparedPosition\':39}','{\'ward\':2,\'flare\':2,\'fieldRepair\':2,\'fireburst\':1}','{\'leaguePike\':3,\'coil\':3}',9,200,0,7,1,18,35,'{\'rally\':24,\'brace\':10,\'charge\':1}','{\'fireburst\':5,\'ward\':5,\'mend\':4}','{\'pikeman\':13,\'archer\':5}',7,158
72,choke_gap1,baseline,league,draw,round-limit,30,1,9,0,16,41,'{\'rally\':25,\'brace\':12,\'charge\':4}','{\'ward\':5,\'fireburst\':2,\'mend\':4}','{\'pikeman\':9,\'archer\':4,\'cavalier\':3}',8,165,0,0,9,2,159,'{\'setPosition\':59,\'rally\':59,\'preparedPosition\':41}','{\'fireburst\':2,\'ward\':3,\'fieldRepair\':4,\'flare\':1,\'mend\':4}','{\'pavise\':1,\'coil\':1}',7,153
73,choke_gap1,league,baseline,draw,round-limit,30,0,2,9,6,225,'{\'rally\':93,\'setPosition\':93,\'preparedPosition\':39}','{\'mend\':1,\'fieldRepair\':2,\'ward\':1}','{\'leaguePike\':3,\'coil\':3}',9,193,0,9,1,19,37,'{\'rally\':25,\'brace\':11,\'charge\':1}','{\'fireburst\':5,\'ward\':4,\'mend\':1}','{\'pikeman\':12,\'archer\':7}',6,135
73,choke_gap1,baseline,league,draw,round-limit,30,1,12,0,20,44,'{\'rally\':31,\'brace\':11,\'secondWind\':1,\'charge\':1}','{\'fireburst\':3,\'mend\':2,\'ward\':5}','{\'pikeman\':13,\'archer\':6,\'cavalier\':1}',7,170,0,0,10,4,218,'{\'setPosition\':89,\'rally\':89,\'preparedPosition\':40}','{\'fireburst\':5,\'ward\':2,\'fieldRepair\':2,\'mend\':3}','{\'leaguePike\':2,\'pavise\':1,\'coil\':1}',9,197
74,choke_gap1,league,baseline,draw,round-limit,30,0,1,12,5,230,'{\'rally\':94,\'setPosition\':94,\'preparedPosition\':42}','{\'mend\':2,\'fieldRepair\':1,\'ward\':1}','{\'leaguePike\':3,\'coil\':2}',9,191,0,12,1,22,32,'{\'rally\':21,\'brace\':6,\'charge\':4,\'secondWind\':1}','{\'fireburst\':2,\'ward\':5,\'mend\':3}','{\'pikeman\':14,\'archer\':3,\'cavalier\':5}',7,166
74,choke_gap1,baseline,league,draw,round-limit,30,1,4,2,18,36,'{\'rally\':25,\'brace\':10,\'charge\':1}','{\'fireburst\':5,\'ward\':3,\'mend\':3}','{\'pikeman\':13,\'archer\':4,\'cavalier\':1}',9,209,0,3,4,5,193,'{\'setPosition\':76,\'rally\':76,\'preparedPosition\':41}','{\'fireburst\':1,\'ward\':2,\'mend\':1,\'fieldRepair\':3}','{\'leaguePike\':2,\'pavise\':1,\'coil\':2}',7,131
75,choke_gap1,league,baseline,draw,round-limit,30,0,3,7,6,217,'{\'rally\':95,\'setPosition\':94,\'preparedPosition\':28}',{"mend":3},'{\'leaguePike\':4,\'coil\':2}',9,210,0,7,2,16,27,'{\'rally\':18,\'brace\':7,\'charge\':2}','{\'fireburst\':6,\'ward\':3,\'mend\':3}','{\'pikeman\':10,\'archer\':3,\'cavalier\':3}',7,152
75,choke_gap1,baseline,league,draw,round-limit,30,1,10,1,22,32,'{\'rally\':22,\'charge\':4,\'brace\':6}','{\'fireburst\':4,\'ward\':5,\'mend\':7}','{\'pikeman\':14,\'archer\':4,\'cavalier\':4}',7,165,0,2,10,5,216,'{\'setPosition\':88,\'rally\':89,\'preparedPosition\':39}','{\'ward\':4,\'fireburst\':1,\'flare\':3,\'fieldRepair\':2}','{\'leaguePike\':1,\'pavise\':2,\'coil\':2}',8,177
76,choke_gap1,league,baseline,draw,round-limit,30,0,2,7,6,234,'{\'rally\':99,\'setPosition\':99,\'preparedPosition\':36}','{\'mend\':3,\'flare\':3,\'fieldRepair\':2,\'ward\':1,\'fireburst\':1}','{\'leaguePike\':2,\'pavise\':1,\'coil\':3}',9,191,0,7,1,18,31,'{\'rally\':20,\'brace\':8,\'charge\':3}','{\'fireburst\':6,\'mend\':4,\'ward\':1}','{\'pikeman\':10,\'cavalier\':5,\'archer\':3}',8,165
76,choke_gap1,baseline,league,draw,round-limit,30,2,10,2,19,33,'{\'rally\':23,\'brace\':7,\'charge\':2,\'secondWind\':1}','{\'ward\':8,\'fireburst\':6,\'mend\':1}','{\'archer\':4,\'pikeman\':13,\'cavalier\':2}',8,194,0,4,10,6,176,'{\'setPosition\':69,\'rally\':71,\'preparedPosition\':36}','{\'fireburst\':2,\'ward\':1,\'fieldRepair\':1,\'mend\':1,\'flare\':1}','{\'leaguePike\':2,\'pavise\':1,\'coil\':3}',7,138
77,choke_gap1,league,baseline,draw,round-limit,30,0,1,4,4,214,'{\'rally\':94,\'setPosition\':94,\'preparedPosition\':26}','{\'fireburst\':1,\'fieldRepair\':1}','{\'leaguePike\':3,\'coil\':1}',8,157,0,4,1,10,35,'{\'rally\':22,\'brace\':12,\'charge\':1}','{\'ward\':4,\'fireburst\':3,\'mend\':4}','{\'archer\':2,\'pikeman\':8}',6,148
77,choke_gap1,baseline,league,draw,round-limit,30,2,7,0,19,34,'{\'rally\':23,\'charge\':2,\'brace\':9}','{\'mend\':4,\'fireburst\':4,\'ward\':2}','{\'pikeman\':12,\'archer\':6,\'cavalier\':1}',6,122,0,1,7,5,212,'{\'setPosition\':87,\'rally\':87,\'preparedPosition\':38}','{\'fireburst\':1,\'flare\':3,\'mend\':2,\'fieldRepair\':1,\'ward\':1}','{\'leaguePike\':2,\'pavise\':1,\'coil\':2}',9,199
78,choke_gap1,league,baseline,draw,round-limit,30,0,5,5,7,221,'{\'rally\':94,\'setPosition\':94,\'preparedPosition\':33}','{\'fireburst\':2,\'ward\':3,\'fieldRepair\':1,\'flare\':1}','{\'leaguePike\':4,\'coil\':3}',8,186,0,5,3,19,38,'{\'rally\':26,\'brace\':10,\'secondWind\':1,\'charge\':1}','{\'fireburst\':8,\'ward\':7,\'mend\':3}','{\'pikeman\':15,\'archer\':3,\'cavalier\':1}',8,185
78,choke_gap1,baseline,league,draw,round-limit,30,2,9,1,16,38,'{\'rally\':27,\'charge\':1,\'brace\':10}','{\'fireburst\':3,\'ward\':3,\'mend\':2}','{\'pikeman\':12,\'archer\':4}',7,152,0,1,9,3,168,'{\'setPosition\':63,\'rally\':63,\'preparedPosition\':42}','{\'fireburst\':1,\'fieldRepair\':1,\'ward\':3,\'mend\':1}','{\'leaguePike\':2,\'coil\':1}',7,140
79,choke_gap1,league,baseline,draw,round-limit,30,0,3,6,7,223,'{\'rally\':97,\'setPosition\':93,\'preparedPosition\':33}',{"ward":1},'{\'leaguePike\':3,\'coil\':3,\'pavise\':1}',9,198,0,6,2,14,28,'{\'rally\':18,\'brace\':8,\'charge\':2}','{\'ward\':5,\'mend\':5,\'fireburst\':3}','{\'cavalier\':2,\'pikeman\':7,\'archer\':5}',8,196
79,choke_gap1,baseline,league,draw,round-limit,30,1,9,0,20,34,'{\'rally\':24,\'charge\':2,\'brace\':8}','{\'mend\':3,\'ward\':4,\'fireburst\':4}','{\'archer\':4,\'pikeman\':14,\'cavalier\':2}',6,146,0,1,9,5,221,'{\'setPosition\':89,\'rally\':90,\'preparedPosition\':42}','{\'flare\':2,\'fieldRepair\':1,\'mend\':1}','{\'leaguePike\':1,\'pavise\':2,\'coil\':2}',9,189
80,choke_gap1,league,baseline,draw,round-limit,30,0,1,8,6,240,'{\'rally\':103,\'setPosition\':103,\'preparedPosition\':34}','{\'fireburst\':2,\'fieldRepair\':2,\'ward\':2,\'mend\':1}','{\'leaguePike\':3,\'pavise\':1,\'coil\':2}',10,220,0,8,1,17,29,'{\'rally\':22,\'brace\':5,\'secondWind\':1,\'charge\':1}','{\'fireburst\':3,\'mend\':2,\'ward\':5}','{\'pikeman\':13,\'archer\':2,\'cavalier\':2}',7,146
80,choke_gap1,baseline,league,draw,round-limit,30,1,9,0,17,33,'{\'rally\':24,\'brace\':8,\'charge\':1}','{\'fireburst\':3,\'mend\':2,\'ward\':4}','{\'pikeman\':13,\'archer\':4}',6,146,0,0,9,4,219,'{\'setPosition\':89,\'rally\':89,\'preparedPosition\':41}','{\'ward\':1,\'fieldRepair\':2,\'mend\':2,\'flare\':1}','{\'leaguePike\':2,\'pavise\':1,\'coil\':1}',9,193
81,choke_gap1,league,baseline,draw,round-limit,30,0,4,6,7,218,'{\'setPosition\':89,\'rally\':91,\'preparedPosition\':38}','{\'ward\':3,\'mend\':2,\'fireburst\':1}','{\'leaguePike\':1,\'pavise\':2,\'coil\':4}',8,163,0,6,2,14,38,'{\'rally\':25,\'brace\':11,\'charge\':1,\'secondWind\':1}','{\'fireburst\':7,\'ward\':4,\'mend\':7}','{\'pikeman\':11,\'archer\':3}',7,163
81,choke_gap1,baseline,league,draw,round-limit,30,2,11,0,21,35,'{\'rally\':25,\'brace\':7,\'charge\':3}','{\'fireburst\':4,\'mend\':1,\'ward\':1}','{\'archer\':3,\'pikeman\':15,\'cavalier\':3}',6,146,0,0,11,4,215,'{\'setPosition\':88,\'rally\':88,\'preparedPosition\':39}','{\'ward\':1,\'fieldRepair\':3,\'flare\':2,\'mend\':2,\'fireburst\':1}','{\'leaguePike\':3,\'coil\':1}',9,186
82,choke_gap1,league,baseline,draw,round-limit,30,0,3,6,5,233,'{\'rally\':98,\'setPosition\':98,\'preparedPosition\':37}','{\'fireburst\':2,\'ward\':1,\'fieldRepair\':1}','{\'leaguePike\':2,\'pavise\':1,\'coil\':2}',7,156,0,6,2,16,35,'{\'rally\':23,\'brace\':7,\'secondWind\':3,\'charge\':2}','{\'fireburst\':4,\'ward\':4,\'mend\':2}','{\'pikeman\':13,\'archer\':2,\'cavalier\':1}',7,158
82,choke_gap1,baseline,league,draw,round-limit,30,1,7,0,17,35,'{\'rally\':25,\'charge\':1,\'brace\':9}','{\'fireburst\':4,\'ward\':4,\'mend\':3}','{\'pikeman\':12,\'archer\':4,\'cavalier\':1}',7,162,0,0,7,4,220,'{\'setPosition\':89,\'rally\':89,\'preparedPosition\':42}','{\'ward\':2,\'fieldRepair\':2}','{\'leaguePike\':3,\'coil\':1}',9,177
83,choke_gap1,league,baseline,draw,round-limit,30,0,1,7,5,225,'{\'rally\':93,\'setPosition\':93,\'preparedPosition\':39}','{\'mend\':1,\'fieldRepair\':2,\'ward\':1}','{\'leaguePike\':3,\'coil\':2}',9,188,0,7,1,18,35,'{\'rally\':25,\'brace\':8,\'charge\':2}','{\'fireburst\':3,\'ward\':6,\'mend\':6}','{\'pikeman\':13,\'cavalier\':2,\'archer\':3}',8,179
83,choke_gap1,baseline,league,draw,round-limit,30,2,10,0,18,33,'{\'rally\':24,\'brace\':8,\'charge\':1}','{\'ward\':2,\'fireburst\':2,\'mend\':2}','{\'archer\':6,\'pikeman\':12}',5,127,0,0,10,4,212,'{\'setPosition\':88,\'rally\':88,\'preparedPosition\':36}','{\'fireburst\':2,\'ward\':3,\'fieldRepair\':1,\'mend\':1}','{\'leaguePike\':2,\'pavise\':1,\'coil\':1}',9,204
84,choke_gap1,league,baseline,draw,round-limit,30,0,3,7,7,227,'{\'rally\':95,\'setPosition\':95,\'preparedPosition\':37}','{\'fireburst\':2,\'mend\':3,\'flare\':3,\'ward\':1,\'fieldRepair\':1}','{\'leaguePike\':2,\'pavise\':1,\'coil\':4}',9,197,0,7,1,18,34,'{\'rally\':23,\'brace\':8,\'charge\':3}','{\'fireburst\':8,\'mend\':7,\'ward\':3}','{\'pikeman\':11,\'cavalier\':2,\'archer\':5}',8,154
84,choke_gap1,baseline,league,draw,round-limit,30,1,7,0,17,33,'{\'rally\':24,\'brace\':8,\'charge\':1}','{\'ward\':4,\'fireburst\':4,\'mend\':3}','{\'pikeman\':12,\'archer\':3,\'cavalier\':2}',8,172,0,0,7,4,219,'{\'setPosition\':89,\'rally\':89,\'preparedPosition\':41}','{\'fireburst\':3,\'ward\':4,\'fieldRepair\':2,\'flare\':3}','{\'leaguePike\':3,\'coil\':1}',9,183
85,choke_gap1,league,baseline,draw,round-limit,30,1,2,5,6,176,'{\'rally\':81,\'setPosition\':67,\'preparedPosition\':28}','{\'fireburst\':4,\'ward\':1,\'fieldRepair\':1,\'mend\':2}','{\'leaguePike\':2,\'pavise\':1,\'coil\':3}',9,180,0,7,2,20,41,'{\'rally\':30,\'brace\':9,\'charge\':2}','{\'fireburst\':6,\'mend\':3,\'ward\':1}','{\'pikeman\':16,\'cavalier\':2,\'archer\':2}',7,161
85,choke_gap1,baseline,league,draw,round-limit,30,2,5,1,16,34,'{\'rally\':24,\'charge\':3,\'brace\':7}','{\'ward\':1,\'fireburst\':2,\'mend\':1}','{\'pikeman\':11,\'archer\':3,\'cavalier\':2}',7,189,0,1,5,5,202,'{\'setPosition\':87,\'rally\':87,\'preparedPosition\':28}','{\'fireburst\':2,\'ward\':3,\'fieldRepair\':2,\'flare\':3,\'mend\':2}','{\'leaguePike\':2,\'pavise\':2,\'coil\':1}',9,206
86,choke_gap1,league,baseline,draw,round-limit,30,0,2,4,6,224,'{\'setPosition\':95,\'rally\':95,\'preparedPosition\':34}','{\'flare\':1,\'fieldRepair\':1,\'mend\':1,\'fireburst\':1,\'ward\':1}','{\'leaguePike\':1,\'pavise\':2,\'coil\':3}',9,200,0,4,1,11,41,'{\'rally\':26,\'brace\':14,\'charge\':1}','{\'fireburst\':3,\'mend\':1,\'ward\':2}','{\'pikeman\':8,\'archer\':3}',8,173
86,choke_gap1,baseline,league,draw,round-limit,30,1,9,0,21,31,'{\'rally\':22,\'brace\':5,\'charge\':2,\'secondWind\':2}','{\'fireburst\':2,\'ward\':2,\'mend\':2}','{\'archer\':4,\'pikeman\':14,\'cavalier\':3}',8,166,0,0,9,4,220,'{\'setPosition\':90,\'rally\':90,\'preparedPosition\':40}','{\'fireburst\':1,\'fieldRepair\':2,\'ward\':1}','{\'leaguePike\':3,\'coil\':1}',9,182
87,choke_gap1,league,baseline,draw,round-limit,30,0,2,9,5,231,'{\'setPosition\':95,\'rally\':95,\'preparedPosition\':41}','{\'fireburst\':1,\'flare\':2,\'fieldRepair\':3}','{\'leaguePike\':2,\'pavise\':1,\'coil\':2}',8,160,0,9,2,20,24,'{\'rally\':17,\'brace\':5,\'charge\':2}','{\'fireburst\':3,\'mend\':5,\'ward\':2}','{\'pikeman\':10,\'cavalier\':7,\'archer\':3}',8,175
87,choke_gap1,baseline,league,draw,round-limit,30,1,7,0,19,29,'{\'rally\':20,\'charge\':2,\'brace\':7}','{\'ward\':5,\'mend\':9,\'fireburst\':4}','{\'archer\':6,\'pikeman\':11,\'cavalier\':2}',7,158,0,0,7,4,218,'{\'setPosition\':88,\'rally\':88,\'preparedPosition\':42}','{\'fireburst\':1,\'ward\':2,\'flare\':1,\'fieldRepair\':3}','{\'leaguePike\':3,\'coil\':1}',9,188
88,choke_gap1,league,baseline,draw,round-limit,30,0,3,7,5,197,'{\'setPosition\':79,\'rally\':80,\'preparedPosition\':38}','{\'ward\':2,\'fireburst\':2,\'fieldRepair\':2,\'flare\':2,\'mend\':1}','{\'leaguePike\':1,\'pavise\':2,\'coil\':2}',7,131,0,7,3,16,35,'{\'rally\':25,\'brace\':9,\'charge\':1}','{\'mend\':4,\'ward\':5,\'fireburst\':4}','{\'pikeman\':13,\'archer\':2,\'cavalier\':1}',6,140
88,choke_gap1,baseline,league,draw,round-limit,30,1,7,0,16,45,'{\'rally\':27,\'brace\':15,\'charge\':2,\'secondWind\':1}','{\'fireburst\':3,\'mend\':4}','{\'archer\':5,\'pikeman\':10,\'cavalier\':1}',6,137,0,0,7,4,217,'{\'setPosition\':88,\'rally\':88,\'preparedPosition\':41}','{\'fireburst\':1,\'fieldRepair\':2,\'flare\':1,\'mend\':3}','{\'leaguePike\':2,\'pavise\':1,\'coil\':1}',9,193
89,choke_gap1,league,baseline,draw,round-limit,30,0,2,8,5,238,'{\'rally\':101,\'setPosition\':101,\'preparedPosition\':36}','{\'fireburst\':4,\'flare\':3,\'mend\':1,\'fieldRepair\':2}','{\'leaguePike\':2,\'pavise\':1,\'coil\':2}',8,170,0,8,2,16,36,'{\'rally\':24,\'brace\':7,\'charge\':4,\'secondWind\':1}','{\'ward\':12,\'mend\':4,\'fireburst\':1}','{\'pikeman\':10,\'cavalier\':4,\'archer\':2}',7,165
89,choke_gap1,baseline,league,draw,round-limit,30,1,4,1,17,32,'{\'rally\':22,\'brace\':4,\'charge\':1,\'focusedShot\':5}','{\'ward\':8,\'mend\':3,\'fireburst\':3}','{\'archer\':4,\'pikeman\':12,\'cavalier\':1}',8,186,0,1,4,4,158,'{\'setPosition\':61,\'rally\':70,\'preparedPosition\':27}','{\'fireburst\':1,\'flare\':3,\'mend\':2,\'fieldRepair\':2,\'ward\':1}','{\'leaguePike\':3,\'coil\':1}',8,170
90,choke_gap1,league,baseline,draw,round-limit,30,0,0,7,5,246,'{\'rally\':104,\'setPosition\':104,\'preparedPosition\':38}','{\'ward\':3,\'flare\':2,\'fireburst\':1,\'fieldRepair\':2,\'mend\':2}','{\'leaguePike\':2,\'pavise\':1,\'coil\':2}',10,207,0,7,0,20,40,'{\'rally\':26,\'brace\':10,\'charge\':3,\'secondWind\':1}','{\'fireburst\':4,\'ward\':7,\'mend\':2}','{\'pikeman\':16,\'archer\':2,\'cavalier\':2}',7,161
90,choke_gap1,baseline,league,draw,round-limit,30,1,10,0,24,28,'{\'rally\':19,\'charge\':4,\'brace\':4,\'secondWind\':1}','{\'ward\':6,\'mend\':3,\'fireburst\':1}','{\'pikeman\':11,\'archer\':10,\'cavalier\':3}',6,139,0,0,10,4,217,'{\'setPosition\':88,\'rally\':88,\'preparedPosition\':41}','{\'ward\':3,\'fireburst\':2,\'flare\':3,\'mend\':1,\'fieldRepair\':2}','{\'leaguePike\':2,\'pavise\':1,\'coil\':1}',9,199
91,choke_gap1,league,baseline,draw,round-limit,30,1,5,2,9,94,'{\'rally\':55,\'setPosition\':34,\'preparedPosition\':5}','{\'fireburst\':2,\'mend\':2,\'flare\':2}','{\'leaguePike\':3,\'pavise\':1,\'coil\':4,\'relicWalker\':1}',9,177,0,2,5,9,36,'{\'rally\':24,\'brace\':8,\'secondWind\':2,\'charge\':2}','{\'fireburst\':7,\'ward\':2,\'mend\':1}','{\'pikeman\':7,\'archer\':2}',7,156
91,choke_gap1,baseline,league,draw,round-limit,30,1,9,0,18,41,'{\'rally\':28,\'brace\':10,\'charge\':2,\'secondWind\':1}','{\'fireburst\':2,\'ward\':2,\'mend\':1}','{\'pikeman\':13,\'archer\':3,\'cavalier\':2}',8,190,0,0,9,4,219,'{\'setPosition\':89,\'rally\':89,\'preparedPosition\':41}','{\'fireburst\':2,\'ward\':3,\'flare\':2,\'mend\':1,\'fieldRepair\':2}','{\'leaguePike\':2,\'pavise\':1,\'coil\':1}',9,195
92,choke_gap1,league,baseline,draw,round-limit,30,0,3,6,7,227,'{\'setPosition\':95,\'rally\':99,\'preparedPosition\':33}','{\'mend\':2,\'fieldRepair\':3,\'fireburst\':1,\'flare\':2}','{\'leaguePike\':2,\'pavise\':2,\'coil\':3}',9,188,0,6,2,17,30,'{\'rally\':18,\'charge\':3,\'brace\':7,\'secondWind\':2}','{\'fireburst\':4,\'ward\':3,\'mend\':2}','{\'pikeman\':9,\'archer\':3,\'cavalier\':5}',8,169
92,choke_gap1,baseline,league,draw,round-limit,30,1,9,0,15,35,'{\'rally\':24,\'charge\':2,\'brace\':9}','{\'ward\':7,\'mend\':4,\'fireburst\':2}','{\'archer\':4,\'pikeman\':10,\'cavalier\':1}',7,145,0,0,9,4,221,'{\'setPosition\':89,\'rally\':90,\'preparedPosition\':42}','{\'fireburst\':1,\'flare\':2,\'fieldRepair\':1}','{\'leaguePike\':1,\'pavise\':2,\'coil\':1}',9,174
93,choke_gap1,league,baseline,draw,round-limit,30,0,1,10,5,247,'{\'rally\':102,\'setPosition\':102,\'preparedPosition\':43}','{\'fieldRepair\':2,\'ward\':1}','{\'leaguePike\':2,\'pavise\':1,\'coil\':2}',9,179,0,10,1,21,37,'{\'rally\':23,\'brace\':11,\'charge\':3}','{\'fireburst\':3,\'ward\':4,\'mend\':1}','{\'pikeman\':12,\'cavalier\':3,\'archer\':6}',7,160
93,choke_gap1,baseline,league,draw,round-limit,30,1,8,0,17,31,'{\'rally\':19,\'charge\':3,\'brace\':7,\'secondWind\':2}','{\'ward\':4,\'mend\':4,\'fireburst\':1}','{\'archer\':6,\'pikeman\':9,\'cavalier\':2}',7,168,0,0,8,4,220,'{\'setPosition\':89,\'rally\':89,\'preparedPosition\':42}','{\'fireburst\':1,\'ward\':3,\'flare\':1,\'fieldRepair\':1}','{\'leaguePike\':2,\'pavise\':1,\'coil\':1}',9,194
94,choke_gap1,league,baseline,draw,round-limit,30,0,5,12,8,219,'{\'setPosition\':90,\'rally\':91,\'preparedPosition\':38}','{\'ward\':2,\'flare\':1,\'mend\':2,\'fieldRepair\':1}','{\'leaguePike\':2,\'pavise\':1,\'coil\':5}',8,174,0,12,3,20,23,'{\'rally\':16,\'brace\':2,\'charge\':4,\'secondWind\':1}','{\'fireburst\':6,\'ward\':4,\'mend\':3}','{\'pikeman\':12,\'cavalier\':5,\'archer\':3}',8,193
94,choke_gap1,baseline,league,draw,round-limit,30,1,7,1,15,36,'{\'rally\':24,\'charge\':2,\'brace\':10}','{\'fireburst\':5,\'mend\':3,\'ward\':6}','{\'archer\':3,\'pikeman\':11,\'cavalier\':1}',7,176,0,2,7,5,213,'{\'setPosition\':88,\'rally\':88,\'preparedPosition\':37}','{\'fieldRepair\':2,\'ward\':1}','{\'leaguePike\':2,\'pavise\':1,\'coil\':2}',8,168
95,choke_gap1,league,baseline,draw,round-limit,30,0,3,7,6,212,'{\'setPosition\':86,\'rally\':88,\'preparedPosition\':38}','{\'flare\':2,\'mend\':2,\'ward\':1,\'fieldRepair\':2}','{\'leaguePike\':1,\'pavise\':2,\'coil\':3}',8,178,0,7,2,17,40,'{\'rally\':26,\'charge\':2,\'secondWind\':1,\'brace\':11}','{\'ward\':4,\'mend\':1,\'fireburst\':3}','{\'pikeman\':13,\'archer\':3,\'cavalier\':1}',8,175
95,choke_gap1,baseline,league,draw,round-limit,30,1,8,1,18,37,'{\'rally\':25,\'brace\':10,\'charge\':2}','{\'ward\':7,\'fireburst\':3,\'mend\':4}','{\'archer\':3,\'pikeman\':13,\'cavalier\':2}',6,152,0,1,8,4,216,'{\'setPosition\':87,\'rally\':87,\'preparedPosition\':42}','{\'fieldRepair\':1,\'flare\':1}','{\'leaguePike\':3,\'coil\':1}',8,156
96,choke_gap1,league,baseline,draw,round-limit,30,1,2,3,7,171,'{\'setPosition\':77,\'rally\':89,\'preparedPosition\':5}','{\'ward\':2,\'flare\':4,\'mend\':1,\'fieldRepair\':3,\'fireburst\':1}','{\'leaguePike\':2,\'pavise\':2,\'coil\':3}',10,230,0,3,2,12,23,'{\'rally\':15,\'charge\':3,\'secondWind\':3,\'brace\':2}','{\'ward\':2,\'fireburst\':4,\'mend\':3}','{\'pikeman\':10,\'archer\':2}',7,183
96,choke_gap1,baseline,league,draw,round-limit,30,1,2,0,13,13,'{\'rally\':12,\'secondWind\':1}','{\'ward\':9,\'fireburst\':2,\'mend\':4}','{\'pikeman\':9,\'archer\':3,\'cavalier\':1}',7,184,0,0,2,4,60,'{\'setPosition\':20,\'rally\':32,\'preparedPosition\':8}','{\'fireburst\':1,\'flare\':1,\'fieldRepair\':1,\'ward\':1,\'mend\':4}','{\'leaguePike\':2,\'pavise\':1,\'coil\':1}',9,197
97,choke_gap1,league,baseline,draw,round-limit,30,0,1,8,5,241,'{\'setPosition\':100,\'rally\':101,\'preparedPosition\':40}','{\'fireburst\':3,\'ward\':1,\'mend\':1}','{\'leaguePike\':2,\'pavise\':1,\'coil\':2}',9,187,0,8,1,20,36,'{\'rally\':23,\'brace\':10,\'charge\':3}','{\'fireburst\':2,\'mend\':5,\'ward\':6}','{\'pikeman\':11,\'archer\':6,\'cavalier\':3}',7,151
97,choke_gap1,baseline,league,draw,round-limit,30,1,5,1,16,40,'{\'rally\':28,\'brace\':11,\'charge\':1}','{\'fireburst\':2,\'mend\':2,\'ward\':5}','{\'pikeman\':11,\'archer\':3,\'cavalier\':2}',8,185,0,1,5,4,217,'{\'setPosition\':88,\'rally\':89,\'preparedPosition\':40}','{\'fireburst\':2,\'ward\':1,\'fieldRepair\':4,\'mend\':2,\'flare\':1}','{\'leaguePike\':1,\'pavise\':2,\'coil\':1}',8,177
98,choke_gap1,league,baseline,draw,round-limit,30,0,5,11,7,213,'{\'setPosition\':87,\'rally\':87,\'preparedPosition\':39}','{\'fireburst\':2,\'flare\':3,\'fieldRepair\':2}','{\'leaguePike\':1,\'pavise\':1,\'coil\':5}',7,144,0,11,2,18,28,'{\'rally\':17,\'brace\':6,\'charge\':4,\'secondWind\':1}','{\'ward\':4,\'mend\':4,\'fireburst\':6}','{\'cavalier\':4,\'archer\':3,\'pikeman\':11}',7,146
98,choke_gap1,baseline,league,draw,round-limit,30,1,12,0,25,28,'{\'rally\':18,\'brace\':5,\'charge\':5}','{\'ward\':5,\'fireburst\':3}','{\'archer\':12,\'pikeman\':9,\'cavalier\':4}',6,139,0,0,12,4,220,'{\'setPosition\':89,\'rally\':90,\'preparedPosition\':41}','{\'fieldRepair\':1,\'flare\':3,\'fireburst\':1,\'mend\':1}','{\'leaguePike\':1,\'pavise\':2,\'coil\':1}',9,190
99,choke_gap1,league,baseline,draw,round-limit,30,0,1,7,5,222,'{\'rally\':93,\'setPosition\':90,\'preparedPosition\':39}','{\'ward\':1,\'flare\':2,\'fireburst\':1,\'mend\':1,\'fieldRepair\':2}','{\'leaguePike\':2,\'pavise\':1,\'coil\':2}',9,191,0,7,1,17,31,'{\'rally\':20,\'brace\':7,\'charge\':2,\'secondWind\':2}','{\'fireburst\':3,\'ward\':3,\'mend\':3}','{\'pikeman\':12,\'archer\':4,\'cavalier\':1}',6,123
99,choke_gap1,baseline,league,draw,round-limit,30,1,9,0,19,36,'{\'rally\':25,\'charge\':3,\'brace\':8}','{\'fireburst\':4,\'mend\':4}','{\'pikeman\':12,\'archer\':3,\'cavalier\':4}',8,173,0,0,9,4,220,'{\'setPosition\':89,\'rally\':89,\'preparedPosition\':42}','{\'ward\':3,\'fieldRepair\':2,\'mend\':1,\'fireburst\':2}','{\'pavise\':1,\'leaguePike\':2,\'coil\':1}',9,181
100,choke_gap1,league,baseline,draw,round-limit,30,0,4,6,7,220,'{\'rally\':92,\'setPosition\':91,\'preparedPosition\':37}','{\'fireburst\':2,\'mend\':2,\'fieldRepair\':1}','{\'leaguePike\':2,\'pavise\':1,\'coil\':4}',8,165,0,6,2,14,30,'{\'rally\':21,\'brace\':7,\'charge\':2}','{\'ward\':1,\'mend\':5,\'fireburst\':4}','{\'cavalier\':2,\'pikeman\':10,\'archer\':2}',8,189
100,choke_gap1,baseline,league,draw,round-limit,30,1,6,0,15,35,'{\'rally\':22,\'brace\':9,\'charge\':3,\'secondWind\':1}','{\'fireburst\':3,\'mend\':5,\'ward\':2}','{\'pikeman\':9,\'archer\':3,\'cavalier\':3}',8,182,0,0,6,4,213,'{\'setPosition\':87,\'rally\':87,\'preparedPosition\':39}','{\'fireburst\':2,\'fieldRepair\':2,\'ward\':2,\'mend\':4,\'flare\':1}','{\'pavise\':1,\'leaguePike\':2,\'coil\':1}',9,204
1,choke_gap1,league-heuristic,baseline,draw,round-limit,30,2,5,5,15,70,'{\'rally\':50,\'brace\':19,\'focusedShot\':1}','{\'fireburst\':1,\'ward\':1,\'mend\':1}','{\'leaguePike\':9,\'coil\':2,\'sapper\':2,\'pavise\':2}',7,170,0,5,4,14,33,'{\'rally\':19,\'charge\':2,\'focusedShot\':8,\'brace\':4}','{\'fireburst\':8,\'ward\':5,\'mend\':5}','{\'pikeman\':8,\'cavalier\':2,\'archer\':4}',7,158
1,choke_gap1,baseline,league-heuristic,draw,round-limit,30,2,4,0,12,53,'{\'rally\':36,\'brace\':16,\'charge\':1}','{\'fireburst\':2,\'ward\':3,\'mend\':1}','{\'pikeman\':10,\'archer\':1,\'cavalier\':1}',8,206,0,0,4,7,70,'{\'rally\':37,\'focusedShot\':13,\'brace\':20}','{\'ward\':3,\'fireburst\':1,\'mend\':4}','{\'pavise\':3,\'leaguePike\':3,\'coil\':1}',8,156
2,choke_gap1,league-heuristic,baseline,draw,round-limit,30,1,1,3,8,84,'{\'rally\':48,\'brace\':26,\'focusedShot\':10}','{\'ward\':3,\'fireburst\':1}','{\'pavise\':5,\'leaguePike\':2,\'coil\':1}',8,195,0,3,1,13,43,'{\'rally\':28,\'charge\':1,\'brace\':14}','{\'ward\':9,\'fireburst\':4,\'mend\':4}','{\'pikeman\':8,\'archer\':5}',6,149
2,choke_gap1,baseline,league-heuristic,draw,round-limit,30,1,1,2,8,29,'{\'rally\':22,\'brace\':7}','{\'fireburst\':2,\'ward\':2}','{\'pikeman\':6,\'archer\':1,\'cavalier\':1}',9,217,0,2,0,10,37,'{\'rally\':24,\'brace\':13}','{\'fireburst\':2,\'ward\':5,\'mend\':4}','{\'leaguePike\':3,\'pavise\':2,\'coil\':5}',8,160
3,choke_gap1,league-heuristic,baseline,draw,round-limit,30,1,0,3,7,68,'{\'rally\':45,\'brace\':23}','{\'fireburst\':1,\'mend\':2}','{\'pavise\':3,\'leaguePike\':3,\'sapper\':1}',8,180,0,3,0,12,28,'{\'rally\':16,\'charge\':1,\'focusedShot\':6,\'brace\':5}','{\'mend\':7,\'fireburst\':4,\'ward\':2}','{\'pikeman\':6,\'archer\':4,\'cavalier\':2}',7,183
3,choke_gap1,baseline,league-heuristic,draw,round-limit,30,1,1,1,8,43,'{\'rally\':25,\'brace\':13,\'focusedShot\':5}','{\'fireburst\':3,\'ward\':3,\'mend\':2}','{\'archer\':1,\'pikeman\':7}',8,160,0,1,1,7,43,'{\'rally\':27,\'focusedShot\':6,\'brace\':10}','{\'fireburst\':3,\'mend\':1,\'ward\':1}','{\'leaguePike\':4,\'sapper\':1,\'coil\':1,\'pavise\':1}',10,209
4,choke_gap1,league-heuristic,baseline,draw,round-limit,30,1,1,2,8,38,'{\'rally\':30,\'brace\':8}','{\'fireburst\':1,\'mend\':1}','{\'pavise\':3,\'leaguePike\':3,\'coil\':1,\'relicWalker\':1}',8,209,0,2,1,10,24,'{\'rally\':19,\'focusedShot\':1,\'charge\':1,\'brace\':3}','{\'ward\':4,\'fireburst\':2,\'mend\':1}','{\'pikeman\':7,\'archer\':2,\'cavalier\':1}',8,204
4,choke_gap1,baseline,league-heuristic,draw,round-limit,30,1,1,1,8,32,'{\'rally\':20,\'focusedShot\':2,\'brace\':10}','{\'ward\':4,\'fireburst\':3,\'mend\':2}','{\'archer\':2,\'pikeman\':6}',7,177,0,1,1,7,42,'{\'rally\':28,\'brace\':14}','{\'fireburst\':2,\'mend\':2}','{\'leaguePike\':4,\'coil\':3}',8,165
5,choke_gap1,league-heuristic,baseline,draw,round-limit,30,1,1,1,7,42,'{\'rally\':28,\'brace\':14}','{\'ward\':2,\'mend\':1}','{\'pavise\':3,\'leaguePike\':2,\'sapper\':1,\'coil\':1}',7,162,0,1,1,8,20,'{\'rally\':13,\'focusedShot\':5,\'brace\':2}','{\'fireburst\':5,\'ward\':2,\'mend\':4}','{\'pikeman\':7,\'cavalier\':1}',9,208
5,choke_gap1,baseline,league-heuristic,draw,round-limit,30,1,3,5,9,42,'{\'rally\':27,\'brace\':13,\'focusedShot\':2}','{\'fireburst\':4,\'mend\':1,\'ward\':1}','{\'pikeman\':6,\'archer\':3}',7,145,0,5,3,11,57,'{\'rally\':36,\'focusedShot\':6,\'brace\':15}',{"ward":5},'{\'pavise\':7,\'leaguePike\':1,\'coil\':2,\'sapper\':1}',8,179
6,choke_gap1,league-heuristic,baseline,draw,round-limit,30,1,1,3,7,39,'{\'rally\':27,\'brace\':12}',{"mend":1},'{\'pavise\':2,\'leaguePike\':3,\'coil\':2}',7,167,0,3,1,10,20,'{\'rally\':11,\'focusedShot\':5,\'brace\':1,\'charge\':1,\'secondWind\':2}','{\'fireburst\':2,\'mend\':2,\'ward\':3}','{\'pikeman\':7,\'cavalier\':2,\'archer\':1}',9,219
6,choke_gap1,baseline,league-heuristic,draw,round-limit,30,2,1,2,10,45,'{\'rally\':29,\'brace\':15,\'charge\':1}','{\'fireburst\':2,\'mend\':1,\'ward\':1}','{\'archer\':1,\'pikeman\':8,\'cavalier\':1}',8,196,0,2,1,8,41,'{\'rally\':25,\'focusedShot\':8,\'brace\':8}','{\'ward\':3,\'mend\':2}','{\'pavise\':3,\'leaguePike\':3,\'coil\':2}',8,192
7,choke_gap1,league-heuristic,baseline,draw,round-limit,30,1,0,2,8,46,'{\'rally\':31,\'brace\':15}','{\'ward\':3,\'mend\':1}','{\'leaguePike\':4,\'pavise\':2,\'coil\':2}',7,181,0,2,0,10,23,'{\'rally\':17,\'charge\':1,\'brace\':5}','{\'fireburst\':4,\'ward\':1,\'mend\':1}','{\'pikeman\':7,\'archer\':3}',8,201
7,choke_gap1,baseline,league-heuristic,draw,round-limit,30,0,1,3,8,45,'{\'rally\':27,\'brace\':12,\'charge\':3,\'secondWind\':3}','{\'ward\':4,\'fireburst\':2,\'mend\':1}','{\'pikeman\':5,\'archer\':3}',7,155,0,3,1,14,48,'{\'rally\':34,\'brace\':14}','{\'fireburst\':5,\'mend\':1,\'ward\':1}','{\'leaguePike\':5,\'pavise\':3,\'sapper\':1,\'coil\':4,\'relicWalker\':1}',9,196
8,choke_gap1,league-heuristic,baseline,draw,round-limit,30,2,0,2,7,49,'{\'rally\':35,\'brace\':14}','{\'fireburst\':2,\'ward\':2,\'mend\':2}','{\'leaguePike\':4,\'pavise\':1,\'sapper\':1,\'coil\':1}',8,198,0,2,0,10,20,'{\'rally\':17,\'charge\':1,\'brace\':2}','{\'fireburst\':6,\'mend\':3,\'ward\':1}','{\'pikeman\':7,\'archer\':2,\'cavalier\':1}',8,202
8,choke_gap1,baseline,league-heuristic,draw,round-limit,30,1,5,1,16,47,'{\'rally\':33,\'brace\':10,\'secondWind\':2,\'charge\':2}','{\'fireburst\':6,\'ward\':4,\'mend\':3}','{\'pikeman\':11,\'archer\':3,\'cavalier\':2}',6,142,0,3,5,10,79,'{\'rally\':42,\'focusedShot\':15,\'brace\':22}','{\'ward\':5,\'fireburst\':2}','{\'pavise\':3,\'leaguePike\':3,\'coil\':3,\'sapper\':1}',9,184
9,choke_gap1,league-heuristic,baseline,draw,round-limit,30,1,0,0,7,34,'{\'rally\':26,\'brace\':8}','{\'ward\':3,\'fireburst\':3}','{\'pavise\':3,\'leaguePike\':3,\'coil\':1}',8,192,0,0,0,8,26,'{\'rally\':22,\'brace\':4}','{\'ward\':6,\'fireburst\':1,\'mend\':3}','{\'pikeman\':6,\'archer\':2}',7,152
9,choke_gap1,baseline,league-heuristic,draw,round-limit,30,1,1,1,7,36,'{\'rally\':26,\'brace\':10}','{\'fireburst\':2,\'ward\':3}','{\'pikeman\':6,\'archer\':1}',8,197,0,1,1,8,39,'{\'rally\':26,\'brace\':13}',{"fireburst":3},'{\'pavise\':3,\'leaguePike\':4,\'coil\':1}',9,199
10,choke_gap1,league-heuristic,baseline,draw,round-limit,30,0,1,5,10,56,'{\'rally\':38,\'brace\':18}','{\'fireburst\':5,\'ward\':3,\'mend\':4}','{\'leaguePike\':4,\'pavise\':3,\'coil\':1,\'sapper\':2}',8,160,0,6,1,17,36,'{\'rally\':24,\'charge\':2,\'brace\':8,\'focusedShot\':2}','{\'fireburst\':5,\'mend\':4,\'ward\':2}','{\'archer\':6,\'pikeman\':10,\'cavalier\':1}',8,188
10,choke_gap1,baseline,league-heuristic,draw,round-limit,30,2,1,1,8,32,'{\'rally\':24,\'brace\':8}','{\'fireburst\':2,\'mend\':3}','{\'pikeman\':6,\'archer\':1,\'cavalier\':1}',9,217,0,1,1,8,27,'{\'rally\':22,\'brace\':5}','{\'ward\':2,\'fireburst\':1}','{\'pavise\':2,\'leaguePike\':2,\'coil\':3,\'sapper\':1}',7,143
11,choke_gap1,league-heuristic,baseline,draw,round-limit,30,2,3,3,11,62,'{\'rally\':39,\'brace\':23}',{"fireburst":3},'{\'leaguePike\':5,\'coil\':5,\'sapper\':1}',8,191,0,3,3,11,36,'{\'rally\':19,\'charge\':5,\'brace\':8,\'secondWind\':4}','{\'fireburst\':6,\'mend\':3,\'ward\':5}','{\'pikeman\':7,\'archer\':2,\'cavalier\':2}',8,181
11,choke_gap1,baseline,league-heuristic,draw,round-limit,30,1,0,4,7,51,'{\'rally\':33,\'brace\':16,\'focusedShot\':2}','{\'ward\':2,\'fireburst\':2}','{\'pikeman\':6,\'archer\':1}',8,168,0,4,0,12,44,'{\'rally\':24,\'focusedShot\':9,\'brace\':11}','{\'ward\':2,\'fireburst\':2,\'mend\':1}','{\'leaguePike\':4,\'pavise\':3,\'coil\':4,\'sapper\':1}',8,194
12,choke_gap1,league-heuristic,baseline,draw,round-limit,30,1,1,2,8,37,'{\'rally\':25,\'brace\':12}','{\'fireburst\':4,\'ward\':3}','{\'leaguePike\':6,\'sapper\':1,\'coil\':1}',8,179,0,2,1,9,31,'{\'rally\':20,\'brace\':11}','{\'fireburst\':1,\'ward\':3,\'mend\':5}','{\'archer\':3,\'pikeman\':5,\'cavalier\':1}',7,163
12,choke_gap1,baseline,league-heuristic,draw,round-limit,30,2,3,2,9,41,'{\'rally\':23,\'focusedShot\':7,\'charge\':1,\'brace\':10}','{\'ward\':2,\'mend\':2}','{\'pikeman\':8,\'archer\':1}',7,143,0,2,3,9,41,'{\'rally\':28,\'focusedShot\':3,\'brace\':10}',{"fireburst":1},'{\'pavise\':4,\'coil\':2,\'leaguePike\':2,\'sapper\':1}',9,202
13,choke_gap1,league-heuristic,baseline,draw,round-limit,30,1,1,1,8,39,'{\'rally\':34,\'brace\':5}','{\'ward\':2,\'mend\':1}','{\'pavise\':3,\'leaguePike\':3,\'sapper\':1,\'coil\':1}',8,176,0,1,0,8,29,'{\'rally\':17,\'focusedShot\':3,\'brace\':9}','{\'ward\':4,\'fireburst\':5}','{\'pikeman\':6,\'cavalier\':1,\'archer\':1}',8,193
13,choke_gap1,baseline,league-heuristic,draw,round-limit,30,2,1,2,9,26,'{\'rally\':16,\'charge\':1,\'brace\':5,\'focusedShot\':4}','{\'fireburst\':3,\'mend\':4,\'ward\':4}','{\'archer\':3,\'pikeman\':6}',8,180,0,2,1,9,36,'{\'rally\':24,\'focusedShot\':5,\'brace\':7}','{\'fireburst\':1,\'ward\':2}','{\'leaguePike\':3,\'pavise\':4,\'coil\':2}',9,182
14,choke_gap1,league-heuristic,baseline,draw,round-limit,30,1,1,3,8,36,'{\'rally\':28,\'brace\':8}','{\'ward\':5,\'fireburst\':1}','{\'leaguePike\':5,\'coil\':2,\'relicWalker\':1}',8,173,0,3,0,13,27,'{\'rally\':21,\'brace\':3,\'focusedShot\':3}','{\'fireburst\':4,\'ward\':5,\'mend\':4}','{\'pikeman\':9,\'archer\':3,\'cavalier\':1}',8,183
14,choke_gap1,baseline,league-heuristic,draw,round-limit,30,1,1,3,11,49,'{\'rally\':30,\'brace\':16,\'focusedShot\':2,\'charge\':1}','{\'fireburst\':4,\'ward\':2,\'mend\':4}','{\'pikeman\':8,\'archer\':3}',7,148,0,4,1,12,55,'{\'rally\':28,\'focusedShot\':14,\'brace\':13}','{\'ward\':2,\'fireburst\':2}','{\'pavise\':3,\'leaguePike\':3,\'coil\':2,\'sapper\':4}',8,189
15,choke_gap1,league-heuristic,baseline,draw,round-limit,30,1,2,3,9,44,'{\'rally\':27,\'focusedShot\':2,\'brace\':15}',{"fireburst":4},'{\'leaguePike\':6,\'coil\':2,\'sapper\':1}',8,182,0,3,2,12,27,'{\'rally\':19,\'focusedShot\':2,\'brace\':4,\'charge\':1,\'secondWind\':1}','{\'ward\':5,\'mend\':3,\'fireburst\':1}','{\'pikeman\':6,\'archer\':5,\'cavalier\':1}',7,181
15,choke_gap1,baseline,league-heuristic,draw,round-limit,30,1,1,1,8,44,'{\'rally\':31,\'brace\':13}','{\'ward\':3,\'mend\':2}','{\'pikeman\':6,\'archer\':1,\'cavalier\':1}',9,215,0,1,1,8,27,'{\'rally\':21,\'brace\':6}','{\'fireburst\':3,\'ward\':4}','{\'pavise\':3,\'leaguePike\':3,\'coil\':1,\'sapper\':1}',9,208
16,choke_gap1,league-heuristic,baseline,draw,round-limit,30,1,4,3,13,42,'{\'rally\':24,\'brace\':12,\'focusedShot\':6}','{\'fireburst\':2,\'mend\':2,\'ward\':2}','{\'leaguePike\':5,\'coil\':7,\'relicWalker\':1}',6,123,0,3,4,12,37,'{\'rally\':25,\'focusedShot\':3,\'brace\':9}','{\'fireburst\':4,\'ward\':4,\'mend\':2}','{\'pikeman\':10,\'archer\':2}',8,156
16,choke_gap1,baseline,league-heuristic,draw,round-limit,30,1,1,1,8,33,'{\'rally\':22,\'brace\':11}','{\'ward\':3,\'mend\':1}','{\'pikeman\':6,\'archer\':2}',7,187,0,1,1,7,33,'{\'rally\':22,\'brace\':11}','{\'fireburst\':1,\'ward\':1}','{\'pavise\':1,\'leaguePike\':4,\'sapper\':1,\'coil\':1}',10,213
17,choke_gap1,league-heuristic,baseline,draw,round-limit,30,1,2,1,10,37,'{\'rally\':28,\'brace\':9}','{\'ward\':3,\'mend\':1}','{\'pavise\':3,\'leaguePike\':4,\'coil\':2,\'relicWalker\':1}',8,204,0,1,2,9,23,'{\'rally\':14,\'focusedShot\':8,\'brace\':1}','{\'ward\':2,\'fireburst\':2,\'mend\':3}','{\'pikeman\':7,\'archer\':2}',8,180
17,choke_gap1,baseline,league-heuristic,draw,round-limit,30,2,3,4,9,35,'{\'rally\':22,\'focusedShot\':1,\'brace\':6,\'charge\':4,\'secondWind\':2}','{\'fireburst\':3,\'mend\':1}','{\'archer\':3,\'pikeman\':6}',6,160,0,4,2,11,43,'{\'rally\':33,\'brace\':10}','{\'fireburst\':2,\'mend\':2,\'ward\':1}','{\'pavise\':7,\'leaguePike\':4}',8,198
18,choke_gap1,league-heuristic,baseline,draw,round-limit,30,2,3,5,10,68,'{\'rally\':48,\'focusedShot\':3,\'brace\':17}','{\'ward\':1,\'fireburst\':1,\'mend\':2}','{\'pavise\':4,\'leaguePike\':3,\'coil\':1,\'sapper\':2}',8,171,0,5,1,17,28,'{\'rally\':21,\'charge\':1,\'focusedShot\':1,\'brace\':5}','{\'ward\':4,\'mend\':4,\'fireburst\':8}','{\'pikeman\':10,\'archer\':7}',7,185
18,choke_gap1,baseline,league-heuristic,draw,round-limit,30,1,2,1,8,24,'{\'rally\':18,\'brace\':6}','{\'fireburst\':4,\'mend\':4,\'ward\':2}','{\'pikeman\':6,\'archer\':2}',7,182,0,2,2,8,38,'{\'rally\':29,\'brace\':9}',{"ward":1},'{\'pavise\':4,\'leaguePike\':3,\'sapper\':1}',8,192
19,choke_gap1,league-heuristic,baseline,draw,round-limit,30,1,0,2,7,43,'{\'rally\':32,\'brace\':11}',{"ward":2},'{\'pavise\':3,\'leaguePike\':3,\'coil\':1}',8,204,0,2,0,11,20,'{\'rally\':12,\'focusedShot\':4,\'brace\':4}','{\'ward\':4,\'fireburst\':2,\'mend\':3}','{\'pikeman\':7,\'archer\':3,\'cavalier\':1}',9,218
19,choke_gap1,baseline,league-heuristic,draw,round-limit,30,1,5,3,12,52,'{\'rally\':31,\'brace\':21}','{\'ward\':4,\'fireburst\':2,\'mend\':3}','{\'archer\':3,\'pikeman\':9}',7,175,0,3,5,11,56,'{\'rally\':30,\'focusedShot\':9,\'brace\':17}',{"fireburst":1},'{\'leaguePike\':5,\'sapper\':1,\'coil\':4,\'pavise\':1}',8,172
20,choke_gap1,league-heuristic,baseline,draw,round-limit,30,1,0,0,7,32,'{\'rally\':22,\'brace\':10}',{"ward":1},'{\'pavise\':3,\'leaguePike\':3,\'coil\':1}',8,196,0,0,0,8,25,'{\'rally\':20,\'brace\':5}','{\'fireburst\':1,\'ward\':2}','{\'pikeman\':6,\'archer\':2}',7,183
20,choke_gap1,baseline,league-heuristic,draw,round-limit,30,0,1,1,8,50,'{\'rally\':23,\'brace\':14,\'focusedShot\':13}','{\'fireburst\':2,\'ward\':3,\'mend\':2}','{\'pikeman\':6,\'archer\':2}',8,176,0,1,1,8,62,'{\'rally\':38,\'focusedShot\':2,\'brace\':22}','{\'fireburst\':3,\'ward\':1}','{\'leaguePike\':4,\'pavise\':3,\'coil\':1}',8,163
21,choke_gap1,league-heuristic,baseline,draw,round-limit,30,1,0,2,7,40,'{\'rally\':27,\'brace\':13}','{\'fireburst\':2,\'mend\':1,\'ward\':1}','{\'leaguePike\':5,\'sapper\':1,\'pavise\':1}',8,175,0,2,0,9,22,'{\'rally\':14,\'charge\':2,\'secondWind\':3,\'brace\':3}','{\'fireburst\':3,\'ward\':2,\'mend\':3}','{\'pikeman\':7,\'cavalier\':1,\'archer\':1}',7,170
21,choke_gap1,baseline,league-heuristic,draw,round-limit,30,1,1,1,13,32,'{\'rally\':28,\'brace\':4}','{\'ward\':6,\'mend\':2}','{\'pikeman\':12,\'archer\':1}',8,200,0,1,1,8,37,'{\'rally\':25,\'brace\':12}','{\'fireburst\':2,\'ward\':2,\'mend\':1}','{\'leaguePike\':5,\'pavise\':2,\'sapper\':1}',7,173
22,choke_gap1,league-heuristic,baseline,draw,round-limit,30,1,0,3,8,52,'{\'rally\':36,\'brace\':12,\'focusedShot\':4}','{\'fireburst\':3,\'ward\':1,\'mend\':1}','{\'pavise\':2,\'leaguePike\':5,\'coil\':1}',7,178,0,3,0,11,35,'{\'rally\':20,\'secondWind\':4,\'brace\':7,\'focusedShot\':4}','{\'ward\':8,\'fireburst\':1}','{\'pikeman\':9,\'cavalier\':1,\'archer\':1}',8,155
22,choke_gap1,baseline,league-heuristic,draw,round-limit,30,1,2,1,9,31,'{\'rally\':22,\'focusedShot\':1,\'brace\':8}','{\'fireburst\':2,\'ward\':2}','{\'archer\':3,\'pikeman\':6}',8,200,0,1,1,7,35,'{\'rally\':24,\'brace\':11}','{\'ward\':3,\'fireburst\':3,\'mend\':1}','{\'leaguePike\':4,\'coil\':2,\'sapper\':1}',10,214
23,choke_gap1,league-heuristic,baseline,draw,round-limit,30,1,2,2,9,54,'{\'rally\':33,\'brace\':21}','{\'fireburst\':2,\'ward\':1}','{\'pavise\':1,\'leaguePike\':3,\'coil\':4,\'sapper\':1}',8,195,0,2,2,9,34,'{\'rally\':22,\'brace\':12}','{\'fireburst\':1,\'ward\':5}','{\'pikeman\':7,\'archer\':2}',8,163
23,choke_gap1,baseline,league-heuristic,draw,round-limit,30,1,3,2,18,35,'{\'rally\':30,\'brace\':4,\'focusedShot\':1}','{\'ward\':7,\'mend\':3,\'fireburst\':1}','{\'archer\':5,\'pikeman\':12,\'cavalier\':1}',8,199,0,2,2,9,48,'{\'rally\':33,\'focusedShot\':2,\'brace\':13}',{"fireburst":2},'{\'pavise\':5,\'leaguePike\':3,\'coil\':1}',7,167
24,choke_gap1,league-heuristic,baseline,draw,round-limit,30,1,0,1,7,39,'{\'rally\':27,\'brace\':12}','{\'fireburst\':3,\'ward\':1}','{\'pavise\':4,\'leaguePike\':3}',8,197,0,1,0,9,21,'{\'rally\':16,\'secondWind\':3,\'brace\':2}','{\'ward\':5,\'fireburst\':1,\'mend\':2}','{\'pikeman\':6,\'cavalier\':1,\'archer\':2}',8,190
24,choke_gap1,baseline,league-heuristic,draw,round-limit,30,2,4,2,11,38,'{\'rally\':25,\'brace\':13}','{\'fireburst\':3,\'mend\':2,\'ward\':2}','{\'archer\':1,\'pikeman\':9,\'cavalier\':1}',8,181,0,2,4,9,44,'{\'rally\':26,\'focusedShot\':9,\'brace\':9}','{\'fireburst\':2,\'ward\':2,\'mend\':1}','{\'leaguePike\':2,\'pavise\':3,\'sapper\':1,\'coil\':3}',7,169
25,choke_gap1,league-heuristic,baseline,draw,round-limit,30,0,0,2,7,48,'{\'rally\':34,\'brace\':13,\'focusedShot\':1}','{\'fireburst\':1,\'mend\':1}','{\'leaguePike\':5,\'pavise\':1,\'sapper\':1}',8,175,0,2,0,10,18,'{\'rally\':17,\'focusedShot\':1}','{\'ward\':4,\'fireburst\':3,\'mend\':1}','{\'pikeman\':7,\'archer\':3}',8,196
25,choke_gap1,baseline,league-heuristic,draw,round-limit,30,2,1,3,8,44,'{\'rally\':28,\'brace\':12,\'focusedShot\':2,\'charge\':1,\'secondWind\':1}','{\'ward\':1,\'fireburst\':1}','{\'pikeman\':6,\'cavalier\':1,\'archer\':1}',9,185,0,3,1,10,56,'{\'rally\':34,\'focusedShot\':2,\'brace\':20}','{\'mend\':1,\'ward\':2}','{\'pavise\':4,\'leaguePike\':3,\'coil\':2,\'relicWalker\':1}',9,204
26,choke_gap1,league-heuristic,baseline,draw,round-limit,30,0,0,2,7,49,'{\'rally\':34,\'brace\':15}',{"fireburst":2},'{\'leaguePike\':3,\'pavise\':4}',8,211,0,2,0,10,17,'{\'rally\':16,\'secondWind\':1}','{\'ward\':7,\'mend\':3,\'fireburst\':3}','{\'pikeman\':7,\'archer\':3}',8,197
26,choke_gap1,baseline,league-heuristic,draw,round-limit,30,1,1,3,9,61,'{\'rally\':38,\'brace\':17,\'focusedShot\':6}','{\'mend\':4,\'ward\':3,\'fireburst\':1}','{\'pikeman\':6,\'archer\':3}',8,178,0,3,1,9,69,'{\'rally\':41,\'focusedShot\':5,\'brace\':23}','{\'fireburst\':4,\'mend\':2}','{\'leaguePike\':6,\'sapper\':1,\'coil\':1,\'pavise\':1}',8,158
27,choke_gap1,league-heuristic,baseline,draw,round-limit,30,2,0,1,6,31,'{\'rally\':21,\'brace\':10}','{\'fireburst\':2,\'ward\':1,\'mend\':3}','{\'leaguePike\':2,\'pavise\':1,\'sapper\':2,\'coil\':1}',9,192,0,1,0,9,24,'{\'rally\':17,\'focusedShot\':1,\'secondWind\':1,\'brace\':5}','{\'ward\':2,\'fireburst\':1,\'mend\':3}','{\'pikeman\':5,\'archer\':3,\'cavalier\':1}',8,186
27,choke_gap1,baseline,league-heuristic,draw,round-limit,30,1,1,1,8,41,'{\'rally\':29,\'brace\':10,\'charge\':1,\'secondWind\':1}','{\'fireburst\':7,\'ward\':3,\'mend\':3}','{\'pikeman\':6,\'archer\':1,\'cavalier\':1}',9,212,0,3,1,13,50,'{\'rally\':36,\'brace\':14}',{"fireburst":4},'{\'pavise\':9,\'leaguePike\':1,\'sapper\':1,\'coil\':1,\'relicWalker\':1}',8,192
28,choke_gap1,league-heuristic,baseline,draw,round-limit,30,1,3,3,11,57,'{\'rally\':43,\'brace\':14}','{\'fireburst\':1,\'mend\':1,\'ward\':2}','{\'pavise\':6,\'leaguePike\':3,\'sapper\':1,\'coil\':1}',7,186,0,3,3,9,47,'{\'rally\':24,\'charge\':1,\'secondWind\':1,\'focusedShot\':9,\'brace\':12}','{\'fireburst\':1,\'ward\':3,\'mend\':3}','{\'pikeman\':7,\'cavalier\':2}',8,147
28,choke_gap1,baseline,league-heuristic,draw,round-limit,30,1,2,4,9,38,'{\'rally\':25,\'focusedShot\':3,\'brace\':8,\'secondWind\':2}',{"ward":2},'{\'archer\':2,\'pikeman\':6,\'cavalier\':1}',7,179,0,4,2,11,38,'{\'rally\':25,\'focusedShot\':2,\'brace\':11}','{\'ward\':1,\'fireburst\':1}','{\'pavise\':4,\'leaguePike\':4,\'coil\':2,\'sapper\':1}',9,205
29,choke_gap1,league-heuristic,baseline,draw,round-limit,30,1,0,5,7,66,'{\'rally\':38,\'brace\':19,\'focusedShot\':9}','{\'ward\':4,\'fireburst\':1,\'mend\':3}','{\'pavise\':4,\'leaguePike\':1,\'relicWalker\':1,\'coil\':1}',8,206,0,5,0,15,34,'{\'rally\':22,\'charge\':1,\'focusedShot\':1,\'brace\':8,\'secondWind\':2}','{\'fireburst\':5,\'mend\':3,\'ward\':2}','{\'pikeman\':9,\'archer\':4,\'cavalier\':2}',7,162
29,choke_gap1,baseline,league-heuristic,draw,round-limit,30,0,1,1,7,33,'{\'rally\':22,\'brace\':10,\'charge\':1}','{\'fireburst\':8,\'mend\':2,\'ward\':2}','{\'pikeman\':6,\'archer\':1}',8,199,0,3,1,11,48,'{\'rally\':34,\'brace\':14}','{\'ward\':1,\'mend\':1}','{\'pavise\':4,\'leaguePike\':2,\'sapper\':4,\'relicWalker\':1}',8,201
30,choke_gap1,league-heuristic,baseline,draw,round-limit,30,1,0,0,7,56,'{\'rally\':40,\'brace\':16}','{\'ward\':3,\'mend\':1}','{\'pavise\':4,\'leaguePike\':3}',8,203,0,0,0,7,25,'{\'rally\':20,\'brace\':5}','{\'fireburst\':8,\'ward\':1}',{"pikeman":7},8,198
30,choke_gap1,baseline,league-heuristic,draw,round-limit,30,1,2,1,10,34,'{\'rally\':23,\'brace\':11}','{\'ward\':2,\'fireburst\':5,\'mend\':1}','{\'archer\':3,\'pikeman\':7}',8,206,0,3,2,9,54,'{\'rally\':36,\'brace\':18}','{\'ward\':5,\'mend\':2}','{\'leaguePike\':4,\'pavise\':2,\'sapper\':1,\'relicWalker\':1,\'coil\':1}',8,193
31,choke_gap1,league-heuristic,baseline,draw,round-limit,30,1,1,1,9,54,'{\'rally\':38,\'brace\':16}','{\'ward\':4,\'mend\':1}','{\'pavise\':6,\'leaguePike\':2,\'sapper\':1}',8,191,0,1,1,8,38,'{\'rally\':17,\'focusedShot\':12,\'brace\':9}','{\'fireburst\':3,\'mend\':5,\'ward\':1}','{\'pikeman\':7,\'cavalier\':1}',9,220
31,choke_gap1,baseline,league-heuristic,draw,round-limit,30,1,3,3,11,42,'{\'rally\':28,\'brace\':13,\'focusedShot\':1}','{\'fireburst\':5,\'mend\':1,\'ward\':4}','{\'archer\':3,\'pikeman\':8}',8,206,0,5,3,11,63,'{\'rally\':36,\'focusedShot\':9,\'brace\':18}',{},'{\'leaguePike\':4,\'pavise\':2,\'coil\':2,\'sapper\':1,\'relicWalker\':2}',8,214
32,choke_gap1,league-heuristic,baseline,draw,round-limit,30,1,2,2,11,47,'{\'rally\':34,\'brace\':13}','{\'ward\':1,\'mend\':1}','{\'pavise\':2,\'leaguePike\':5,\'coil\':4}',7,173,0,2,2,8,17,'{\'rally\':12,\'focusedShot\':4,\'brace\':1}','{\'fireburst\':4,\'mend\':1}','{\'pikeman\':7,\'cavalier\':1}',8,190
32,choke_gap1,baseline,league-heuristic,draw,round-limit,30,2,2,2,9,35,'{\'rally\':25,\'brace\':10}',{"fireburst":3},'{\'pikeman\':7,\'archer\':1,\'cavalier\':1}',9,218,0,2,2,8,45,'{\'rally\':27,\'focusedShot\':6,\'brace\':12}','{\'fireburst\':2,\'ward\':1}','{\'pavise\':6,\'coil\':1,\'leaguePike\':1}',8,194
33,choke_gap1,league-heuristic,baseline,draw,round-limit,30,1,0,2,7,39,'{\'rally\':26,\'brace\':13}',{"ward":1},'{\'pavise\':3,\'leaguePike\':3,\'coil\':1}',8,196,0,2,0,9,21,'{\'rally\':17,\'charge\':1,\'secondWind\':1,\'brace\':2}',{"fireburst":1},'{\'pikeman\':7,\'cavalier\':1,\'archer\':1}',7,179
33,choke_gap1,baseline,league-heuristic,draw,round-limit,30,1,1,1,8,33,'{\'rally\':22,\'brace\':11}','{\'mend\':2,\'ward\':1}','{\'pikeman\':6,\'archer\':1,\'cavalier\':1}',9,213,0,1,1,7,28,'{\'rally\':23,\'brace\':5}',{"fireburst":2},'{\'leaguePike\':4,\'coil\':2,\'pavise\':1}',10,222
34,choke_gap1,league-heuristic,baseline,draw,round-limit,30,1,2,2,9,50,'{\'rally\':33,\'brace\':17}','{\'fireburst\':1,\'mend\':2}','{\'leaguePike\':4,\'pavise\':3,\'sapper\':1,\'coil\':1}',7,179,0,2,2,9,42,'{\'rally\':20,\'charge\':3,\'secondWind\':4,\'focusedShot\':5,\'brace\':10}','{\'fireburst\':3,\'ward\':2,\'mend\':1}','{\'pikeman\':7,\'cavalier\':1,\'archer\':1}',7,149
34,choke_gap1,baseline,league-heuristic,draw,round-limit,30,2,2,3,8,40,'{\'rally\':27,\'brace\':10,\'focusedShot\':3}','{\'ward\':1,\'fireburst\':1,\'mend\':3}','{\'pikeman\':6,\'archer\':1,\'cavalier\':1}',9,200,0,3,2,11,41,'{\'rally\':30,\'brace\':6,\'focusedShot\':5}','{\'fireburst\':2,\'ward\':1,\'mend\':1}','{\'pavise\':6,\'leaguePike\':3,\'coil\':1,\'relicWalker\':1}',8,199
35,choke_gap1,league-heuristic,baseline,draw,round-limit,30,1,0,2,7,46,'{\'rally\':30,\'brace\':16}','{\'ward\':1,\'mend\':1}','{\'pavise\':3,\'leaguePike\':3,\'coil\':1}',8,192,0,2,0,10,16,'{\'rally\':13,\'charge\':1,\'brace\':2}','{\'fireburst\':3,\'ward\':6}','{\'pikeman\':7,\'archer\':3}',8,195
35,choke_gap1,baseline,league-heuristic,draw,round-limit,30,1,1,0,8,35,'{\'rally\':22,\'brace\':13}','{\'fireburst\':2,\'mend\':2}','{\'archer\':3,\'pikeman\':4,\'cavalier\':1}',7,168,0,0,1,7,38,'{\'rally\':26,\'brace\':12}','{\'fireburst\':4,\'mend\':1,\'ward\':1}','{\'pavise\':2,\'leaguePike\':4,\'coil\':1}',8,185
36,choke_gap1,league-heuristic,baseline,draw,round-limit,30,1,1,3,9,39,'{\'rally\':28,\'brace\':11}','{\'fireburst\':2,\'mend\':2,\'ward\':2}','{\'leaguePike\':4,\'pavise\':2,\'sapper\':2,\'coil\':1}',7,173,0,3,1,10,22,'{\'rally\':15,\'charge\':3,\'secondWind\':1,\'focusedShot\':1,\'brace\':2}','{\'ward\':3,\'mend\':3,\'fireburst\':2}','{\'cavalier\':2,\'pikeman\':7,\'archer\':1}',7,182
36,choke_gap1,baseline,league-heuristic,draw,round-limit,30,1,2,6,8,47,'{\'rally\':26,\'brace\':11,\'focusedShot\':10}','{\'fireburst\':4,\'ward\':7,\'mend\':2}','{\'pikeman\':6,\'archer\':2}',8,169,0,6,2,12,54,'{\'rally\':34,\'focusedShot\':7,\'brace\':13}','{\'ward\':1,\'mend\':2}','{\'pavise\':6,\'leaguePike\':3,\'coil\':2,\'relicWalker\':1}',8,187
37,choke_gap1,league-heuristic,baseline,draw,round-limit,30,1,0,1,7,48,'{\'rally\':35,\'brace\':13}','{\'ward\':1,\'fireburst\':1}','{\'pavise\':4,\'leaguePike\':3}',8,205,0,1,0,8,21,'{\'rally\':14,\'brace\':7}','{\'fireburst\':4,\'ward\':3,\'mend\':1}','{\'pikeman\':5,\'archer\':3}',7,170
37,choke_gap1,baseline,league-heuristic,draw,round-limit,30,1,1,1,8,37,'{\'rally\':24,\'brace\':13}',{"fireburst":1},'{\'pikeman\':6,\'archer\':1,\'cavalier\':1}',9,220,0,1,1,8,28,'{\'rally\':23,\'brace\':5}',{"fireburst":1},'{\'pavise\':3,\'leaguePike\':3,\'sapper\':1,\'coil\':1}',9,211
38,choke_gap1,league-heuristic,baseline,draw,round-limit,30,1,0,2,6,37,'{\'rally\':26,\'brace\':11}','{\'fireburst\':1,\'ward\':2}','{\'leaguePike\':3,\'pavise\':1,\'sapper\':2}',9,200,0,2,0,10,15,'{\'rally\':13,\'focusedShot\':1,\'brace\':1}','{\'ward\':2,\'fireburst\':2,\'mend\':1}','{\'pikeman\':6,\'archer\':3,\'cavalier\':1}',8,191
38,choke_gap1,baseline,league-heuristic,draw,round-limit,30,1,1,1,8,57,'{\'rally\':33,\'brace\':21,\'charge\':1,\'secondWind\':2}','{\'mend\':4,\'fireburst\':2}','{\'pikeman\':6,\'archer\':1,\'cavalier\':1}',8,179,0,1,1,9,44,'{\'rally\':35,\'focusedShot\':3,\'brace\':6}','{\'fireburst\':2,\'ward\':3,\'mend\':1}','{\'pavise\':3,\'coil\':4,\'leaguePike\':2}',7,155
39,choke_gap1,league-heuristic,baseline,draw,round-limit,30,1,4,3,14,58,'{\'rally\':38,\'brace\':16,\'focusedShot\':4}','{\'mend\':1,\'ward\':1}','{\'pavise\':4,\'leaguePike\':6,\'coil\':4}',8,182,0,3,4,11,41,'{\'rally\':19,\'charge\':2,\'secondWind\':3,\'focusedShot\':9,\'brace\':8}','{\'fireburst\':4,\'ward\':2,\'mend\':2}','{\'pikeman\':7,\'archer\':3,\'cavalier\':1}',8,162
39,choke_gap1,baseline,league-heuristic,draw,round-limit,30,2,2,3,11,62,'{\'rally\':34,\'focusedShot\':4,\'brace\':18,\'charge\':5,\'secondWind\':1}','{\'ward\':1,\'mend\':4}','{\'archer\':4,\'pikeman\':6,\'cavalier\':1}',9,210,0,3,2,10,62,'{\'rally\':41,\'focusedShot\':4,\'brace\':17}','{\'ward\':1,\'mend\':1}','{\'pavise\':7,\'leaguePike\':1,\'coil\':2}',9,200
40,choke_gap1,league-heuristic,baseline,draw,round-limit,30,2,1,3,10,53,'{\'rally\':36,\'brace\':16,\'focusedShot\':1}','{\'fireburst\':2,\'mend\':2}','{\'leaguePike\':4,\'pavise\':3,\'sapper\':1,\'coil\':2}',8,181,0,3,1,10,33,'{\'rally\':17,\'secondWind\':4,\'charge\':2,\'focusedShot\':7,\'brace\':3}','{\'ward\':7,\'fireburst\':3,\'mend\':1}','{\'cavalier\':1,\'pikeman\':6,\'archer\':3}',7,169
40,choke_gap1,baseline,league-heuristic,draw,round-limit,30,1,1,2,8,35,'{\'rally\':25,\'brace\':10}','{\'ward\':7,\'fireburst\':3,\'mend\':1}','{\'pikeman\':7,\'archer\':1}',8,184,0,2,1,8,44,'{\'rally\':27,\'focusedShot\':6,\'brace\':11}','{\'ward\':1,\'fireburst\':1,\'mend\':1}','{\'pavise\':5,\'leaguePike\':1,\'coil\':2}',8,164
41,choke_gap1,league-heuristic,baseline,draw,round-limit,30,1,0,2,6,53,'{\'rally\':34,\'brace\':18,\'focusedShot\':1}','{\'ward\':1,\'fireburst\':2}','{\'leaguePike\':3,\'pavise\':1,\'coil\':2}',9,195,0,2,0,9,22,'{\'rally\':20,\'charge\':1,\'secondWind\':1}','{\'fireburst\':4,\'ward\':3,\'mend\':3}','{\'pikeman\':7,\'archer\':2}',7,178
41,choke_gap1,baseline,league-heuristic,draw,round-limit,30,2,2,3,11,47,'{\'rally\':24,\'brace\':10,\'charge\':5,\'secondWind\':4,\'focusedShot\':4}','{\'fireburst\':2,\'mend\':3,\'ward\':1}','{\'pikeman\':8,\'cavalier\':1,\'archer\':2}',7,154,0,3,2,11,50,'{\'rally\':27,\'focusedShot\':12,\'brace\':11}','{\'ward\':1,\'mend\':4,\'fireburst\':1}','{\'pavise\':6,\'leaguePike\':2,\'sapper\':1,\'coil\':2}',8,181
42,choke_gap1,league-heuristic,baseline,draw,round-limit,30,1,4,4,10,69,'{\'rally\':45,\'brace\':18,\'focusedShot\':6}',{"ward":3},'{\'leaguePike\':4,\'pavise\':4,\'coil\':1,\'sapper\':1}',5,124,0,4,3,13,24,'{\'rally\':16,\'charge\':1,\'secondWind\':1,\'brace\':5,\'focusedShot\':1}','{\'fireburst\':8,\'ward\':6,\'mend\':7}','{\'archer\':2,\'pikeman\':10,\'cavalier\':1}',8,201
42,choke_gap1,baseline,league-heuristic,draw,round-limit,30,1,4,2,12,65,'{\'rally\':36,\'brace\':25,\'focusedShot\':1,\'secondWind\':2,\'charge\':1}','{\'fireburst\':4,\'ward\':6,\'mend\':4}','{\'pikeman\':9,\'archer\':1,\'cavalier\':2}',8,189,0,2,4,8,65,'{\'rally\':34,\'focusedShot\':15,\'brace\':16}',{"ward":2},'{\'pavise\':6,\'leaguePike\':1,\'coil\':1}',7,138
43,choke_gap1,league-heuristic,baseline,draw,round-limit,30,1,0,0,7,39,'{\'rally\':30,\'brace\':9}','{\'fireburst\':1,\'mend\':1}','{\'pavise\':4,\'leaguePike\':2,\'sapper\':1}',8,195,0,0,0,8,23,'{\'rally\':20,\'brace\':3}','{\'fireburst\':4,\'ward\':3}','{\'pikeman\':6,\'archer\':2}',7,164
43,choke_gap1,baseline,league-heuristic,draw,round-limit,30,1,3,2,10,32,'{\'rally\':23,\'brace\':7,\'focusedShot\':1,\'charge\':1}','{\'fireburst\':3,\'ward\':3}','{\'archer\':3,\'pikeman\':7}',7,150,0,3,3,9,43,'{\'rally\':29,\'brace\':9,\'focusedShot\':5}','{\'fireburst\':3,\'ward\':3,\'mend\':1}','{\'pavise\':4,\'leaguePike\':3,\'coil\':1,\'sapper\':1}',8,203
44,choke_gap1,league-heuristic,baseline,draw,round-limit,30,1,5,1,11,53,'{\'rally\':34,\'brace\':17,\'focusedShot\':2}',{"fireburst":1},'{\'pavise\':3,\'leaguePike\':4,\'coil\':1,\'relicWalker\':2,\'sapper\':1}',9,217,0,1,5,9,43,'{\'rally\':19,\'focusedShot\':14,\'brace\':10}','{\'fireburst\':4,\'ward\':3,\'mend\':2}','{\'pikeman\':7,\'archer\':2}',8,188
44,choke_gap1,baseline,league-heuristic,draw,round-limit,30,2,3,5,9,49,'{\'rally\':28,\'brace\':13,\'focusedShot\':8}','{\'ward\':5,\'mend\':4}','{\'archer\':1,\'pikeman\':7,\'cavalier\':1}',9,212,0,5,3,17,48,'{\'rally\':31,\'focusedShot\':8,\'brace\':9}','{\'fireburst\':1,\'ward\':1,\'mend\':2}','{\'pavise\':10,\'leaguePike\':2,\'sapper\':2,\'relicWalker\':1,\'coil\':2}',8,193
45,choke_gap1,league-heuristic,baseline,draw,round-limit,30,0,0,0,8,36,'{\'rally\':26,\'brace\':10}','{\'fireburst\':1,\'ward\':6}','{\'leaguePike\':4,\'pavise\':2,\'sapper\':1,\'coil\':1}',7,177,0,0,0,7,33,'{\'rally\':18,\'focusedShot\':2,\'brace\':13}',{"fireburst":1},'{\'pikeman\':4,\'cavalier\':1,\'archer\':2}',8,180
45,choke_gap1,baseline,league-heuristic,draw,round-limit,30,1,2,1,8,67,'{\'rally\':37,\'brace\':19,\'focusedShot\':11}','{\'fireburst\':3,\'ward\':6,\'mend\':2}','{\'pikeman\':6,\'cavalier\':1,\'archer\':1}',9,223,0,1,2,7,76,'{\'rally\':41,\'focusedShot\':8,\'brace\':27}','{\'fireburst\':1,\'mend\':1}','{\'leaguePike\':1,\'pavise\':4,\'sapper\':1,\'coil\':1}',9,161
46,choke_gap1,league-heuristic,baseline,draw,round-limit,30,2,2,3,9,76,'{\'rally\':44,\'brace\':25,\'focusedShot\':7}','{\'fireburst\':1,\'mend\':3}','{\'pavise\':3,\'leaguePike\':3,\'coil\':3}',8,172,0,3,1,10,51,'{\'rally\':31,\'focusedShot\':2,\'charge\':2,\'secondWind\':1,\'brace\':15}','{\'fireburst\':5,\'ward\':3,\'mend\':1}','{\'pikeman\':7,\'archer\':3}',7,139
46,choke_gap1,baseline,league-heuristic,draw,round-limit,30,1,5,2,12,54,'{\'rally\':27,\'brace\':16,\'focusedShot\':11}','{\'ward\':2,\'fireburst\':3,\'mend\':1}','{\'archer\':1,\'pikeman\':10,\'cavalier\':1}',9,211,0,2,5,9,54,'{\'rally\':29,\'focusedShot\':11,\'brace\':14}','{\'fireburst\':1,\'mend\':3}','{\'pavise\':4,\'leaguePike\':3,\'coil\':1,\'relicWalker\':1}',9,190
47,choke_gap1,league-heuristic,baseline,draw,round-limit,30,1,3,4,11,72,'{\'rally\':45,\'brace\':26,\'focusedShot\':1}','{\'fireburst\':3,\'ward\':1}','{\'leaguePike\':6,\'coil\':3,\'relicWalker\':1,\'sapper\':1}',9,163,0,4,2,10,41,'{\'rally\':18,\'charge\':4,\'focusedShot\':3,\'secondWind\':8,\'brace\':8}','{\'fireburst\':8,\'ward\':5,\'mend\':4}','{\'pikeman\':5,\'cavalier\':2,\'archer\':3}',6,131
47,choke_gap1,baseline,league-heuristic,draw,round-limit,30,1,1,2,8,38,'{\'rally\':23,\'brace\':10,\'focusedShot\':4,\'charge\':1}','{\'fireburst\':3,\'ward\':4,\'mend\':3}','{\'pikeman\':6,\'archer\':1,\'cavalier\':1}',9,221,0,2,1,7,32,'{\'rally\':22,\'brace\':10}','{\'ward\':3,\'mend\':2}','{\'pavise\':2,\'leaguePike\':2,\'sapper\':1,\'coil\':2}',7,97
48,choke_gap1,league-heuristic,baseline,draw,round-limit,30,2,0,1,7,40,'{\'rally\':29,\'brace\':11}','{\'ward\':1,\'fireburst\':2}','{\'pavise\':1,\'leaguePike\':5,\'sapper\':1}',8,190,0,1,0,8,23,'{\'rally\':18,\'charge\':1,\'secondWind\':1,\'brace\':3}','{\'fireburst\':3,\'ward\':3,\'mend\':1}','{\'pikeman\':7,\'archer\':1}',7,171
48,choke_gap1,baseline,league-heuristic,draw,round-limit,30,1,6,5,17,56,'{\'rally\':36,\'brace\':10,\'focusedShot\':9,\'charge\':1}','{\'fireburst\':4,\'ward\':6,\'mend\':6}','{\'archer\':2,\'pikeman\':15}',7,154,0,5,6,14,79,'{\'rally\':45,\'focusedShot\':16,\'brace\':18}','{\'fireburst\':1,\'ward\':1,\'mend\':2}','{\'leaguePike\':6,\'pavise\':5,\'sapper\':1,\'coil\':2}',7,157
49,choke_gap1,league-heuristic,baseline,draw,round-limit,30,1,4,3,12,74,'{\'rally\':49,\'focusedShot\':1,\'brace\':24}','{\'fireburst\':1,\'mend\':2,\'ward\':1}','{\'leaguePike\':5,\'pavise\':2,\'coil\':4,\'sapper\':1}',7,170,0,3,4,13,40,'{\'rally\':26,\'focusedShot\':4,\'brace\':10}','{\'ward\':5,\'fireburst\':6,\'mend\':3}','{\'pikeman\':6,\'archer\':6,\'cavalier\':1}',8,186
49,choke_gap1,baseline,league-heuristic,draw,round-limit,30,1,2,1,9,34,'{\'rally\':23,\'brace\':11}','{\'fireburst\':2,\'ward\':2,\'mend\':1}','{\'pikeman\':6,\'archer\':3}',8,200,0,1,2,8,36,'{\'rally\':29,\'brace\':7}','{\'fireburst\':1,\'ward\':1,\'mend\':1}','{\'pavise\':3,\'leaguePike\':4,\'coil\':1}',9,207
50,choke_gap1,league-heuristic,baseline,draw,round-limit,30,1,0,1,8,43,'{\'rally\':30,\'brace\':13}','{\'ward\':2,\'fireburst\':2,\'mend\':1}','{\'pavise\':5,\'leaguePike\':2,\'sapper\':1}',7,181,0,1,0,9,22,'{\'rally\':16,\'brace\':6}','{\'fireburst\':4,\'ward\':7,\'mend\':2}','{\'pikeman\':7,\'archer\':2}',8,188
50,choke_gap1,baseline,league-heuristic,draw,round-limit,30,1,1,1,8,28,'{\'rally\':20,\'focusedShot\':2,\'brace\':6}','{\'fireburst\':2,\'ward\':4,\'mend\':2}','{\'archer\':3,\'pikeman\':5}',7,182,0,1,1,8,37,'{\'rally\':25,\'brace\':12}',{"ward":2},'{\'pavise\':3,\'leaguePike\':2,\'sapper\':1,\'coil\':2}',9,181
51,choke_gap1,league-heuristic,baseline,draw,round-limit,30,2,0,0,7,36,'{\'rally\':26,\'brace\':10}','{\'fireburst\':3,\'ward\':1,\'mend\':1}','{\'leaguePike\':4,\'sapper\':1,\'pavise\':1,\'coil\':1}',8,198,0,0,0,8,26,'{\'rally\':20,\'brace\':6}','{\'ward\':2,\'mend\':1,\'fireburst\':1}','{\'pikeman\':5,\'archer\':2,\'cavalier\':1}',7,157
51,choke_gap1,baseline,league-heuristic,draw,round-limit,30,0,1,3,7,38,'{\'rally\':24,\'charge\':1,\'brace\':10,\'focusedShot\':2,\'secondWind\':1}','{\'fireburst\':5,\'ward\':3,\'mend\':3}','{\'pikeman\':6,\'archer\':1}',8,185,0,5,1,13,43,'{\'rally\':31,\'brace\':12}','{\'fireburst\':2,\'ward\':1}','{\'pavise\':5,\'leaguePike\':4,\'sapper\':2,\'relicWalker\':1,\'coil\':1}',8,184
52,choke_gap1,league-heuristic,baseline,draw,round-limit,30,1,0,2,7,49,'{\'rally\':27,\'brace\':11,\'focusedShot\':11}','{\'fireburst\':1,\'ward\':2,\'mend\':2}','{\'pavise\':2,\'leaguePike\':2,\'coil\':2,\'sapper\':1}',8,178,0,2,0,9,21,'{\'rally\':13,\'charge\':1,\'secondWind\':1,\'brace\':6}','{\'ward\':3,\'fireburst\':2,\'mend\':10}','{\'pikeman\':6,\'archer\':2,\'cavalier\':1}',7,170
52,choke_gap1,baseline,league-heuristic,draw,round-limit,30,1,1,1,8,34,'{\'rally\':24,\'brace\':10}','{\'fireburst\':4,\'mend\':1,\'ward\':5}','{\'pikeman\':6,\'archer\':1,\'cavalier\':1}',9,214,0,1,1,8,37,'{\'rally\':27,\'brace\':10}','{\'fireburst\':2,\'mend\':1}','{\'leaguePike\':2,\'pavise\':3,\'coil\':2,\'relicWalker\':1}',9,192
53,choke_gap1,league-heuristic,baseline,draw,round-limit,30,2,2,3,10,62,'{\'rally\':42,\'brace\':18,\'focusedShot\':2}','{\'fireburst\':2,\'ward\':4,\'mend\':4}','{\'leaguePike\':5,\'pavise\':3,\'coil\':1,\'relicWalker\':1}',8,191,0,3,2,15,24,'{\'rally\':12,\'charge\':2,\'secondWind\':3,\'brace\':5,\'focusedShot\':2}','{\'fireburst\':3,\'ward\':9,\'mend\':6}','{\'pikeman\':3,\'archer\':10,\'cavalier\':2}',6,164
53,choke_gap1,baseline,league-heuristic,draw,round-limit,30,2,2,5,11,37,'{\'rally\':24,\'brace\':7,\'charge\':4,\'secondWind\':2}','{\'fireburst\':7,\'mend\':7,\'ward\':4}','{\'pikeman\':9,\'cavalier\':1,\'archer\':1}',7,156,0,7,2,13,54,'{\'rally\':34,\'focusedShot\':7,\'brace\':13}','{\'fireburst\':1,\'ward\':6}','{\'pavise\':3,\'leaguePike\':2,\'sapper\':2,\'coil\':4,\'relicWalker\':2}',8,170
54,choke_gap1,league-heuristic,baseline,draw,round-limit,30,1,0,1,8,51,'{\'rally\':37,\'brace\':14}',{"ward":2},'{\'pavise\':2,\'leaguePike\':4,\'coil\':2}',7,171,0,1,0,8,15,'{\'rally\':12,\'brace\':3}','{\'fireburst\':5,\'ward\':1,\'mend\':1}','{\'pikeman\':5,\'cavalier\':1,\'archer\':2}',7,161
54,choke_gap1,baseline,league-heuristic,draw,round-limit,30,2,3,4,9,35,'{\'rally\':25,\'brace\':8,\'focusedShot\':2}','{\'fireburst\':2,\'mend\':1}','{\'pikeman\':7,\'cavalier\':1,\'archer\':1}',9,205,0,4,3,11,38,'{\'rally\':25,\'brace\':10,\'focusedShot\':3}','{\'fireburst\':2,\'ward\':2,\'mend\':1}','{\'pavise\':6,\'coil\':4,\'sapper\':1}',7,175
55,choke_gap1,league-heuristic,baseline,draw,round-limit,30,1,0,2,7,44,'{\'rally\':26,\'brace\':17,\'focusedShot\':1}','{\'fireburst\':2,\'ward\':1}','{\'leaguePike\':5,\'coil\':2}',8,187,0,2,0,9,23,'{\'rally\':14,\'charge\':1,\'brace\':8}','{\'ward\':5,\'mend\':3}','{\'pikeman\':4,\'archer\':3,\'cavalier\':2}',9,210
55,choke_gap1,baseline,league-heuristic,draw,round-limit,30,2,2,3,8,47,'{\'rally\':33,\'brace\':12,\'secondWind\':2}','{\'fireburst\':1,\'ward\':1,\'mend\':1}','{\'pikeman\':6,\'cavalier\':1,\'archer\':1}',8,185,1,3,2,13,54,'{\'rally\':37,\'focusedShot\':3,\'brace\':14}',{"fireburst":1},'{\'leaguePike\':2,\'pavise\':4,\'coil\':7}',7,174
56,choke_gap1,league-heuristic,baseline,draw,round-limit,30,1,2,6,9,37,'{\'rally\':23,\'brace\':10,\'focusedShot\':4}','{\'fireburst\':4,\'ward\':5,\'mend\':1}','{\'leaguePike\':3,\'sapper\':3,\'pavise\':2,\'relicWalker\':1}',8,211,0,6,2,15,21,'{\'rally\':15,\'charge\':1,\'secondWind\':2,\'focusedShot\':1,\'brace\':2}','{\'fireburst\':1,\'ward\':2,\'mend\':5}','{\'pikeman\':9,\'cavalier\':3,\'archer\':3}',7,173
56,choke_gap1,baseline,league-heuristic,draw,round-limit,30,1,1,1,8,35,'{\'rally\':22,\'brace\':12,\'charge\':1}','{\'fireburst\':5,\'mend\':3,\'ward\':1}','{\'pikeman\':6,\'archer\':1,\'cavalier\':1}',9,224,0,2,1,8,47,'{\'rally\':30,\'brace\':17}','{\'fireburst\':1,\'ward\':1}','{\'pavise\':4,\'leaguePike\':1,\'sapper\':1,\'relicWalker\':1,\'coil\':1}',10,234
57,choke_gap1,league-heuristic,baseline,draw,round-limit,30,1,1,1,8,62,'{\'rally\':41,\'focusedShot\':1,\'brace\':20}','{\'fireburst\':2,\'ward\':4}','{\'pavise\':3,\'leaguePike\':3,\'sapper\':1,\'coil\':1}',8,188,0,1,0,9,30,'{\'rally\':23,\'charge\':1,\'brace\':6}','{\'fireburst\':7,\'ward\':3}','{\'pikeman\':7,\'archer\':1,\'cavalier\':1}',7,169
57,choke_gap1,baseline,league-heuristic,draw,round-limit,30,2,4,2,14,30,'{\'rally\':23,\'brace\':4,\'charge\':2,\'secondWind\':1}','{\'fireburst\':2,\'ward\':4,\'mend\':2}','{\'pikeman\':12,\'cavalier\':2}',7,190,0,2,4,10,39,'{\'rally\':24,\'focusedShot\':8,\'brace\':7}','{\'ward\':4,\'fireburst\':1,\'mend\':1}','{\'pavise\':6,\'leaguePike\':3,\'coil\':1}',8,195
58,choke_gap1,league-heuristic,baseline,draw,round-limit,30,0,0,1,7,37,'{\'rally\':27,\'brace\':10}','{\'fireburst\':1,\'ward\':2}','{\'leaguePike\':3,\'pavise\':3,\'sapper\':1}',8,202,0,1,0,9,22,'{\'rally\':15,\'brace\':7}','{\'ward\':3,\'fireburst\':2,\'mend\':1}','{\'pikeman\':7,\'archer\':2}',8,195
58,choke_gap1,baseline,league-heuristic,draw,round-limit,30,1,1,1,8,21,'{\'rally\':15,\'brace\':6}','{\'fireburst\':6,\'ward\':2,\'mend\':4}','{\'pikeman\':6,\'archer\':1,\'cavalier\':1}',9,219,0,1,1,7,47,'{\'rally\':35,\'brace\':12}','{\'ward\':1,\'mend\':1}','{\'pavise\':4,\'leaguePike\':1,\'coil\':2}',10,211
59,choke_gap1,league-heuristic,baseline,draw,round-limit,30,1,2,5,9,61,'{\'rally\':36,\'brace\':17,\'focusedShot\':8}','{\'fireburst\':1,\'ward\':3}','{\'leaguePike\':2,\'pavise\':4,\'sapper\':1,\'coil\':2}',8,176,0,5,2,14,31,'{\'rally\':19,\'charge\':1,\'brace\':4,\'secondWind\':2,\'focusedShot\':5}','{\'fireburst\':1,\'ward\':3,\'mend\':5}','{\'pikeman\':9,\'archer\':3,\'cavalier\':2}',7,158
59,choke_gap1,baseline,league-heuristic,draw,round-limit,30,1,2,4,8,41,'{\'rally\':27,\'brace\':10,\'focusedShot\':4}','{\'fireburst\':2,\'ward\':5,\'mend\':1}','{\'pikeman\':6,\'cavalier\':1,\'archer\':1}',8,176,0,4,2,13,33,'{\'rally\':20,\'focusedShot\':8,\'brace\':5}','{\'ward\':4,\'mend\':1,\'fireburst\':2}','{\'leaguePike\':2,\'pavise\':3,\'sapper\':1,\'coil\':7}',7,153
60,choke_gap1,league-heuristic,baseline,draw,round-limit,30,1,2,8,9,86,'{\'rally\':49,\'brace\':26,\'focusedShot\':11}','{\'fireburst\':1,\'mend\':2}','{\'leaguePike\':3,\'pavise\':3,\'sapper\':1,\'coil\':2}',8,173,0,8,2,21,41,'{\'rally\':27,\'charge\':3,\'brace\':10,\'secondWind\':1}','{\'ward\':3,\'fireburst\':6,\'mend\':8}','{\'pikeman\':16,\'cavalier\':3,\'archer\':2}',8,180
60,choke_gap1,baseline,league-heuristic,draw,round-limit,30,1,3,2,9,13,'{\'rally\':10,\'charge\':2,\'secondWind\':1}','{\'ward\':5,\'fireburst\':4,\'mend\':1}','{\'pikeman\':6,\'archer\':3}',7,157,0,3,3,9,40,'{\'rally\':28,\'brace\':12}',{"mend":1},'{\'pavise\':4,\'leaguePike\':3,\'coil\':1,\'sapper\':1}',8,184
61,choke_gap1,league-heuristic,baseline,draw,round-limit,30,2,2,2,8,43,'{\'rally\':30,\'brace\':13}','{\'fireburst\':3,\'ward\':1}','{\'leaguePike\':3,\'pavise\':4,\'relicWalker\':1}',8,210,0,2,2,10,23,'{\'rally\':14,\'brace\':1,\'charge\':2,\'secondWind\':2,\'focusedShot\':4}','{\'ward\':5,\'mend\':5,\'fireburst\':1}','{\'pikeman\':6,\'archer\':3,\'cavalier\':1}',8,174
61,choke_gap1,baseline,league-heuristic,draw,round-limit,30,1,1,1,8,34,'{\'rally\':23,\'brace\':11}','{\'ward\':4,\'fireburst\':1,\'mend\':2}','{\'pikeman\':6,\'archer\':1,\'cavalier\':1}',9,215,0,1,1,8,33,'{\'rally\':26,\'brace\':7}','{\'fireburst\':2,\'ward\':1}','{\'pavise\':3,\'leaguePike\':4,\'coil\':1}',9,222
62,choke_gap1,league-heuristic,baseline,draw,round-limit,30,0,0,0,6,30,'{\'rally\':22,\'brace\':8}','{\'fireburst\':2,\'ward\':1}','{\'leaguePike\':3,\'sapper\':1,\'coil\':2}',9,201,0,0,0,7,28,'{\'rally\':22,\'brace\':6}','{\'ward\':3,\'mend\':2,\'fireburst\':1}',{"pikeman":7},8,178
62,choke_gap1,baseline,league-heuristic,draw,round-limit,30,1,5,6,11,55,'{\'rally\':29,\'brace\':14,\'focusedShot\':1,\'charge\':7,\'secondWind\':4}',{"ward":3},'{\'pikeman\':6,\'archer\':3,\'cavalier\':2}',7,167,0,6,5,17,49,'{\'rally\':31,\'focusedShot\':3,\'brace\':15}','{\'fireburst\':3,\'mend\':1}','{\'leaguePike\':6,\'pavise\':2,\'coil\':6,\'sapper\':3}',6,148
63,choke_gap1,league-heuristic,baseline,draw,round-limit,30,0,0,0,7,39,'{\'rally\':27,\'brace\':12}','{\'fireburst\':2,\'mend\':1}','{\'leaguePike\':4,\'pavise\':1,\'coil\':2}',8,198,0,0,0,7,31,'{\'rally\':17,\'focusedShot\':1,\'brace\':13}','{\'fireburst\':2,\'mend\':1,\'ward\':2}','{\'cavalier\':1,\'pikeman\':3,\'archer\':3}',8,170
63,choke_gap1,baseline,league-heuristic,draw,round-limit,30,0,1,1,8,36,'{\'rally\':25,\'brace\':11}','{\'ward\':2,\'fireburst\':1,\'mend\':1}','{\'pikeman\':6,\'archer\':2}',7,180,0,1,1,8,36,'{\'rally\':24,\'brace\':12}','{\'ward\':2,\'fireburst\':2,\'mend\':1}','{\'pavise\':5,\'leaguePike\':1,\'sapper\':1,\'coil\':1}',9,206
64,choke_gap1,league-heuristic,baseline,draw,round-limit,30,1,4,1,10,45,'{\'rally\':31,\'brace\':14}','{\'fireburst\':2,\'ward\':1}','{\'leaguePike\':5,\'sapper\':2,\'coil\':2,\'pavise\':1}',8,176,0,1,1,14,16,'{\'rally\':14,\'charge\':1,\'secondWind\':1}','{\'ward\':6,\'mend\':8,\'fireburst\':4}','{\'pikeman\':12,\'archer\':2}',6,149
64,choke_gap1,baseline,league-heuristic,draw,round-limit,30,1,1,1,8,26,'{\'rally\':20,\'brace\':6}','{\'ward\':3,\'mend\':2}','{\'pikeman\':6,\'archer\':1,\'cavalier\':1}',9,212,0,1,1,7,33,'{\'rally\':22,\'brace\':11}',{"fireburst":1},'{\'leaguePike\':3,\'pavise\':1,\'sapper\':2,\'coil\':1}',10,227
65,choke_gap1,league-heuristic,baseline,draw,round-limit,30,1,1,3,9,55,'{\'rally\':35,\'brace\':20}','{\'fireburst\':2,\'ward\':1,\'mend\':1}','{\'leaguePike\':4,\'pavise\':1,\'coil\':4}',7,161,0,3,1,10,36,'{\'rally\':24,\'charge\':1,\'secondWind\':1,\'brace\':10}','{\'fireburst\':2,\'ward\':6,\'mend\':4}','{\'pikeman\':7,\'archer\':3}',7,150
65,choke_gap1,baseline,league-heuristic,draw,round-limit,30,2,2,6,9,62,'{\'rally\':32,\'brace\':22,\'focusedShot\':8}','{\'ward\':2,\'mend\':4,\'fireburst\':2}','{\'pikeman\':7,\'archer\':1,\'cavalier\':1}',8,165,0,6,2,18,59,'{\'rally\':30,\'focusedShot\':16,\'brace\':13}','{\'fireburst\':2,\'ward\':1,\'mend\':1}','{\'leaguePike\':6,\'coil\':5,\'pavise\':3,\'relicWalker\':3,\'sapper\':1}',8,204
66,choke_gap1,league-heuristic,baseline,draw,round-limit,30,1,0,1,7,47,'{\'rally\':34,\'brace\':13}',{},'{\'pavise\':4,\'leaguePike\':3}',8,205,0,1,0,8,22,'{\'rally\':17,\'brace\':5}','{\'fireburst\':3,\'ward\':2}','{\'pikeman\':7,\'cavalier\':1}',9,213
66,choke_gap1,baseline,league-heuristic,draw,round-limit,30,1,8,3,13,52,'{\'rally\':23,\'brace\':14,\'charge\':3,\'focusedShot\':10,\'secondWind\':2}','{\'ward\':4,\'mend\':1,\'fireburst\':1}','{\'archer\':4,\'pikeman\':7,\'cavalier\':2}',7,181,0,3,8,11,52,'{\'rally\':27,\'focusedShot\':14,\'brace\':11}','{\'fireburst\':2,\'mend\':2}','{\'leaguePike\':5,\'pavise\':1,\'coil\':3,\'sapper\':2}',8,165
67,choke_gap1,league-heuristic,baseline,draw,round-limit,30,1,2,4,10,56,'{\'rally\':36,\'brace\':18,\'focusedShot\':2}','{\'fireburst\':2,\'ward\':1}','{\'pavise\':3,\'leaguePike\':5,\'sapper\':1,\'coil\':1}',7,181,0,4,2,13,42,'{\'rally\':29,\'brace\':12,\'charge\':1}','{\'ward\':1,\'mend\':2,\'fireburst\':1}','{\'pikeman\':10,\'archer\':3}',8,192
67,choke_gap1,baseline,league-heuristic,draw,round-limit,30,1,1,1,9,40,'{\'rally\':26,\'brace\':13,\'focusedShot\':1}','{\'ward\':3,\'fireburst\':3,\'mend\':1}','{\'archer\':3,\'pikeman\':6}',7,177,0,2,1,9,54,'{\'rally\':35,\'focusedShot\':6,\'brace\':13}',{"fireburst":1},'{\'leaguePike\':5,\'pavise\':4}',7,175
68,choke_gap1,league-heuristic,baseline,draw,round-limit,30,0,0,1,7,37,'{\'rally\':26,\'brace\':11}','{\'fireburst\':5,\'mend\':1}','{\'leaguePike\':6,\'pavise\':1}',8,206,0,2,0,9,27,'{\'rally\':21,\'secondWind\':1,\'brace\':5}','{\'ward\':5,\'fireburst\':1}','{\'pikeman\':5,\'archer\':4}',7,166
68,choke_gap1,baseline,league-heuristic,draw,round-limit,30,1,3,4,14,57,'{\'rally\':36,\'focusedShot\':6,\'brace\':12,\'charge\':2,\'secondWind\':1}','{\'fireburst\':7,\'ward\':3,\'mend\':3}','{\'pikeman\':12,\'archer\':2}',7,166,0,5,3,15,73,'{\'rally\':48,\'focusedShot\':4,\'brace\':21}','{\'fireburst\':2,\'ward\':4,\'mend\':3}','{\'leaguePike\':6,\'pavise\':3,\'relicWalker\':3,\'coil\':2,\'sapper\':1}',7,157
69,choke_gap1,league-heuristic,baseline,draw,round-limit,30,1,0,2,7,49,'{\'rally\':31,\'brace\':18}','{\'fireburst\':1,\'ward\':3,\'mend\':1}','{\'leaguePike\':2,\'pavise\':3,\'sapper\':1,\'coil\':1}',8,190,0,2,0,10,18,'{\'rally\':15,\'charge\':2,\'secondWind\':1}','{\'fireburst\':2,\'ward\':3,\'mend\':3}','{\'pikeman\':6,\'archer\':3,\'cavalier\':1}',8,197
69,choke_gap1,baseline,league-heuristic,draw,round-limit,30,0,1,3,7,40,'{\'rally\':30,\'brace\':5,\'focusedShot\':5}',{"fireburst":3},'{\'pikeman\':6,\'archer\':1}',8,185,0,3,1,11,42,'{\'rally\':28,\'focusedShot\':3,\'brace\':11}','{\'fireburst\':4,\'mend\':2}','{\'leaguePike\':3,\'pavise\':3,\'sapper\':3,\'coil\':2}',8,184
70,choke_gap1,league-heuristic,baseline,draw,round-limit,30,1,0,1,6,31,'{\'rally\':22,\'brace\':9}',{"ward":3},'{\'pavise\':1,\'leaguePike\':3,\'sapper\':1,\'coil\':1}',9,214,0,1,0,9,15,'{\'rally\':13,\'brace\':2}','{\'fireburst\':1,\'ward\':6,\'mend\':3}','{\'pikeman\':6,\'archer\':3}',8,196
70,choke_gap1,baseline,league-heuristic,draw,round-limit,30,2,6,3,11,43,'{\'rally\':24,\'brace\':11,\'focusedShot\':3,\'charge\':2,\'secondWind\':3}','{\'ward\':2,\'fireburst\':2,\'mend\':4}','{\'archer\':2,\'pikeman\':8,\'cavalier\':1}',8,164,0,3,6,9,58,'{\'rally\':38,\'focusedShot\':3,\'brace\':17}','{\'fireburst\':2,\'ward\':1}','{\'leaguePike\':4,\'pavise\':3,\'coil\':2}',8,162
71,choke_gap1,league-heuristic,baseline,draw,round-limit,30,2,0,3,8,71,'{\'rally\':44,\'brace\':27}','{\'ward\':2,\'mend\':3}','{\'leaguePike\':5,\'pavise\':3}',7,163,0,3,0,10,33,'{\'rally\':18,\'charge\':2,\'secondWind\':1,\'focusedShot\':4,\'brace\':8}','{\'fireburst\':2,\'ward\':5,\'mend\':5}','{\'pikeman\':7,\'cavalier\':1,\'archer\':2}',7,167
71,choke_gap1,baseline,league-heuristic,draw,round-limit,30,1,2,2,9,25,'{\'rally\':19,\'brace\':6}','{\'fireburst\':10,\'ward\':6,\'mend\':1}','{\'pikeman\':6,\'archer\':3}',8,205,0,3,2,9,50,'{\'rally\':31,\'focusedShot\':4,\'brace\':15}','{\'fireburst\':1,\'mend\':1,\'ward\':2}','{\'pavise\':3,\'coil\':4,\'sapper\':1,\'relicWalker\':1}',8,136
72,choke_gap1,league-heuristic,baseline,draw,round-limit,30,1,0,3,8,43,'{\'rally\':33,\'brace\':10}',{"ward":2},'{\'leaguePike\':4,\'pavise\':3,\'coil\':1}',7,164,0,3,0,9,21,'{\'rally\':12,\'focusedShot\':4,\'brace\':1,\'charge\':2,\'secondWind\':2}','{\'fireburst\':5,\'ward\':3,\'mend\':1}','{\'pikeman\':7,\'archer\':1,\'cavalier\':1}',8,194
72,choke_gap1,baseline,league-heuristic,draw,round-limit,30,2,1,3,9,29,'{\'rally\':21,\'brace\':7,\'charge\':1}','{\'ward\':4,\'fireburst\':2,\'mend\':1}','{\'pikeman\':5,\'archer\':4}',7,177,0,3,1,10,29,'{\'rally\':19,\'focusedShot\':3,\'brace\':7}','{\'fireburst\':3,\'ward\':3,\'mend\':3}','{\'coil\':4,\'pavise\':1,\'leaguePike\':4,\'sapper\':1}',9,198
73,choke_gap1,league-heuristic,baseline,draw,round-limit,30,1,0,1,8,49,'{\'rally\':32,\'brace\':17}','{\'fireburst\':1,\'ward\':1}','{\'leaguePike\':5,\'pavise\':2,\'coil\':1}',7,167,0,1,0,7,24,'{\'rally\':21,\'brace\':3}','{\'fireburst\':3,\'ward\':2}',{"pikeman":7},8,182
73,choke_gap1,baseline,league-heuristic,draw,round-limit,30,1,1,1,8,37,'{\'rally\':25,\'brace\':12}','{\'fireburst\':2,\'mend\':1,\'ward\':1}','{\'pikeman\':6,\'archer\':2}',7,180,0,1,1,8,41,'{\'rally\':28,\'brace\':13}','{\'fireburst\':3,\'ward\':2,\'mend\':1}','{\'pavise\':5,\'leaguePike\':2,\'sapper\':1}',7,169
74,choke_gap1,league-heuristic,baseline,draw,round-limit,30,1,3,5,12,55,'{\'rally\':35,\'brace\':18,\'focusedShot\':2}','{\'fireburst\':1,\'mend\':2,\'ward\':1}','{\'leaguePike\':5,\'pavise\':1,\'sapper\':1,\'coil\':5}',8,185,0,5,3,12,41,'{\'rally\':18,\'charge\':4,\'secondWind\':5,\'brace\':4,\'focusedShot\':10}','{\'fireburst\':2,\'ward\':1,\'mend\':2}','{\'pikeman\':10,\'cavalier\':2}',7,168
74,choke_gap1,baseline,league-heuristic,draw,round-limit,30,1,1,1,8,34,'{\'rally\':24,\'brace\':10}','{\'fireburst\':2,\'ward\':1,\'mend\':3}','{\'pikeman\':6,\'archer\':1,\'cavalier\':1}',9,215,0,1,1,7,30,'{\'rally\':23,\'brace\':7}','{\'fireburst\':2,\'ward\':2,\'mend\':1}','{\'leaguePike\':3,\'sapper\':1,\'coil\':2,\'pavise\':1}',10,199
75,choke_gap1,league-heuristic,baseline,draw,round-limit,30,2,3,2,10,46,'{\'rally\':33,\'brace\':13}',{"mend":2},'{\'leaguePike\':3,\'pavise\':4,\'sapper\':1,\'coil\':2}',9,210,0,2,3,10,27,'{\'rally\':16,\'brace\':4,\'charge\':1,\'secondWind\':1,\'focusedShot\':5}','{\'fireburst\':6,\'ward\':4,\'mend\':1}','{\'pikeman\':7,\'archer\':2,\'cavalier\':1}',8,207
75,choke_gap1,baseline,league-heuristic,draw,round-limit,30,1,3,1,9,31,'{\'rally\':21,\'brace\':10}','{\'fireburst\':1,\'ward\':2,\'mend\':2}','{\'pikeman\':6,\'archer\':3}',7,175,0,1,3,9,34,'{\'rally\':26,\'brace\':8}','{\'ward\':4,\'fireburst\':1,\'mend\':1}','{\'pavise\':6,\'leaguePike\':2,\'coil\':1}',8,201
76,choke_gap1,league-heuristic,baseline,draw,round-limit,30,1,2,1,11,47,'{\'rally\':33,\'brace\':14}','{\'ward\':2,\'fireburst\':1}','{\'pavise\':3,\'leaguePike\':6,\'sapper\':1,\'coil\':1}',9,224,0,2,2,10,24,'{\'rally\':11,\'focusedShot\':6,\'brace\':1,\'charge\':3,\'secondWind\':3}','{\'fireburst\':3,\'mend\':3,\'ward\':1}','{\'pikeman\':6,\'cavalier\':1,\'archer\':3}',8,191
76,choke_gap1,baseline,league-heuristic,draw,round-limit,30,2,2,4,13,41,'{\'rally\':28,\'brace\':7,\'focusedShot\':6}','{\'ward\':7,\'fireburst\':6}','{\'archer\':2,\'pikeman\':11}',7,170,0,6,2,14,53,'{\'rally\':36,\'focusedShot\':3,\'brace\':14}','{\'fireburst\':2,\'ward\':1}','{\'leaguePike\':3,\'pavise\':4,\'coil\':5,\'sapper\':2}',8,183
77,choke_gap1,league-heuristic,baseline,draw,round-limit,30,1,0,1,7,43,'{\'rally\':31,\'brace\':12}','{\'fireburst\':1,\'ward\':1,\'mend\':1}','{\'leaguePike\':3,\'pavise\':4}',8,205,0,1,0,9,15,'{\'rally\':13,\'brace\':2}','{\'ward\':4,\'fireburst\':3,\'mend\':4}','{\'archer\':2,\'pikeman\':7}',8,188
77,choke_gap1,baseline,league-heuristic,draw,round-limit,30,2,3,3,13,37,'{\'rally\':25,\'focusedShot\':4,\'charge\':1,\'brace\':6,\'secondWind\':1}','{\'mend\':4,\'fireburst\':4,\'ward\':1}','{\'pikeman\':9,\'archer\':4}',8,181,0,4,3,12,44,'{\'rally\':31,\'focusedShot\':6,\'brace\':7}','{\'fireburst\':3,\'mend\':2,\'ward\':2}','{\'pavise\':5,\'leaguePike\':3,\'sapper\':1,\'relicWalker\':1,\'coil\':2}',8,164
78,choke_gap1,league-heuristic,baseline,draw,round-limit,30,0,2,1,9,35,'{\'rally\':27,\'brace\':8}','{\'fireburst\':3,\'ward\':3}','{\'leaguePike\':3,\'pavise\':4,\'sapper\':1,\'coil\':1}',8,190,0,1,2,8,18,'{\'rally\':15,\'secondWind\':1,\'brace\':2}','{\'fireburst\':4,\'ward\':2,\'mend\':2}','{\'pikeman\':7,\'cavalier\':1}',9,185
78,choke_gap1,baseline,league-heuristic,draw,round-limit,30,2,4,3,11,49,'{\'rally\':26,\'brace\':14,\'focusedShot\':8,\'charge\':1}','{\'fireburst\':2,\'ward\':3,\'mend\':1}','{\'pikeman\':8,\'archer\':3}',7,174,0,3,4,12,49,'{\'rally\':30,\'focusedShot\':10,\'brace\':9}','{\'fireburst\':1,\'ward\':6}','{\'leaguePike\':3,\'pavise\':5,\'sapper\':1,\'coil\':3}',7,164
79,choke_gap1,league-heuristic,baseline,draw,round-limit,30,1,1,5,8,80,'{\'rally\':53,\'brace\':27}','{\'ward\':1,\'fireburst\':1}','{\'pavise\':4,\'leaguePike\':3,\'sapper\':1}',8,198,0,5,1,16,29,'{\'rally\':15,\'charge\':2,\'secondWind\':2,\'focusedShot\':6,\'brace\':4}','{\'ward\':5,\'mend\':4,\'fireburst\':3}','{\'cavalier\':2,\'pikeman\':9,\'archer\':5}',7,177
79,choke_gap1,baseline,league-heuristic,draw,round-limit,30,2,5,5,14,36,'{\'rally\':20,\'brace\':8,\'charge\':2,\'focusedShot\':4,\'secondWind\':2}','{\'ward\':4,\'mend\':1,\'fireburst\':4}','{\'archer\':3,\'pikeman\':10,\'cavalier\':1}',7,184,0,6,5,13,52,'{\'rally\':36,\'focusedShot\':7,\'brace\':9}',{"ward":1},'{\'pavise\':7,\'sapper\':1,\'leaguePike\':1,\'coil\':4}',7,187
80,choke_gap1,league-heuristic,baseline,draw,round-limit,30,1,2,5,9,52,'{\'rally\':32,\'brace\':18,\'focusedShot\':2}','{\'fireburst\':2,\'ward\':3,\'mend\':2}','{\'leaguePike\':2,\'pavise\':1,\'sapper\':1,\'coil\':4,\'relicWalker\':1}',8,190,0,5,2,13,36,'{\'rally\':23,\'charge\':2,\'brace\':8,\'focusedShot\':1,\'secondWind\':2}','{\'fireburst\':3,\'mend\':2,\'ward\':4}','{\'pikeman\':10,\'cavalier\':2,\'archer\':1}',8,175
80,choke_gap1,baseline,league-heuristic,draw,round-limit,30,1,2,2,9,46,'{\'rally\':29,\'brace\':14,\'focusedShot\':3}','{\'fireburst\':3,\'mend\':4,\'ward\':2}','{\'pikeman\':7,\'archer\':2}',7,178,0,2,2,10,51,'{\'rally\':30,\'focusedShot\':11,\'brace\':10}','{\'ward\':1,\'mend\':3}','{\'pavise\':4,\'leaguePike\':3,\'coil\':2,\'sapper\':1}',10,207
81,choke_gap1,league-heuristic,baseline,draw,round-limit,30,1,0,3,8,82,'{\'rally\':47,\'brace\':23,\'focusedShot\':12}','{\'mend\':2,\'ward\':2}','{\'pavise\':3,\'leaguePike\':5}',7,177,0,3,0,10,32,'{\'rally\':20,\'focusedShot\':2,\'charge\':1,\'secondWind\':1,\'brace\':8}','{\'fireburst\':7,\'ward\':5,\'mend\':5}','{\'pikeman\':7,\'archer\':3}',7,169
81,choke_gap1,baseline,league-heuristic,draw,round-limit,30,2,3,3,10,59,'{\'rally\':33,\'brace\':16,\'charge\':2,\'focusedShot\':6,\'secondWind\':2}','{\'fireburst\':2,\'mend\':1,\'ward\':1}','{\'archer\':3,\'pikeman\':7}',8,193,0,3,3,12,68,'{\'rally\':40,\'focusedShot\':5,\'brace\':23}','{\'ward\':2,\'mend\':2,\'fireburst\':1}','{\'leaguePike\':6,\'pavise\':1,\'coil\':3,\'relicWalker\':1,\'sapper\':1}',9,214
82,choke_gap1,league-heuristic,baseline,draw,round-limit,30,0,0,2,7,42,'{\'rally\':30,\'brace\':11,\'focusedShot\':1}','{\'fireburst\':2,\'ward\':1}','{\'leaguePike\':2,\'pavise\':4,\'sapper\':1}',8,195,0,2,0,10,25,'{\'rally\':20,\'brace\':5}','{\'fireburst\':2,\'ward\':2,\'mend\':2}','{\'pikeman\':7,\'archer\':2,\'cavalier\':1}',8,200
82,choke_gap1,baseline,league-heuristic,draw,round-limit,30,1,3,3,10,47,'{\'rally\':27,\'brace\':14,\'focusedShot\':3,\'secondWind\':2,\'charge\':1}','{\'fireburst\':4,\'mend\':3,\'ward\':4}','{\'pikeman\':7,\'archer\':2,\'cavalier\':1}',7,183,0,4,3,12,54,'{\'rally\':37,\'focusedShot\':5,\'brace\':12}',{"ward":3},'{\'pavise\':7,\'leaguePike\':3,\'coil\':1,\'sapper\':1}',8,205
83,choke_gap1,league-heuristic,baseline,draw,round-limit,30,1,2,6,10,77,'{\'rally\':52,\'brace\':24,\'focusedShot\':1}','{\'ward\':2,\'mend\':1}','{\'pavise\':7,\'leaguePike\':3}',7,196,0,6,1,15,24,'{\'rally\':15,\'charge\':1,\'focusedShot\':4,\'brace\':3,\'secondWind\':1}','{\'fireburst\':5,\'ward\':6,\'mend\':7}','{\'pikeman\':10,\'archer\':3,\'cavalier\':2}',8,184
83,choke_gap1,baseline,league-heuristic,draw,round-limit,30,1,7,3,17,55,'{\'rally\':29,\'brace\':18,\'charge\':3,\'secondWind\':2,\'focusedShot\':3}','{\'ward\':2,\'mend\':1,\'fireburst\':2}','{\'archer\':5,\'pikeman\':10,\'cavalier\':2}',7,154,0,3,7,9,69,'{\'rally\':40,\'focusedShot\':6,\'brace\':23}','{\'fireburst\':3,\'ward\':3}','{\'leaguePike\':4,\'sapper\':2,\'pavise\':1,\'coil\':2}',10,190
84,choke_gap1,league-heuristic,baseline,draw,round-limit,30,1,1,3,8,66,'{\'rally\':42,\'brace\':24}','{\'fireburst\':1,\'mend\':3}','{\'leaguePike\':3,\'pavise\':3,\'coil\':2}',8,185,0,3,1,10,29,'{\'rally\':19,\'charge\':1,\'brace\':9}','{\'fireburst\':3,\'ward\':4,\'mend\':7}','{\'pikeman\':7,\'archer\':3}',7,166
84,choke_gap1,baseline,league-heuristic,draw,round-limit,30,1,4,6,10,49,'{\'rally\':31,\'brace\':15,\'charge\':1,\'secondWind\':2}','{\'ward\':3,\'fireburst\':3,\'mend\':3}','{\'pikeman\':6,\'archer\':3,\'cavalier\':1}',7,158,0,6,4,16,52,'{\'rally\':38,\'brace\':14}','{\'fireburst\':3,\'ward\':5}','{\'leaguePike\':5,\'sapper\':1,\'coil\':6,\'pavise\':3,\'relicWalker\':1}',8,195
85,choke_gap1,league-heuristic,baseline,draw,round-limit,30,0,0,2,7,56,'{\'rally\':38,\'brace\':18}','{\'fireburst\':3,\'ward\':1,\'mend\':2}','{\'leaguePike\':3,\'pavise\':3,\'sapper\':1}',8,190,0,2,0,10,21,'{\'rally\':18,\'charge\':1,\'brace\':2}','{\'fireburst\':7,\'mend\':3,\'ward\':1}','{\'pikeman\':7,\'archer\':3}',8,185
85,choke_gap1,baseline,league-heuristic,draw,round-limit,30,2,5,2,13,31,'{\'rally\':16,\'focusedShot\':6,\'charge\':3,\'brace\':4,\'secondWind\':2}','{\'ward\':2,\'fireburst\':3,\'mend\':1}','{\'pikeman\':8,\'archer\':3,\'cavalier\':2}',8,176,0,2,5,9,41,'{\'rally\':27,\'focusedShot\':8,\'brace\':6}','{\'fireburst\':2,\'ward\':4,\'mend\':2}','{\'leaguePike\':2,\'pavise\':3,\'coil\':2,\'relicWalker\':1,\'sapper\':1}',9,195
86,choke_gap1,league-heuristic,baseline,draw,round-limit,30,1,3,4,11,72,'{\'rally\':47,\'focusedShot\':1,\'brace\':24}',{"mend":1},'{\'pavise\':5,\'leaguePike\':3,\'coil\':2,\'sapper\':1}',7,162,0,4,2,21,39,'{\'rally\':26,\'charge\':1,\'focusedShot\':6,\'brace\':6}','{\'fireburst\':5,\'ward\':2,\'mend\':1}','{\'pikeman\':15,\'archer\':5,\'cavalier\':1}',7,173
86,choke_gap1,baseline,league-heuristic,draw,round-limit,30,1,2,3,12,47,'{\'rally\':28,\'brace\':12,\'focusedShot\':7}','{\'fireburst\':2,\'ward\':1}','{\'archer\':3,\'pikeman\':9}',8,187,0,3,2,11,45,'{\'rally\':29,\'focusedShot\':6,\'brace\':10}','{\'fireburst\':1,\'mend\':1,\'ward\':1}','{\'pavise\':4,\'leaguePike\':5,\'coil\':2}',8,191
87,choke_gap1,league-heuristic,baseline,draw,round-limit,30,2,6,3,13,57,'{\'rally\':38,\'brace\':17,\'focusedShot\':2}','{\'fireburst\':1,\'mend\':1}','{\'pavise\':4,\'leaguePike\':4,\'coil\':4,\'sapper\':1}',7,180,0,3,5,12,36,'{\'rally\':13,\'focusedShot\':11,\'charge\':4,\'brace\':5,\'secondWind\':3}','{\'fireburst\':3,\'ward\':2,\'mend\':4}','{\'pikeman\':5,\'archer\':3,\'cavalier\':4}',7,130
87,choke_gap1,baseline,league-heuristic,draw,round-limit,30,1,3,3,9,41,'{\'rally\':21,\'brace\':10,\'focusedShot\':8,\'charge\':1,\'secondWind\':1}','{\'ward\':5,\'mend\':6,\'fireburst\':4}','{\'archer\':3,\'pikeman\':6}',6,144,0,4,3,13,53,'{\'rally\':33,\'focusedShot\':6,\'brace\':14}','{\'fireburst\':2,\'ward\':2,\'mend\':1}','{\'leaguePike\':3,\'coil\':7,\'pavise\':1,\'sapper\':2}',8,180
88,choke_gap1,league-heuristic,baseline,draw,round-limit,30,1,2,2,8,51,'{\'rally\':34,\'brace\':17}','{\'ward\':2,\'fireburst\':3,\'mend\':1}','{\'pavise\':3,\'leaguePike\':4,\'coil\':1}',7,167,0,3,2,15,20,'{\'rally\':18,\'charge\':1,\'secondWind\':1}','{\'ward\':6,\'fireburst\':3,\'mend\':4}','{\'pikeman\':13,\'archer\':1,\'cavalier\':1}',8,203
88,choke_gap1,baseline,league-heuristic,draw,round-limit,30,1,2,2,9,36,'{\'rally\':20,\'focusedShot\':5,\'brace\':11}','{\'fireburst\':1,\'mend\':6,\'ward\':3}','{\'archer\':2,\'pikeman\':6,\'cavalier\':1}',9,212,0,2,2,9,40,'{\'rally\':30,\'focusedShot\':3,\'brace\':7}','{\'fireburst\':1,\'mend\':3}','{\'leaguePike\':5,\'coil\':1,\'pavise\':3}',7,181
89,choke_gap1,league-heuristic,baseline,draw,round-limit,30,1,0,0,8,33,'{\'rally\':24,\'brace\':9}',{"fireburst":4},'{\'pavise\':2,\'leaguePike\':5,\'coil\':1}',7,185,0,1,0,8,28,'{\'rally\':22,\'brace\':6}','{\'ward\':8,\'mend\':1}','{\'pikeman\':4,\'cavalier\':1,\'archer\':3}',8,177
89,choke_gap1,baseline,league-heuristic,draw,round-limit,30,1,5,4,11,49,'{\'rally\':27,\'brace\':15,\'focusedShot\':6,\'secondWind\':1}','{\'ward\':4,\'mend\':2,\'fireburst\':2}','{\'archer\':3,\'pikeman\':7,\'cavalier\':1}',7,186,0,4,5,9,50,'{\'rally\':26,\'focusedShot\':11,\'brace\':13}','{\'fireburst\':1,\'mend\':2}','{\'leaguePike\':4,\'pavise\':2,\'coil\':2,\'sapper\':1}',9,209
90,choke_gap1,league-heuristic,baseline,draw,round-limit,30,2,4,2,12,39,'{\'rally\':28,\'brace\':10,\'focusedShot\':1}','{\'ward\':1,\'fireburst\':1,\'mend\':1}','{\'pavise\':4,\'leaguePike\':4,\'coil\':3,\'sapper\':1}',8,194,0,2,4,9,22,'{\'rally\':10,\'focusedShot\':5,\'brace\':1,\'secondWind\':4,\'charge\':2}','{\'fireburst\':3,\'ward\':6,\'mend\':1}','{\'pikeman\':7,\'archer\':1,\'cavalier\':1}',9,173
90,choke_gap1,baseline,league-heuristic,draw,round-limit,30,1,1,1,8,32,'{\'rally\':21,\'brace\':11}','{\'ward\':5,\'mend\':2,\'fireburst\':1}','{\'pikeman\':6,\'archer\':2}',7,188,0,1,1,8,32,'{\'rally\':25,\'brace\':7}','{\'ward\':3,\'fireburst\':1}','{\'leaguePike\':4,\'pavise\':2,\'coil\':2}',9,192
91,choke_gap1,league-heuristic,baseline,draw,round-limit,30,1,1,4,9,53,'{\'rally\':36,\'brace\':16,\'focusedShot\':1}','{\'fireburst\':3,\'ward\':1,\'mend\':1}','{\'leaguePike\':5,\'pavise\':2,\'coil\':2}',8,167,0,5,1,14,28,'{\'rally\':20,\'charge\':2,\'secondWind\':1,\'brace\':5}','{\'fireburst\':6,\'ward\':3,\'mend\':2}','{\'pikeman\':9,\'archer\':3,\'cavalier\':2}',7,172
91,choke_gap1,baseline,league-heuristic,draw,round-limit,30,1,3,1,9,52,'{\'rally\':26,\'brace\':14,\'charge\':6,\'secondWind\':6}','{\'fireburst\':1,\'ward\':2,\'mend\':1}','{\'pikeman\':6,\'archer\':1,\'cavalier\':2}',8,188,0,1,3,8,51,'{\'rally\':31,\'brace\':19,\'focusedShot\':1}','{\'fireburst\':2,\'ward\':1,\'mend\':2}','{\'pavise\':2,\'leaguePike\':3,\'coil\':3}',7,158
92,choke_gap1,league-heuristic,baseline,draw,round-limit,30,1,1,1,8,49,'{\'rally\':39,\'brace\':10}',{},'{\'pavise\':5,\'leaguePike\':3}',7,185,0,1,0,9,14,'{\'rally\':12,\'brace\':2}','{\'fireburst\':5,\'ward\':4}','{\'pikeman\':7,\'archer\':2}',8,202
92,choke_gap1,baseline,league-heuristic,draw,round-limit,30,1,1,1,8,26,'{\'rally\':21,\'focusedShot\':2,\'brace\':3}','{\'ward\':5,\'mend\':3}','{\'archer\':1,\'pikeman\':6,\'cavalier\':1}',9,201,0,1,1,8,33,'{\'rally\':24,\'brace\':9}','{\'fireburst\':1,\'mend\':1}','{\'pavise\':3,\'leaguePike\':4,\'coil\':1}',9,222
93,choke_gap1,league-heuristic,baseline,draw,round-limit,30,2,0,0,7,32,'{\'rally\':23,\'brace\':9}',{},'{\'pavise\':4,\'leaguePike\':2,\'coil\':1}',8,199,0,0,0,7,25,'{\'rally\':20,\'brace\':5}','{\'fireburst\':1,\'ward\':4}','{\'pikeman\':6,\'cavalier\':1}',8,189
93,choke_gap1,baseline,league-heuristic,draw,round-limit,30,1,2,4,12,42,'{\'rally\':28,\'brace\':11,\'focusedShot\':3}','{\'ward\':3,\'mend\':3}','{\'archer\':6,\'pikeman\':6}',7,141,0,4,2,11,55,'{\'rally\':35,\'focusedShot\':2,\'brace\':18}','{\'fireburst\':2,\'ward\':4}','{\'pavise\':4,\'leaguePike\':3,\'sapper\':2,\'coil\':2}',9,192
94,choke_gap1,league-heuristic,baseline,draw,round-limit,30,1,1,1,9,47,'{\'rally\':33,\'brace\':14}','{\'ward\':2,\'mend\':2}','{\'pavise\':2,\'leaguePike\':5,\'coil\':1,\'relicWalker\':1}',8,200,0,1,1,11,43,'{\'rally\':23,\'focusedShot\':8,\'brace\':12}','{\'fireburst\':4,\'mend\':4}','{\'pikeman\':8,\'cavalier\':1,\'archer\':2}',7,174
94,choke_gap1,baseline,league-heuristic,draw,round-limit,30,1,1,1,8,32,'{\'rally\':19,\'focusedShot\':2,\'brace\':11}','{\'fireburst\':2,\'mend\':4,\'ward\':2}','{\'archer\':1,\'pikeman\':6,\'cavalier\':1}',9,211,0,1,1,8,28,'{\'rally\':24,\'brace\':4}',{"ward":1},'{\'pavise\':3,\'leaguePike\':3,\'coil\':2}',9,198
95,choke_gap1,league-heuristic,baseline,draw,round-limit,30,1,2,6,9,82,'{\'rally\':52,\'brace\':30}','{\'fireburst\':1,\'ward\':1}','{\'pavise\':3,\'leaguePike\':3,\'sapper\':1,\'coil\':2}',8,189,0,6,1,16,56,'{\'rally\':30,\'charge\':1,\'secondWind\':1,\'brace\':16,\'focusedShot\':8}','{\'ward\':4,\'fireburst\':2}','{\'pikeman\':10,\'archer\':6}',8,193
95,choke_gap1,baseline,league-heuristic,draw,round-limit,30,1,2,2,9,37,'{\'rally\':22,\'brace\':13,\'focusedShot\':2}','{\'ward\':6,\'fireburst\':1,\'mend\':1}','{\'archer\':2,\'pikeman\':6,\'cavalier\':1}',9,214,0,2,2,9,36,'{\'rally\':28,\'focusedShot\':3,\'brace\':5}',{},'{\'pavise\':4,\'leaguePike\':3,\'coil\':1,\'sapper\':1}',9,214
96,choke_gap1,league-heuristic,baseline,draw,round-limit,30,1,1,3,9,50,'{\'rally\':35,\'brace\':15}','{\'ward\':2,\'fireburst\':1}','{\'pavise\':4,\'leaguePike\':5}',8,180,0,3,1,10,21,'{\'rally\':14,\'brace\':2,\'focusedShot\':5}','{\'ward\':3,\'fireburst\':4,\'mend\':1}','{\'pikeman\':7,\'archer\':3}',8,181
96,choke_gap1,baseline,league-heuristic,draw,round-limit,30,1,1,1,12,28,'{\'rally\':24,\'brace\':4}','{\'ward\':8,\'fireburst\':2,\'mend\':4}','{\'pikeman\':10,\'archer\':1,\'cavalier\':1}',7,184,0,1,1,7,41,'{\'rally\':28,\'brace\':13}','{\'fireburst\':1,\'mend\':3,\'ward\':1}','{\'pavise\':4,\'leaguePike\':1,\'sapper\':1,\'coil\':1}',10,196
97,choke_gap1,league-heuristic,baseline,draw,round-limit,30,1,0,1,8,36,'{\'rally\':27,\'brace\':9}','{\'fireburst\':3,\'ward\':2}','{\'pavise\':2,\'leaguePike\':5,\'coil\':1}',7,184,0,1,0,9,29,'{\'rally\':19,\'brace\':10}','{\'fireburst\':2,\'ward\':4,\'mend\':1}','{\'pikeman\':6,\'archer\':2,\'cavalier\':1}',8,188
97,choke_gap1,baseline,league-heuristic,draw,round-limit,30,1,1,1,8,33,'{\'rally\':21,\'brace\':12}','{\'fireburst\':1,\'mend\':2,\'ward\':1}','{\'pikeman\':6,\'archer\':2}',7,190,0,1,1,7,30,'{\'rally\':23,\'brace\':7}','{\'fireburst\':1,\'ward\':2}','{\'pavise\':4,\'coil\':2,\'sapper\':1}',10,219
98,choke_gap1,league-heuristic,baseline,draw,round-limit,30,1,3,6,10,54,'{\'rally\':37,\'brace\':11,\'focusedShot\':6}',{"fireburst":3},'{\'pavise\':4,\'leaguePike\':3,\'coil\':2,\'sapper\':1}',8,167,0,6,3,15,29,'{\'rally\':13,\'brace\':3,\'secondWind\':6,\'charge\':5,\'focusedShot\':2}','{\'ward\':5,\'fireburst\':4,\'mend\':3}','{\'cavalier\':4,\'archer\':3,\'pikeman\':8}',7,154
98,choke_gap1,baseline,league-heuristic,draw,round-limit,30,1,4,0,10,60,'{\'rally\':32,\'brace\':24,\'secondWind\':2,\'charge\':2}','{\'ward\':3,\'fireburst\':1,\'mend\':1}','{\'archer\':4,\'pikeman\':5,\'cavalier\':1}',8,166,0,0,4,6,70,'{\'rally\':38,\'focusedShot\':8,\'brace\':24}','{\'fireburst\':1,\'ward\':2,\'mend\':1}','{\'pavise\':4,\'leaguePike\':1,\'coil\':1}',9,197
99,choke_gap1,league-heuristic,baseline,draw,round-limit,30,1,4,2,12,49,'{\'rally\':33,\'brace\':16}','{\'ward\':1,\'fireburst\':1}','{\'pavise\':2,\'leaguePike\':4,\'coil\':4,\'sapper\':2}',8,186,0,2,3,15,21,'{\'rally\':19,\'charge\':1,\'secondWind\':1}','{\'fireburst\':6,\'ward\':3,\'mend\':3}','{\'pikeman\':12,\'archer\':3}',7,182
99,choke_gap1,baseline,league-heuristic,draw,round-limit,30,2,4,5,13,43,'{\'rally\':29,\'brace\':10,\'charge\':1,\'secondWind\':1,\'focusedShot\':2}','{\'fireburst\':4,\'mend\':2}','{\'pikeman\':8,\'archer\':3,\'cavalier\':2}',7,154,0,5,4,14,43,'{\'rally\':29,\'brace\':9,\'focusedShot\':5}','{\'ward\':3,\'fireburst\':3}','{\'pavise\':4,\'leaguePike\':4,\'coil\':3,\'relicWalker\':3}',7,184
100,choke_gap1,league-heuristic,baseline,draw,round-limit,30,0,0,2,7,43,'{\'rally\':31,\'brace\':12}','{\'fireburst\':2,\'ward\':1,\'mend\':2}','{\'leaguePike\':3,\'pavise\':3,\'coil\':1}',8,198,0,2,0,9,17,'{\'rally\':14,\'charge\':1,\'brace\':2}','{\'ward\':1,\'mend\':5,\'fireburst\':2}','{\'cavalier\':1,\'pikeman\':7,\'archer\':1}',7,176
100,choke_gap1,baseline,league-heuristic,draw,round-limit,30,0,1,1,8,25,'{\'rally\':21,\'brace\':4}','{\'fireburst\':3,\'mend\':4,\'ward\':1}','{\'pikeman\':6,\'archer\':1,\'cavalier\':1}',9,216,0,1,1,8,42,'{\'rally\':29,\'brace\':13}','{\'fireburst\':1,\'ward\':2,\'mend\':1}','{\'leaguePike\':2,\'pavise\':5,\'coil\':1}',7,154
1,choke_gap1,league,league,draw,round-limit,30,0,0,0,4,210,'{\'rally\':105,\'setPosition\':105}',{"fieldRepair":1},'{\'leaguePike\':3,\'coil\':1}',9,209,0,0,0,4,177,'{\'setPosition\':88,\'rally\':89}','{\'ward\':2,\'fireburst\':1}','{\'pavise\':2,\'leaguePike\':1,\'coil\':1}',9,207
2,choke_gap1,league,league,draw,round-limit,30,0,0,0,4,210,'{\'rally\':105,\'setPosition\':105}','{\'ward\':2,\'fireburst\':1,\'fieldRepair\':1}','{\'leaguePike\':3,\'coil\':1}',9,209,0,0,0,3,148,'{\'setPosition\':74,\'rally\':74}','{\'fireburst\':2,\'ward\':2,\'fieldRepair\':1}','{\'leaguePike\':1,\'pavise\':1,\'coil\':1}',8,180
3,choke_gap1,league,league,draw,round-limit,30,0,0,0,5,208,'{\'rally\':104,\'setPosition\':104}',{"mend":1},'{\'leaguePike\':2,\'pavise\':1,\'coil\':2}',10,226,0,0,0,4,176,'{\'setPosition\':88,\'rally\':88}',{"fireburst":3},'{\'leaguePike\':3,\'coil\':1}',9,205
4,choke_gap1,league,league,draw,round-limit,30,0,0,0,5,181,'{\'rally\':91,\'setPosition\':90}',{},'{\'leaguePike\':2,\'pavise\':1,\'coil\':2}',10,224,0,0,0,2,118,'{\'setPosition\':59,\'rally\':59}',{"fireburst":2},'{\'pavise\':1,\'coil\':1}',7,158
5,choke_gap1,league,league,draw,round-limit,30,0,0,0,5,208,'{\'rally\':104,\'setPosition\':104}',{"ward":2},'{\'leaguePike\':3,\'coil\':2}',10,229,0,0,0,3,146,'{\'setPosition\':73,\'rally\':73}',{"ward":4},'{\'leaguePike\':1,\'pavise\':1,\'coil\':1}',8,182
6,choke_gap1,league,league,draw,round-limit,30,0,0,0,5,210,'{\'rally\':105,\'setPosition\':105}',{},'{\'leaguePike\':3,\'coil\':2}',10,229,0,0,0,4,178,'{\'setPosition\':89,\'rally\':89}',{"ward":2},'{\'leaguePike\':2,\'pavise\':1,\'coil\':1}',9,206
7,choke_gap1,league,league,draw,round-limit,30,0,0,0,5,208,'{\'rally\':104,\'setPosition\':104}','{\'ward\':2,\'mend\':1,\'fieldRepair\':1}','{\'leaguePike\':3,\'coil\':2}',10,223,0,0,0,4,174,'{\'setPosition\':87,\'rally\':87}','{\'fireburst\':4,\'ward\':1}','{\'leaguePike\':3,\'coil\':1}',9,205
8,choke_gap1,league,league,draw,round-limit,30,0,0,0,5,210,'{\'rally\':105,\'setPosition\':105}','{\'fireburst\':2,\'ward\':1}','{\'leaguePike\':3,\'coil\':2}',10,229,0,0,0,4,177,'{\'setPosition\':88,\'rally\':89}','{\'ward\':2,\'fieldRepair\':2}','{\'pavise\':2,\'leaguePike\':1,\'coil\':1}',9,203
9,choke_gap1,league,league,draw,round-limit,30,0,0,0,4,210,'{\'rally\':105,\'setPosition\':105}','{\'ward\':1,\'fireburst\':1}','{\'leaguePike\':3,\'coil\':1}',9,211,0,0,0,3,178,'{\'setPosition\':89,\'rally\':89}',{"fieldRepair":1},'{\'pavise\':1,\'leaguePike\':2}',8,186
10,choke_gap1,league,league,draw,round-limit,30,0,0,0,4,179,'{\'rally\':90,\'setPosition\':89}','{\'fireburst\':3,\'ward\':1}','{\'leaguePike\':2,\'pavise\':1,\'coil\':1}',9,212,0,0,0,4,177,'{\'setPosition\':88,\'rally\':89}','{\'ward\':2,\'fieldRepair\':2}','{\'pavise\':2,\'leaguePike\':1,\'coil\':1}',9,203
11,choke_gap1,league,league,draw,round-limit,30,0,0,0,5,206,'{\'rally\':103,\'setPosition\':103}',{"fireburst":2},'{\'leaguePike\':2,\'pavise\':1,\'coil\':2}',10,230,0,0,0,4,176,'{\'setPosition\':88,\'rally\':88}','{\'ward\':2,\'fieldRepair\':1}','{\'leaguePike\':2,\'pavise\':1,\'coil\':1}',9,204
12,choke_gap1,league,league,draw,round-limit,30,0,0,0,5,206,'{\'rally\':103,\'setPosition\':103}','{\'fireburst\':2,\'ward\':1}','{\'leaguePike\':2,\'pavise\':1,\'coil\':2}',10,224,0,0,0,4,177,'{\'setPosition\':88,\'rally\':89}','{\'fieldRepair\':1,\'fireburst\':1}','{\'pavise\':2,\'leaguePike\':1,\'coil\':1}',9,205
13,choke_gap1,league,league,draw,round-limit,30,0,0,0,3,210,'{\'rally\':105,\'setPosition\':105}',{"ward":2},{"leaguePike":3},8,193,0,0,0,4,176,'{\'setPosition\':88,\'rally\':88}','{\'fireburst\':1,\'ward\':2}','{\'leaguePike\':2,\'pavise\':1,\'coil\':1}',9,206
14,choke_gap1,league,league,draw,round-limit,30,0,0,0,5,210,'{\'rally\':105,\'setPosition\':105}',{"ward":4},'{\'leaguePike\':3,\'coil\':2}',10,223,0,0,0,4,178,'{\'setPosition\':89,\'rally\':89}','{\'ward\':1,\'fireburst\':1}','{\'leaguePike\':2,\'pavise\':1,\'coil\':1}',9,206
15,choke_gap1,league,league,draw,round-limit,30,0,0,0,5,210,'{\'rally\':105,\'setPosition\':105}','{\'fireburst\':4,\'fieldRepair\':1}','{\'leaguePike\':3,\'coil\':2}',10,227,0,0,0,4,179,'{\'setPosition\':89,\'rally\':90}','{\'fieldRepair\':2,\'fireburst\':1,\'mend\':1,\'ward\':1}','{\'leaguePike\':1,\'pavise\':2,\'coil\':1}',9,193
16,choke_gap1,league,league,draw,round-limit,30,0,0,0,5,210,'{\'rally\':105,\'setPosition\':105}',{"fireburst":1},'{\'leaguePike\':3,\'coil\':2}',10,223,0,0,0,4,178,'{\'setPosition\':89,\'rally\':89}','{\'ward\':1,\'fireburst\':1,\'fieldRepair\':1}','{\'leaguePike\':2,\'pavise\':1,\'coil\':1}',9,198
17,choke_gap1,league,league,draw,round-limit,30,0,0,0,5,210,'{\'rally\':105,\'setPosition\':105}',{"ward":2},'{\'leaguePike\':3,\'coil\':2}',10,229,0,0,0,3,178,'{\'setPosition\':89,\'rally\':89}',{},'{\'leaguePike\':2,\'pavise\':1}',8,188
18,choke_gap1,league,league,draw,round-limit,30,0,0,0,5,179,'{\'setPosition\':89,\'rally\':90}','{\'ward\':1,\'fireburst\':1}','{\'leaguePike\':1,\'pavise\':2,\'coil\':2}',10,231,0,0,0,4,178,'{\'setPosition\':89,\'rally\':89}',{"fieldRepair":1},'{\'leaguePike\':2,\'pavise\':1,\'coil\':1}',9,204
19,choke_gap1,league,league,draw,round-limit,30,0,0,0,5,181,'{\'rally\':91,\'setPosition\':90}',{},'{\'leaguePike\':2,\'pavise\':1,\'coil\':2}',10,230,0,0,0,4,176,'{\'setPosition\':88,\'rally\':88}',{"fireburst":1},'{\'leaguePike\':2,\'pavise\':1,\'coil\':1}',9,206
20,choke_gap1,league,league,draw,round-limit,30,0,0,0,5,208,'{\'rally\':104,\'setPosition\':104}','{\'ward\':1,\'fieldRepair\':1}','{\'leaguePike\':3,\'coil\':2}',10,215,0,0,0,4,179,'{\'setPosition\':89,\'rally\':90}','{\'ward\':1,\'fireburst\':3}','{\'leaguePike\':3,\'coil\':1}',9,205
21,choke_gap1,league,league,draw,round-limit,30,0,0,0,3,206,'{\'rally\':103,\'setPosition\':103}','{\'fireburst\':2,\'fieldRepair\':1}','{\'leaguePike\':2,\'pavise\':1}',8,192,0,0,0,4,178,'{\'setPosition\':89,\'rally\':89}','{\'ward\':1,\'fireburst\':1,\'fieldRepair\':1}','{\'leaguePike\':2,\'pavise\':1,\'coil\':1}',9,204
22,choke_gap1,league,league,draw,round-limit,30,0,1,0,5,208,'{\'rally\':104,\'setPosition\':104}','{\'fireburst\':1,\'ward\':1}','{\'leaguePike\':3,\'coil\':2}',9,211,0,0,0,4,178,'{\'setPosition\':89,\'rally\':89}','{\'ward\':1,\'fieldRepair\':1,\'fireburst\':3}','{\'leaguePike\':3,\'coil\':1}',9,203
23,choke_gap1,league,league,draw,round-limit,30,0,0,0,5,208,'{\'setPosition\':104,\'rally\':104}','{\'fireburst\':2,\'ward\':1}','{\'leaguePike\':2,\'pavise\':1,\'coil\':2}',10,224,0,0,0,4,179,'{\'setPosition\':89,\'rally\':90}','{\'fieldRepair\':2,\'fireburst\':1,\'mend\':1}','{\'leaguePike\':1,\'pavise\':2,\'coil\':1}',9,205
24,choke_gap1,league,league,draw,round-limit,30,0,0,0,5,181,'{\'rally\':91,\'setPosition\':90}','{\'fireburst\':3,\'fieldRepair\':1}','{\'leaguePike\':2,\'pavise\':1,\'coil\':2}',10,228,0,0,0,4,176,'{\'setPosition\':88,\'rally\':88}','{\'fireburst\':1,\'fieldRepair\':2,\'ward\':2,\'mend\':1}','{\'leaguePike\':2,\'pavise\':1,\'coil\':1}',9,204
25,choke_gap1,league,league,draw,round-limit,30,0,0,0,5,206,'{\'rally\':103,\'setPosition\':103}',{"fireburst":1},'{\'leaguePike\':2,\'pavise\':1,\'coil\':2}',10,230,0,0,0,4,179,'{\'setPosition\':89,\'rally\':90}',{},'{\'leaguePike\':3,\'coil\':1}',9,205
26,choke_gap1,league,league,draw,round-limit,30,0,0,0,4,178,'{\'rally\':89,\'setPosition\':89}',{"fireburst":2},'{\'leaguePike\':2,\'coil\':2}',9,193,0,0,0,3,148,'{\'setPosition\':74,\'rally\':74}','{\'fireburst\':3,\'fieldRepair\':1}','{\'leaguePike\':2,\'coil\':1}',8,179
27,choke_gap1,league,league,draw,round-limit,30,0,0,0,5,206,'{\'rally\':103,\'setPosition\':103}','{\'fireburst\':1,\'ward\':1,\'fieldRepair\':1}','{\'leaguePike\':2,\'pavise\':1,\'coil\':2}',10,228,0,0,0,4,178,'{\'setPosition\':89,\'rally\':89}',{"fireburst":1},'{\'leaguePike\':2,\'pavise\':1,\'coil\':1}',9,206
28,choke_gap1,league,league,draw,round-limit,30,0,0,0,3,207,'{\'setPosition\':103,\'rally\':104}','{\'fireburst\':1,\'ward\':1,\'fieldRepair\':1}','{\'leaguePike\':2,\'pavise\':1}',8,192,0,0,0,4,179,'{\'setPosition\':89,\'rally\':90}','{\'ward\':1,\'fieldRepair\':1,\'fireburst\':1}','{\'leaguePike\':1,\'pavise\':2,\'coil\':1}',9,205
29,choke_gap1,league,league,draw,round-limit,30,0,0,0,4,180,'{\'rally\':90,\'setPosition\':90}','{\'fireburst\':1,\'ward\':5}','{\'leaguePike\':2,\'coil\':1,\'relicWalker\':1}',9,217,0,0,0,3,178,'{\'setPosition\':89,\'rally\':89}',{"fieldRepair":2},'{\'leaguePike\':2,\'pavise\':1}',8,184
30,choke_gap1,league,league,draw,round-limit,30,0,0,0,5,208,'{\'setPosition\':104,\'rally\':104}',{"ward":2},'{\'leaguePike\':2,\'pavise\':1,\'coil\':2}',10,230,0,0,0,4,177,'{\'setPosition\':88,\'rally\':89}',{"ward":4},'{\'leaguePike\':2,\'pavise\':1,\'coil\':1}',9,206
31,choke_gap1,league,league,draw,round-limit,30,0,0,0,3,208,'{\'setPosition\':104,\'rally\':104}',{"ward":2},'{\'leaguePike\':1,\'pavise\':2}',8,195,0,0,0,4,179,'{\'setPosition\':89,\'rally\':90}',{},'{\'leaguePike\':3,\'coil\':1}',9,205
32,choke_gap1,league,league,draw,round-limit,30,0,0,0,5,208,'{\'setPosition\':104,\'rally\':104}',{"ward":1},'{\'leaguePike\':2,\'pavise\':1,\'coil\':2}',10,230,0,0,0,3,146,'{\'setPosition\':73,\'rally\':73}','{\'fireburst\':1,\'ward\':1}','{\'leaguePike\':1,\'pavise\':1,\'coil\':1}',8,182
33,choke_gap1,league,league,draw,round-limit,30,0,0,0,5,208,'{\'setPosition\':104,\'rally\':104}','{\'ward\':3,\'flare\':1}','{\'leaguePike\':1,\'pavise\':2,\'coil\':2}',10,225,0,0,0,3,148,'{\'setPosition\':74,\'rally\':74}',{"fireburst":2},'{\'leaguePike\':2,\'coil\':1}',8,180
34,choke_gap1,league,league,draw,round-limit,30,0,0,0,5,206,'{\'rally\':103,\'setPosition\':103}',{"fireburst":1},'{\'leaguePike\':2,\'pavise\':1,\'coil\':2}',10,218,0,0,0,3,178,'{\'setPosition\':89,\'rally\':89}','{\'ward\':1,\'fireburst\':1}','{\'pavise\':1,\'leaguePike\':2}',8,188
35,choke_gap1,league,league,draw,round-limit,30,0,0,0,5,210,'{\'rally\':105,\'setPosition\':105}',{"fieldRepair":1},'{\'leaguePike\':3,\'coil\':2}',10,227,0,0,0,4,179,'{\'setPosition\':89,\'rally\':90}',{"fireburst":1},'{\'pavise\':2,\'leaguePike\':1,\'coil\':1}',9,207
36,choke_gap1,league,league,draw,round-limit,30,0,0,0,4,206,'{\'rally\':103,\'setPosition\':103}','{\'fireburst\':2,\'ward\':1}','{\'leaguePike\':3,\'coil\':1}',9,211,0,0,0,4,177,'{\'setPosition\':88,\'rally\':89}','{\'ward\':1,\'fieldRepair\':1}','{\'pavise\':3,\'coil\':1}',9,206
37,choke_gap1,league,league,draw,round-limit,30,0,0,0,4,208,'{\'setPosition\':104,\'rally\':104}','{\'ward\':2,\'fireburst\':1}','{\'leaguePike\':2,\'pavise\':1,\'coil\':1}',9,212,0,0,0,4,178,'{\'setPosition\':89,\'rally\':89}',{"fieldRepair":1},'{\'pavise\':1,\'leaguePike\':2,\'coil\':1}',9,204
38,choke_gap1,league,league,draw,round-limit,30,0,0,0,5,206,'{\'rally\':103,\'setPosition\':103}','{\'fireburst\':2,\'ward\':3,\'fieldRepair\':2}','{\'leaguePike\':3,\'coil\':2}',10,225,0,0,0,2,120,'{\'setPosition\':60,\'rally\':60}','{\'fireburst\':2,\'ward\':2,\'fieldRepair\':1}','{\'pavise\':1,\'coil\':1}',7,156
39,choke_gap1,league,league,draw,round-limit,30,0,0,0,3,208,'{\'rally\':104,\'setPosition\':104}',{},{"leaguePike":3},8,193,0,0,0,4,178,'{\'setPosition\':89,\'rally\':89}',{"ward":1},'{\'pavise\':1,\'leaguePike\':2,\'coil\':1}',9,206
40,choke_gap1,league,league,draw,round-limit,30,0,0,0,5,210,'{\'rally\':105,\'setPosition\':105}','{\'fireburst\':3,\'fieldRepair\':1}','{\'leaguePike\':3,\'coil\':2}',10,227,0,0,0,4,177,'{\'setPosition\':88,\'rally\':89}','{\'fireburst\':1,\'fieldRepair\':2,\'mend\':1}','{\'pavise\':2,\'leaguePike\':1,\'coil\':1}',9,205
41,choke_gap1,league,league,draw,round-limit,30,0,0,0,5,206,'{\'rally\':103,\'setPosition\':103}','{\'ward\':1,\'fireburst\':1}','{\'leaguePike\':2,\'pavise\':1,\'coil\':2}',10,230,0,0,0,4,178,'{\'setPosition\':89,\'rally\':89}','{\'ward\':1,\'fieldRepair\':1}','{\'pavise\':1,\'leaguePike\':2,\'coil\':1}',9,204
42,choke_gap1,league,league,draw,round-limit,30,0,0,0,5,181,'{\'rally\':91,\'setPosition\':90}','{\'ward\':3,\'flare\':3}','{\'leaguePike\':2,\'pavise\':1,\'coil\':2}',10,230,0,0,0,3,177,'{\'setPosition\':88,\'rally\':89}',{"ward":2},'{\'pavise\':2,\'leaguePike\':1}',8,189
43,choke_gap1,league,league,draw,round-limit,30,0,0,0,5,182,'{\'rally\':92,\'setPosition\':90}','{\'fireburst\':1,\'mend\':1}','{\'leaguePike\':2,\'pavise\':1,\'coil\':2}',10,220,0,0,0,3,179,'{\'setPosition\':89,\'rally\':90}','{\'fireburst\':2,\'fieldRepair\':1,\'ward\':1}','{\'pavise\':2,\'leaguePike\':1}',8,187
44,choke_gap1,league,league,draw,round-limit,30,0,0,0,5,208,'{\'rally\':104,\'setPosition\':104}',{"fireburst":1},'{\'leaguePike\':2,\'pavise\':1,\'coil\':2}',10,230,0,0,0,4,179,'{\'setPosition\':89,\'rally\':90}','{\'ward\':1,\'fieldRepair\':1}','{\'pavise\':2,\'leaguePike\':1,\'coil\':1}',9,205
45,choke_gap1,league,league,draw,round-limit,30,0,0,0,5,179,'{\'rally\':90,\'setPosition\':89}','{\'fireburst\':1,\'ward\':2,\'flare\':2}','{\'leaguePike\':1,\'pavise\':2,\'coil\':2}',10,231,0,0,0,3,148,'{\'setPosition\':74,\'rally\':74}','{\'fireburst\':1,\'ward\':1}','{\'leaguePike\':2,\'coil\':1}',8,181
46,choke_gap1,league,league,draw,round-limit,30,0,0,0,4,179,'{\'setPosition\':89,\'rally\':90}','{\'fireburst\':1,\'ward\':1}','{\'leaguePike\':1,\'pavise\':1,\'coil\':2}',9,206,0,0,0,4,179,'{\'setPosition\':89,\'rally\':90}',{"fieldRepair":1},'{\'pavise\':2,\'leaguePike\':1,\'coil\':1}',9,205
47,choke_gap1,league,league,draw,round-limit,30,0,0,0,5,208,'{\'rally\':104,\'setPosition\':104}','{\'fireburst\':1,\'ward\':1}','{\'leaguePike\':3,\'coil\':2}',10,229,0,0,0,4,179,'{\'setPosition\':89,\'rally\':90}','{\'ward\':3,\'fieldRepair\':1}','{\'pavise\':2,\'leaguePike\':1,\'coil\':1}',9,205
48,choke_gap1,league,league,draw,round-limit,30,0,0,0,5,208,'{\'setPosition\':104,\'rally\':104}','{\'ward\':1,\'fireburst\':2,\'flare\':2}','{\'leaguePike\':1,\'pavise\':2,\'coil\':2}',10,231,0,0,0,3,176,'{\'setPosition\':88,\'rally\':88}','{\'fireburst\':1,\'fieldRepair\':1,\'mend\':1}','{\'leaguePike\':2,\'pavise\':1}',8,188
49,choke_gap1,league,league,draw,round-limit,30,0,0,0,4,210,'{\'rally\':105,\'setPosition\':105}',{},'{\'leaguePike\':3,\'coil\':1}',9,205,0,0,0,3,179,'{\'setPosition\':89,\'rally\':90}',{"fireburst":1},'{\'leaguePike\':1,\'pavise\':2}',8,189
50,choke_gap1,league,league,draw,round-limit,30,0,0,0,4,207,'{\'setPosition\':103,\'rally\':104}','{\'ward\':1,\'fireburst\':2}','{\'leaguePike\':2,\'pavise\':1,\'coil\':1}',9,212,0,0,0,4,178,'{\'setPosition\':89,\'rally\':89}','{\'ward\':2,\'fieldRepair\':2}','{\'pavise\':1,\'leaguePike\':2,\'coil\':1}',9,202
51,choke_gap1,league,league,draw,round-limit,30,0,0,0,4,178,'{\'rally\':89,\'setPosition\':89}','{\'fireburst\':3,\'fieldRepair\':1,\'mend\':1}','{\'leaguePike\':2,\'coil\':2}',9,199,0,0,0,4,178,'{\'setPosition\':89,\'rally\':89}','{\'fireburst\':3,\'fieldRepair\':2,\'mend\':1,\'ward\':1}','{\'leaguePike\':2,\'pavise\':1,\'coil\':1}',9,206
52,choke_gap1,league,league,draw,round-limit,30,0,0,0,4,180,'{\'rally\':90,\'setPosition\':90}','{\'fireburst\':1,\'ward\':2}','{\'leaguePike\':2,\'coil\':2}',9,205,0,0,0,4,175,'{\'setPosition\':87,\'rally\':88}','{\'fireburst\':1,\'fieldRepair\':1}','{\'leaguePike\':1,\'pavise\':2,\'coil\':1}',9,205
53,choke_gap1,league,league,draw,round-limit,30,0,0,0,4,206,'{\'rally\':103,\'setPosition\':103}','{\'fireburst\':2,\'ward\':4}','{\'leaguePike\':3,\'coil\':1}',9,211,0,0,0,3,146,'{\'setPosition\':73,\'rally\':73}','{\'fireburst\':1,\'ward\':1,\'fieldRepair\':1}','{\'pavise\':1,\'leaguePike\':1,\'coil\':1}',8,180
54,choke_gap1,league,league,draw,round-limit,30,0,0,0,5,181,'{\'rally\':91,\'setPosition\':90}',{"ward":2},'{\'leaguePike\':2,\'pavise\':1,\'coil\':2}',10,230,0,0,0,4,177,'{\'setPosition\':88,\'rally\':89}',{"ward":1},'{\'pavise\':2,\'leaguePike\':1,\'coil\':1}',9,207
55,choke_gap1,league,league,draw,round-limit,30,0,0,0,5,208,'{\'rally\':104,\'setPosition\':104}','{\'fireburst\':1,\'ward\':1}','{\'leaguePike\':3,\'coil\':2}',10,229,0,0,0,3,148,'{\'setPosition\':74,\'rally\':74}','{\'fireburst\':1,\'fieldRepair\':1}','{\'leaguePike\':1,\'pavise\':1,\'coil\':1}',8,180
56,choke_gap1,league,league,draw,round-limit,30,0,0,0,5,206,'{\'rally\':103,\'setPosition\':103}','{\'fireburst\':2,\'ward\':3}','{\'leaguePike\':2,\'pavise\':1,\'coil\':1,\'relicWalker\':1}',10,236,0,0,0,4,175,'{\'setPosition\':87,\'rally\':88}','{\'fireburst\':1,\'fieldRepair\':1}','{\'pavise\':2,\'leaguePike\':1,\'coil\':1}',9,205
57,choke_gap1,league,league,draw,round-limit,30,0,0,0,4,179,'{\'setPosition\':89,\'rally\':90}','{\'fireburst\':2,\'ward\':2,\'fieldRepair\':1}','{\'leaguePike\':1,\'pavise\':1,\'coil\':2}',9,204,0,0,0,4,178,'{\'setPosition\':89,\'rally\':89}','{\'fireburst\':1,\'fieldRepair\':1,\'ward\':4,\'mend\':1}','{\'leaguePike\':3,\'coil\':1}',9,205
58,choke_gap1,league,league,draw,round-limit,30,0,0,0,3,178,'{\'rally\':89,\'setPosition\':89}','{\'fireburst\':1,\'ward\':2}','{\'leaguePike\':1,\'pavise\':1,\'coil\':1}',8,188,0,0,0,4,178,'{\'setPosition\':89,\'rally\':89}',{},'{\'pavise\':1,\'leaguePike\':2,\'coil\':1}',9,206
59,choke_gap1,league,league,draw,round-limit,30,0,0,0,3,179,'{\'rally\':90,\'setPosition\':89}','{\'fireburst\':1,\'ward\':1}','{\'leaguePike\':1,\'pavise\':2}',8,195,0,0,0,3,148,'{\'setPosition\':74,\'rally\':74}',{"ward":2},'{\'leaguePike\':1,\'pavise\':1,\'coil\':1}',8,182
60,choke_gap1,league,league,draw,round-limit,30,0,0,0,5,206,'{\'rally\':103,\'setPosition\':103}',{"fireburst":1},'{\'leaguePike\':2,\'pavise\':1,\'coil\':2}',10,230,0,0,0,3,178,'{\'setPosition\':89,\'rally\':89}',{},'{\'leaguePike\':2,\'pavise\':1}',8,188
61,choke_gap1,league,league,draw,round-limit,30,0,0,0,4,178,'{\'rally\':89,\'setPosition\':89}','{\'fireburst\':2,\'ward\':1,\'fieldRepair\':1}','{\'leaguePike\':2,\'coil\':2}',9,203,0,0,0,4,178,'{\'setPosition\':89,\'rally\':89}','{\'fireburst\':1,\'fieldRepair\':1,\'ward\':3}','{\'leaguePike\':2,\'pavise\':1,\'coil\':1}',9,198
62,choke_gap1,league,league,draw,round-limit,30,0,0,0,4,178,'{\'rally\':89,\'setPosition\':89}','{\'fireburst\':1,\'ward\':1}','{\'leaguePike\':1,\'pavise\':1,\'coil\':2}',9,194,0,0,0,3,176,'{\'setPosition\':88,\'rally\':88}',{"fireburst":2},'{\'leaguePike\':2,\'pavise\':1}',8,188
63,choke_gap1,league,league,draw,round-limit,30,0,0,0,5,206,'{\'rally\':103,\'setPosition\':103}',{"fireburst":2},'{\'leaguePike\':2,\'pavise\':1,\'coil\':2}',10,230,0,0,0,4,178,'{\'setPosition\':89,\'rally\':89}','{\'ward\':2,\'fieldRepair\':1}','{\'leaguePike\':2,\'pavise\':1,\'coil\':1}',9,204
64,choke_gap1,league,league,draw,round-limit,30,0,0,0,5,210,'{\'rally\':105,\'setPosition\':105}','{\'fireburst\':2,\'ward\':1}','{\'leaguePike\':3,\'coil\':2}',10,229,0,0,0,4,176,'{\'setPosition\':88,\'rally\':88}','{\'fireburst\':1,\'fieldRepair\':2,\'mend\':1}','{\'leaguePike\':3,\'coil\':1}',9,205
65,choke_gap1,league,league,draw,round-limit,30,0,0,0,5,210,'{\'rally\':105,\'setPosition\':105}','{\'fireburst\':2,\'ward\':1}','{\'leaguePike\':3,\'coil\':2}',10,229,0,0,0,3,146,'{\'setPosition\':73,\'rally\':73}','{\'fireburst\':1,\'ward\':1,\'fieldRepair\':1}','{\'pavise\':1,\'leaguePike\':1,\'coil\':1}',8,168
66,choke_gap1,league,league,draw,round-limit,30,0,0,0,5,210,'{\'rally\':105,\'setPosition\':105}',{"fieldRepair":1},'{\'leaguePike\':3,\'coil\':2}',10,227,0,0,0,3,148,'{\'setPosition\':74,\'rally\':74}',{"fireburst":2},'{\'leaguePike\':2,\'coil\':1}',8,181
67,choke_gap1,league,league,draw,round-limit,30,0,0,0,5,181,'{\'rally\':91,\'setPosition\':90}',{},'{\'leaguePike\':2,\'pavise\':1,\'coil\':2}',10,230,0,0,0,3,176,'{\'setPosition\':88,\'rally\':88}',{"fireburst":1},{"leaguePike":3},8,187
68,choke_gap1,league,league,draw,round-limit,30,0,0,0,3,206,'{\'rally\':103,\'setPosition\':103}','{\'fireburst\':1,\'fieldRepair\':1}','{\'leaguePike\':2,\'pavise\':1}',8,192,0,0,0,4,176,'{\'setPosition\':88,\'rally\':88}','{\'fireburst\':2,\'ward\':1}','{\'leaguePike\':2,\'pavise\':1,\'coil\':1}',9,206
69,choke_gap1,league,league,draw,round-limit,30,0,0,0,4,178,'{\'rally\':89,\'setPosition\':89}','{\'fireburst\':1,\'ward\':4}','{\'leaguePike\':1,\'pavise\':1,\'coil\':2}',9,206,0,0,0,4,176,'{\'setPosition\':88,\'rally\':88}',{"fireburst":1},'{\'leaguePike\':2,\'pavise\':1,\'coil\':1}',9,206
70,choke_gap1,league,league,draw,round-limit,30,0,0,0,5,208,'{\'rally\':104,\'setPosition\':104}','{\'ward\':1,\'fieldRepair\':1}','{\'leaguePike\':2,\'pavise\':1,\'coil\':2}',10,228,0,0,0,4,173,'{\'setPosition\':86,\'rally\':87}','{\'fireburst\':2,\'ward\':1}','{\'pavise\':2,\'leaguePike\':1,\'coil\':1}',9,207
71,choke_gap1,league,league,draw,round-limit,30,0,0,0,4,210,'{\'rally\':105,\'setPosition\':105}',{"ward":3},'{\'leaguePike\':3,\'coil\':1}',9,211,0,0,0,3,146,'{\'setPosition\':73,\'rally\':73}','{\'fireburst\':1,\'ward\':3}','{\'leaguePike\':1,\'pavise\':1,\'coil\':1}',8,182
72,choke_gap1,league,league,draw,round-limit,30,0,0,0,5,208,'{\'rally\':104,\'setPosition\':104}','{\'fieldRepair\':1,\'ward\':2}','{\'leaguePike\':3,\'coil\':2}',10,227,0,0,0,2,118,'{\'setPosition\':59,\'rally\':59}','{\'fireburst\':1,\'ward\':2}','{\'pavise\':1,\'coil\':1}',7,158
73,choke_gap1,league,league,draw,round-limit,30,0,0,0,5,210,'{\'rally\':105,\'setPosition\':105}','{\'fieldRepair\':1,\'mend\':1,\'ward\':1}','{\'leaguePike\':3,\'coil\':2}',10,217,0,0,0,4,178,'{\'setPosition\':89,\'rally\':89}','{\'fireburst\':4,\'ward\':2}','{\'leaguePike\':3,\'coil\':1}',9,205
74,choke_gap1,league,league,draw,round-limit,30,0,0,0,5,210,'{\'rally\':105,\'setPosition\':105}',{},'{\'leaguePike\':3,\'coil\':2}',10,229,0,0,0,3,148,'{\'setPosition\':74,\'rally\':74}','{\'fireburst\':1,\'ward\':2}','{\'leaguePike\':1,\'pavise\':1,\'coil\':1}',8,182
75,choke_gap1,league,league,draw,round-limit,30,0,0,0,3,210,'{\'rally\':105,\'setPosition\':105}',{},{"leaguePike":3},8,187,0,0,0,4,179,'{\'setPosition\':89,\'rally\':90}','{\'ward\':4,\'fireburst\':1}','{\'leaguePike\':1,\'pavise\':2,\'coil\':1}',9,207
76,choke_gap1,league,league,draw,round-limit,30,0,0,0,3,208,'{\'rally\':104,\'setPosition\':104}',{},'{\'leaguePike\':2,\'pavise\':1}',8,188,0,0,0,4,176,'{\'setPosition\':88,\'rally\':88}','{\'fireburst\':2,\'ward\':1}','{\'leaguePike\':2,\'pavise\':1,\'coil\':1}',9,206
77,choke_gap1,league,league,draw,round-limit,30,0,0,0,3,206,'{\'rally\':103,\'setPosition\':103}',{"fireburst":1},{"leaguePike":3},8,193,0,0,0,4,174,'{\'setPosition\':87,\'rally\':87}',{"fireburst":1},'{\'leaguePike\':2,\'pavise\':1,\'coil\':1}',9,206
78,choke_gap1,league,league,draw,round-limit,30,0,0,0,5,206,'{\'rally\':103,\'setPosition\':103}','{\'fireburst\':2,\'ward\':2,\'fieldRepair\':1}','{\'leaguePike\':3,\'coil\':2}',10,227,0,0,0,3,148,'{\'setPosition\':74,\'rally\':74}','{\'fireburst\':1,\'ward\':5,\'fieldRepair\':1}','{\'leaguePike\':2,\'coil\':1}',8,179
79,choke_gap1,league,league,draw,round-limit,30,0,0,0,5,210,'{\'rally\':105,\'setPosition\':105}',{"ward":1},'{\'leaguePike\':3,\'coil\':2}',10,229,0,0,0,4,179,'{\'setPosition\':89,\'rally\':90}',{},'{\'leaguePike\':1,\'pavise\':2,\'coil\':1}',9,207
80,choke_gap1,league,league,draw,round-limit,30,0,0,0,5,206,'{\'rally\':103,\'setPosition\':103}','{\'fireburst\':2,\'ward\':3}','{\'leaguePike\':2,\'pavise\':1,\'coil\':1,\'relicWalker\':1}',10,242,0,0,0,4,178,'{\'setPosition\':89,\'rally\':89}','{\'ward\':1,\'fieldRepair\':1}','{\'leaguePike\':2,\'pavise\':1,\'coil\':1}',9,204
81,choke_gap1,league,league,draw,round-limit,30,0,0,0,5,208,'{\'setPosition\':104,\'rally\':104}',{"ward":2},'{\'leaguePike\':1,\'pavise\':2,\'coil\':2}',10,231,0,0,0,4,176,'{\'setPosition\':88,\'rally\':88}',{"ward":1},'{\'leaguePike\':3,\'coil\':1}',9,205
82,choke_gap1,league,league,draw,round-limit,30,0,0,0,4,206,'{\'rally\':103,\'setPosition\':103}','{\'fireburst\':2,\'ward\':1}','{\'leaguePike\':2,\'pavise\':1,\'coil\':1}',9,212,0,0,0,4,178,'{\'setPosition\':89,\'rally\':89}','{\'ward\':2,\'fieldRepair\':1}','{\'leaguePike\':3,\'coil\':1}',9,203
83,choke_gap1,league,league,draw,round-limit,30,0,0,0,4,208,'{\'rally\':104,\'setPosition\':104}',{"fieldRepair":1},'{\'leaguePike\':3,\'coil\':1}',9,209,0,0,0,4,176,'{\'setPosition\':88,\'rally\':88}','{\'fireburst\':2,\'ward\':3}','{\'leaguePike\':3,\'coil\':1}',9,205
84,choke_gap1,league,league,draw,round-limit,30,0,0,0,3,206,'{\'rally\':103,\'setPosition\':103}',{"fireburst":1},'{\'leaguePike\':2,\'pavise\':1}',8,188,0,0,0,4,178,'{\'setPosition\':89,\'rally\':89}','{\'fireburst\':1,\'ward\':3}','{\'leaguePike\':3,\'coil\':1}',9,205
85,choke_gap1,league,league,draw,round-limit,30,0,0,0,5,206,'{\'rally\':103,\'setPosition\':103}','{\'fireburst\':3,\'ward\':1,\'fieldRepair\':1}','{\'leaguePike\':2,\'pavise\':1,\'coil\':2}',10,228,0,0,0,4,175,'{\'setPosition\':87,\'rally\':88}','{\'fireburst\':2,\'ward\':2,\'fieldRepair\':2,\'mend\':1}','{\'leaguePike\':1,\'pavise\':2,\'coil\':1}',9,201
86,choke_gap1,league,league,draw,round-limit,30,0,0,0,5,208,'{\'setPosition\':104,\'rally\':104}',{"flare":1},'{\'leaguePike\':1,\'pavise\':2,\'coil\':2}',10,225,0,0,0,3,180,'{\'setPosition\':90,\'rally\':90}',{"fireburst":1},{"leaguePike":3},8,187
87,choke_gap1,league,league,draw,round-limit,30,0,0,0,5,208,'{\'setPosition\':104,\'rally\':104}',{"fireburst":1},'{\'leaguePike\':2,\'pavise\':1,\'coil\':2}',10,230,0,0,0,4,176,'{\'setPosition\':88,\'rally\':88}','{\'fireburst\':1,\'ward\':1,\'fieldRepair\':1}','{\'leaguePike\':3,\'coil\':1}',9,203
88,choke_gap1,league,league,draw,round-limit,30,0,0,0,5,179,'{\'setPosition\':89,\'rally\':90}','{\'ward\':2,\'fireburst\':2,\'flare\':2}','{\'leaguePike\':1,\'pavise\':2,\'coil\':2}',10,231,0,0,0,4,176,'{\'setPosition\':88,\'rally\':88}','{\'fireburst\':1,\'fieldRepair\':1,\'mend\':1}','{\'leaguePike\':2,\'pavise\':1,\'coil\':1}',9,206
89,choke_gap1,league,league,draw,round-limit,30,0,0,0,5,208,'{\'rally\':104,\'setPosition\':104}','{\'fireburst\':4,\'fieldRepair\':1}','{\'leaguePike\':2,\'pavise\':1,\'coil\':2}',10,228,0,0,0,4,180,'{\'setPosition\':90,\'rally\':90}','{\'fireburst\':1,\'fieldRepair\':2,\'mend\':2}','{\'leaguePike\':3,\'coil\':1}',9,201
90,choke_gap1,league,league,draw,round-limit,30,0,0,0,3,208,'{\'rally\':104,\'setPosition\':104}','{\'ward\':1,\'fireburst\':1,\'fieldRepair\':1}','{\'leaguePike\':2,\'pavise\':1}',8,192,0,0,0,4,176,'{\'setPosition\':88,\'rally\':88}','{\'ward\':1,\'fireburst\':1,\'fieldRepair\':1}','{\'leaguePike\':2,\'pavise\':1,\'coil\':1}',9,204
91,choke_gap1,league,league,draw,round-limit,30,0,0,0,5,206,'{\'rally\':103,\'setPosition\':103}',{"fireburst":1},'{\'leaguePike\':2,\'pavise\':1,\'coil\':2}',10,224,0,0,0,4,178,'{\'setPosition\':89,\'rally\':89}','{\'fireburst\':1,\'ward\':1}','{\'leaguePike\':2,\'pavise\':1,\'coil\':1}',9,206
92,choke_gap1,league,league,draw,round-limit,30,0,0,0,3,207,'{\'setPosition\':103,\'rally\':104}',{},'{\'leaguePike\':2,\'pavise\':1}',8,188,0,0,0,4,179,'{\'setPosition\':89,\'rally\':90}',{"fireburst":1},'{\'leaguePike\':1,\'pavise\':2,\'coil\':1}',9,207
93,choke_gap1,league,league,draw,round-limit,30,0,0,0,5,208,'{\'rally\':104,\'setPosition\':104}',{"fieldRepair":2},'{\'leaguePike\':2,\'pavise\':1,\'coil\':2}',10,220,0,0,0,3,150,'{\'setPosition\':75,\'rally\':75}','{\'fireburst\':2,\'ward\':3}','{\'leaguePike\':1,\'pavise\':1,\'coil\':1}',8,182
94,choke_gap1,league,league,draw,round-limit,30,0,0,0,5,208,'{\'setPosition\':104,\'rally\':104}',{"ward":2},'{\'leaguePike\':2,\'pavise\':1,\'coil\':2}',10,230,0,0,0,4,177,'{\'setPosition\':88,\'rally\':89}',{"ward":1},'{\'leaguePike\':2,\'pavise\':1,\'coil\':1}',9,206
95,choke_gap1,league,league,draw,round-limit,30,0,0,0,5,179,'{\'setPosition\':89,\'rally\':90}','{\'ward\':1,\'flare\':1}','{\'leaguePike\':1,\'pavise\':2,\'coil\':2}',10,231,0,0,0,4,180,'{\'setPosition\':90,\'rally\':90}',{},'{\'leaguePike\':3,\'coil\':1}',9,205
96,choke_gap1,league,league,draw,round-limit,30,0,0,0,4,207,'{\'setPosition\':103,\'rally\':104}','{\'ward\':3,\'fieldRepair\':1,\'fireburst\':1}','{\'leaguePike\':2,\'pavise\':1,\'coil\':1}',9,210,0,0,0,4,177,'{\'setPosition\':88,\'rally\':89}','{\'fireburst\':1,\'fieldRepair\':1,\'ward\':1}','{\'leaguePike\':2,\'pavise\':1,\'coil\':1}',9,204
97,choke_gap1,league,league,draw,round-limit,30,0,0,0,5,207,'{\'setPosition\':103,\'rally\':104}','{\'fireburst\':3,\'ward\':1,\'mend\':1}','{\'leaguePike\':2,\'pavise\':1,\'coil\':2}',10,226,0,0,0,4,179,'{\'setPosition\':89,\'rally\':90}','{\'fireburst\':2,\'fieldRepair\':3,\'ward\':1,\'mend\':1}','{\'leaguePike\':1,\'pavise\':2,\'coil\':1}',9,203
98,choke_gap1,league,league,draw,round-limit,30,0,0,0,5,208,'{\'setPosition\':104,\'rally\':104}',{"fireburst":2},'{\'leaguePike\':2,\'pavise\':1,\'coil\':2}',10,230,0,0,0,4,179,'{\'setPosition\':89,\'rally\':90}','{\'fieldRepair\':1,\'ward\':1,\'mend\':1}','{\'leaguePike\':1,\'pavise\':2,\'coil\':1}',9,201
99,choke_gap1,league,league,draw,round-limit,30,0,0,0,5,181,'{\'rally\':91,\'setPosition\':90}','{\'ward\':1,\'fireburst\':1,\'flare\':2,\'fieldRepair\':1}','{\'leaguePike\':2,\'pavise\':1,\'coil\':1,\'relicWalker\':1}',10,240,0,0,0,4,178,'{\'setPosition\':89,\'rally\':89}','{\'ward\':3,\'fieldRepair\':1,\'fireburst\':1}','{\'pavise\':1,\'leaguePike\':2,\'coil\':1}',9,204
100,choke_gap1,league,league,draw,round-limit,30,0,0,0,5,206,'{\'rally\':103,\'setPosition\':103}',{"fireburst":2},'{\'leaguePike\':2,\'pavise\':1,\'coil\':2}',10,230,0,0,0,4,174,'{\'setPosition\':87,\'rally\':87}','{\'fireburst\':1,\'ward\':1,\'fieldRepair\':1}','{\'pavise\':1,\'leaguePike\':2,\'coil\':1}',9,204
1,choke_gap1,baseline,baseline,draw,round-limit,30,2,2,4,10,43,'{\'rally\':28,\'brace\':13,\'focusedShot\':2}','{\'mend\':3,\'ward\':2,\'fireburst\':2}','{\'pikeman\':8,\'archer\':1,\'cavalier\':1}',8,180,0,4,2,13,25,'{\'rally\':14,\'charge\':4,\'secondWind\':6,\'brace\':1}','{\'fireburst\':7,\'ward\':5,\'mend\':3}','{\'pikeman\':9,\'cavalier\':2,\'archer\':2}',7,164
2,choke_gap1,baseline,baseline,draw,round-limit,30,1,4,5,10,50,'{\'rally\':28,\'brace\':11,\'focusedShot\':4,\'charge\':6,\'secondWind\':1}','{\'fireburst\':2,\'ward\':2}','{\'pikeman\':6,\'archer\':2,\'cavalier\':2}',8,194,0,5,2,14,28,'{\'rally\':14,\'focusedShot\':6,\'charge\':3,\'secondWind\':2,\'brace\':3}','{\'ward\':7,\'mend\':3,\'fireburst\':4}','{\'pikeman\':6,\'cavalier\':2,\'archer\':6}',7,153
3,choke_gap1,baseline,baseline,draw,round-limit,30,1,1,1,8,35,'{\'rally\':21,\'focusedShot\':3,\'brace\':11}','{\'fireburst\':3,\'ward\':3,\'mend\':2}','{\'archer\':2,\'pikeman\':6}',7,171,0,1,1,8,21,'{\'rally\':18,\'secondWind\':2,\'brace\':1}','{\'mend\':6,\'fireburst\':2,\'ward\':1}','{\'pikeman\':5,\'cavalier\':1,\'archer\':2}',7,168
4,choke_gap1,baseline,baseline,draw,round-limit,30,2,3,1,10,34,'{\'rally\':22,\'focusedShot\':5,\'brace\':7}','{\'ward\':6,\'fireburst\':4,\'mend\':2}','{\'archer\':3,\'pikeman\':7}',7,182,0,2,3,9,32,'{\'rally\':26,\'brace\':6}','{\'ward\':2,\'fireburst\':3,\'mend\':3}','{\'pikeman\':7,\'archer\':2}',7,165
5,choke_gap1,baseline,baseline,draw,round-limit,30,1,1,1,8,39,'{\'rally\':28,\'brace\':10,\'focusedShot\':1}','{\'fireburst\':4,\'mend\':1,\'ward\':1}','{\'pikeman\':6,\'archer\':2}',7,189,0,2,1,8,27,'{\'rally\':21,\'charge\':1,\'brace\':5}','{\'fireburst\':4,\'mend\':4,\'ward\':2}','{\'pikeman\':7,\'cavalier\':1}',8,183
6,choke_gap1,baseline,baseline,draw,round-limit,30,1,1,2,8,40,'{\'rally\':25,\'brace\':13,\'focusedShot\':2}','{\'fireburst\':2,\'mend\':1}','{\'archer\':1,\'pikeman\':7}',8,190,0,2,1,9,29,'{\'rally\':20,\'focusedShot\':3,\'charge\':1,\'brace\':4,\'secondWind\':1}','{\'fireburst\':2,\'mend\':4,\'ward\':2}','{\'pikeman\':7,\'archer\':2}',7,180
7,choke_gap1,baseline,baseline,draw,round-limit,30,1,1,1,9,31,'{\'rally\':25,\'brace\':6}','{\'ward\':4,\'fireburst\':2}','{\'pikeman\':6,\'archer\':3}',8,205,0,1,1,8,26,'{\'rally\':21,\'secondWind\':1,\'brace\':4}','{\'fireburst\':3,\'mend\':1,\'ward\':1}','{\'pikeman\':6,\'archer\':2}',7,171
8,choke_gap1,baseline,baseline,draw,round-limit,30,2,4,3,15,59,'{\'rally\':38,\'charge\':3,\'brace\':10,\'focusedShot\':8}','{\'fireburst\':6,\'ward\':5,\'mend\':3}','{\'pikeman\':13,\'archer\':2}',8,177,0,3,4,9,47,'{\'rally\':31,\'charge\':1,\'brace\':15}','{\'fireburst\':6,\'mend\':4,\'ward\':1}','{\'pikeman\':6,\'archer\':2,\'cavalier\':1}',7,125
9,choke_gap1,baseline,baseline,draw,round-limit,30,1,1,1,8,30,'{\'rally\':23,\'charge\':1,\'brace\':6}','{\'fireburst\':2,\'ward\':3}','{\'pikeman\':6,\'archer\':1,\'cavalier\':1}',9,214,0,1,1,9,23,'{\'rally\':19,\'brace\':4}','{\'fireburst\':1,\'ward\':6,\'mend\':3}','{\'pikeman\':7,\'archer\':2}',8,186
10,choke_gap1,baseline,baseline,draw,round-limit,30,1,0,2,7,41,'{\'rally\':28,\'brace\':12,\'focusedShot\':1}','{\'fireburst\':2,\'mend\':3,\'ward\':1}','{\'pikeman\':6,\'archer\':1}',8,176,0,2,0,10,19,'{\'rally\':18,\'charge\':1}','{\'fireburst\':5,\'ward\':3,\'mend\':3}','{\'archer\':3,\'pikeman\':6,\'cavalier\':1}',8,195
11,choke_gap1,baseline,baseline,draw,round-limit,30,1,1,3,8,56,'{\'rally\':37,\'brace\':17,\'charge\':1,\'secondWind\':1}','{\'ward\':2,\'fireburst\':2}','{\'pikeman\':6,\'archer\':2}',7,151,0,3,0,12,29,'{\'rally\':16,\'focusedShot\':2,\'charge\':3,\'secondWind\':3,\'brace\':5}','{\'fireburst\':7,\'ward\':4,\'mend\':3}','{\'pikeman\':9,\'archer\':2,\'cavalier\':1}',7,150
12,choke_gap1,baseline,baseline,draw,round-limit,30,2,4,5,10,40,'{\'rally\':24,\'brace\':10,\'charge\':3,\'focusedShot\':3}','{\'ward\':2,\'mend\':2}','{\'pikeman\':8,\'archer\':1,\'cavalier\':1}',8,182,0,5,4,12,33,'{\'rally\':12,\'focusedShot\':9,\'secondWind\':6,\'charge\':3,\'brace\':3}','{\'fireburst\':2,\'ward\':3,\'mend\':5}','{\'archer\':3,\'pikeman\':7,\'cavalier\':2}',7,148
13,choke_gap1,baseline,baseline,draw,round-limit,30,2,5,5,13,47,'{\'rally\':32,\'charge\':1,\'brace\':11,\'focusedShot\':3}','{\'fireburst\':4,\'ward\':5,\'mend\':8}','{\'archer\':4,\'pikeman\':8,\'cavalier\':1}',8,175,0,5,4,15,46,'{\'rally\':22,\'focusedShot\':6,\'charge\':3,\'secondWind\':6,\'brace\':9}','{\'fireburst\':6,\'ward\':4,\'mend\':3}','{\'pikeman\':8,\'archer\':5,\'cavalier\':2}',8,164
14,choke_gap1,baseline,baseline,draw,round-limit,30,1,3,4,9,35,'{\'rally\':19,\'brace\':7,\'charge\':2,\'focusedShot\':5,\'secondWind\':2}','{\'fireburst\':3,\'ward\':1,\'mend\':3}','{\'pikeman\':6,\'archer\':2,\'cavalier\':1}',8,181,0,4,3,13,35,'{\'rally\':19,\'focusedShot\':7,\'charge\':2,\'secondWind\':1,\'brace\':6}','{\'fireburst\':1,\'mend\':5,\'ward\':4}','{\'pikeman\':9,\'archer\':3,\'cavalier\':1}',8,189
15,choke_gap1,baseline,baseline,draw,round-limit,30,1,1,1,8,32,'{\'rally\':19,\'charge\':2,\'brace\':8,\'secondWind\':3}','{\'ward\':2,\'mend\':1,\'fireburst\':1}','{\'pikeman\':6,\'archer\':1,\'cavalier\':1}',9,202,0,1,1,8,26,'{\'rally\':15,\'brace\':7,\'secondWind\':4}','{\'ward\':6,\'mend\':4}','{\'pikeman\':5,\'archer\':3}',7,137
16,choke_gap1,baseline,baseline,draw,round-limit,30,1,1,1,8,35,'{\'rally\':26,\'brace\':7,\'charge\':1,\'secondWind\':1}','{\'ward\':3,\'mend\':1}','{\'pikeman\':6,\'archer\':2}',7,180,0,1,1,8,23,'{\'rally\':18,\'brace\':5}','{\'fireburst\':3,\'ward\':3,\'mend\':2}','{\'pikeman\':6,\'archer\':2}',7,173
17,choke_gap1,baseline,baseline,draw,round-limit,30,2,1,2,9,30,'{\'rally\':21,\'charge\':1,\'focusedShot\':1,\'brace\':7}','{\'fireburst\':4,\'mend\':2}','{\'archer\':3,\'pikeman\':6}',8,192,0,2,1,9,32,'{\'rally\':21,\'charge\':1,\'brace\':6,\'secondWind\':1,\'focusedShot\':3}','{\'fireburst\':1,\'ward\':2,\'mend\':3}','{\'pikeman\':6,\'archer\':2,\'cavalier\':1}',7,150
18,choke_gap1,baseline,baseline,draw,round-limit,30,2,1,3,9,39,'{\'rally\':26,\'brace\':13}','{\'fireburst\':3,\'mend\':3,\'ward\':1}','{\'pikeman\':6,\'archer\':3}',7,175,0,3,1,12,24,'{\'rally\':14,\'brace\':5,\'charge\':4,\'secondWind\':1}','{\'mend\':4,\'ward\':2,\'fireburst\':3}','{\'pikeman\':7,\'archer\':4,\'cavalier\':1}',7,133
19,choke_gap1,baseline,baseline,draw,round-limit,30,1,1,2,9,45,'{\'rally\':26,\'brace\':17,\'focusedShot\':1,\'charge\':1}','{\'ward\':3,\'fireburst\':2,\'mend\':3}','{\'archer\':3,\'pikeman\':6}',7,179,0,2,1,9,29,'{\'rally\':10,\'focusedShot\':8,\'charge\':5,\'secondWind\':5,\'brace\':1}','{\'ward\':3,\'mend\':5}','{\'pikeman\':5,\'archer\':3,\'cavalier\':1}',7,138
20,choke_gap1,baseline,baseline,draw,round-limit,30,2,4,5,15,53,'{\'rally\':27,\'brace\':13,\'focusedShot\':11,\'charge\':2}','{\'fireburst\':2,\'mend\':3,\'ward\':3}','{\'pikeman\':10,\'archer\':5}',8,171,0,5,4,11,37,'{\'rally\':26,\'focusedShot\':3,\'charge\':1,\'brace\':7}','{\'fireburst\':2,\'ward\':3}','{\'pikeman\':8,\'archer\':3}',7,140
21,choke_gap1,baseline,baseline,draw,round-limit,30,2,4,1,16,75,'{\'rally\':43,\'charge\':1,\'brace\':21,\'secondWind\':1,\'focusedShot\':9}','{\'ward\':6,\'mend\':4}','{\'pikeman\':14,\'archer\':2}',7,151,1,1,4,10,67,'{\'rally\':42,\'charge\':1,\'brace\':24}','{\'fireburst\':3,\'ward\':2,\'mend\':1}','{\'pikeman\':7,\'archer\':3}',8,184
22,choke_gap1,baseline,baseline,draw,round-limit,30,1,2,4,9,32,'{\'rally\':23,\'focusedShot\':1,\'brace\':8}','{\'fireburst\':2,\'ward\':2}','{\'archer\':3,\'pikeman\':6}',8,189,0,4,2,11,18,'{\'rally\':14,\'charge\':2,\'secondWind\':1,\'brace\':1}','{\'ward\':8,\'fireburst\':2,\'mend\':1}','{\'pikeman\':6,\'cavalier\':3,\'archer\':2}',8,201
23,choke_gap1,baseline,baseline,draw,round-limit,30,1,4,4,13,36,'{\'rally\':21,\'brace\':9,\'focusedShot\':4,\'charge\':1,\'secondWind\':1}','{\'mend\':3,\'ward\':3,\'fireburst\':1}','{\'archer\':4,\'pikeman\':8,\'cavalier\':1}',7,146,1,4,4,12,46,'{\'rally\':25,\'focusedShot\':9,\'charge\':1,\'secondWind\':1,\'brace\':10}','{\'fireburst\':1,\'ward\':5}','{\'pikeman\':8,\'archer\':3,\'cavalier\':1}',8,177
24,choke_gap1,baseline,baseline,draw,round-limit,30,2,3,3,12,36,'{\'rally\':22,\'focusedShot\':7,\'charge\':2,\'brace\':5}','{\'fireburst\':3,\'mend\':2,\'ward\':2}','{\'archer\':2,\'pikeman\':9,\'cavalier\':1}',7,182,0,3,3,10,35,'{\'rally\':23,\'secondWind\':2,\'brace\':8,\'charge\':2}','{\'fireburst\':1,\'ward\':5,\'mend\':4}','{\'pikeman\':7,\'cavalier\':1,\'archer\':2}',7,173
25,choke_gap1,baseline,baseline,draw,round-limit,30,1,4,5,10,42,'{\'rally\':27,\'brace\':12,\'focusedShot\':2,\'charge\':1}','{\'ward\':1,\'fireburst\':1}','{\'pikeman\':6,\'cavalier\':1,\'archer\':3}',8,185,0,5,2,15,28,'{\'rally\':13,\'focusedShot\':2,\'charge\':5,\'secondWind\':7,\'brace\':1}','{\'ward\':6,\'fireburst\':4,\'mend\':5}','{\'pikeman\':10,\'archer\':3,\'cavalier\':2}',8,173
26,choke_gap1,baseline,baseline,draw,round-limit,30,2,1,6,8,57,'{\'rally\':36,\'brace\':14,\'focusedShot\':6,\'secondWind\':1}','{\'mend\':5,\'ward\':3,\'fireburst\':1}','{\'pikeman\':6,\'archer\':1,\'cavalier\':1}',9,211,0,6,1,14,28,'{\'rally\':19,\'focusedShot\':4,\'charge\':1,\'secondWind\':1,\'brace\':3}','{\'ward\':7,\'fireburst\':4,\'mend\':3}','{\'pikeman\':9,\'archer\':5}',5,125
27,choke_gap1,baseline,baseline,draw,round-limit,30,1,3,2,9,22,'{\'rally\':15,\'charge\':1,\'secondWind\':2,\'focusedShot\':2,\'brace\':2}','{\'fireburst\':6,\'ward\':3,\'mend\':3}','{\'pikeman\':6,\'archer\':1,\'cavalier\':2}',9,199,0,2,3,10,27,'{\'rally\':19,\'brace\':6,\'secondWind\':2}','{\'ward\':3,\'mend\':3,\'fireburst\':2}','{\'pikeman\':5,\'archer\':5}',6,148
28,choke_gap1,baseline,baseline,draw,round-limit,30,1,3,2,12,36,'{\'rally\':25,\'brace\':11}','{\'ward\':3,\'fireburst\':1,\'mend\':1}','{\'archer\':6,\'pikeman\':6}',7,184,0,2,3,9,21,'{\'rally\':20,\'charge\':1}','{\'fireburst\':2,\'mend\':1,\'ward\':2}','{\'pikeman\':7,\'cavalier\':2}',9,205
29,choke_gap1,baseline,baseline,draw,round-limit,30,1,7,9,19,76,'{\'rally\':52,\'brace\':18,\'focusedShot\':5,\'secondWind\':1}','{\'fireburst\':9,\'mend\':6,\'ward\':2}','{\'pikeman\':15,\'archer\':4}',6,138,1,10,7,20,71,'{\'rally\':34,\'brace\':18,\'secondWind\':5,\'charge\':2,\'focusedShot\':12}','{\'fireburst\':4,\'ward\':3,\'mend\':4}','{\'pikeman\':9,\'cavalier\':6,\'archer\':5}',6,129
30,choke_gap1,baseline,baseline,draw,round-limit,30,1,3,4,10,33,'{\'rally\':22,\'brace\':8,\'focusedShot\':3}','{\'ward\':1,\'fireburst\':6,\'mend\':1}','{\'archer\':3,\'pikeman\':7}',8,187,0,4,3,11,35,'{\'rally\':21,\'charge\':2,\'brace\':6,\'focusedShot\':5,\'secondWind\':1}','{\'fireburst\':5,\'ward\':2,\'mend\':5}','{\'pikeman\':7,\'archer\':2,\'cavalier\':2}',7,147
31,choke_gap1,baseline,baseline,draw,round-limit,30,2,5,6,12,58,'{\'rally\':33,\'brace\':14,\'focusedShot\':7,\'charge\':2,\'secondWind\':2}','{\'fireburst\':5,\'mend\':1,\'ward\':4}','{\'archer\':3,\'pikeman\':8,\'cavalier\':1}',8,185,0,7,5,18,43,'{\'rally\':29,\'focusedShot\':2,\'charge\':3,\'secondWind\':3,\'brace\':6}','{\'mend\':9,\'fireburst\':5,\'ward\':2}','{\'pikeman\':13,\'cavalier\':2,\'archer\':3}',7,161
32,choke_gap1,baseline,baseline,draw,round-limit,30,1,1,1,8,29,'{\'rally\':25,\'brace\':4}',{"fireburst":3},'{\'pikeman\':6,\'archer\':1,\'cavalier\':1}',9,213,0,1,1,7,31,'{\'rally\':23,\'brace\':8}',{"fireburst":3},{"pikeman":7},8,175
33,choke_gap1,baseline,baseline,draw,round-limit,30,1,1,2,8,34,'{\'rally\':22,\'brace\':12}','{\'ward\':1,\'mend\':2}','{\'pikeman\':6,\'archer\':1,\'cavalier\':1}',9,208,0,2,1,9,19,{"rally":19},{"fireburst":1},'{\'pikeman\':7,\'cavalier\':1,\'archer\':1}',7,183
34,choke_gap1,baseline,baseline,draw,round-limit,30,1,1,2,9,35,'{\'rally\':25,\'brace\':9,\'focusedShot\':1}','{\'ward\':2,\'fireburst\':1,\'mend\':3}','{\'pikeman\':6,\'archer\':3}',8,208,0,2,1,9,26,'{\'rally\':20,\'charge\':1,\'secondWind\':1,\'brace\':4}','{\'fireburst\':3,\'ward\':2,\'mend\':1}','{\'pikeman\':7,\'cavalier\':1,\'archer\':1}',7,181
35,choke_gap1,baseline,baseline,draw,round-limit,30,2,4,5,13,74,'{\'rally\':44,\'brace\':24,\'charge\':3,\'focusedShot\':1,\'secondWind\':2}','{\'fireburst\':3,\'mend\':3,\'ward\':1}','{\'archer\':4,\'pikeman\':8,\'cavalier\':1}',8,159,1,5,4,16,60,'{\'rally\':38,\'charge\':2,\'secondWind\':1,\'brace\':16,\'focusedShot\':3}','{\'fireburst\':4,\'ward\':5,\'mend\':4}','{\'pikeman\':11,\'archer\':4,\'cavalier\':1}',6,136
36,choke_gap1,baseline,baseline,draw,round-limit,30,2,1,2,8,29,'{\'rally\':23,\'brace\':6}','{\'fireburst\':5,\'ward\':6,\'mend\':2}','{\'pikeman\':6,\'archer\':1,\'cavalier\':1}',9,213,0,2,1,10,31,'{\'rally\':24,\'secondWind\':2,\'brace\':5}','{\'mend\':3,\'ward\':4,\'fireburst\':4}','{\'cavalier\':1,\'pikeman\':7,\'archer\':2}',8,177
37,choke_gap1,baseline,baseline,draw,round-limit,30,1,4,2,10,48,'{\'rally\':30,\'brace\':16,\'secondWind\':1,\'focusedShot\':1}','{\'fireburst\':1,\'ward\':2,\'mend\':1}','{\'pikeman\':7,\'archer\':2,\'cavalier\':1}',8,168,0,2,4,9,28,'{\'rally\':15,\'charge\':4,\'secondWind\':2,\'brace\':7}','{\'fireburst\':4,\'ward\':2,\'mend\':2}','{\'pikeman\':5,\'archer\':3,\'cavalier\':1}',7,152
38,choke_gap1,baseline,baseline,draw,round-limit,30,1,1,6,8,60,'{\'rally\':38,\'brace\':19,\'focusedShot\':1,\'charge\':1,\'secondWind\':1}',{"mend":4},'{\'pikeman\':6,\'archer\':2}',7,177,0,6,1,17,28,'{\'rally\':15,\'focusedShot\':7,\'charge\':1,\'secondWind\':2,\'brace\':3}','{\'ward\':3,\'fireburst\':3,\'mend\':4}','{\'archer\':9,\'pikeman\':7,\'cavalier\':1}',8,185
39,choke_gap1,baseline,baseline,draw,round-limit,30,1,3,5,12,53,'{\'rally\':30,\'brace\':10,\'focusedShot\':10,\'charge\':1,\'secondWind\':2}','{\'ward\':2,\'mend\':4,\'fireburst\':1}','{\'archer\':3,\'pikeman\':9}',7,138,0,5,3,13,41,'{\'rally\':19,\'focusedShot\':8,\'charge\':4,\'secondWind\':6,\'brace\':4}','{\'fireburst\':5,\'ward\':3,\'mend\':1}','{\'pikeman\':9,\'cavalier\':3,\'archer\':1}',8,175
40,choke_gap1,baseline,baseline,draw,round-limit,30,2,0,3,7,43,'{\'rally\':27,\'brace\':15,\'charge\':1}','{\'ward\':5,\'fireburst\':2}','{\'pikeman\':6,\'archer\':1}',8,181,0,3,0,12,21,'{\'rally\':17,\'focusedShot\':3,\'secondWind\':1}','{\'ward\':5,\'fireburst\':2,\'mend\':2}','{\'cavalier\':2,\'pikeman\':7,\'archer\':3}',9,220
41,choke_gap1,baseline,baseline,draw,round-limit,30,2,2,2,8,24,'{\'rally\':16,\'brace\':6,\'focusedShot\':1,\'charge\':1}','{\'fireburst\':2,\'mend\':3,\'ward\':1}','{\'pikeman\':6,\'cavalier\':1,\'archer\':1}',8,175,1,2,2,9,17,'{\'rally\':13,\'charge\':1,\'brace\':3}','{\'fireburst\':5,\'ward\':3,\'mend\':3}','{\'pikeman\':7,\'archer\':2}',7,181
42,choke_gap1,baseline,baseline,draw,round-limit,30,2,4,5,11,51,'{\'rally\':33,\'brace\':14,\'focusedShot\':3,\'charge\':1}','{\'fireburst\':4,\'ward\':7,\'mend\':4}','{\'pikeman\':8,\'archer\':3}',7,134,0,5,3,16,39,'{\'rally\':22,\'focusedShot\':5,\'charge\':2,\'brace\':9,\'secondWind\':1}','{\'fireburst\':8,\'mend\':7,\'ward\':6}','{\'archer\':5,\'pikeman\':9,\'cavalier\':2}',7,158
43,choke_gap1,baseline,baseline,draw,round-limit,30,2,3,4,14,32,'{\'rally\':19,\'brace\':7,\'focusedShot\':2,\'charge\':2,\'secondWind\':2}','{\'fireburst\':5,\'ward\':3,\'mend\':2}','{\'archer\':6,\'pikeman\':7,\'cavalier\':1}',7,165,0,4,3,11,30,'{\'rally\':21,\'charge\':2,\'brace\':4,\'focusedShot\':3}','{\'fireburst\':4,\'ward\':4,\'mend\':3}','{\'pikeman\':7,\'archer\':4}',7,158
44,choke_gap1,baseline,baseline,draw,round-limit,30,1,2,2,12,40,'{\'rally\':26,\'brace\':13,\'focusedShot\':1}','{\'ward\':6,\'mend\':4,\'fireburst\':2}','{\'archer\':3,\'pikeman\':9}',8,196,0,2,2,8,34,'{\'rally\':17,\'charge\':1,\'secondWind\':5,\'focusedShot\':5,\'brace\':6}','{\'fireburst\':4,\'ward\':3,\'mend\':2}','{\'pikeman\':7,\'cavalier\':1}',9,190
45,choke_gap1,baseline,baseline,draw,round-limit,30,1,3,5,9,54,'{\'rally\':30,\'brace\':18,\'charge\':2,\'secondWind\':4}','{\'fireburst\':3,\'ward\':5,\'mend\':2}','{\'pikeman\':6,\'archer\':1,\'cavalier\':2}',9,196,1,5,3,12,41,'{\'rally\':24,\'focusedShot\':2,\'charge\':3,\'secondWind\':2,\'brace\':10}','{\'fireburst\':1,\'mend\':5,\'ward\':2}','{\'pikeman\':8,\'cavalier\':2,\'archer\':2}',6,119
46,choke_gap1,baseline,baseline,draw,round-limit,30,1,3,3,9,45,'{\'rally\':27,\'brace\':14,\'focusedShot\':2,\'charge\':2}','{\'ward\':2,\'fireburst\':3,\'mend\':1}','{\'archer\':3,\'pikeman\':6}',7,188,0,4,2,11,30,'{\'rally\':21,\'charge\':2,\'secondWind\':2,\'brace\':5}','{\'fireburst\':5,\'ward\':3,\'mend\':1}','{\'pikeman\':7,\'archer\':4}',7,169
47,choke_gap1,baseline,baseline,draw,round-limit,30,2,2,2,10,50,'{\'rally\':32,\'brace\':16,\'secondWind\':2}','{\'fireburst\':4,\'ward\':3,\'mend\':4}','{\'pikeman\':8,\'archer\':1,\'cavalier\':1}',8,168,0,2,2,11,33,'{\'rally\':20,\'brace\':8,\'charge\':2,\'secondWind\':3}','{\'fireburst\':7,\'ward\':5,\'mend\':4}','{\'pikeman\':7,\'archer\':2,\'cavalier\':2}',7,128
48,choke_gap1,baseline,baseline,draw,round-limit,30,1,1,1,8,36,'{\'rally\':25,\'brace\':9,\'focusedShot\':2}','{\'fireburst\':2,\'ward\':5,\'mend\':6}','{\'archer\':2,\'pikeman\':6}',7,184,0,1,1,8,23,'{\'rally\':19,\'secondWind\':1,\'brace\':3}','{\'fireburst\':4,\'mend\':1,\'ward\':4}','{\'pikeman\':6,\'archer\':2}',7,166
49,choke_gap1,baseline,baseline,draw,round-limit,30,1,2,2,9,40,'{\'rally\':26,\'charge\':2,\'brace\':10,\'secondWind\':2}','{\'fireburst\':2,\'ward\':2,\'mend\':1}','{\'pikeman\':6,\'archer\':3}',7,169,0,2,2,9,31,'{\'rally\':23,\'charge\':1,\'secondWind\':1,\'brace\':6}','{\'ward\':3,\'mend\':3,\'fireburst\':3}','{\'pikeman\':6,\'archer\':2,\'cavalier\':1}',7,166
50,choke_gap1,baseline,baseline,draw,round-limit,30,1,2,1,9,35,'{\'rally\':23,\'focusedShot\':4,\'brace\':8}','{\'fireburst\':3,\'ward\':4,\'mend\':2}','{\'archer\':3,\'pikeman\':6}',8,201,0,1,2,9,27,'{\'rally\':20,\'brace\':7}','{\'fireburst\':3,\'mend\':3,\'ward\':7}','{\'pikeman\':7,\'archer\':2}',8,185
51,choke_gap1,baseline,baseline,draw,round-limit,30,1,1,1,8,24,'{\'rally\':19,\'charge\':1,\'brace\':4}','{\'fireburst\':5,\'ward\':3,\'mend\':2}','{\'pikeman\':6,\'archer\':2}',7,174,0,1,1,9,29,'{\'rally\':24,\'secondWind\':1,\'brace\':4}','{\'ward\':4,\'mend\':5,\'fireburst\':1}','{\'pikeman\':7,\'archer\':2}',8,174
52,choke_gap1,baseline,baseline,draw,round-limit,30,2,3,3,11,29,'{\'rally\':21,\'focusedShot\':3,\'brace\':4,\'charge\':1}','{\'fireburst\':4,\'ward\':6,\'mend\':1}','{\'pikeman\':7,\'archer\':4}',8,190,0,3,1,12,23,'{\'rally\':16,\'focusedShot\':2,\'charge\':1,\'secondWind\':1,\'brace\':3}','{\'fireburst\':4,\'mend\':9,\'ward\':3}','{\'pikeman\':9,\'archer\':3}',7,166
53,choke_gap1,baseline,baseline,draw,round-limit,30,1,1,6,12,45,'{\'rally\':28,\'charge\':5,\'brace\':7,\'focusedShot\':2,\'secondWind\':3}','{\'fireburst\':7,\'mend\':6,\'ward\':4}','{\'pikeman\':10,\'cavalier\':1,\'archer\':1}',7,146,1,6,1,19,27,'{\'rally\':18,\'secondWind\':1,\'focusedShot\':1,\'brace\':7}','{\'fireburst\':4,\'mend\':6,\'ward\':9}','{\'pikeman\':4,\'archer\':13,\'cavalier\':2}',7,142
54,choke_gap1,baseline,baseline,draw,round-limit,30,1,5,6,10,56,'{\'rally\':31,\'brace\':16,\'charge\':2,\'focusedShot\':2,\'secondWind\':5}','{\'fireburst\':2,\'mend\':1}','{\'pikeman\':7,\'cavalier\':1,\'archer\':2}',8,134,0,6,4,14,25,'{\'rally\':12,\'charge\':4,\'secondWind\':4,\'brace\':3,\'focusedShot\':2}','{\'fireburst\':7,\'mend\':4}','{\'pikeman\':7,\'cavalier\':4,\'archer\':3}',8,177
55,choke_gap1,baseline,baseline,draw,round-limit,30,1,3,5,11,44,'{\'rally\':29,\'brace\':8,\'focusedShot\':5,\'charge\':2}','{\'fireburst\':1,\'ward\':4,\'mend\':2}','{\'pikeman\':9,\'cavalier\':1,\'archer\':1}',7,128,0,5,3,13,32,'{\'rally\':12,\'focusedShot\':10,\'charge\':4,\'brace\':3,\'secondWind\':3}','{\'ward\':5,\'mend\':5,\'fireburst\':1}','{\'pikeman\':6,\'cavalier\':4,\'archer\':3}',7,129
56,choke_gap1,baseline,baseline,draw,round-limit,30,1,6,8,12,44,'{\'rally\':24,\'charge\':7,\'focusedShot\':6,\'brace\':5,\'secondWind\':2}','{\'fireburst\':5,\'mend\':4,\'ward\':1}','{\'pikeman\':6,\'archer\':4,\'cavalier\':2}',8,197,1,8,5,21,36,'{\'rally\':23,\'brace\':5,\'focusedShot\':4,\'secondWind\':2,\'charge\':2}','{\'fireburst\':3,\'mend\':6,\'ward\':3}','{\'pikeman\':12,\'cavalier\':5,\'archer\':4}',7,170
57,choke_gap1,baseline,baseline,draw,round-limit,30,1,2,3,8,47,'{\'rally\':31,\'brace\':14,\'focusedShot\':1,\'secondWind\':1}','{\'fireburst\':2,\'ward\':3,\'mend\':2}','{\'pikeman\':6,\'cavalier\':1,\'archer\':1}',9,199,0,3,2,9,22,'{\'rally\':17,\'charge\':1,\'secondWind\':2,\'brace\':2}','{\'fireburst\':5,\'mend\':1,\'ward\':2}','{\'pikeman\':4,\'archer\':3,\'cavalier\':2}',8,190
58,choke_gap1,baseline,baseline,draw,round-limit,30,2,2,2,8,36,'{\'rally\':25,\'brace\':11}','{\'fireburst\':6,\'ward\':2,\'mend\':5}','{\'pikeman\':6,\'archer\':1,\'cavalier\':1}',8,200,0,2,2,10,30,'{\'rally\':21,\'charge\':2,\'secondWind\':6,\'brace\':1}','{\'ward\':3,\'mend\':1,\'fireburst\':3}','{\'pikeman\':7,\'archer\':2,\'cavalier\':1}',8,168
59,choke_gap1,baseline,baseline,draw,round-limit,30,1,1,2,8,36,'{\'rally\':21,\'brace\':11,\'focusedShot\':3,\'secondWind\':1}','{\'fireburst\':1,\'ward\':4,\'mend\':2}','{\'pikeman\':6,\'cavalier\':1,\'archer\':1}',9,200,0,2,1,9,21,'{\'rally\':18,\'charge\':2,\'brace\':1}','{\'fireburst\':1,\'mend\':5,\'ward\':2}','{\'pikeman\':6,\'archer\':2,\'cavalier\':1}',7,177
60,choke_gap1,baseline,baseline,draw,round-limit,30,0,1,3,8,38,'{\'rally\':30,\'brace\':8}','{\'ward\':4,\'fireburst\':3,\'mend\':2}','{\'pikeman\':6,\'archer\':2}',7,174,0,3,1,11,30,'{\'rally\':23,\'charge\':1,\'secondWind\':1,\'brace\':5}','{\'ward\':2,\'fireburst\':3,\'mend\':2}','{\'pikeman\':9,\'cavalier\':2}',8,164
61,choke_gap1,baseline,baseline,draw,round-limit,30,2,1,2,8,35,'{\'rally\':25,\'brace\':10}','{\'ward\':4,\'fireburst\':1,\'mend\':2}','{\'pikeman\':6,\'archer\':1,\'cavalier\':1}',9,210,0,2,1,9,17,'{\'rally\':14,\'charge\':1,\'secondWind\':2}','{\'fireburst\':3,\'ward\':2,\'mend\':3}','{\'pikeman\':5,\'archer\':3,\'cavalier\':1}',7,174
62,choke_gap1,baseline,baseline,draw,round-limit,30,1,8,5,15,42,'{\'rally\':26,\'brace\':10,\'charge\':3,\'secondWind\':3}',{"ward":3},'{\'pikeman\':9,\'archer\':4,\'cavalier\':2}',8,179,1,5,7,15,43,'{\'rally\':21,\'charge\':4,\'brace\':10,\'focusedShot\':7,\'secondWind\':1}','{\'fireburst\':2,\'ward\':5,\'mend\':2}','{\'pikeman\':11,\'archer\':3,\'cavalier\':1}',7,147
63,choke_gap1,baseline,baseline,draw,round-limit,30,0,1,2,8,35,'{\'rally\':25,\'charge\':1,\'brace\':8,\'secondWind\':1}','{\'ward\':2,\'fireburst\':1,\'mend\':1}','{\'pikeman\':6,\'archer\':2}',7,169,0,2,1,8,29,'{\'rally\':17,\'charge\':2,\'brace\':10}','{\'fireburst\':3,\'mend\':3,\'ward\':1}','{\'cavalier\':1,\'pikeman\':4,\'archer\':3}',8,184
64,choke_gap1,baseline,baseline,draw,round-limit,30,1,6,5,11,43,'{\'rally\':26,\'charge\':3,\'brace\':9,\'focusedShot\':4,\'secondWind\':1}','{\'ward\':3,\'mend\':2,\'fireburst\':1}','{\'pikeman\':7,\'archer\':2,\'cavalier\':2}',8,179,0,6,5,17,25,'{\'rally\':15,\'charge\':2,\'brace\':2,\'focusedShot\':3,\'secondWind\':3}','{\'ward\':6,\'mend\':6,\'fireburst\':3}','{\'pikeman\':10,\'archer\':4,\'cavalier\':3}',7,166
65,choke_gap1,baseline,baseline,draw,round-limit,30,1,3,6,10,49,'{\'rally\':29,\'brace\':13,\'charge\':3,\'secondWind\':3,\'focusedShot\':1}','{\'ward\':1,\'mend\':3,\'fireburst\':2}','{\'pikeman\':6,\'archer\':4}',8,191,0,6,3,20,44,'{\'rally\':26,\'focusedShot\':11,\'charge\':1,\'brace\':6}','{\'fireburst\':2,\'ward\':8,\'mend\':6}','{\'pikeman\':13,\'archer\':6,\'cavalier\':1}',8,194
66,choke_gap1,baseline,baseline,draw,round-limit,30,2,2,6,10,55,'{\'rally\':25,\'focusedShot\':10,\'brace\':17,\'secondWind\':1,\'charge\':2}','{\'fireburst\':2,\'ward\':2}','{\'archer\':4,\'pikeman\':6}',8,179,0,6,2,17,32,'{\'rally\':23,\'secondWind\':3,\'brace\':3,\'charge\':3}','{\'fireburst\':3,\'ward\':2,\'mend\':2}','{\'pikeman\':11,\'cavalier\':4,\'archer\':2}',7,171
67,choke_gap1,baseline,baseline,draw,round-limit,30,2,4,5,16,44,'{\'rally\':27,\'focusedShot\':7,\'brace\':6,\'charge\':3,\'secondWind\':1}','{\'ward\':4,\'fireburst\':4,\'mend\':2}','{\'archer\':4,\'pikeman\':12}',6,151,0,5,4,15,48,'{\'rally\':34,\'brace\':11,\'focusedShot\':2,\'charge\':1}','{\'mend\':2,\'ward\':1,\'fireburst\':1}','{\'pikeman\':10,\'archer\':4,\'cavalier\':1}',7,185
68,choke_gap1,baseline,baseline,draw,round-limit,30,1,4,4,11,60,'{\'rally\':32,\'brace\':21,\'focusedShot\':4,\'charge\':1,\'secondWind\':2}','{\'fireburst\':4,\'ward\':2,\'mend\':2}','{\'pikeman\':8,\'archer\':3}',6,129,0,4,4,10,58,'{\'rally\':24,\'focusedShot\':15,\'charge\':4,\'secondWind\':3,\'brace\':12}','{\'ward\':5,\'fireburst\':1,\'mend\':2}','{\'pikeman\':7,\'archer\':2,\'cavalier\':1}',6,133
69,choke_gap1,baseline,baseline,draw,round-limit,30,0,0,3,7,42,'{\'rally\':24,\'brace\':7,\'focusedShot\':11}',{"fireburst":3},'{\'pikeman\':6,\'archer\':1}',8,157,0,3,0,10,40,'{\'rally\':24,\'focusedShot\':2,\'charge\':1,\'brace\':13}','{\'fireburst\':3,\'ward\':4,\'mend\':4}','{\'pikeman\':7,\'archer\':3}',7,169
70,choke_gap1,baseline,baseline,draw,round-limit,30,1,3,1,12,36,'{\'rally\':24,\'brace\':10,\'charge\':1,\'secondWind\':1}','{\'ward\':2,\'mend\':4,\'fireburst\':2}','{\'archer\':1,\'pikeman\':9,\'cavalier\':2}',9,201,0,2,2,13,23,'{\'rally\':20,\'charge\':1,\'secondWind\':2}','{\'fireburst\':2,\'ward\':6,\'mend\':4}','{\'pikeman\':10,\'archer\':2,\'cavalier\':1}',7,173
71,choke_gap1,baseline,baseline,draw,round-limit,30,1,7,5,19,61,'{\'rally\':38,\'brace\':12,\'charge\':3,\'focusedShot\':6,\'secondWind\':2}','{\'fireburst\':13,\'ward\':11,\'mend\':6}','{\'pikeman\':13,\'archer\':4,\'cavalier\':2}',7,131,1,6,7,13,82,'{\'rally\':41,\'charge\':3,\'brace\':30,\'secondWind\':2,\'focusedShot\':6}','{\'fireburst\':2,\'mend\':5,\'ward\':4}','{\'pikeman\':7,\'cavalier\':3,\'archer\':3}',7,132
72,choke_gap1,baseline,baseline,draw,round-limit,30,2,4,10,12,33,'{\'rally\':15,\'brace\':5,\'charge\':5,\'secondWind\':5,\'focusedShot\':3}','{\'ward\':3,\'fireburst\':2,\'mend\':5}','{\'pikeman\':5,\'archer\':5,\'cavalier\':2}',7,154,1,10,4,18,26,'{\'rally\':14,\'focusedShot\':4,\'brace\':3,\'secondWind\':3,\'charge\':2}','{\'fireburst\':4,\'ward\':6,\'mend\':4}','{\'pikeman\':8,\'archer\':6,\'cavalier\':4}',6,157
73,choke_gap1,baseline,baseline,draw,round-limit,30,1,2,1,9,34,'{\'rally\':25,\'brace\':9}','{\'fireburst\':2,\'mend\':1,\'ward\':1}','{\'pikeman\':7,\'archer\':2}',7,182,0,1,2,7,30,'{\'rally\':21,\'charge\':1,\'secondWind\':3,\'focusedShot\':3,\'brace\':2}','{\'fireburst\':3,\'ward\':2}',{"pikeman":7},8,174
74,choke_gap1,baseline,baseline,draw,round-limit,30,1,2,3,9,29,'{\'rally\':18,\'brace\':7,\'focusedShot\':4}','{\'fireburst\':2,\'ward\':1,\'mend\':3}','{\'pikeman\':6,\'archer\':3}',8,187,0,3,2,9,27,'{\'rally\':12,\'charge\':6,\'brace\':1,\'secondWind\':7,\'focusedShot\':1}','{\'fireburst\':2,\'mend\':1,\'ward\':1}','{\'pikeman\':7,\'cavalier\':2}',8,163
75,choke_gap1,baseline,baseline,draw,round-limit,30,1,4,5,12,44,'{\'rally\':28,\'brace\':12,\'focusedShot\':2,\'charge\':1,\'secondWind\':1}','{\'fireburst\':2,\'ward\':2,\'mend\':2}','{\'pikeman\':9,\'archer\':2,\'cavalier\':1}',8,194,0,5,3,12,21,'{\'rally\':12,\'brace\':3,\'focusedShot\':1,\'charge\':3,\'secondWind\':2}','{\'fireburst\':6,\'ward\':3,\'mend\':2}','{\'pikeman\':7,\'archer\':3,\'cavalier\':2}',7,157
76,choke_gap1,baseline,baseline,draw,round-limit,30,2,4,8,10,65,'{\'rally\':34,\'brace\':15,\'focusedShot\':12,\'charge\':1,\'secondWind\':3}','{\'ward\':6,\'fireburst\':6,\'mend\':1}','{\'archer\':3,\'pikeman\':6,\'cavalier\':1}',7,143,0,9,3,16,45,'{\'rally\':26,\'focusedShot\':5,\'charge\':3,\'brace\':8,\'secondWind\':3}','{\'fireburst\':6,\'mend\':4,\'ward\':1}','{\'pikeman\':10,\'cavalier\':4,\'archer\':2}',7,150
77,choke_gap1,baseline,baseline,draw,round-limit,30,1,3,6,12,48,'{\'rally\':26,\'brace\':11,\'focusedShot\':6,\'charge\':3,\'secondWind\':2}','{\'mend\':4,\'fireburst\':3,\'ward\':1}','{\'pikeman\':8,\'archer\':3,\'cavalier\':1}',7,151,0,7,3,17,35,'{\'rally\':24,\'focusedShot\':8,\'secondWind\':2,\'charge\':1}','{\'fireburst\':3,\'ward\':5,\'mend\':5}','{\'archer\':5,\'pikeman\':9,\'cavalier\':3}',9,216
78,choke_gap1,baseline,baseline,draw,round-limit,30,2,6,6,15,79,'{\'rally\':46,\'brace\':16,\'focusedShot\':9,\'charge\':5,\'secondWind\':3}','{\'fireburst\':3,\'ward\':4,\'mend\':1}','{\'pikeman\':10,\'archer\':4,\'cavalier\':1}',8,183,2,6,6,14,61,'{\'rally\':35,\'focusedShot\':7,\'charge\':3,\'secondWind\':3,\'brace\':13}','{\'fireburst\':7,\'ward\':5,\'mend\':1}','{\'pikeman\':10,\'cavalier\':3,\'archer\':1}',8,171
79,choke_gap1,baseline,baseline,draw,round-limit,30,1,7,7,22,81,'{\'rally\':51,\'brace\':22,\'focusedShot\':7,\'charge\':1}','{\'ward\':5,\'fireburst\':6,\'mend\':1}','{\'archer\':6,\'pikeman\':16}',7,148,1,7,5,16,88,'{\'rally\':40,\'charge\':2,\'focusedShot\':18,\'brace\':27,\'secondWind\':1}','{\'ward\':5,\'mend\':3,\'fireburst\':3}','{\'cavalier\':2,\'pikeman\':8,\'archer\':6}',6,121
80,choke_gap1,baseline,baseline,draw,round-limit,30,1,1,2,8,41,'{\'rally\':25,\'brace\':13,\'charge\':1,\'focusedShot\':2}','{\'fireburst\':2,\'mend\':4,\'ward\':2}','{\'pikeman\':6,\'archer\':2}',7,172,0,2,1,10,29,'{\'rally\':20,\'charge\':1,\'secondWind\':1,\'brace\':7}','{\'fireburst\':4,\'mend\':1,\'ward\':1}','{\'pikeman\':7,\'archer\':3}',8,192
81,choke_gap1,baseline,baseline,draw,round-limit,30,2,6,5,17,61,'{\'rally\':40,\'brace\':15,\'charge\':2,\'focusedShot\':2,\'secondWind\':2}','{\'fireburst\':4,\'mend\':1}','{\'archer\':3,\'pikeman\':13,\'cavalier\':1}',7,140,0,5,6,17,39,'{\'rally\':26,\'focusedShot\':4,\'brace\':3,\'secondWind\':4,\'charge\':2}','{\'fireburst\':6,\'ward\':5,\'mend\':6}','{\'pikeman\':13,\'archer\':2,\'cavalier\':2}',7,151
82,choke_gap1,baseline,baseline,draw,round-limit,30,1,1,4,9,42,'{\'rally\':25,\'brace\':8,\'focusedShot\':4,\'charge\':2,\'secondWind\':3}','{\'fireburst\':4,\'mend\':3,\'ward\':3}','{\'pikeman\':6,\'archer\':3}',8,195,0,4,1,13,32,'{\'rally\':24,\'focusedShot\':3,\'charge\':1,\'brace\':4}','{\'fireburst\':2,\'ward\':2,\'mend\':1}','{\'pikeman\':10,\'cavalier\':1,\'archer\':2}',8,193
83,choke_gap1,baseline,baseline,draw,round-limit,30,1,4,2,13,46,'{\'rally\':27,\'brace\':17,\'focusedShot\':2}','{\'ward\':2,\'mend\':1,\'fireburst\':2}','{\'archer\':4,\'pikeman\':8,\'cavalier\':1}',8,152,0,2,4,14,33,'{\'rally\':23,\'focusedShot\':6,\'brace\':3,\'charge\':1}','{\'fireburst\':3,\'ward\':6,\'mend\':6}','{\'pikeman\':11,\'archer\':3}',6,155
84,choke_gap1,baseline,baseline,draw,round-limit,30,1,1,1,8,39,'{\'rally\':26,\'brace\':12,\'charge\':1}','{\'ward\':3,\'fireburst\':4,\'mend\':2}','{\'pikeman\':6,\'archer\':2}',7,168,0,3,1,10,23,'{\'rally\':20,\'charge\':1,\'brace\':2}','{\'fireburst\':4,\'ward\':3,\'mend\':5}','{\'pikeman\':6,\'archer\':3,\'cavalier\':1}',7,174
85,choke_gap1,baseline,baseline,draw,round-limit,30,1,7,6,12,78,'{\'rally\':46,\'brace\':22,\'secondWind\':2,\'charge\':1,\'focusedShot\':7}','{\'ward\':2,\'fireburst\':2,\'mend\':1}','{\'pikeman\':6,\'archer\':5,\'cavalier\':1}',7,173,1,6,6,10,53,'{\'rally\':32,\'brace\':14,\'charge\':3,\'secondWind\':4}','{\'fireburst\':6,\'ward\':2,\'mend\':1}','{\'pikeman\':7,\'cavalier\':3}',7,135
86,choke_gap1,baseline,baseline,draw,round-limit,30,2,3,2,10,39,'{\'rally\':25,\'brace\':14}','{\'fireburst\':2,\'ward\':1}','{\'archer\':3,\'pikeman\':6,\'cavalier\':1}',9,183,0,2,3,13,35,'{\'rally\':26,\'charge\':1,\'secondWind\':1,\'brace\':7}','{\'fireburst\':4,\'ward\':2,\'mend\':1}','{\'pikeman\':12,\'cavalier\':1}',7,170
87,choke_gap1,baseline,baseline,draw,round-limit,30,1,2,2,9,39,'{\'rally\':25,\'brace\':7,\'focusedShot\':1,\'charge\':4,\'secondWind\':2}','{\'ward\':5,\'mend\':6,\'fireburst\':4}','{\'archer\':3,\'pikeman\':6}',7,179,0,3,2,11,36,'{\'rally\':20,\'charge\':1,\'secondWind\':4,\'focusedShot\':2,\'brace\':9}','{\'fireburst\':3,\'ward\':2,\'mend\':4}','{\'pikeman\':4,\'archer\':5,\'cavalier\':2}',8,166
88,choke_gap1,baseline,baseline,draw,round-limit,30,2,5,4,17,29,'{\'rally\':21,\'brace\':5,\'focusedShot\':2,\'charge\':1}','{\'fireburst\':3,\'ward\':3,\'mend\':8}','{\'archer\':5,\'pikeman\':11,\'cavalier\':1}',8,188,1,4,5,18,35,'{\'rally\':22,\'charge\':3,\'brace\':4,\'secondWind\':4,\'focusedShot\':2}','{\'fireburst\':4,\'ward\':5,\'mend\':4}','{\'pikeman\':15,\'archer\':2,\'cavalier\':1}',6,152
89,choke_gap1,baseline,baseline,draw,round-limit,30,1,2,4,9,51,'{\'rally\':26,\'brace\':15,\'focusedShot\':8,\'charge\':2}','{\'ward\':4,\'mend\':2,\'fireburst\':2}','{\'archer\':2,\'pikeman\':6,\'cavalier\':1}',9,197,0,4,2,15,25,'{\'rally\':16,\'focusedShot\':5,\'secondWind\':1,\'brace\':3}','{\'ward\':12,\'mend\':3,\'fireburst\':1}','{\'pikeman\':9,\'archer\':5,\'cavalier\':1}',7,160
90,choke_gap1,baseline,baseline,draw,round-limit,30,1,2,3,9,45,'{\'rally\':28,\'brace\':12,\'focusedShot\':3,\'charge\':2}','{\'ward\':3,\'mend\':2,\'fireburst\':1}','{\'pikeman\':6,\'archer\':3}',7,177,0,3,2,14,20,'{\'rally\':15,\'charge\':1,\'secondWind\':2,\'brace\':2}','{\'fireburst\':3,\'ward\':5,\'mend\':1}','{\'pikeman\':10,\'archer\':2,\'cavalier\':2}',8,183
91,choke_gap1,baseline,baseline,draw,round-limit,30,1,4,7,11,53,'{\'rally\':28,\'brace\':9,\'focusedShot\':5,\'secondWind\':5,\'charge\':6}','{\'fireburst\':1,\'mend\':2}','{\'pikeman\':7,\'archer\':2,\'cavalier\':2}',9,184,1,7,4,21,38,'{\'rally\':26,\'charge\':3,\'secondWind\':1,\'brace\':7,\'focusedShot\':1}','{\'fireburst\':6,\'ward\':6,\'mend\':5}','{\'pikeman\':14,\'archer\':5,\'cavalier\':2}',6,158
92,choke_gap1,baseline,baseline,draw,round-limit,30,2,0,2,7,33,'{\'rally\':23,\'brace\':8,\'charge\':1,\'focusedShot\':1}','{\'ward\':5,\'mend\':3}','{\'archer\':1,\'pikeman\':6}',8,181,0,2,0,9,25,'{\'rally\':15,\'charge\':1,\'brace\':5,\'secondWind\':4}','{\'fireburst\':3,\'ward\':4,\'mend\':1}','{\'pikeman\':6,\'archer\':2,\'cavalier\':1}',7,171
93,choke_gap1,baseline,baseline,draw,round-limit,30,2,3,3,14,32,'{\'rally\':16,\'brace\':3,\'focusedShot\':10,\'charge\':2,\'secondWind\':1}','{\'mend\':3,\'ward\':3}','{\'archer\':8,\'pikeman\':5,\'cavalier\':1}',7,147,0,3,3,12,32,'{\'rally\':21,\'charge\':1,\'brace\':10}','{\'fireburst\':2,\'ward\':3,\'mend\':1}','{\'pikeman\':9,\'archer\':3}',7,151
94,choke_gap1,baseline,baseline,draw,round-limit,30,1,1,2,8,28,'{\'rally\':19,\'focusedShot\':2,\'brace\':7}','{\'fireburst\':2,\'mend\':4,\'ward\':2}','{\'archer\':1,\'pikeman\':6,\'cavalier\':1}',9,202,0,2,1,8,35,'{\'rally\':21,\'brace\':12,\'charge\':1,\'secondWind\':1}','{\'fireburst\':3,\'mend\':2}','{\'pikeman\':7,\'cavalier\':1}',8,177
95,choke_gap1,baseline,baseline,draw,round-limit,30,1,3,2,10,30,'{\'rally\':20,\'brace\':9,\'charge\':1}','{\'ward\':6,\'fireburst\':2,\'mend\':2}','{\'archer\':3,\'pikeman\':6,\'cavalier\':1}',9,215,0,2,3,10,30,'{\'rally\':23,\'charge\':1,\'brace\':5,\'secondWind\':1}','{\'ward\':2,\'mend\':1,\'fireburst\':1}','{\'pikeman\':7,\'archer\':2,\'cavalier\':1}',8,190
96,choke_gap1,baseline,baseline,draw,round-limit,30,1,2,1,14,35,'{\'rally\':23,\'charge\':1,\'brace\':3,\'secondWind\':1,\'focusedShot\':7}','{\'ward\':12,\'fireburst\':2,\'mend\':5}','{\'pikeman\':11,\'archer\':3}',7,188,0,1,2,8,27,'{\'rally\':18,\'charge\':1,\'secondWind\':4,\'brace\':4}','{\'fireburst\':4,\'ward\':3,\'mend\':1}','{\'pikeman\':6,\'archer\':2}',7,142
97,choke_gap1,baseline,baseline,draw,round-limit,30,1,2,3,9,38,'{\'rally\':23,\'charge\':2,\'brace\':11,\'secondWind\':2}','{\'fireburst\':2,\'mend\':2}','{\'pikeman\':7,\'archer\':2}',7,179,0,3,2,11,21,'{\'rally\':18,\'charge\':1,\'secondWind\':1,\'brace\':1}','{\'fireburst\':2,\'ward\':4,\'mend\':1}','{\'pikeman\':7,\'archer\':2,\'cavalier\':2}',8,190
98,choke_gap1,baseline,baseline,draw,round-limit,30,1,9,8,14,61,'{\'rally\':24,\'brace\':14,\'focusedShot\':12,\'secondWind\':6,\'charge\':5}','{\'ward\':3,\'fireburst\':1,\'mend\':1}','{\'archer\':5,\'pikeman\':6,\'cavalier\':3}',6,84,0,8,9,17,48,'{\'rally\':23,\'focusedShot\':7,\'secondWind\':3,\'charge\':4,\'brace\':11}','{\'fireburst\':6,\'ward\':5,\'mend\':3}','{\'cavalier\':4,\'archer\':4,\'pikeman\':9}',6,157
99,choke_gap1,baseline,baseline,draw,round-limit,30,2,8,6,12,63,'{\'rally\':34,\'focusedShot\':3,\'charge\':5,\'brace\':14,\'secondWind\':7}','{\'fireburst\':4,\'mend\':3}','{\'pikeman\':7,\'archer\':3,\'cavalier\':2}',8,175,1,6,6,20,47,'{\'rally\':35,\'brace\':8,\'focusedShot\':4}','{\'fireburst\':7,\'ward\':5,\'mend\':6}','{\'pikeman\':13,\'archer\':7}',6,145
100,choke_gap1,baseline,baseline,draw,round-limit,30,1,6,6,15,42,'{\'rally\':24,\'charge\':5,\'secondWind\':5,\'brace\':7,\'focusedShot\':1}','{\'fireburst\':3,\'mend\':5,\'ward\':2}','{\'pikeman\':8,\'archer\':5,\'cavalier\':2}',8,170,0,6,6,14,21,'{\'rally\':11,\'charge\':6,\'secondWind\':3,\'brace\':1}','{\'mend\':6,\'ward\':2,\'fireburst\':4}','{\'cavalier\':4,\'pikeman\':7,\'archer\':3}',8,163
