seed,map,blue,red,winner,reason,rounds,blue_captures,blue_lost,blue_killed,blue_recruited,blue_ability_uses,blue_abilities,blue_spells,blue_recruits,blue_final_units,blue_final_hp,red_captures,red_lost,red_killed,red_recruited,red_ability_uses,red_abilities,red_spells,red_recruits,red_final_units,red_final_hp
1,river_ford,league,baseline,draw,round-limit,30,1,4,2,6,92,'{\'rally\':55,\'setPosition\':29,\'preparedPosition\':8}','{\'fieldRepair\':2,\'ward\':1,\'mend\':1}','{\'leaguePike\':3,\'coil\':3}',7,138,0,2,4,10,28,'{\'rally\':19,\'brace\':4,\'focusedShot\':3,\'secondWind\':2}','{\'fireburst\':7,\'ward\':4,\'mend\':6}','{\'pikeman\':7,\'archer\':2,\'cavalier\':1}',8,172
1,river_ford,baseline,league,draw,round-limit,30,1,2,0,8,61,'{\'rally\':39,\'brace\':21,\'secondWind\':1}','{\'fireburst\':2,\'ward\':3,\'mend\':1}','{\'pikeman\':6,\'archer\':1,\'cavalier\':1}',8,183,0,0,2,1,148,'{\'setPosition\':60,\'rally\':60,\'preparedPosition\':28}','{\'ward\':2,\'mend\':3,\'fieldRepair\':1}',{"pavise":1},6,135
2,river_ford,league,baseline,draw,round-limit,30,1,2,3,4,181,'{\'rally\':85,\'setPosition\':73,\'preparedPosition\':23}','{\'ward\':2,\'fireburst\':1,\'fieldRepair\':1}','{\'leaguePike\':3,\'coil\':1}',7,149,0,4,2,10,31,'{\'rally\':17,\'focusedShot\':4,\'brace\':8,\'secondWind\':2}','{\'ward\':5,\'fireburst\':2,\'mend\':3}','{\'pikeman\':5,\'archer\':4,\'cavalier\':1}',7,146
2,river_ford,baseline,league,draw,round-limit,30,0,3,0,9,55,'{\'rally\':34,\'brace\':13,\'secondWind\':6,\'charge\':2}','{\'fireburst\':2,\'ward\':2}','{\'pikeman\':6,\'archer\':1,\'cavalier\':2}',9,183,0,0,2,1,147,'{\'rally\':60,\'setPosition\':58,\'preparedPosition\':29}','{\'fireburst\':2,\'ward\':3,\'mend\':3,\'fieldRepair\':2}',{"leaguePike":1},6,137
3,river_ford,league,baseline,draw,round-limit,30,1,5,3,7,142,'{\'rally\':82,\'setPosition\':58,\'preparedPosition\':2}','{\'flare\':2,\'mend\':3}','{\'leaguePike\':2,\'pavise\':1,\'coil\':4}',7,157,0,3,5,10,16,'{\'rally\':8,\'brace\':1,\'focusedShot\':2,\'charge\':2,\'secondWind\':3}','{\'mend\':5,\'fireburst\':4,\'ward\':3}','{\'pikeman\':5,\'archer\':3,\'cavalier\':2}',9,210
3,river_ford,baseline,league,draw,round-limit,30,1,2,0,14,41,'{\'rally\':27,\'brace\':12,\'secondWind\':2}','{\'fireburst\':3,\'ward\':3,\'mend\':2}','{\'archer\':3,\'pikeman\':11}',7,138,0,1,2,2,145,'{\'rally\':59,\'setPosition\':57,\'preparedPosition\':29}','{\'fireburst\':3,\'fieldRepair\':1,\'flare\':2,\'mend\':1}','{\'leaguePike\':1,\'pavise\':1}',6,124
4,river_ford,league,baseline,draw,round-limit,30,0,0,3,4,214,'{\'rally\':98,\'setPosition\':90,\'preparedPosition\':26}','{\'flare\':2,\'mend\':3,\'ward\':1}','{\'leaguePike\':2,\'pavise\':1,\'coil\':1}',9,192,0,3,0,10,50,'{\'rally\':29,\'brace\':17,\'focusedShot\':2,\'secondWind\':2}','{\'mend\':3,\'ward\':2,\'fireburst\':2}','{\'pikeman\':7,\'archer\':3}',7,155
4,river_ford,baseline,league,draw,round-limit,30,1,4,1,13,47,'{\'rally\':29,\'brace\':16,\'charge\':1,\'secondWind\':1}','{\'ward\':7,\'fireburst\':7,\'mend\':4}','{\'archer\':3,\'pikeman\':10}',6,141,0,1,4,2,144,'{\'rally\':59,\'setPosition\':57,\'preparedPosition\':28}','{\'fireburst\':3,\'fieldRepair\':3,\'flare\':1,\'mend\':2}',{"pavise":2},6,128
5,river_ford,league,baseline,draw,round-limit,30,0,5,2,9,185,'{\'rally\':90,\'setPosition\':77,\'preparedPosition\':18}','{\'ward\':2,\'mend\':3,\'fieldRepair\':1}','{\'leaguePike\':3,\'coil\':6}',9,179,0,2,5,8,33,'{\'rally\':22,\'brace\':6,\'focusedShot\':2,\'secondWind\':3}','{\'fireburst\':4,\'mend\':4,\'ward\':2}','{\'pikeman\':7,\'cavalier\':1}',9,194
5,river_ford,baseline,league,draw,round-limit,30,1,2,1,10,48,'{\'rally\':28,\'charge\':2,\'secondWind\':1,\'brace\':17}','{\'fireburst\':4,\'mend\':1,\'ward\':1}','{\'pikeman\':7,\'archer\':3}',7,138,0,1,2,1,143,'{\'rally\':59,\'setPosition\':57,\'preparedPosition\':27}','{\'ward\':5,\'fieldRepair\':4,\'flare\':3}',{"pavise":1},5,111
6,river_ford,league,baseline,draw,round-limit,30,0,3,5,5,177,'{\'rally\':81,\'setPosition\':77,\'preparedPosition\':19}','{\'mend\':1,\'flare\':1}','{\'leaguePike\':3,\'coil\':2}',7,156,0,5,3,12,30,'{\'rally\':17,\'brace\':5,\'focusedShot\':2,\'charge\':2,\'secondWind\':4}','{\'fireburst\':3,\'mend\':5,\'ward\':3}','{\'pikeman\':8,\'archer\':2,\'cavalier\':2}',8,187
6,river_ford,baseline,league,draw,round-limit,30,1,6,0,12,48,'{\'rally\':29,\'brace\':16,\'secondWind\':2,\'charge\':1}','{\'fireburst\':3,\'mend\':1,\'ward\':2}','{\'archer\':3,\'pikeman\':8,\'cavalier\':1}',7,167,0,0,6,1,148,'{\'setPosition\':60,\'rally\':60,\'preparedPosition\':28}','{\'ward\':2,\'fieldRepair\':4,\'flare\':1}',{"pavise":1},6,137
7,river_ford,league,baseline,draw,round-limit,30,1,4,2,5,125,'{\'rally\':66,\'setPosition\':48,\'preparedPosition\':11}','{\'ward\':3,\'mend\':1,\'flare\':2}','{\'leaguePike\':3,\'coil\':2}',6,138,0,2,4,9,31,'{\'rally\':20,\'brace\':5,\'focusedShot\':3,\'charge\':1,\'secondWind\':2}','{\'fireburst\':2,\'mend\':7}','{\'pikeman\':7,\'archer\':2}',7,179
7,river_ford,baseline,league,draw,round-limit,30,1,2,1,9,58,'{\'rally\':34,\'brace\':21,\'secondWind\':1,\'charge\':2}','{\'ward\':3,\'fireburst\':2}','{\'pikeman\':6,\'archer\':2,\'cavalier\':1}',8,157,0,1,1,2,146,'{\'rally\':60,\'setPosition\':57,\'preparedPosition\':29}','{\'fireburst\':4,\'ward\':1,\'fieldRepair\':2,\'mend\':1,\'flare\':1}','{\'leaguePike\':1,\'pavise\':1}',6,121
8,river_ford,league,baseline,draw,round-limit,30,1,10,3,12,90,'{\'rally\':50,\'setPosition\':28,\'preparedPosition\':12}','{\'fireburst\':2,\'fieldRepair\':2,\'ward\':2,\'mend\':3,\'flare\':2}','{\'leaguePike\':3,\'coil\':9}',7,164,0,3,10,10,29,'{\'rally\':17,\'focusedShot\':4,\'secondWind\':7,\'brace\':1}','{\'fireburst\':6,\'mend\':3}','{\'pikeman\':5,\'archer\':3,\'cavalier\':2}',7,134
8,river_ford,baseline,league,draw,round-limit,30,1,2,1,14,42,'{\'rally\':37,\'brace\':5}','{\'fireburst\':6,\'ward\':2,\'mend\':4}','{\'pikeman\':10,\'archer\':3,\'cavalier\':1}',6,158,0,1,2,2,149,'{\'setPosition\':60,\'rally\':60,\'preparedPosition\':29}','{\'ward\':3,\'fieldRepair\':3,\'flare\':2,\'fireburst\':2}',{"pavise":2},6,121
9,river_ford,league,baseline,draw,round-limit,30,1,3,3,5,91,'{\'rally\':60,\'setPosition\':30,\'preparedPosition\':1}','{\'ward\':1,\'flare\':1,\'fireburst\':2,\'mend\':3,\'fieldRepair\':1}','{\'leaguePike\':3,\'coil\':2}',7,124,0,3,3,10,40,'{\'rally\':22,\'brace\':9,\'focusedShot\':6,\'charge\':1,\'secondWind\':2}','{\'ward\':6,\'fireburst\':1,\'mend\':6}','{\'pikeman\':7,\'archer\':2,\'cavalier\':1}',7,154
9,river_ford,baseline,league,draw,round-limit,30,1,2,0,9,50,'{\'rally\':31,\'brace\':15,\'secondWind\':4}','{\'fireburst\':2,\'ward\':3}','{\'pikeman\':6,\'archer\':1,\'cavalier\':2}',9,202,0,0,2,1,149,'{\'setPosition\':60,\'rally\':60,\'preparedPosition\':29}','{\'fieldRepair\':1,\'flare\':1,\'mend\':3}',{"pavise":1},6,125
10,river_ford,league,baseline,draw,round-limit,30,0,2,5,3,149,'{\'rally\':66,\'setPosition\':63,\'preparedPosition\':20}','{\'fireburst\':4,\'fieldRepair\':1,\'flare\':1,\'mend\':2}','{\'leaguePike\':2,\'coil\':1}',6,108,0,5,2,12,25,'{\'rally\':14,\'secondWind\':4,\'focusedShot\':1,\'brace\':3,\'charge\':3}','{\'fireburst\':5,\'mend\':4,\'ward\':2}','{\'archer\':6,\'pikeman\':5,\'cavalier\':1}',7,147
10,river_ford,baseline,league,draw,round-limit,30,0,2,0,9,39,'{\'rally\':23,\'brace\':13,\'secondWind\':3}','{\'fireburst\':3,\'mend\':4,\'ward\':1}','{\'pikeman\':7,\'archer\':1,\'cavalier\':1}',8,153,0,0,2,1,149,'{\'setPosition\':60,\'rally\':60,\'preparedPosition\':29}','{\'ward\':2,\'flare\':1,\'fieldRepair\':3,\'fireburst\':1}',{"pavise":1},6,135
11,river_ford,league,baseline,draw,round-limit,30,1,9,3,11,117,'{\'rally\':66,\'setPosition\':40,\'preparedPosition\':10,\'arcBurst\':1}','{\'fireburst\':2,\'fieldRepair\':2,\'mend\':1,\'flare\':2,\'ward\':2}','{\'leaguePike\':2,\'pavise\':1,\'coil\':7,\'relicWalker\':1}',7,142,0,3,8,12,52,'{\'rally\':29,\'brace\':15,\'charge\':3,\'focusedShot\':2,\'secondWind\':3}','{\'fireburst\':5,\'mend\':4,\'ward\':4}','{\'pikeman\':9,\'archer\':2,\'cavalier\':1}',7,154
11,river_ford,baseline,league,draw,round-limit,30,1,2,2,13,38,'{\'rally\':27,\'brace\':10,\'secondWind\':1}','{\'ward\':2,\'fireburst\':2,\'mend\':1}','{\'pikeman\':9,\'archer\':4}',7,160,0,2,1,3,141,'{\'rally\':58,\'setPosition\':55,\'preparedPosition\':28}','{\'ward\':5,\'fieldRepair\':4,\'flare\':3,\'fireburst\':2,\'mend\':1}','{\'leaguePike\':1,\'pavise\':1,\'coil\':1}',6,137
12,river_ford,league,baseline,draw,round-limit,30,1,6,6,8,86,'{\'rally\':55,\'setPosition\':23,\'preparedPosition\':8}','{\'fireburst\':2,\'flare\':1,\'mend\':1,\'ward\':1}','{\'leaguePike\':1,\'pavise\':2,\'coil\':5}',7,139,0,6,6,11,36,'{\'rally\':19,\'brace\':3,\'focusedShot\':11,\'charge\':1,\'secondWind\':2}','{\'fireburst\':2,\'ward\':3,\'mend\':5}','{\'archer\':3,\'pikeman\':7,\'cavalier\':1}',5,126
12,river_ford,baseline,league,draw,round-limit,30,1,4,1,18,42,'{\'rally\':27,\'charge\':1,\'brace\':9,\'secondWind\':5}','{\'ward\':4,\'mend\':5,\'fireburst\':1}','{\'pikeman\':14,\'cavalier\':1,\'archer\':3}',6,151,0,1,4,2,145,'{\'setPosition\':59,\'rally\':59,\'preparedPosition\':27}','{\'flare\':2,\'fireburst\':1,\'mend\':2,\'fieldRepair\':2}',{"pavise":2},6,140
13,river_ford,league,baseline,draw,round-limit,30,1,8,1,8,89,'{\'rally\':64,\'setPosition\':24,\'preparedPosition\':1}','{\'ward\':4,\'flare\':3,\'fieldRepair\':2,\'mend\':1}','{\'leaguePike\':3,\'pavise\':1,\'coil\':4}',5,98,0,1,6,9,56,'{\'rally\':27,\'brace\':14,\'focusedShot\':10,\'secondWind\':5}','{\'ward\':4,\'fireburst\':4,\'mend\':3}','{\'pikeman\':7,\'archer\':2}',8,172
13,river_ford,baseline,league,draw,round-limit,30,1,3,0,10,34,'{\'rally\':26,\'brace\':8}','{\'fireburst\':3,\'mend\':6,\'ward\':4}','{\'archer\':3,\'pikeman\':7}',8,199,0,0,3,1,146,'{\'rally\':60,\'setPosition\':58,\'preparedPosition\':28}','{\'fireburst\':1,\'ward\':1,\'fieldRepair\':1,\'flare\':1}',{"leaguePike":1},6,122
14,river_ford,league,baseline,draw,round-limit,30,1,4,4,6,157,'{\'rally\':74,\'setPosition\':64,\'preparedPosition\':19}','{\'ward\':6,\'fieldRepair\':1}','{\'leaguePike\':3,\'coil\':3}',7,142,0,4,4,14,29,'{\'rally\':18,\'brace\':7,\'charge\':1,\'secondWind\':1,\'focusedShot\':2}','{\'fireburst\':2,\'ward\':3,\'mend\':3}','{\'pikeman\':9,\'archer\':3,\'cavalier\':2}',8,173
14,river_ford,baseline,league,draw,round-limit,30,0,0,0,7,51,'{\'rally\':30,\'brace\':20,\'secondWind\':1}','{\'fireburst\':4,\'ward\':1,\'mend\':3}','{\'pikeman\':6,\'archer\':1}',8,154,0,0,0,1,149,'{\'setPosition\':60,\'rally\':60,\'preparedPosition\':29}','{\'ward\':1,\'fieldRepair\':2,\'mend\':1}',{"pavise":1},6,119
15,river_ford,league,baseline,draw,round-limit,30,1,4,3,6,77,'{\'rally\':51,\'setPosition\':22,\'preparedPosition\':4}','{\'fireburst\':5,\'fieldRepair\':4,\'flare\':1}','{\'leaguePike\':3,\'coil\':3}',7,162,0,3,4,11,29,'{\'rally\':13,\'focusedShot\':11,\'secondWind\':2,\'charge\':2,\'brace\':1}','{\'ward\':7,\'mend\':4,\'fireburst\':1}','{\'pikeman\':7,\'archer\':3,\'cavalier\':1}',8,176
15,river_ford,baseline,league,draw,round-limit,30,1,2,0,12,37,'{\'rally\':24,\'brace\':12,\'charge\':1}','{\'ward\':4,\'mend\':3}','{\'pikeman\':10,\'archer\':1,\'cavalier\':1}',9,193,0,0,2,1,149,'{\'setPosition\':60,\'rally\':60,\'preparedPosition\':29}','{\'mend\':1,\'fieldRepair\':2,\'ward\':1}',{"pavise":1},6,129
16,river_ford,league,baseline,draw,round-limit,30,1,2,2,6,169,'{\'rally\':86,\'setPosition\':71,\'preparedPosition\':12}','{\'fireburst\':2,\'flare\':1,\'mend\':2,\'ward\':1}','{\'leaguePike\':3,\'coil\':3}',9,191,0,2,2,9,36,'{\'rally\':21,\'brace\':10,\'focusedShot\':3,\'secondWind\':2}','{\'fireburst\':3,\'ward\':3,\'mend\':2}','{\'pikeman\':7,\'archer\':2}',7,180
16,river_ford,baseline,league,draw,round-limit,30,1,4,1,13,50,'{\'rally\':35,\'secondWind\':1,\'brace\':14}','{\'ward\':4,\'mend\':1}','{\'pikeman\':9,\'archer\':4}',8,195,0,1,4,2,147,'{\'setPosition\':59,\'rally\':59,\'preparedPosition\':29}','{\'ward\':2,\'fireburst\':2,\'flare\':1,\'mend\':1,\'fieldRepair\':1}',{"pavise":2},6,135
17,river_ford,league,baseline,draw,round-limit,30,1,2,1,5,154,'{\'rally\':76,\'setPosition\':60,\'preparedPosition\':18}','{\'ward\':3,\'mend\':1,\'fieldRepair\':1}','{\'leaguePike\':3,\'coil\':2}',8,173,0,1,2,9,36,'{\'rally\':23,\'brace\':6,\'focusedShot\':6,\'secondWind\':1}','{\'mend\':3,\'ward\':2,\'fireburst\':2}','{\'pikeman\':7,\'archer\':2}',8,175
17,river_ford,baseline,league,draw,round-limit,30,1,3,0,10,56,'{\'rally\':34,\'secondWind\':1,\'brace\':21}','{\'fireburst\':4,\'mend\':2}','{\'archer\':3,\'pikeman\':7}',7,169,0,0,3,1,148,'{\'setPosition\':60,\'rally\':60,\'preparedPosition\':28}','{\'fieldRepair\':1,\'flare\':2,\'fireburst\':2,\'ward\':1,\'mend\':1}',{"pavise":1},6,122
18,river_ford,league,baseline,draw,round-limit,30,1,11,2,12,104,'{\'rally\':60,\'setPosition\':36,\'preparedPosition\':8}','{\'ward\':1,\'fireburst\':1,\'mend\':1,\'fieldRepair\':2,\'flare\':1}','{\'leaguePike\':2,\'pavise\':2,\'coil\':8}',6,112,0,2,11,9,34,'{\'rally\':14,\'brace\':6,\'focusedShot\':7,\'secondWind\':5,\'charge\':2}','{\'mend\':4,\'ward\':2,\'fireburst\':3}','{\'pikeman\':5,\'archer\':3,\'cavalier\':1}',7,158
18,river_ford,baseline,league,draw,round-limit,30,1,1,1,8,59,'{\'rally\':36,\'brace\':21,\'secondWind\':2}','{\'fireburst\':3,\'mend\':4,\'ward\':1}','{\'pikeman\':6,\'archer\':2}',7,171,0,1,1,2,148,'{\'setPosition\':60,\'rally\':60,\'preparedPosition\':28}','{\'flare\':2,\'ward\':1,\'fieldRepair\':1}',{"pavise":2},6,131
19,river_ford,league,baseline,draw,round-limit,30,0,1,3,5,175,'{\'rally\':83,\'setPosition\':73,\'preparedPosition\':19}','{\'flare\':1,\'mend\':1,\'fieldRepair\':1}','{\'leaguePike\':2,\'pavise\':1,\'coil\':2}',9,205,0,3,1,11,44,'{\'rally\':22,\'brace\':12,\'focusedShot\':8,\'secondWind\':2}','{\'mend\':6,\'ward\':4,\'fireburst\':1}','{\'pikeman\':7,\'cavalier\':1,\'archer\':3}',8,184
19,river_ford,baseline,league,draw,round-limit,30,1,2,2,9,49,'{\'rally\':29,\'brace\':20}','{\'ward\':3,\'fireburst\':2,\'mend\':3}','{\'archer\':3,\'pikeman\':6}',8,171,0,2,2,3,143,'{\'rally\':59,\'setPosition\':56,\'preparedPosition\':28}','{\'fireburst\':1,\'fieldRepair\':2}','{\'leaguePike\':1,\'pavise\':1,\'coil\':1}',6,134
20,river_ford,league,baseline,draw,round-limit,30,1,7,3,11,147,'{\'rally\':78,\'setPosition\':61,\'preparedPosition\':8}','{\'fieldRepair\':1,\'ward\':1,\'flare\':2,\'fireburst\':1}','{\'leaguePike\':3,\'pavise\':2,\'coil\':5,\'relicWalker\':1}',9,201,0,3,7,11,42,'{\'rally\':23,\'brace\':4,\'focusedShot\':13,\'charge\':1,\'secondWind\':1}','{\'fireburst\':1,\'ward\':2,\'mend\':2}','{\'pikeman\':7,\'archer\':3,\'cavalier\':1}',8,186
20,river_ford,baseline,league,draw,round-limit,30,1,3,0,9,58,'{\'rally\':33,\'brace\':19,\'charge\':1,\'secondWind\':5}','{\'fireburst\':2,\'ward\':3,\'mend\':2}','{\'pikeman\':7,\'archer\':1,\'cavalier\':1}',8,167,0,0,3,1,145,'{\'rally\':60,\'setPosition\':58,\'preparedPosition\':27}','{\'ward\':1,\'fireburst\':2,\'fieldRepair\':1}',{"leaguePike":1},6,131
21,river_ford,league,baseline,draw,round-limit,30,1,0,3,4,107,'{\'rally\':67,\'setPosition\':32,\'preparedPosition\':8}','{\'fireburst\':2,\'mend\':2,\'fieldRepair\':2,\'flare\':2}','{\'leaguePike\':2,\'pavise\':1,\'coil\':1}',9,196,0,3,0,10,44,'{\'rally\':23,\'brace\':14,\'charge\':1,\'focusedShot\':5,\'secondWind\':1}','{\'fireburst\':5,\'ward\':4,\'mend\':3}','{\'pikeman\':7,\'cavalier\':1,\'archer\':2}',7,171
21,river_ford,baseline,league,draw,round-limit,30,1,1,2,13,49,'{\'rally\':34,\'brace\':15}','{\'ward\':6,\'mend\':4}','{\'pikeman\':12,\'archer\':1}',8,177,0,2,1,3,133,'{\'rally\':55,\'setPosition\':52,\'preparedPosition\':26}','{\'ward\':1,\'fireburst\':1,\'mend\':2,\'fieldRepair\':2,\'flare\':1}','{\'leaguePike\':1,\'pavise\':1,\'coil\':1}',6,134
22,river_ford,league,baseline,draw,round-limit,30,0,5,2,6,98,'{\'rally\':52,\'setPosition\':40,\'preparedPosition\':4,\'arcBurst\':2}','{\'fireburst\':1,\'ward\':1,\'flare\':2,\'mend\':1}','{\'leaguePike\':2,\'coil\':3,\'relicWalker\':1}',6,135,0,2,5,9,29,'{\'rally\':14,\'secondWind\':8,\'focusedShot\':2,\'brace\':4,\'charge\':1}','{\'ward\':8,\'fireburst\':1}','{\'pikeman\':7,\'cavalier\':1,\'archer\':1}',7,158
22,river_ford,baseline,league,draw,round-limit,30,1,5,0,17,51,'{\'rally\':39,\'brace\':10,\'secondWind\':1,\'charge\':1}','{\'fireburst\':2,\'ward\':5,\'mend\':1}','{\'archer\':3,\'pikeman\':13,\'cavalier\':1}',6,148,0,0,5,1,147,'{\'rally\':60,\'setPosition\':58,\'preparedPosition\':29}','{\'ward\':2,\'mend\':2,\'fieldRepair\':3,\'fireburst\':3,\'flare\':1}',{"leaguePike":1},6,131
23,river_ford,league,baseline,draw,round-limit,30,1,4,2,7,137,'{\'rally\':71,\'setPosition\':59,\'preparedPosition\':7}','{\'fireburst\':2,\'ward\':1,\'flare\':2}','{\'leaguePike\':2,\'pavise\':2,\'coil\':3}',8,187,0,2,4,9,36,'{\'rally\':23,\'brace\':9,\'focusedShot\':2,\'secondWind\':2}','{\'fireburst\':1,\'mend\':1,\'ward\':4}','{\'pikeman\':7,\'archer\':2}',7,167
23,river_ford,baseline,league,draw,round-limit,30,1,3,1,10,40,'{\'rally\':25,\'brace\':15}','{\'ward\':5,\'mend\':2,\'fireburst\':1}','{\'archer\':3,\'pikeman\':7}',7,144,0,2,3,3,136,'{\'setPosition\':54,\'rally\':56,\'preparedPosition\':26}','{\'flare\':2,\'mend\':1,\'fieldRepair\':1}','{\'pavise\':2,\'coil\':1}',6,140
24,river_ford,league,baseline,draw,round-limit,30,1,5,3,9,84,'{\'rally\':49,\'setPosition\':29,\'preparedPosition\':6}','{\'fireburst\':2,\'fieldRepair\':2,\'flare\':1}','{\'leaguePike\':2,\'pavise\':1,\'coil\':6}',9,212,0,3,5,11,27,'{\'rally\':17,\'brace\':3,\'focusedShot\':6,\'secondWind\':1}','{\'ward\':5,\'fireburst\':1,\'mend\':3}','{\'pikeman\':7,\'cavalier\':1,\'archer\':3}',8,184
24,river_ford,baseline,league,draw,round-limit,30,1,1,0,7,54,'{\'rally\':33,\'brace\':21}','{\'fireburst\':2,\'mend\':2}','{\'archer\':1,\'pikeman\':6}',8,175,0,0,1,1,146,'{\'rally\':60,\'setPosition\':58,\'preparedPosition\':28}','{\'fireburst\':2,\'fieldRepair\':3,\'mend\':3}',{"leaguePike":1},6,123
25,river_ford,league,baseline,draw,round-limit,30,1,6,4,9,118,'{\'rally\':72,\'setPosition\':41,\'preparedPosition\':5}','{\'fireburst\':1,\'fieldRepair\':1,\'mend\':1}','{\'leaguePike\':2,\'pavise\':2,\'coil\':4,\'relicWalker\':1}',8,181,0,4,6,11,47,'{\'rally\':29,\'focusedShot\':9,\'secondWind\':1,\'brace\':8}','{\'ward\':4,\'fireburst\':3,\'mend\':1}','{\'pikeman\':7,\'archer\':4}',7,160
25,river_ford,baseline,league,draw,round-limit,30,1,3,1,9,51,'{\'rally\':36,\'secondWind\':5,\'charge\':1,\'brace\':9}','{\'ward\':1,\'fireburst\':1}','{\'pikeman\':6,\'cavalier\':2,\'archer\':1}',8,183,0,1,3,2,147,'{\'setPosition\':59,\'rally\':59,\'preparedPosition\':29}','{\'mend\':2,\'fieldRepair\':1,\'ward\':1,\'flare\':1}',{"pavise":2},6,133
26,river_ford,league,baseline,draw,round-limit,30,0,4,3,6,158,'{\'rally\':70,\'setPosition\':66,\'preparedPosition\':22}','{\'fireburst\':2,\'flare\':3,\'mend\':1}','{\'leaguePike\':2,\'coil\':4}',7,140,0,3,3,10,39,'{\'rally\':24,\'brace\':11,\'focusedShot\':2,\'secondWind\':2}','{\'mend\':4,\'ward\':8,\'fireburst\':5}','{\'pikeman\':7,\'archer\':1,\'cavalier\':2}',9,209
26,river_ford,baseline,league,draw,round-limit,30,1,2,2,15,45,'{\'rally\':38,\'brace\':7}','{\'mend\':5,\'ward\':4,\'fireburst\':2}','{\'pikeman\':12,\'archer\':3}',7,181,0,2,2,3,118,'{\'rally\':51,\'setPosition\':48,\'preparedPosition\':19}','{\'fireburst\':4,\'flare\':2,\'fieldRepair\':2}','{\'leaguePike\':1,\'pavise\':1,\'coil\':1}',6,119
27,river_ford,league,baseline,draw,round-limit,30,0,6,2,9,75,'{\'rally\':42,\'setPosition\':27,\'preparedPosition\':6}','{\'fireburst\':2,\'ward\':1,\'mend\':3,\'flare\':1,\'fieldRepair\':2}','{\'leaguePike\':2,\'pavise\':1,\'coil\':6}',8,163,0,2,6,9,40,'{\'rally\':22,\'focusedShot\':3,\'brace\':12,\'secondWind\':3}','{\'ward\':2,\'fireburst\':1,\'mend\':4}','{\'pikeman\':5,\'archer\':4}',6,128
27,river_ford,baseline,league,draw,round-limit,30,1,3,0,17,42,'{\'rally\':28,\'brace\':12,\'secondWind\':2}','{\'fireburst\':7,\'ward\':4,\'mend\':3}','{\'pikeman\':14,\'archer\':3}',7,141,0,0,3,1,145,'{\'setPosition\':57,\'rally\':60,\'preparedPosition\':28}','{\'fireburst\':1,\'fieldRepair\':2}',{"pavise":1},6,131
28,river_ford,league,baseline,draw,round-limit,30,0,5,2,9,128,'{\'rally\':67,\'setPosition\':52,\'preparedPosition\':9}','{\'fireburst\':1,\'ward\':3,\'fieldRepair\':3,\'mend\':1}','{\'leaguePike\':2,\'pavise\':1,\'coil\':4,\'relicWalker\':2}',9,225,0,2,5,8,39,'{\'rally\':21,\'focusedShot\':6,\'secondWind\':3,\'brace\':8,\'charge\':1}','{\'mend\':4,\'ward\':4}','{\'pikeman\':7,\'cavalier\':1}',8,153
28,river_ford,baseline,league,draw,round-limit,30,1,0,1,8,57,'{\'rally\':32,\'brace\':25}',{"ward":2},'{\'archer\':3,\'pikeman\':5}',7,162,0,1,0,2,146,'{\'setPosition\':59,\'rally\':59,\'preparedPosition\':28}','{\'ward\':1,\'fieldRepair\':3,\'flare\':1}',{"pavise":2},6,135
29,river_ford,league,baseline,draw,round-limit,30,0,0,3,3,195,'{\'rally\':89,\'setPosition\':79,\'preparedPosition\':27}','{\'fireburst\':1,\'fieldRepair\':2,\'ward\':5,\'mend\':2,\'flare\':1}','{\'leaguePike\':2,\'coil\':1}',8,174,0,3,0,10,42,'{\'rally\':23,\'brace\':14,\'secondWind\':4,\'focusedShot\':1}','{\'fireburst\':4,\'mend\':4,\'ward\':2}','{\'pikeman\':7,\'archer\':2,\'cavalier\':1}',8,183
29,river_ford,baseline,league,draw,round-limit,30,0,1,0,14,42,'{\'rally\':34,\'brace\':8}','{\'fireburst\':10,\'mend\':4,\'ward\':2}','{\'pikeman\':13,\'archer\':1}',6,142,0,1,1,2,147,'{\'setPosition\':59,\'rally\':60,\'preparedPosition\':28}','{\'mend\':2,\'fieldRepair\':2,\'ward\':1}',{"pavise":2},6,117
30,river_ford,league,baseline,draw,round-limit,30,1,2,1,6,164,'{\'rally\':87,\'setPosition\':65,\'preparedPosition\':12}','{\'mend\':2,\'ward\':3,\'flare\':2}','{\'leaguePike\':2,\'pavise\':1,\'coil\':3}',9,192,0,1,2,8,36,'{\'rally\':20,\'brace\':9,\'focusedShot\':4,\'secondWind\':3}','{\'fireburst\':5,\'ward\':2,\'mend\':4}','{\'pikeman\':7,\'cavalier\':1}',9,214
30,river_ford,baseline,league,draw,round-limit,30,1,5,0,13,39,'{\'rally\':23,\'brace\':13,\'charge\':1,\'secondWind\':2}','{\'ward\':2,\'fireburst\':5,\'mend\':1}','{\'archer\':4,\'pikeman\':8,\'cavalier\':1}',6,146,0,0,5,1,146,'{\'rally\':60,\'setPosition\':58,\'preparedPosition\':28}','{\'ward\':2,\'fieldRepair\':1,\'flare\':1,\'mend\':1}',{"leaguePike":1},6,127
31,river_ford,league,baseline,draw,round-limit,30,0,3,1,6,221,'{\'rally\':106,\'setPosition\':101,\'preparedPosition\':14}','{\'flare\':1,\'ward\':2,\'fireburst\':1,\'mend\':1}','{\'leaguePike\':2,\'pavise\':3,\'coil\':1}',8,186,0,1,2,8,39,'{\'rally\':32,\'focusedShot\':1,\'brace\':6}','{\'mend\':2,\'fireburst\':3}','{\'pikeman\':6,\'cavalier\':1,\'archer\':1}',8,177
31,river_ford,baseline,league,draw,round-limit,30,1,4,0,16,36,'{\'rally\':24,\'brace\':10,\'charge\':1,\'secondWind\':1}','{\'fireburst\':5,\'mend\':3,\'ward\':3}','{\'archer\':4,\'pikeman\':12}',7,141,0,0,4,1,146,'{\'rally\':60,\'setPosition\':58,\'preparedPosition\':28}',{"fieldRepair":4},{"leaguePike":1},6,128
32,river_ford,league,baseline,draw,round-limit,30,1,7,4,9,135,'{\'rally\':74,\'setPosition\':51,\'preparedPosition\':10}','{\'mend\':2,\'fieldRepair\':1,\'ward\':2}','{\'leaguePike\':2,\'pavise\':2,\'coil\':5}',7,156,0,4,7,15,29,'{\'rally\':19,\'brace\':2,\'focusedShot\':7,\'charge\':1}','{\'fireburst\':4,\'mend\':1}','{\'pikeman\':10,\'archer\':3,\'cavalier\':2}',7,165
32,river_ford,baseline,league,draw,round-limit,30,1,4,0,13,45,'{\'rally\':28,\'brace\':13,\'charge\':2,\'secondWind\':2}','{\'fireburst\':3,\'ward\':3,\'mend\':2}','{\'pikeman\':10,\'archer\':1,\'cavalier\':2}',8,169,0,0,4,1,144,'{\'rally\':59,\'setPosition\':57,\'preparedPosition\':28}','{\'fireburst\':1,\'ward\':1,\'mend\':2,\'fieldRepair\':2}',{"pavise":1},6,127
33,river_ford,league,baseline,draw,round-limit,30,0,1,3,4,140,'{\'rally\':68,\'setPosition\':55,\'preparedPosition\':17}','{\'ward\':2,\'flare\':1}','{\'leaguePike\':1,\'pavise\':2,\'coil\':1}',8,168,0,3,1,11,35,'{\'rally\':20,\'brace\':11,\'secondWind\':3,\'focusedShot\':1}',{"fireburst":1},'{\'pikeman\':8,\'archer\':2,\'cavalier\':1}',8,193
33,river_ford,baseline,league,draw,round-limit,30,1,4,0,16,38,'{\'rally\':24,\'brace\':9,\'charge\':1,\'secondWind\':4}','{\'mend\':3,\'ward\':2}','{\'pikeman\':11,\'archer\':3,\'cavalier\':2}',7,141,0,0,4,1,147,'{\'rally\':60,\'setPosition\':58,\'preparedPosition\':29}','{\'fireburst\':2,\'fieldRepair\':2,\'flare\':1}',{"leaguePike":1},6,127
34,river_ford,league,baseline,draw,round-limit,30,0,1,3,4,161,'{\'rally\':80,\'setPosition\':64,\'preparedPosition\':17}','{\'fireburst\':1,\'mend\':2,\'flare\':1}','{\'leaguePike\':2,\'pavise\':1,\'coil\':1}',8,180,0,3,1,13,38,'{\'rally\':22,\'brace\':8,\'secondWind\':2,\'focusedShot\':6}','{\'fireburst\':3,\'ward\':2,\'mend\':1}','{\'pikeman\':10,\'cavalier\':1,\'archer\':2}',8,194
34,river_ford,baseline,league,draw,round-limit,30,0,5,0,15,38,'{\'rally\':24,\'brace\':11,\'charge\':1,\'secondWind\':2}','{\'ward\':2,\'fireburst\':2,\'mend\':4}','{\'pikeman\':10,\'archer\':3,\'cavalier\':2}',7,141,0,0,5,1,149,'{\'setPosition\':60,\'rally\':60,\'preparedPosition\':29}','{\'ward\':1,\'fireburst\':1,\'fieldRepair\':2}',{"pavise":1},6,137
35,river_ford,league,baseline,draw,round-limit,30,1,4,4,8,119,'{\'rally\':59,\'setPosition\':47,\'preparedPosition\':13}','{\'fieldRepair\':1,\'mend\':2,\'fireburst\':1}','{\'leaguePike\':4,\'coil\':4}',9,195,0,4,4,13,27,'{\'rally\':17,\'secondWind\':6,\'charge\':1,\'brace\':3}','{\'fireburst\':2,\'ward\':4,\'mend\':2}','{\'pikeman\':10,\'archer\':2,\'cavalier\':1}',8,194
35,river_ford,baseline,league,draw,round-limit,30,1,4,0,11,56,'{\'rally\':31,\'brace\':20,\'charge\':1,\'secondWind\':4}','{\'fireburst\':2,\'mend\':3}','{\'archer\':3,\'pikeman\':6,\'cavalier\':2}',7,161,0,0,4,1,148,'{\'setPosition\':60,\'rally\':60,\'preparedPosition\':28}','{\'fireburst\':1,\'flare\':1,\'mend\':1,\'fieldRepair\':1,\'ward\':1}',{"pavise":1},6,133
36,river_ford,league,baseline,draw,round-limit,30,1,0,3,4,94,'{\'rally\':58,\'setPosition\':30,\'preparedPosition\':6}','{\'fireburst\':2,\'mend\':4,\'fieldRepair\':4,\'ward\':3,\'flare\':1}','{\'leaguePike\':3,\'coil\':1}',9,206,0,3,0,11,22,'{\'rally\':13,\'brace\':5,\'charge\':2,\'secondWind\':2}','{\'ward\':4,\'mend\':4,\'fireburst\':3}','{\'cavalier\':2,\'pikeman\':7,\'archer\':2}',8,186
36,river_ford,baseline,league,draw,round-limit,30,0,2,0,11,36,'{\'rally\':22,\'brace\':11,\'secondWind\':2,\'charge\':1}','{\'fireburst\':3,\'ward\':6,\'mend\':3}','{\'pikeman\':7,\'archer\':3,\'cavalier\':1}',8,141,0,0,2,1,149,'{\'setPosition\':60,\'rally\':60,\'preparedPosition\':29}','{\'mend\':1,\'fieldRepair\':2,\'flare\':1}',{"pavise":1},6,140
37,river_ford,league,baseline,draw,round-limit,30,1,3,2,7,81,'{\'rally\':51,\'setPosition\':27,\'preparedPosition\':3}','{\'ward\':3,\'fireburst\':1,\'fieldRepair\':1}','{\'leaguePike\':3,\'pavise\':2,\'coil\':2}',9,182,0,2,3,8,39,'{\'rally\':22,\'brace\':14,\'focusedShot\':3}','{\'fireburst\':2,\'mend\':2,\'ward\':2}','{\'pikeman\':5,\'archer\':3}',6,102
37,river_ford,baseline,league,draw,round-limit,30,1,1,0,8,53,'{\'rally\':31,\'brace\':22}',{"fireburst":1},'{\'pikeman\':6,\'archer\':1,\'cavalier\':1}',9,199,0,0,1,1,148,'{\'setPosition\':60,\'rally\':60,\'preparedPosition\':28}','{\'fieldRepair\':4,\'flare\':1}',{"pavise":1},6,133
38,river_ford,league,baseline,draw,round-limit,30,1,2,5,5,95,'{\'rally\':58,\'setPosition\':28,\'preparedPosition\':9}','{\'fireburst\':2,\'ward\':2,\'fieldRepair\':2}','{\'leaguePike\':3,\'coil\':2}',8,177,0,5,2,12,39,'{\'rally\':13,\'brace\':6,\'focusedShot\':12,\'secondWind\':6,\'charge\':2}','{\'mend\':3,\'ward\':2,\'fireburst\':2}','{\'pikeman\':4,\'archer\':7,\'cavalier\':1}',7,159
38,river_ford,baseline,league,draw,round-limit,30,1,4,0,14,35,'{\'rally\':22,\'brace\':10,\'secondWind\':2,\'charge\':1}','{\'mend\':4,\'fireburst\':1,\'ward\':1}','{\'pikeman\':8,\'archer\':3,\'cavalier\':3}',7,138,0,0,4,1,149,'{\'setPosition\':60,\'rally\':60,\'preparedPosition\':29}','{\'fireburst\':2,\'ward\':1,\'flare\':2,\'mend\':1,\'fieldRepair\':1}',{"pavise":1},6,139
39,river_ford,league,baseline,draw,round-limit,30,1,10,4,13,183,'{\'rally\':93,\'setPosition\':82,\'preparedPosition\':8}','{\'fieldRepair\':4,\'mend\':2,\'ward\':2,\'flare\':2}','{\'leaguePike\':4,\'coil\':6,\'pavise\':3}',8,184,0,4,8,12,40,'{\'rally\':23,\'brace\':7,\'focusedShot\':7,\'charge\':2,\'secondWind\':1}','{\'fireburst\':5,\'ward\':2,\'mend\':1}','{\'pikeman\':7,\'archer\':3,\'cavalier\':2}',9,191
39,river_ford,baseline,league,draw,round-limit,30,1,0,0,8,58,'{\'rally\':33,\'brace\':25}','{\'ward\':1,\'fireburst\':1,\'mend\':2}','{\'archer\':3,\'pikeman\':5}',7,169,0,0,0,1,148,'{\'setPosition\':60,\'rally\':60,\'preparedPosition\':28}','{\'ward\':1,\'flare\':2,\'fieldRepair\':2}',{"pavise":1},6,140
40,river_ford,league,baseline,blue,keep-captured,22,1,6,5,10,67,'{\'rally\':46,\'setPosition\':19,\'preparedPosition\':2}','{\'fireburst\':4,\'mend\':3,\'fieldRepair\':1,\'flare\':3,\'ward\':1}','{\'leaguePike\':4,\'coil\':3,\'relicWalker\':1,\'pavise\':2}',9,208,0,5,6,11,38,'{\'rally\':17,\'brace\':6,\'focusedShot\':10,\'secondWind\':3,\'charge\':2}','{\'ward\':6,\'fireburst\':3,\'mend\':2}','{\'cavalier\':1,\'pikeman\':6,\'archer\':4}',6,137
40,river_ford,baseline,league,draw,round-limit,30,1,2,0,10,48,'{\'rally\':32,\'secondWind\':1,\'brace\':15}','{\'ward\':8,\'fireburst\':4,\'mend\':1}','{\'pikeman\':6,\'archer\':4}',8,181,0,0,2,1,149,'{\'setPosition\':60,\'rally\':60,\'preparedPosition\':29}','{\'mend\':2,\'fieldRepair\':3,\'flare\':2,\'fireburst\':1,\'ward\':1}',{"pavise":1},6,133
41,river_ford,league,baseline,draw,round-limit,30,1,7,2,10,125,'{\'rally\':70,\'setPosition\':43,\'preparedPosition\':12}','{\'ward\':3,\'fieldRepair\':1,\'fireburst\':3,\'mend\':2,\'flare\':5}','{\'leaguePike\':2,\'pavise\':1,\'coil\':7}',8,194,0,2,7,10,48,'{\'rally\':30,\'brace\':12,\'charge\':1,\'secondWind\':1,\'focusedShot\':4}','{\'fireburst\':5,\'ward\':3,\'mend\':3}','{\'pikeman\':7,\'archer\':3}',8,179
41,river_ford,baseline,league,draw,round-limit,30,0,2,0,9,49,'{\'rally\':29,\'brace\':16,\'secondWind\':4}','{\'fireburst\':2,\'mend\':3}','{\'pikeman\':6,\'cavalier\':1,\'archer\':2}',7,166,0,0,2,1,149,'{\'setPosition\':60,\'rally\':60,\'preparedPosition\':29}','{\'ward\':1,\'fieldRepair\':1,\'flare\':1,\'mend\':3}',{"pavise":1},6,127
42,river_ford,league,baseline,draw,round-limit,30,0,10,2,11,93,'{\'rally\':51,\'setPosition\':28,\'preparedPosition\':14}','{\'ward\':4,\'flare\':3,\'fieldRepair\':2}','{\'leaguePike\':2,\'pavise\':2,\'coil\':7}',6,114,0,2,10,10,69,'{\'rally\':40,\'brace\':22,\'focusedShot\':4,\'charge\':1,\'secondWind\':2}','{\'fireburst\':6,\'mend\':5,\'ward\':4}','{\'archer\':2,\'pikeman\':7,\'cavalier\':1}',8,159
42,river_ford,baseline,league,draw,round-limit,30,1,4,0,15,52,'{\'rally\':35,\'brace\':13,\'secondWind\':3,\'charge\':1}','{\'fireburst\':5,\'ward\':7,\'mend\':4}','{\'pikeman\':12,\'archer\':1,\'cavalier\':2}',8,189,0,0,4,1,149,'{\'setPosition\':60,\'rally\':60,\'preparedPosition\':29}','{\'fieldRepair\':4,\'ward\':1,\'mend\':1}',{"pavise":1},6,131
43,river_ford,league,baseline,draw,round-limit,30,0,2,5,5,161,'{\'rally\':79,\'setPosition\':66,\'preparedPosition\':16}','{\'fireburst\':1,\'mend\':4,\'flare\':1}','{\'leaguePike\':2,\'pavise\':1,\'coil\':2}',8,171,0,5,2,14,31,'{\'rally\':15,\'focusedShot\':9,\'brace\':5,\'charge\':1,\'secondWind\':1}','{\'fireburst\':4,\'ward\':5,\'mend\':3}','{\'pikeman\':9,\'archer\':4,\'cavalier\':1}',8,195
43,river_ford,baseline,league,draw,round-limit,30,1,2,0,9,54,'{\'rally\':32,\'secondWind\':2,\'brace\':20}','{\'fireburst\':3,\'ward\':3}','{\'archer\':3,\'pikeman\':6}',7,170,0,0,2,1,149,'{\'setPosition\':60,\'rally\':60,\'preparedPosition\':29}','{\'fireburst\':1,\'fieldRepair\':1,\'flare\':1,\'mend\':3,\'ward\':1}',{"pavise":1},6,125
44,river_ford,league,baseline,draw,round-limit,30,1,1,6,3,170,'{\'rally\':78,\'setPosition\':67,\'preparedPosition\':25}','{\'fireburst\':1,\'flare\':4,\'mend\':1,\'fieldRepair\':2}','{\'leaguePike\':2,\'coil\':1}',7,146,0,6,1,12,48,'{\'rally\':27,\'focusedShot\':3,\'brace\':13,\'charge\':2,\'secondWind\':3}','{\'fireburst\':4,\'ward\':3,\'mend\':1}','{\'pikeman\':8,\'archer\':3,\'cavalier\':1}',8,176
44,river_ford,baseline,league,draw,round-limit,30,1,4,0,14,37,'{\'rally\':24,\'brace\':11,\'secondWind\':2}','{\'ward\':6,\'mend\':4,\'fireburst\':2}','{\'archer\':3,\'pikeman\':11}',7,142,0,0,4,1,149,'{\'setPosition\':60,\'rally\':60,\'preparedPosition\':29}','{\'ward\':1,\'mend\':1,\'fieldRepair\':2}',{"pavise":1},6,135
45,river_ford,league,baseline,draw,round-limit,30,0,0,1,4,63,'{\'rally\':43,\'setPosition\':17,\'preparedPosition\':3}','{\'fireburst\':1,\'ward\':3,\'mend\':2,\'flare\':3}','{\'leaguePike\':2,\'pavise\':1,\'coil\':1}',9,184,0,1,0,9,46,'{\'rally\':21,\'brace\':9,\'focusedShot\':14,\'secondWind\':2}','{\'fireburst\':1,\'mend\':4,\'ward\':1}','{\'pikeman\':6,\'archer\':2,\'cavalier\':1}',7,175
45,river_ford,baseline,league,draw,round-limit,30,1,3,0,14,41,'{\'rally\':26,\'brace\':11,\'secondWind\':4}','{\'fireburst\':4,\'ward\':5,\'mend\':4}','{\'pikeman\':11,\'archer\':1,\'cavalier\':2}',8,159,0,0,3,1,147,'{\'rally\':60,\'setPosition\':58,\'preparedPosition\':29}','{\'fireburst\':1,\'ward\':1,\'mend\':1,\'fieldRepair\':4}',{"leaguePike":1},6,125
46,river_ford,league,baseline,draw,round-limit,30,0,1,4,4,201,'{\'rally\':92,\'setPosition\':88,\'preparedPosition\':21}','{\'fireburst\':1,\'ward\':1,\'mend\':2,\'flare\':1,\'fieldRepair\':1}','{\'leaguePike\':2,\'pavise\':1,\'coil\':1}',8,181,0,4,1,16,36,'{\'rally\':27,\'brace\':6,\'secondWind\':2,\'charge\':1}','{\'fireburst\':6,\'mend\':3,\'ward\':3}','{\'pikeman\':12,\'archer\':3,\'cavalier\':1}',6,155
46,river_ford,baseline,league,draw,round-limit,30,1,2,0,9,60,'{\'rally\':39,\'brace\':18,\'secondWind\':3}','{\'ward\':2,\'fireburst\':3,\'mend\':1}','{\'archer\':2,\'pikeman\':6,\'cavalier\':1}',7,174,0,0,2,1,149,'{\'setPosition\':60,\'rally\':60,\'preparedPosition\':29}','{\'flare\':1,\'mend\':1,\'fieldRepair\':1}',{"pavise":1},6,129
47,river_ford,league,baseline,draw,round-limit,30,1,6,3,9,107,'{\'rally\':71,\'setPosition\':34,\'preparedPosition\':2}','{\'fireburst\':4,\'ward\':1,\'flare\':3,\'mend\':2,\'fieldRepair\':1}','{\'leaguePike\':5,\'coil\':3,\'relicWalker\':1}',8,175,0,3,5,11,37,'{\'rally\':20,\'brace\':7,\'focusedShot\':10}','{\'fireburst\':8,\'mend\':5,\'ward\':5}','{\'pikeman\':6,\'archer\':4,\'cavalier\':1}',8,162
47,river_ford,baseline,league,draw,round-limit,30,1,5,0,16,36,'{\'rally\':25,\'brace\':9,\'secondWind\':2}','{\'fireburst\':4,\'ward\':4,\'mend\':3}','{\'pikeman\':13,\'archer\':1,\'cavalier\':2}',8,157,0,0,5,1,140,'{\'setPosition\':55,\'rally\':57,\'preparedPosition\':28}','{\'ward\':3,\'flare\':2,\'fieldRepair\':3,\'mend\':1}',{"pavise":1},6,138
48,river_ford,league,baseline,draw,round-limit,30,1,5,3,8,116,'{\'rally\':67,\'setPosition\':41,\'preparedPosition\':8}','{\'ward\':2,\'flare\':2,\'fireburst\':2,\'mend\':1,\'fieldRepair\':1}','{\'leaguePike\':2,\'pavise\':1,\'coil\':5}',8,157,0,3,5,11,41,'{\'rally\':24,\'brace\':10,\'focusedShot\':5,\'secondWind\':1,\'charge\':1}','{\'fireburst\':4,\'ward\':4,\'mend\':1}','{\'pikeman\':8,\'archer\':2,\'cavalier\':1}',8,179
48,river_ford,baseline,league,draw,round-limit,30,1,2,0,17,40,'{\'rally\':31,\'brace\':9}','{\'fireburst\':4,\'ward\':6,\'mend\':6}','{\'archer\':3,\'pikeman\':14}',6,133,0,0,2,1,145,'{\'rally\':60,\'setPosition\':58,\'preparedPosition\':27}','{\'fireburst\':1,\'mend\':2,\'fieldRepair\':1}',{"leaguePike":1},6,119
49,river_ford,league,baseline,draw,round-limit,30,0,5,6,8,148,'{\'rally\':75,\'setPosition\':56,\'preparedPosition\':17}','{\'mend\':4,\'fireburst\':1,\'fieldRepair\':1,\'flare\':1}','{\'leaguePike\':3,\'coil\':5}',8,187,0,6,5,17,39,'{\'rally\':24,\'brace\':8,\'charge\':2,\'focusedShot\':4,\'secondWind\':1}','{\'ward\':7,\'mend\':4,\'fireburst\':5}','{\'pikeman\':10,\'archer\':6,\'cavalier\':1}',8,185
49,river_ford,baseline,league,draw,round-limit,30,1,4,0,18,41,'{\'rally\':32,\'brace\':8,\'secondWind\':1}','{\'fireburst\':3,\'ward\':3,\'mend\':1}','{\'pikeman\':16,\'archer\':1,\'cavalier\':1}',7,131,0,0,4,1,149,'{\'setPosition\':60,\'rally\':60,\'preparedPosition\':29}','{\'fieldRepair\':2,\'flare\':1,\'fireburst\':1,\'ward\':1}',{"pavise":1},6,125
50,river_ford,league,baseline,draw,round-limit,30,1,2,2,4,150,'{\'rally\':73,\'setPosition\':56,\'preparedPosition\':21}','{\'ward\':1,\'fireburst\':3,\'mend\':1,\'fieldRepair\':1,\'flare\':1}','{\'leaguePike\':2,\'pavise\':1,\'coil\':1}',7,143,0,3,2,11,53,'{\'rally\':28,\'brace\':17,\'focusedShot\':6,\'secondWind\':1,\'charge\':1}','{\'fireburst\':3,\'mend\':4,\'ward\':7}','{\'pikeman\':7,\'archer\':4}',8,187
50,river_ford,baseline,league,draw,round-limit,30,1,4,0,18,39,'{\'rally\':28,\'brace\':8,\'secondWind\':3}','{\'fireburst\':2,\'ward\':4,\'mend\':3}','{\'archer\':3,\'pikeman\':14,\'cavalier\':1}',6,142,0,0,4,1,148,'{\'setPosition\':60,\'rally\':60,\'preparedPosition\':28}','{\'ward\':2,\'fieldRepair\':3,\'flare\':1,\'mend\':1}',{"pavise":1},6,131
51,river_ford,league,baseline,draw,round-limit,30,1,3,7,3,128,'{\'rally\':58,\'setPosition\':50,\'preparedPosition\':20}','{\'fireburst\':3,\'mend\':3,\'fieldRepair\':1}','{\'leaguePike\':2,\'coil\':1}',5,113,0,7,3,13,26,'{\'rally\':17,\'focusedShot\':1,\'brace\':4,\'secondWind\':2,\'charge\':2}','{\'ward\':4,\'mend\':5,\'fireburst\':1}','{\'pikeman\':7,\'archer\':4,\'cavalier\':2}',7,164
51,river_ford,baseline,league,draw,round-limit,30,1,5,0,19,41,'{\'rally\':33,\'brace\':5,\'secondWind\':2,\'charge\':1}','{\'fireburst\':6,\'ward\':3,\'mend\':2}','{\'pikeman\':14,\'archer\':4,\'cavalier\':1}',7,178,0,0,5,1,148,'{\'setPosition\':60,\'rally\':60,\'preparedPosition\':28}','{\'flare\':1,\'fireburst\':1,\'mend\':1,\'fieldRepair\':2}',{"pavise":1},6,128
52,river_ford,league,baseline,draw,round-limit,30,0,0,0,3,166,'{\'rally\':79,\'setPosition\':73,\'preparedPosition\':14}','{\'fireburst\':1,\'ward\':2,\'flare\':2,\'mend\':3,\'fieldRepair\':1}','{\'leaguePike\':2,\'coil\':1}',8,158,0,0,0,8,33,'{\'rally\':20,\'focusedShot\':3,\'brace\':10}','{\'ward\':2,\'fireburst\':1,\'mend\':1}','{\'pikeman\':5,\'archer\':2,\'cavalier\':1}',7,166
52,river_ford,baseline,league,draw,round-limit,30,0,2,0,12,45,'{\'rally\':26,\'brace\':14,\'secondWind\':5}','{\'fireburst\':4,\'ward\':5,\'mend\':2}','{\'pikeman\':9,\'archer\':2,\'cavalier\':1}',7,146,0,0,2,1,147,'{\'rally\':60,\'setPosition\':58,\'preparedPosition\':29}','{\'fireburst\':2,\'mend\':1,\'fieldRepair\':1,\'flare\':3}',{"leaguePike":1},6,113
53,river_ford,league,baseline,draw,round-limit,30,1,0,1,4,68,'{\'rally\':51,\'setPosition\':16,\'preparedPosition\':1}','{\'fireburst\':2,\'fieldRepair\':1,\'ward\':5,\'mend\':4,\'flare\':1}','{\'leaguePike\':2,\'pavise\':1,\'relicWalker\':1}',9,220,0,1,0,9,37,'{\'rally\':15,\'focusedShot\':13,\'charge\':2,\'secondWind\':1,\'brace\':6}','{\'fireburst\':3,\'ward\':9,\'mend\':6}','{\'pikeman\':4,\'archer\':5}',7,150
53,river_ford,baseline,league,draw,round-limit,30,1,2,1,12,30,'{\'rally\':23,\'brace\':7}','{\'fireburst\':6,\'mend\':1,\'ward\':4}','{\'pikeman\':9,\'cavalier\':2,\'archer\':1}',8,195,0,4,2,5,134,'{\'rally\':55,\'setPosition\':52,\'preparedPosition\':27}','{\'fireburst\':1,\'ward\':2,\'fieldRepair\':2,\'flare\':2}','{\'pavise\':3,\'coil\':2}',6,120
54,river_ford,league,baseline,draw,round-limit,30,1,3,2,7,148,'{\'rally\':78,\'setPosition\':54,\'preparedPosition\':16}','{\'fieldRepair\':2,\'ward\':3,\'flare\':2,\'mend\':1}','{\'leaguePike\':2,\'pavise\':1,\'coil\':4}',9,199,0,2,3,10,37,'{\'rally\':22,\'brace\':9,\'focusedShot\':3,\'charge\':2,\'secondWind\':1}','{\'fireburst\':5,\'mend\':2,\'ward\':1}','{\'pikeman\':6,\'cavalier\':2,\'archer\':2}',8,173
54,river_ford,baseline,league,draw,round-limit,30,1,10,0,16,38,'{\'rally\':23,\'charge\':5,\'brace\':6,\'secondWind\':4}','{\'fireburst\':4,\'mend\':2,\'ward\':3}','{\'pikeman\':10,\'cavalier\':5,\'archer\':1}',8,200,0,0,10,1,149,'{\'setPosition\':60,\'rally\':60,\'preparedPosition\':29}','{\'ward\':1,\'fieldRepair\':2,\'flare\':2,\'mend\':2}',{"pavise":1},6,133
55,river_ford,league,baseline,draw,round-limit,30,1,5,3,5,133,'{\'rally\':64,\'setPosition\':51,\'preparedPosition\':18}','{\'fireburst\':1,\'ward\':1,\'mend\':1,\'fieldRepair\':1}','{\'leaguePike\':3,\'coil\':1,\'pavise\':1}',5,121,0,3,5,13,35,'{\'rally\':18,\'brace\':8,\'focusedShot\':7,\'secondWind\':1,\'charge\':1}','{\'ward\':5,\'mend\':5,\'fireburst\':1}','{\'pikeman\':6,\'archer\':3,\'cavalier\':4}',8,183
55,river_ford,baseline,league,draw,round-limit,30,1,5,0,16,42,'{\'rally\':26,\'brace\':12,\'charge\':2,\'secondWind\':2}','{\'fireburst\':1,\'ward\':4,\'mend\':2}','{\'pikeman\':13,\'cavalier\':2,\'archer\':1}',8,155,0,0,5,1,147,'{\'rally\':60,\'setPosition\':58,\'preparedPosition\':29}','{\'fireburst\':1,\'flare\':1,\'fieldRepair\':3}',{"leaguePike":1},6,127
56,river_ford,league,baseline,blue,keep-captured,14,1,3,1,6,28,'{\'rally\':22,\'setPosition\':6}','{\'fireburst\':3,\'ward\':4,\'flare\':2,\'mend\':2}','{\'leaguePike\':1,\'pavise\':3,\'coil\':1,\'relicWalker\':1}',8,177,0,1,3,9,20,'{\'rally\':12,\'brace\':2,\'focusedShot\':5,\'secondWind\':1}','{\'fireburst\':1,\'ward\':2,\'mend\':5}','{\'pikeman\':7,\'archer\':2}',6,140
56,river_ford,baseline,league,draw,round-limit,30,0,3,0,16,44,'{\'rally\':27,\'brace\':11,\'secondWind\':5,\'charge\':1}','{\'fireburst\':5,\'mend\':4,\'ward\':1}','{\'pikeman\':14,\'cavalier\':1,\'archer\':1}',6,125,0,0,3,1,149,'{\'setPosition\':60,\'rally\':60,\'preparedPosition\':29}','{\'fireburst\':1,\'fieldRepair\':3,\'mend\':1,\'ward\':1}',{"pavise":1},6,130
57,river_ford,league,baseline,draw,round-limit,30,1,6,2,7,69,'{\'rally\':50,\'setPosition\':15,\'preparedPosition\':3,\'arcBurst\':1}','{\'fireburst\':3,\'ward\':4,\'mend\':1,\'flare\':1,\'fieldRepair\':2}','{\'leaguePike\':2,\'pavise\':2,\'coil\':2,\'relicWalker\':1}',6,118,0,2,6,10,33,'{\'rally\':17,\'brace\':4,\'secondWind\':4,\'focusedShot\':6,\'charge\':2}','{\'fireburst\':5,\'mend\':1,\'ward\':2}','{\'pikeman\':7,\'archer\':2,\'cavalier\':1}',8,139
57,river_ford,baseline,league,draw,round-limit,30,1,4,1,20,42,'{\'rally\':30,\'secondWind\':3,\'brace\':8,\'charge\':1}','{\'fireburst\':5,\'ward\':6,\'mend\':4}','{\'pikeman\':17,\'cavalier\':2,\'archer\':1}',7,160,0,1,4,2,148,'{\'setPosition\':59,\'rally\':60,\'preparedPosition\':29}','{\'ward\':3,\'flare\':2,\'mend\':1,\'fieldRepair\':1}',{"pavise":2},6,139
58,river_ford,league,baseline,draw,round-limit,30,1,1,3,3,171,'{\'rally\':77,\'setPosition\':69,\'preparedPosition\':25}','{\'fireburst\':1,\'ward\':2,\'mend\':1,\'fieldRepair\':2}','{\'leaguePike\':1,\'pavise\':1,\'coil\':1}',7,129,0,3,1,10,49,'{\'rally\':28,\'brace\':16,\'secondWind\':2,\'focusedShot\':2,\'charge\':1}','{\'ward\':3,\'mend\':2,\'fireburst\':2}','{\'pikeman\':7,\'archer\':2,\'cavalier\':1}',7,169
58,river_ford,baseline,league,draw,round-limit,30,1,3,1,11,40,'{\'rally\':24,\'secondWind\':3,\'charge\':1,\'brace\':12}','{\'fireburst\':7,\'ward\':2,\'mend\':5}','{\'pikeman\':7,\'archer\':3,\'cavalier\':1}',7,148,0,1,3,2,142,'{\'setPosition\':57,\'rally\':57,\'preparedPosition\':28}','{\'flare\':1,\'mend\':1,\'fieldRepair\':3,\'ward\':1}',{"pavise":2},6,133
59,river_ford,league,baseline,draw,round-limit,30,0,1,3,4,175,'{\'rally\':83,\'setPosition\':72,\'preparedPosition\':20}','{\'fireburst\':1,\'ward\':1,\'mend\':1,\'fieldRepair\':2}','{\'leaguePike\':1,\'pavise\':2,\'coil\':1}',8,181,0,3,1,9,28,'{\'rally\':14,\'brace\':8,\'focusedShot\':2,\'secondWind\':4}','{\'fireburst\':1,\'ward\':2,\'mend\':6}','{\'pikeman\':5,\'archer\':3,\'cavalier\':1}',8,165
59,river_ford,baseline,league,draw,round-limit,30,1,3,2,15,48,'{\'rally\':34,\'secondWind\':5,\'brace\':9}','{\'fireburst\':4,\'ward\':4,\'mend\':3}','{\'pikeman\':13,\'cavalier\':2}',7,184,0,2,3,3,119,'{\'rally\':52,\'setPosition\':49,\'preparedPosition\':18}','{\'ward\':3,\'mend\':1,\'fieldRepair\':2,\'flare\':2}','{\'leaguePike\':1,\'pavise\':1,\'coil\':1}',6,127
60,river_ford,league,baseline,draw,round-limit,30,0,1,4,4,168,'{\'rally\':79,\'setPosition\':67,\'preparedPosition\':22}','{\'fireburst\':1,\'flare\':2,\'mend\':1,\'ward\':1}','{\'leaguePike\':1,\'pavise\':1,\'coil\':2}',8,160,0,4,1,10,35,'{\'rally\':19,\'brace\':7,\'focusedShot\':1,\'charge\':2,\'secondWind\':6}','{\'mend\':4,\'ward\':1,\'fireburst\':1}','{\'pikeman\':7,\'cavalier\':2,\'archer\':1}',9,201
60,river_ford,baseline,league,draw,round-limit,30,0,4,0,13,46,'{\'rally\':30,\'secondWind\':4,\'brace\':10,\'charge\':2}','{\'ward\':4,\'fireburst\':3,\'mend\':2}','{\'pikeman\':9,\'archer\':3,\'cavalier\':1}',6,134,0,0,4,1,149,'{\'setPosition\':60,\'rally\':60,\'preparedPosition\':29}','{\'fieldRepair\':3,\'ward\':1}',{"pavise":1},6,135
61,river_ford,league,baseline,draw,round-limit,30,0,6,3,7,101,'{\'rally\':51,\'setPosition\':38,\'preparedPosition\':11,\'arcBurst\':1}','{\'fireburst\':2,\'flare\':2,\'ward\':1,\'fieldRepair\':2}','{\'leaguePike\':2,\'coil\':4,\'relicWalker\':1}',6,144,0,3,6,10,31,'{\'rally\':20,\'brace\':3,\'focusedShot\':2,\'secondWind\':6}','{\'ward\':3,\'mend\':2,\'fireburst\':1}','{\'pikeman\':6,\'archer\':2,\'cavalier\':2}',8,169
61,river_ford,baseline,league,draw,round-limit,30,1,3,0,9,52,'{\'rally\':35,\'secondWind\':5,\'charge\':1,\'brace\':11}','{\'ward\':4,\'fireburst\':2,\'mend\':3}','{\'pikeman\':6,\'archer\':1,\'cavalier\':2}',9,205,0,0,3,1,149,'{\'setPosition\':60,\'rally\':60,\'preparedPosition\':29}','{\'flare\':3,\'ward\':1,\'mend\':1,\'fieldRepair\':1}',{"pavise":1},6,127
62,river_ford,league,baseline,draw,round-limit,30,0,3,3,6,194,'{\'rally\':87,\'setPosition\':83,\'preparedPosition\':24}','{\'fireburst\':3,\'ward\':1,\'fieldRepair\':1}','{\'leaguePike\':1,\'pavise\':1,\'coil\':4}',8,180,0,3,3,10,50,'{\'rally\':30,\'brace\':17,\'secondWind\':3}','{\'ward\':5,\'mend\':3,\'fireburst\':1}','{\'pikeman\':7,\'archer\':2,\'cavalier\':1}',8,180
62,river_ford,baseline,league,draw,round-limit,30,1,2,0,9,58,'{\'rally\':43,\'brace\':12,\'secondWind\':3}',{"ward":3},'{\'pikeman\':5,\'archer\':3,\'cavalier\':1}',7,152,0,0,2,1,147,'{\'rally\':60,\'setPosition\':58,\'preparedPosition\':29}','{\'fireburst\':2,\'mend\':1,\'fieldRepair\':2,\'ward\':1}',{"leaguePike":1},6,138
63,river_ford,league,baseline,draw,round-limit,30,1,5,5,9,169,'{\'rally\':87,\'setPosition\':65,\'preparedPosition\':17}','{\'fireburst\':2,\'mend\':1,\'flare\':1}','{\'leaguePike\':3,\'pavise\':1,\'coil\':5}',9,188,0,5,5,12,36,'{\'rally\':19,\'brace\':8,\'focusedShot\':5,\'charge\':2,\'secondWind\':2}','{\'mend\':5,\'fireburst\':5,\'ward\':3}','{\'cavalier\':2,\'pikeman\':7,\'archer\':3}',8,189
63,river_ford,baseline,league,draw,round-limit,30,0,4,0,12,40,'{\'rally\':25,\'secondWind\':6,\'charge\':1,\'brace\':8}','{\'ward\':2,\'fireburst\':1,\'mend\':1}','{\'pikeman\':9,\'archer\':3}',7,161,0,0,4,1,148,'{\'setPosition\':60,\'rally\':60,\'preparedPosition\':28}','{\'fieldRepair\':2,\'ward\':1}',{"pavise":1},6,137
64,river_ford,league,baseline,draw,round-limit,30,1,2,1,5,49,'{\'rally\':36,\'setPosition\':11,\'preparedPosition\':2}','{\'fireburst\':2,\'ward\':1,\'flare\':2,\'fieldRepair\':3}','{\'leaguePike\':3,\'coil\':2}',8,164,0,1,2,9,28,'{\'rally\':19,\'focusedShot\':2,\'brace\':5,\'charge\':1,\'secondWind\':1}','{\'ward\':5,\'mend\':5,\'fireburst\':2}','{\'pikeman\':6,\'archer\':2,\'cavalier\':1}',7,168
64,river_ford,baseline,league,draw,round-limit,30,1,3,0,14,42,'{\'rally\':27,\'brace\':13,\'charge\':1,\'secondWind\':1}','{\'ward\':5,\'mend\':2,\'fireburst\':2}','{\'pikeman\':12,\'archer\':1,\'cavalier\':1}',8,149,0,0,3,1,147,'{\'rally\':60,\'setPosition\':58,\'preparedPosition\':29}','{\'fireburst\':1,\'flare\':2,\'mend\':1,\'fieldRepair\':2}',{"leaguePike":1},6,134
65,river_ford,league,baseline,draw,round-limit,30,1,2,0,5,63,'{\'rally\':46,\'setPosition\':15,\'preparedPosition\':2}','{\'fireburst\':3,\'ward\':1,\'flare\':3,\'mend\':1}','{\'leaguePike\':3,\'coil\':2}',8,157,0,0,2,8,48,'{\'rally\':23,\'brace\':3,\'focusedShot\':17,\'secondWind\':5}','{\'fireburst\':2,\'ward\':6,\'mend\':4}','{\'pikeman\':6,\'archer\':2}',7,151
65,river_ford,baseline,league,draw,round-limit,30,1,1,0,7,52,'{\'rally\':31,\'brace\':21}','{\'ward\':1,\'mend\':3,\'fireburst\':2}','{\'pikeman\':5,\'archer\':1,\'cavalier\':1}',8,166,0,0,1,1,144,'{\'rally\':59,\'setPosition\':57,\'preparedPosition\':28}','{\'fireburst\':1,\'ward\':1,\'fieldRepair\':1,\'flare\':1}',{"pavise":1},6,131
66,river_ford,league,baseline,draw,round-limit,30,1,6,4,9,131,'{\'rally\':68,\'setPosition\':53,\'preparedPosition\':10}','{\'flare\':4,\'mend\':1,\'fieldRepair\':2}','{\'leaguePike\':3,\'coil\':5,\'relicWalker\':1}',8,177,0,4,6,16,31,'{\'rally\':21,\'brace\':5,\'secondWind\':1,\'focusedShot\':3,\'charge\':1}','{\'mend\':2,\'ward\':3,\'fireburst\':2}','{\'pikeman\':11,\'archer\':2,\'cavalier\':3}',7,188
66,river_ford,baseline,league,draw,round-limit,30,1,5,0,12,46,'{\'rally\':32,\'brace\':12,\'secondWind\':2}','{\'ward\':4,\'mend\':1,\'fireburst\':1}','{\'archer\':3,\'pikeman\':7,\'cavalier\':2}',7,165,0,0,5,1,146,'{\'rally\':60,\'setPosition\':58,\'preparedPosition\':28}','{\'fireburst\':2,\'fieldRepair\':1,\'flare\':1}',{"leaguePike":1},6,130
67,river_ford,league,baseline,draw,round-limit,30,0,0,1,4,134,'{\'rally\':66,\'setPosition\':56,\'preparedPosition\':12}','{\'mend\':2,\'flare\':2,\'fireburst\':1}','{\'leaguePike\':2,\'pavise\':1,\'coil\':1}',9,207,0,1,0,9,44,'{\'rally\':26,\'brace\':15,\'secondWind\':3}','{\'ward\':1,\'mend\':2}','{\'pikeman\':7,\'archer\':2}',8,191
67,river_ford,baseline,league,draw,round-limit,30,1,2,0,9,53,'{\'rally\':30,\'brace\':19,\'secondWind\':3,\'charge\':1}','{\'ward\':3,\'fireburst\':3,\'mend\':1}','{\'archer\':3,\'pikeman\':6}',7,150,0,0,2,1,146,'{\'rally\':60,\'setPosition\':58,\'preparedPosition\':28}','{\'fireburst\':1,\'fieldRepair\':3}',{"leaguePike":1},6,123
68,river_ford,league,baseline,draw,round-limit,30,0,1,3,4,176,'{\'rally\':93,\'setPosition\':81,\'preparedPosition\':2}','{\'fireburst\':2,\'fieldRepair\':2,\'flare\':2,\'mend\':1}','{\'leaguePike\':2,\'pavise\':2}',8,188,0,3,1,10,33,'{\'rally\':18,\'focusedShot\':14,\'charge\':1}','{\'ward\':5,\'fireburst\':1,\'mend\':1}','{\'pikeman\':6,\'archer\':4}',7,173
68,river_ford,baseline,league,draw,round-limit,30,0,1,0,8,55,'{\'rally\':32,\'secondWind\':4,\'brace\':19}','{\'fireburst\':3,\'ward\':1,\'mend\':2}','{\'pikeman\':6,\'archer\':2}',7,174,0,0,1,1,147,'{\'rally\':60,\'setPosition\':58,\'preparedPosition\':29}','{\'fireburst\':2,\'mend\':2,\'fieldRepair\':1}',{"leaguePike":1},6,115
69,river_ford,league,baseline,draw,round-limit,30,1,7,4,7,109,'{\'rally\':56,\'setPosition\':43,\'preparedPosition\':10}','{\'fireburst\':1,\'fieldRepair\':2,\'ward\':5,\'mend\':1,\'flare\':1}','{\'leaguePike\':3,\'coil\':4}',6,125,0,4,7,15,34,'{\'rally\':19,\'brace\':2,\'focusedShot\':6,\'secondWind\':4,\'charge\':3}','{\'fireburst\':2,\'mend\':4,\'ward\':6}','{\'pikeman\':10,\'archer\':3,\'cavalier\':2}',7,171
69,river_ford,baseline,league,draw,round-limit,30,1,5,0,12,46,'{\'rally\':33,\'brace\':13}',{"fireburst":3},'{\'pikeman\':8,\'archer\':4}',8,184,0,0,5,1,147,'{\'rally\':60,\'setPosition\':58,\'preparedPosition\':29}','{\'fireburst\':3,\'mend\':2,\'fieldRepair\':2}',{"leaguePike":1},6,125
70,river_ford,league,baseline,draw,round-limit,30,1,4,3,6,169,'{\'rally\':78,\'setPosition\':72,\'preparedPosition\':19}','{\'fieldRepair\':2,\'flare\':2,\'mend\':1,\'ward\':2}','{\'leaguePike\':2,\'pavise\':1,\'coil\':3}',7,146,0,3,2,12,28,'{\'rally\':17,\'brace\':6,\'focusedShot\':2,\'charge\':2,\'secondWind\':1}','{\'fireburst\':5,\'mend\':5,\'ward\':6}','{\'pikeman\':9,\'archer\':2,\'cavalier\':1}',7,149
70,river_ford,baseline,league,draw,round-limit,30,1,3,0,10,48,'{\'rally\':33,\'brace\':14,\'secondWind\':1}','{\'ward\':2,\'fireburst\':2,\'mend\':4}','{\'archer\':1,\'pikeman\':6,\'cavalier\':3}',9,206,0,0,3,1,144,'{\'rally\':59,\'setPosition\':57,\'preparedPosition\':28}','{\'fireburst\':1,\'ward\':1,\'fieldRepair\':3,\'flare\':1}',{"pavise":1},6,125
71,river_ford,league,baseline,draw,round-limit,30,1,4,3,7,71,'{\'rally\':47,\'setPosition\':20,\'preparedPosition\':4}','{\'fieldRepair\':2,\'ward\':4,\'mend\':2,\'flare\':2}','{\'leaguePike\':3,\'coil\':3,\'relicWalker\':1}',8,199,0,3,4,10,39,'{\'rally\':24,\'brace\':11,\'focusedShot\':2,\'charge\':1,\'secondWind\':1}','{\'fireburst\':2,\'ward\':5,\'mend\':5}','{\'pikeman\':7,\'cavalier\':1,\'archer\':2}',7,153
71,river_ford,baseline,league,draw,round-limit,30,1,2,2,13,36,'{\'rally\':27,\'charge\':1,\'secondWind\':1,\'brace\':7}','{\'fireburst\':12,\'ward\':6,\'mend\':5}','{\'pikeman\':12,\'archer\':1}',8,191,0,6,2,6,117,'{\'rally\':52,\'setPosition\':48,\'preparedPosition\':17}','{\'fireburst\':1,\'ward\':3,\'mend\':2,\'fieldRepair\':2,\'flare\':1}','{\'pavise\':3,\'coil\':3}',5,116
72,river_ford,league,baseline,draw,round-limit,30,0,6,5,7,142,'{\'rally\':71,\'setPosition\':54,\'preparedPosition\':17}','{\'fieldRepair\':1,\'ward\':4,\'flare\':3,\'mend\':1}','{\'leaguePike\':3,\'coil\':4}',6,123,0,5,5,14,33,'{\'rally\':17,\'brace\':6,\'focusedShot\':7,\'charge\':2,\'secondWind\':1}','{\'fireburst\':5,\'ward\':3,\'mend\':5}','{\'pikeman\':7,\'archer\':5,\'cavalier\':2}',7,150
72,river_ford,baseline,league,draw,round-limit,30,1,8,0,16,32,'{\'rally\':18,\'brace\':5,\'charge\':5,\'secondWind\':4}','{\'ward\':6,\'fireburst\':2,\'mend\':3}','{\'pikeman\':9,\'archer\':3,\'cavalier\':4}',7,161,0,0,8,1,142,'{\'rally\':59,\'setPosition\':57,\'preparedPosition\':26}','{\'fireburst\':1,\'ward\':4,\'fieldRepair\':3,\'flare\':1,\'mend\':3}',{"pavise":1},6,124
73,river_ford,league,baseline,draw,round-limit,30,1,5,3,7,97,'{\'rally\':56,\'setPosition\':30,\'preparedPosition\':11}','{\'mend\':1,\'fieldRepair\':3,\'ward\':1,\'fireburst\':1}','{\'leaguePike\':3,\'coil\':4}',7,115,0,3,5,10,62,'{\'rally\':29,\'brace\':17,\'focusedShot\':12,\'secondWind\':4}','{\'fireburst\':2,\'ward\':3,\'mend\':1}','{\'pikeman\':7,\'archer\':3}',7,153
73,river_ford,baseline,league,draw,round-limit,30,1,1,0,8,58,'{\'rally\':35,\'brace\':23}','{\'fireburst\':2,\'mend\':1,\'ward\':1}','{\'pikeman\':7,\'archer\':1}',8,165,0,0,1,1,148,'{\'setPosition\':60,\'rally\':60,\'preparedPosition\':28}','{\'fireburst\':3,\'ward\':1,\'mend\':1,\'fieldRepair\':2}',{"pavise":1},6,127
74,river_ford,league,baseline,draw,round-limit,30,1,3,6,6,157,'{\'rally\':83,\'setPosition\':66,\'preparedPosition\':8}','{\'fieldRepair\':1,\'mend\':3,\'ward\':1,\'fireburst\':1}','{\'leaguePike\':3,\'coil\':3}',8,172,0,6,3,15,38,'{\'rally\':23,\'focusedShot\':4,\'brace\':8,\'secondWind\':1,\'charge\':2}','{\'fireburst\':2,\'ward\':1,\'mend\':2}','{\'pikeman\':10,\'cavalier\':3,\'archer\':2}',7,163
74,river_ford,baseline,league,draw,round-limit,30,1,4,2,14,40,'{\'rally\':23,\'brace\':10,\'secondWind\':4,\'charge\':3}','{\'fireburst\':4,\'ward\':3,\'mend\':4}','{\'pikeman\':11,\'archer\':1,\'cavalier\':2}',7,154,0,2,4,3,145,'{\'rally\':60,\'setPosition\':57,\'preparedPosition\':28}','{\'fireburst\':1,\'ward\':1,\'fieldRepair\':3,\'flare\':1}','{\'leaguePike\':1,\'pavise\':1,\'coil\':1}',6,138
75,river_ford,league,baseline,draw,round-limit,30,1,3,4,5,150,'{\'rally\':80,\'setPosition\':59,\'preparedPosition\':11}',{"mend":3},'{\'leaguePike\':3,\'coil\':2}',7,143,0,4,3,13,31,'{\'rally\':17,\'brace\':7,\'focusedShot\':4,\'charge\':1,\'secondWind\':2}','{\'fireburst\':6,\'ward\':3,\'mend\':2}','{\'pikeman\':9,\'archer\':2,\'cavalier\':2}',7,159
75,river_ford,baseline,league,draw,round-limit,30,1,6,1,14,39,'{\'rally\':26,\'secondWind\':2,\'brace\':11}','{\'fireburst\':3,\'ward\':3,\'mend\':3}','{\'pikeman\':12,\'archer\':1,\'cavalier\':1}',7,151,0,1,6,2,148,'{\'setPosition\':59,\'rally\':60,\'preparedPosition\':29}','{\'ward\':4,\'flare\':3,\'fireburst\':1,\'fieldRepair\':2}',{"pavise":2},6,140
76,river_ford,league,baseline,draw,round-limit,30,1,3,3,7,101,'{\'rally\':62,\'setPosition\':34,\'preparedPosition\':5}','{\'flare\':3,\'mend\':4,\'fieldRepair\':3,\'ward\':1,\'fireburst\':3}','{\'leaguePike\':3,\'pavise\':1,\'coil\':3}',9,196,0,3,3,11,38,'{\'rally\':21,\'brace\':4,\'focusedShot\':10,\'charge\':1,\'secondWind\':2}','{\'fireburst\':3,\'mend\':3,\'ward\':1}','{\'pikeman\':8,\'archer\':2,\'cavalier\':1}',8,172
76,river_ford,baseline,league,draw,round-limit,30,1,1,0,8,60,'{\'rally\':40,\'brace\':15,\'charge\':1,\'secondWind\':4}','{\'ward\':5,\'fireburst\':4}','{\'archer\':1,\'pikeman\':6,\'cavalier\':1}',9,205,0,0,1,1,146,'{\'rally\':60,\'setPosition\':58,\'preparedPosition\':28}','{\'fireburst\':1,\'mend\':1,\'fieldRepair\':1,\'ward\':1,\'flare\':1}',{"leaguePike":1},6,118
77,river_ford,league,baseline,draw,round-limit,30,1,3,2,6,88,'{\'rally\':59,\'setPosition\':29}','{\'fireburst\':1,\'fieldRepair\':1,\'ward\':1,\'mend\':1}','{\'leaguePike\':3,\'pavise\':2,\'relicWalker\':1}',8,177,0,2,2,9,27,'{\'rally\':19,\'brace\':5,\'focusedShot\':3}','{\'ward\':4,\'fireburst\':3,\'mend\':5}','{\'archer\':2,\'pikeman\':7}',7,171
77,river_ford,baseline,league,draw,round-limit,30,1,2,0,9,54,'{\'rally\':42,\'brace\':12}','{\'mend\':1,\'fireburst\':1}','{\'pikeman\':6,\'archer\':3}',7,161,0,0,2,1,144,'{\'rally\':59,\'setPosition\':57,\'preparedPosition\':28}','{\'fireburst\':1,\'flare\':2,\'mend\':2,\'fieldRepair\':1}',{"pavise":1},6,125
78,river_ford,league,baseline,draw,round-limit,30,1,7,3,11,145,'{\'rally\':90,\'setPosition\':49,\'preparedPosition\':6}','{\'fireburst\':3,\'ward\':2,\'fieldRepair\':3}','{\'leaguePike\':4,\'coil\':3,\'pavise\':4}',9,206,0,4,7,16,42,'{\'rally\':25,\'brace\':6,\'focusedShot\':7,\'charge\':1,\'secondWind\':3}','{\'fireburst\':10,\'ward\':8,\'mend\':4}','{\'pikeman\':12,\'archer\':3,\'cavalier\':1}',7,166
78,river_ford,baseline,league,draw,round-limit,30,1,1,0,8,50,'{\'rally\':32,\'brace\':18}','{\'fireburst\':2,\'ward\':2,\'mend\':1}','{\'pikeman\':6,\'archer\':2}',7,165,0,0,1,1,146,'{\'rally\':60,\'setPosition\':58,\'preparedPosition\':28}','{\'fireburst\':1,\'ward\':5,\'mend\':1,\'fieldRepair\':1}',{"leaguePike":1},6,110
79,river_ford,league,baseline,draw,round-limit,30,1,6,4,9,98,'{\'rally\':62,\'setPosition\':32,\'preparedPosition\':4}','{\'ward\':3,\'flare\':1,\'fieldRepair\':1}','{\'leaguePike\':4,\'coil\':2,\'pavise\':2,\'relicWalker\':1}',8,194,0,4,6,11,38,'{\'rally\':19,\'brace\':7,\'focusedShot\':8,\'charge\':3,\'secondWind\':1}','{\'mend\':6,\'ward\':3,\'fireburst\':1}','{\'cavalier\':2,\'pikeman\':7,\'archer\':2}',7,171
79,river_ford,baseline,league,draw,round-limit,30,1,3,0,14,48,'{\'rally\':34,\'brace\':12,\'charge\':1,\'secondWind\':1}','{\'ward\':3,\'mend\':2,\'fireburst\':4}','{\'archer\':3,\'pikeman\':11}',6,141,0,0,3,1,148,'{\'setPosition\':60,\'rally\':60,\'preparedPosition\':28}','{\'flare\':2,\'mend\':1,\'fieldRepair\':1}',{"pavise":1},6,137
80,river_ford,league,baseline,blue,keep-captured,29,1,3,6,6,157,'{\'rally\':77,\'setPosition\':67,\'preparedPosition\':13}','{\'fireburst\':2,\'fieldRepair\':3,\'ward\':2}','{\'leaguePike\':3,\'pavise\':1,\'coil\':2}',8,157,0,6,3,15,22,'{\'rally\':13,\'brace\':1,\'charge\':2,\'secondWind\':2,\'focusedShot\':4}','{\'fireburst\':4,\'ward\':4,\'mend\':2}','{\'pikeman\':9,\'archer\':2,\'cavalier\':4}',7,156
80,river_ford,baseline,league,draw,round-limit,30,1,3,0,9,46,'{\'rally\':29,\'brace\':15,\'secondWind\':2}','{\'fireburst\':5,\'mend\':2,\'ward\':4}','{\'pikeman\':6,\'archer\':3}',6,142,0,0,3,1,148,'{\'setPosition\':60,\'rally\':60,\'preparedPosition\':28}','{\'mend\':3,\'fieldRepair\':2}',{"pavise":1},6,137
81,river_ford,league,baseline,draw,round-limit,30,0,6,2,8,154,'{\'rally\':74,\'setPosition\':61,\'preparedPosition\':15,\'arcBurst\':4}','{\'ward\':3,\'fireburst\':1}','{\'leaguePike\':1,\'pavise\':2,\'coil\':4,\'relicWalker\':1}',7,153,0,2,5,9,43,'{\'rally\':29,\'brace\':5,\'focusedShot\':6,\'secondWind\':3}','{\'fireburst\':6,\'ward\':4,\'mend\':5}','{\'pikeman\':8,\'archer\':1}',7,163
81,river_ford,baseline,league,draw,round-limit,30,1,4,0,11,45,'{\'rally\':28,\'brace\':15,\'charge\':1,\'secondWind\':1}',{"fireburst":3},'{\'archer\':3,\'pikeman\':7,\'cavalier\':1}',7,165,0,0,4,1,146,'{\'rally\':60,\'setPosition\':58,\'preparedPosition\':28}','{\'ward\':2,\'fieldRepair\':3,\'flare\':1,\'mend\':2}',{"leaguePike":1},6,134
82,river_ford,league,baseline,draw,round-limit,30,0,4,5,5,152,'{\'rally\':67,\'setPosition\':63,\'preparedPosition\':22}','{\'fireburst\':2,\'ward\':1,\'fieldRepair\':2}','{\'leaguePike\':2,\'pavise\':1,\'coil\':2}',6,128,0,5,4,10,45,'{\'rally\':24,\'brace\':15,\'secondWind\':3,\'focusedShot\':1,\'charge\':2}','{\'fireburst\':2,\'ward\':1,\'mend\':2}','{\'pikeman\':8,\'cavalier\':1,\'archer\':1}',7,164
82,river_ford,baseline,league,draw,round-limit,30,0,3,0,10,44,'{\'rally\':29,\'brace\':7,\'charge\':4,\'secondWind\':4}','{\'fireburst\':4,\'ward\':4,\'mend\':3}','{\'pikeman\':7,\'archer\':3}',8,176,0,0,3,1,149,'{\'setPosition\':60,\'rally\':60,\'preparedPosition\':29}','{\'ward\':1,\'fieldRepair\':2}',{"pavise":1},6,137
83,river_ford,league,baseline,blue,keep-captured,28,1,5,3,8,116,'{\'rally\':71,\'setPosition\':39,\'preparedPosition\':6}','{\'mend\':2,\'fieldRepair\':1,\'ward\':1}','{\'leaguePike\':4,\'coil\':4}',8,174,0,3,4,10,40,'{\'rally\':14,\'brace\':3,\'focusedShot\':17,\'charge\':1,\'secondWind\':5}','{\'fireburst\':3,\'ward\':5,\'mend\':6}','{\'pikeman\':7,\'cavalier\':1,\'archer\':2}',7,175
83,river_ford,baseline,league,draw,round-limit,30,1,3,0,10,57,'{\'rally\':39,\'brace\':16,\'charge\':1,\'secondWind\':1}','{\'ward\':2,\'fireburst\':2,\'mend\':1}','{\'archer\':3,\'pikeman\':6,\'cavalier\':1}',7,177,0,0,3,1,145,'{\'rally\':60,\'setPosition\':58,\'preparedPosition\':27}','{\'fireburst\':2,\'ward\':1,\'mend\':1,\'fieldRepair\':1}',{"leaguePike":1},6,125
84,river_ford,league,baseline,draw,round-limit,30,0,4,3,7,81,'{\'rally\':55,\'setPosition\':24,\'preparedPosition\':2}','{\'fireburst\':1,\'flare\':3,\'mend\':3}','{\'leaguePike\':2,\'pavise\':2,\'coil\':2,\'relicWalker\':1}',8,161,0,3,4,9,46,'{\'rally\':22,\'brace\':7,\'focusedShot\':13,\'secondWind\':3,\'charge\':1}','{\'fireburst\':3,\'mend\':7,\'ward\':4}','{\'pikeman\':7,\'archer\':2}',6,146
84,river_ford,baseline,league,draw,round-limit,30,1,3,0,10,59,'{\'rally\':36,\'brace\':18,\'secondWind\':5}','{\'ward\':3,\'fireburst\':3,\'mend\':3}','{\'pikeman\':6,\'archer\':2,\'cavalier\':2}',7,164,0,0,2,1,147,'{\'rally\':60,\'setPosition\':58,\'preparedPosition\':29}','{\'fireburst\':3,\'ward\':2,\'fieldRepair\':2,\'flare\':3}',{"leaguePike":1},6,113
85,river_ford,league,baseline,draw,round-limit,30,1,3,4,6,139,'{\'rally\':74,\'setPosition\':55,\'preparedPosition\':10}','{\'fireburst\':3,\'fieldRepair\':2,\'ward\':1,\'mend\':2,\'flare\':1}','{\'leaguePike\':2,\'pavise\':1,\'coil\':3}',8,166,0,5,3,17,36,'{\'rally\':28,\'brace\':4,\'focusedShot\':1,\'secondWind\':2,\'charge\':1}','{\'fireburst\':7,\'mend\':3,\'ward\':2}','{\'pikeman\':14,\'cavalier\':1,\'archer\':2}',8,202
85,river_ford,baseline,league,draw,round-limit,30,1,4,0,13,33,'{\'rally\':23,\'brace\':10}','{\'ward\':3,\'fireburst\':4,\'mend\':2}','{\'pikeman\':10,\'archer\':3}',8,180,0,0,4,1,146,'{\'rally\':60,\'setPosition\':58,\'preparedPosition\':28}','{\'fireburst\':2,\'ward\':2,\'mend\':2,\'fieldRepair\':2,\'flare\':1}',{"leaguePike":1},6,127
86,river_ford,league,baseline,draw,round-limit,30,1,2,3,6,83,'{\'rally\':49,\'setPosition\':29,\'preparedPosition\':5}',{"flare":2},'{\'leaguePike\':1,\'pavise\':2,\'coil\':2,\'relicWalker\':1}',9,215,0,3,2,15,28,'{\'rally\':22,\'focusedShot\':2,\'charge\':1,\'brace\':3}','{\'fireburst\':2,\'mend\':1,\'ward\':2}','{\'pikeman\':12,\'archer\':2,\'cavalier\':1}',6,148
86,river_ford,baseline,league,draw,round-limit,30,1,2,0,9,54,'{\'rally\':31,\'brace\':19,\'secondWind\':3,\'charge\':1}','{\'fireburst\':2,\'ward\':1}','{\'archer\':3,\'pikeman\':6}',7,133,0,0,2,1,148,'{\'setPosition\':60,\'rally\':60,\'preparedPosition\':28}','{\'fireburst\':1,\'fieldRepair\':2}',{"pavise":1},6,135
87,river_ford,league,baseline,draw,round-limit,30,1,6,4,8,72,'{\'rally\':45,\'setPosition\':20,\'preparedPosition\':7}','{\'fireburst\':2,\'flare\':2,\'fieldRepair\':2,\'mend\':1}','{\'leaguePike\':2,\'pavise\':1,\'coil\':5}',7,170,0,4,6,10,34,'{\'rally\':21,\'brace\':4,\'secondWind\':4,\'focusedShot\':5}','{\'fireburst\':3,\'mend\':4,\'ward\':2}','{\'pikeman\':4,\'archer\':3,\'cavalier\':3}',9,194
87,river_ford,baseline,league,draw,round-limit,30,1,3,2,10,42,'{\'rally\':29,\'brace\':12,\'secondWind\':1}','{\'ward\':4,\'mend\':4,\'fireburst\':5}','{\'archer\':4,\'pikeman\':6}',7,160,0,2,3,3,137,'{\'rally\':57,\'setPosition\':54,\'preparedPosition\':26}','{\'fireburst\':1,\'ward\':1,\'fieldRepair\':3,\'flare\':2}','{\'leaguePike\':1,\'pavise\':1,\'coil\':1}',6,132
88,river_ford,league,baseline,draw,round-limit,30,1,5,2,8,114,'{\'rally\':66,\'setPosition\':42,\'preparedPosition\':6}','{\'ward\':1,\'fireburst\':3,\'fieldRepair\':2,\'flare\':1}','{\'leaguePike\':1,\'pavise\':2,\'coil\':4,\'relicWalker\':1}',8,189,0,2,5,9,45,'{\'rally\':27,\'brace\':10,\'focusedShot\':6,\'secondWind\':2}','{\'mend\':5,\'ward\':5,\'fireburst\':2}','{\'pikeman\':7,\'cavalier\':1,\'archer\':1}',7,169
88,river_ford,baseline,league,draw,round-limit,30,1,2,2,8,41,'{\'rally\':24,\'brace\':14,\'secondWind\':2,\'charge\':1}','{\'fireburst\':1,\'mend\':6,\'ward\':1}','{\'archer\':1,\'pikeman\':6,\'cavalier\':1}',8,178,0,2,2,3,146,'{\'rally\':60,\'setPosition\':57,\'preparedPosition\':29}','{\'fireburst\':1,\'fieldRepair\':2,\'flare\':1,\'mend\':2}','{\'leaguePike\':1,\'pavise\':1,\'coil\':1}',6,136
89,river_ford,league,baseline,draw,round-limit,30,1,2,5,4,176,'{\'rally\':79,\'setPosition\':72,\'preparedPosition\':25}','{\'fireburst\':3,\'flare\':3,\'mend\':1,\'fieldRepair\':1}','{\'leaguePike\':3,\'coil\':1}',7,147,0,6,2,14,39,'{\'rally\':26,\'focusedShot\':3,\'brace\':6,\'charge\':1,\'secondWind\':3}','{\'ward\':12,\'mend\':3,\'fireburst\':1}','{\'pikeman\':9,\'archer\':4,\'cavalier\':1}',6,144
89,river_ford,baseline,league,draw,round-limit,30,1,6,1,20,40,'{\'rally\':28,\'brace\':9,\'secondWind\':2,\'focusedShot\':1}','{\'ward\':9,\'mend\':3,\'fireburst\':4}','{\'archer\':3,\'pikeman\':15,\'cavalier\':2}',7,149,0,1,6,2,144,'{\'rally\':59,\'setPosition\':57,\'preparedPosition\':28}','{\'fireburst\':1,\'flare\':3,\'mend\':2,\'fieldRepair\':1}','{\'leaguePike\':1,\'pavise\':1}',6,135
90,river_ford,league,baseline,draw,round-limit,30,1,2,1,5,161,'{\'rally\':78,\'setPosition\':64,\'preparedPosition\':19}','{\'ward\':1,\'flare\':1,\'fireburst\':1,\'mend\':1,\'fieldRepair\':2}','{\'leaguePike\':2,\'pavise\':1,\'coil\':2}',8,172,0,2,2,10,43,'{\'rally\':27,\'brace\':4,\'focusedShot\':5,\'secondWind\':7}','{\'fireburst\':3,\'mend\':1,\'ward\':5}','{\'pikeman\':7,\'archer\':3}',8,186
90,river_ford,baseline,league,draw,round-limit,30,1,3,0,13,31,'{\'rally\':20,\'brace\':9,\'secondWind\':2}','{\'ward\':5,\'mend\':2,\'fireburst\':1}','{\'pikeman\':7,\'archer\':6}',6,136,0,0,3,1,146,'{\'rally\':60,\'setPosition\':58,\'preparedPosition\':28}','{\'ward\':1,\'mend\':1,\'fieldRepair\':2}',{"leaguePike":1},6,125
91,river_ford,league,baseline,draw,round-limit,30,1,5,2,8,100,'{\'rally\':64,\'setPosition\':27,\'preparedPosition\':9}','{\'fireburst\':3,\'flare\':1,\'mend\':1}','{\'leaguePike\':4,\'coil\':3,\'pavise\':1}',8,175,0,2,3,13,42,'{\'rally\':21,\'focusedShot\':10,\'secondWind\':5,\'brace\':6}','{\'fireburst\':7,\'ward\':2,\'mend\':2}','{\'pikeman\':10,\'archer\':2,\'cavalier\':1}',7,140
91,river_ford,baseline,league,draw,round-limit,30,0,3,1,9,55,'{\'rally\':35,\'brace\':17,\'secondWind\':3}','{\'fireburst\':1,\'ward\':1,\'mend\':1}','{\'pikeman\':6,\'archer\':1,\'cavalier\':2}',8,164,0,1,3,2,147,'{\'setPosition\':59,\'rally\':59,\'preparedPosition\':29}','{\'fireburst\':1,\'ward\':2,\'flare\':3,\'mend\':1,\'fieldRepair\':3}',{"pavise":2},6,135
92,river_ford,league,baseline,draw,round-limit,30,0,1,2,4,185,'{\'rally\':88,\'setPosition\':75,\'preparedPosition\':22}','{\'mend\':1,\'flare\':2,\'fieldRepair\':1}','{\'leaguePike\':2,\'pavise\':1,\'coil\':1}',8,166,0,2,1,10,48,'{\'rally\':28,\'brace\':14,\'focusedShot\':4,\'secondWind\':2}','{\'fireburst\':3,\'ward\':3,\'mend\':3}','{\'pikeman\':6,\'archer\':2,\'cavalier\':2}',7,175
92,river_ford,baseline,league,draw,round-limit,30,1,3,0,10,42,'{\'rally\':26,\'brace\':16}','{\'ward\':7,\'mend\':4,\'fireburst\':2}','{\'archer\':3,\'pikeman\':7}',8,193,0,0,3,1,148,'{\'setPosition\':60,\'rally\':60,\'preparedPosition\':28}','{\'flare\':2,\'fieldRepair\':1,\'ward\':1}',{"pavise":1},6,135
93,river_ford,league,baseline,draw,round-limit,30,1,3,3,6,181,'{\'rally\':84,\'setPosition\':75,\'preparedPosition\':22}','{\'fieldRepair\':2,\'ward\':1,\'flare\':1}','{\'leaguePike\':2,\'pavise\':1,\'coil\':3}',8,185,0,3,3,10,48,'{\'rally\':29,\'brace\':12,\'focusedShot\':4,\'charge\':2,\'secondWind\':1}','{\'fireburst\':2,\'ward\':4}','{\'pikeman\':7,\'cavalier\':2,\'archer\':1}',7,172
93,river_ford,baseline,league,draw,round-limit,30,1,5,0,12,39,'{\'rally\':26,\'brace\':8,\'charge\':2,\'secondWind\':3}','{\'ward\':3,\'mend\':3}','{\'archer\':4,\'pikeman\':7,\'cavalier\':1}',8,187,0,0,5,1,148,'{\'setPosition\':60,\'rally\':60,\'preparedPosition\':28}','{\'fireburst\':1,\'ward\':3,\'flare\':2,\'fieldRepair\':1}',{"pavise":1},6,133
94,river_ford,league,baseline,draw,round-limit,30,0,1,1,4,204,'{\'rally\':92,\'setPosition\':83,\'preparedPosition\':29}','{\'ward\':2,\'flare\':1,\'mend\':1,\'fieldRepair\':1}','{\'leaguePike\':2,\'pavise\':1,\'coil\':1}',8,169,0,1,1,8,54,'{\'rally\':35,\'focusedShot\':1,\'brace\':18}','{\'fireburst\':2,\'mend\':3,\'ward\':1}','{\'pikeman\':7,\'archer\':1}',8,161
94,river_ford,baseline,league,draw,round-limit,30,1,4,0,13,43,'{\'rally\':26,\'brace\':13,\'charge\':3,\'secondWind\':1}','{\'fireburst\':6,\'ward\':7,\'mend\':3}','{\'archer\':1,\'pikeman\':9,\'cavalier\':3}',8,145,0,0,4,1,148,'{\'setPosition\':60,\'rally\':60,\'preparedPosition\':28}','{\'ward\':1,\'fieldRepair\':2,\'flare\':1}',{"pavise":1},6,133
95,river_ford,league,baseline,draw,round-limit,30,0,3,4,7,157,'{\'rally\':87,\'setPosition\':66,\'preparedPosition\':4}','{\'flare\':1,\'mend\':2,\'ward\':1}','{\'leaguePike\':1,\'pavise\':2,\'coil\':4}',9,206,0,4,3,12,29,'{\'rally\':18,\'charge\':2,\'secondWind\':2,\'brace\':3,\'focusedShot\':4}','{\'ward\':2,\'mend\':1,\'fireburst\':2}','{\'pikeman\':8,\'archer\':3,\'cavalier\':1}',8,195
95,river_ford,baseline,league,draw,round-limit,30,1,3,0,8,52,'{\'rally\':28,\'brace\':16,\'secondWind\':6,\'charge\':2}','{\'ward\':6,\'fireburst\':1,\'mend\':1}','{\'archer\':1,\'pikeman\':6,\'cavalier\':1}',8,148,0,0,3,1,148,'{\'setPosition\':60,\'rally\':60,\'preparedPosition\':28}','{\'flare\':1,\'fieldRepair\':1}',{"pavise":1},6,131
96,river_ford,league,baseline,draw,round-limit,30,1,1,2,5,161,'{\'rally\':88,\'setPosition\':64,\'preparedPosition\':9}','{\'ward\':2,\'flare\':3,\'mend\':1,\'fieldRepair\':2,\'fireburst\':1}','{\'leaguePike\':2,\'pavise\':1,\'relicWalker\':1,\'coil\':1}',9,216,0,2,1,9,34,'{\'rally\':18,\'brace\':9,\'focusedShot\':2,\'secondWind\':4,\'charge\':1}','{\'ward\':2,\'fireburst\':4,\'mend\':3}','{\'pikeman\':7,\'archer\':2}',7,170
96,river_ford,baseline,league,draw,round-limit,30,1,1,0,13,47,'{\'rally\':35,\'brace\':9,\'charge\':1,\'secondWind\':2}','{\'ward\':11,\'fireburst\':2,\'mend\':5}','{\'pikeman\':12,\'archer\':1}',8,171,0,0,1,1,148,'{\'setPosition\':60,\'rally\':60,\'preparedPosition\':28}','{\'fireburst\':1,\'flare\':1,\'ward\':2,\'mend\':3,\'fieldRepair\':1}',{"pavise":1},6,137
97,river_ford,league,baseline,draw,round-limit,30,1,4,2,7,109,'{\'rally\':59,\'setPosition\':48,\'preparedPosition\':2}','{\'fireburst\':4,\'mend\':1,\'ward\':2,\'flare\':4,\'fieldRepair\':1}','{\'leaguePike\':2,\'pavise\':1,\'coil\':4}',8,171,0,2,4,9,36,'{\'rally\':22,\'brace\':8,\'focusedShot\':3,\'charge\':1,\'secondWind\':2}','{\'fireburst\':1,\'mend\':2,\'ward\':4}','{\'pikeman\':7,\'archer\':2}',7,158
97,river_ford,baseline,league,draw,round-limit,30,1,2,1,11,35,'{\'rally\':22,\'brace\':13}','{\'fireburst\':1,\'mend\':2,\'ward\':2}','{\'pikeman\':8,\'archer\':3}',6,131,0,1,2,2,147,'{\'setPosition\':59,\'rally\':59,\'preparedPosition\':29}','{\'ward\':1,\'mend\':2,\'fieldRepair\':3}',{"pavise":2},6,138
98,river_ford,league,baseline,draw,round-limit,30,0,1,5,4,186,'{\'rally\':84,\'setPosition\':77,\'preparedPosition\':25}','{\'fireburst\':2,\'flare\':2,\'fieldRepair\':2}','{\'leaguePike\':1,\'pavise\':1,\'coil\':2}',8,170,0,5,0,13,40,'{\'rally\':26,\'brace\':8,\'focusedShot\':2,\'secondWind\':4}','{\'ward\':5,\'fireburst\':3,\'mend\':4}','{\'cavalier\':3,\'archer\':3,\'pikeman\':7}',7,155
98,river_ford,baseline,league,draw,round-limit,30,2,7,0,14,33,'{\'rally\':19,\'brace\':9,\'charge\':3,\'secondWind\':2}','{\'ward\':3,\'fireburst\':1,\'mend\':1}','{\'archer\':4,\'pikeman\':6,\'cavalier\':4}',7,156,0,0,7,1,147,'{\'setPosition\':60,\'rally\':60,\'preparedPosition\':27}','{\'flare\':4,\'ward\':1,\'fieldRepair\':1,\'fireburst\':1}',{"pavise":1},6,134
99,river_ford,league,baseline,draw,round-limit,30,1,1,4,4,194,'{\'rally\':94,\'setPosition\':80,\'preparedPosition\':20}','{\'fieldRepair\':2,\'mend\':1,\'ward\':1,\'fireburst\':1,\'flare\':2}','{\'leaguePike\':2,\'pavise\':1,\'coil\':1}',8,182,0,4,1,10,33,'{\'rally\':18,\'brace\':9,\'focusedShot\':5,\'charge\':1}','{\'fireburst\':2,\'ward\':3,\'mend\':3}','{\'pikeman\':7,\'archer\':3}',7,158
99,river_ford,baseline,league,draw,round-limit,30,1,0,1,7,51,'{\'rally\':30,\'brace\':21}','{\'fireburst\':3,\'mend\':1}','{\'pikeman\':5,\'archer\':1,\'cavalier\':1}',8,177,0,1,0,2,146,'{\'setPosition\':59,\'rally\':60,\'preparedPosition\':27}','{\'ward\':2,\'mend\':1,\'fieldRepair\':1}',{"pavise":2},6,135
100,river_ford,league,baseline,draw,round-limit,30,0,6,2,8,152,'{\'rally\':75,\'setPosition\':62,\'preparedPosition\':15}','{\'fireburst\':3,\'mend\':2,\'fieldRepair\':1}','{\'leaguePike\':2,\'pavise\':2,\'coil\':4}',7,149,0,2,5,9,47,'{\'rally\':29,\'charge\':2,\'focusedShot\':3,\'secondWind\':1,\'brace\':12}','{\'ward\':1,\'mend\':5,\'fireburst\':2}','{\'cavalier\':2,\'pikeman\':7}',8,165
100,river_ford,baseline,league,draw,round-limit,30,1,3,1,9,47,'{\'rally\':32,\'charge\':1,\'brace\':13,\'secondWind\':1}','{\'fireburst\':3,\'mend\':4,\'ward\':1}','{\'pikeman\':6,\'archer\':1,\'cavalier\':2}',9,202,0,1,3,2,143,'{\'rally\':59,\'setPosition\':57,\'preparedPosition\':27}','{\'fireburst\':1,\'mend\':1,\'fieldRepair\':2,\'ward\':1,\'flare\':1}',{"pavise":2},6,127
1,choke_gap1,league,baseline,draw,round-limit,30,1,3,3,6,170,'{\'rally\':90,\'setPosition\':70,\'preparedPosition\':10}',{"fieldRepair":3},'{\'leaguePike\':4,\'coil\':1,\'pavise\':1}',8,176,0,3,2,10,24,'{\'rally\':16,\'brace\':5,\'charge\':2,\'secondWind\':1}','{\'fireburst\':8,\'ward\':5,\'mend\':2}','{\'pikeman\':7,\'archer\':2,\'cavalier\':1}',7,156
1,choke_gap1,baseline,league,draw,round-limit,30,2,7,1,20,41,'{\'rally\':28,\'brace\':11,\'charge\':2}','{\'fireburst\':4,\'ward\':4,\'mend\':2}','{\'pikeman\':14,\'archer\':4,\'cavalier\':2}',7,151,0,1,7,4,205,'{\'setPosition\':83,\'rally\':84,\'preparedPosition\':38}','{\'ward\':2,\'fieldRepair\':2,\'fireburst\':1,\'flare\':1,\'mend\':4}','{\'pavise\':2,\'leaguePike\':1,\'coil\':1}',8,174
2,choke_gap1,league,baseline,draw,round-limit,30,1,0,0,4,53,'{\'rally\':38,\'setPosition\':14,\'preparedPosition\':1}','{\'ward\':2,\'fireburst\':1,\'fieldRepair\':1,\'flare\':1}','{\'leaguePike\':3,\'coil\':1}',9,179,0,0,0,8,8,{"rally":8},'{\'ward\':8,\'mend\':2,\'fireburst\':4}','{\'pikeman\':6,\'archer\':2}',7,169
2,choke_gap1,baseline,league,draw,round-limit,30,1,4,1,14,36,'{\'rally\':25,\'charge\':2,\'brace\':9}','{\'fireburst\':2,\'ward\':2,\'mend\':1}','{\'pikeman\':12,\'archer\':1,\'cavalier\':1}',7,150,0,1,4,3,179,'{\'setPosition\':69,\'rally\':69,\'preparedPosition\':41}','{\'fireburst\':1,\'ward\':3,\'mend\':3,\'fieldRepair\':1}','{\'leaguePike\':1,\'pavise\':1,\'coil\':1}',7,137
3,choke_gap1,league,baseline,draw,round-limit,30,1,5,1,8,125,'{\'rally\':71,\'setPosition\':51,\'preparedPosition\':3}','{\'mend\':2,\'flare\':3}','{\'leaguePike\':2,\'pavise\':3,\'coil\':3}',8,141,0,1,5,8,27,'{\'rally\':18,\'brace\':9}','{\'fireburst\':3,\'ward\':2,\'mend\':4}','{\'pikeman\':4,\'archer\':3,\'cavalier\':1}',8,165
3,choke_gap1,baseline,league,draw,round-limit,30,1,1,1,8,23,'{\'rally\':18,\'brace\':4,\'focusedShot\':1}','{\'fireburst\':3,\'ward\':3,\'mend\':2}','{\'archer\':2,\'pikeman\':6}',7,153,0,1,1,5,68,'{\'setPosition\':22,\'rally\':38,\'preparedPosition\':8}','{\'fireburst\':3,\'fieldRepair\':1,\'flare\':2,\'mend\':1}','{\'leaguePike\':3,\'coil\':2}',9,202
4,choke_gap1,league,baseline,draw,round-limit,30,1,5,2,9,105,'{\'rally\':53,\'setPosition\':40,\'preparedPosition\':12}','{\'mend\':4,\'flare\':3,\'fireburst\':2}','{\'leaguePike\':2,\'pavise\':1,\'coil\':6}',9,185,0,2,5,10,26,'{\'rally\':20,\'brace\':4,\'charge\':1,\'secondWind\':1}','{\'mend\':4,\'ward\':1,\'fireburst\':2}','{\'pikeman\':7,\'archer\':3}',8,145
4,choke_gap1,baseline,league,draw,round-limit,30,2,6,0,16,35,'{\'rally\':24,\'brace\':10,\'charge\':1}','{\'ward\':7,\'fireburst\':7,\'mend\':4}','{\'archer\':4,\'pikeman\':11,\'cavalier\':1}',8,189,0,2,6,4,156,'{\'setPosition\':59,\'rally\':59,\'preparedPosition\':38}','{\'fireburst\':2,\'flare\':1,\'fieldRepair\':2,\'mend\':1}','{\'pavise\':1,\'coil\':3}',7,158
5,choke_gap1,league,baseline,draw,round-limit,30,1,7,1,9,73,'{\'rally\':43,\'setPosition\':23,\'preparedPosition\':7}','{\'ward\':3,\'mend\':3,\'fireburst\':1,\'flare\':2}','{\'leaguePike\':3,\'coil\':6}',7,107,0,1,7,9,25,'{\'rally\':16,\'brace\':6,\'charge\':1,\'secondWind\':2}','{\'fireburst\':4,\'mend\':5,\'ward\':2}','{\'pikeman\':6,\'archer\':2,\'cavalier\':1}',7,135
5,choke_gap1,baseline,league,draw,round-limit,30,1,9,0,18,37,'{\'rally\':24,\'brace\':11,\'charge\':2}','{\'fireburst\':6,\'ward\':3}','{\'pikeman\':11,\'archer\':6,\'cavalier\':1}',6,154,0,1,9,3,186,'{\'setPosition\':73,\'rally\':73,\'preparedPosition\':40}','{\'fieldRepair\':4,\'ward\':5,\'flare\':3}','{\'leaguePike\':1,\'pavise\':1,\'coil\':1}',7,135
6,choke_gap1,league,baseline,draw,round-limit,30,1,2,4,7,209,'{\'rally\':95,\'setPosition\':88,\'preparedPosition\':26}','{\'mend\':1,\'flare\':1}','{\'leaguePike\':3,\'coil\':4}',10,208,0,4,1,13,32,'{\'rally\':20,\'brace\':9,\'focusedShot\':2,\'charge\':1}','{\'fireburst\':3,\'mend\':4,\'ward\':3}','{\'pikeman\':10,\'cavalier\':2,\'archer\':1}',9,196
6,choke_gap1,baseline,league,draw,round-limit,30,2,7,3,17,39,'{\'rally\':29,\'brace\':9,\'charge\':1}','{\'fireburst\':7,\'ward\':3}','{\'archer\':3,\'pikeman\':13,\'cavalier\':1}',7,168,0,6,7,9,170,'{\'setPosition\':68,\'rally\':69,\'preparedPosition\':33}','{\'ward\':3,\'fieldRepair\':4,\'mend\':2}','{\'leaguePike\':2,\'pavise\':1,\'coil\':6}',8,168
7,choke_gap1,league,baseline,draw,round-limit,30,1,4,2,8,151,'{\'rally\':70,\'setPosition\':61,\'preparedPosition\':20}','{\'ward\':3,\'flare\':3,\'fieldRepair\':1,\'mend\':1}','{\'leaguePike\':3,\'coil\':5}',9,198,0,2,2,11,27,'{\'rally\':19,\'brace\':6,\'focusedShot\':1,\'charge\':1}','{\'fireburst\':4,\'mend\':9,\'ward\':2}','{\'pikeman\':9,\'archer\':2}',7,173
7,choke_gap1,baseline,league,draw,round-limit,30,1,7,2,16,34,'{\'rally\':22,\'brace\':8,\'charge\':3,\'secondWind\':1}','{\'ward\':5,\'fireburst\':5,\'mend\':4}','{\'pikeman\':10,\'archer\':4,\'cavalier\':2}',7,140,0,3,7,6,129,'{\'setPosition\':49,\'rally\':57,\'preparedPosition\':23}','{\'fireburst\':4,\'ward\':1,\'fieldRepair\':3,\'mend\':1}','{\'leaguePike\':3,\'coil\':3}',8,175
8,choke_gap1,league,baseline,draw,round-limit,30,1,1,1,5,74,'{\'rally\':49,\'setPosition\':19,\'preparedPosition\':6}','{\'fireburst\':2,\'ward\':1,\'mend\':2,\'fieldRepair\':1,\'flare\':1}','{\'leaguePike\':3,\'coil\':2}',9,170,0,1,1,9,11,'{\'rally\':9,\'charge\':1,\'secondWind\':1}','{\'fireburst\':6,\'mend\':3}','{\'pikeman\':7,\'archer\':2}',8,191
8,choke_gap1,baseline,league,draw,round-limit,30,1,6,1,19,43,'{\'rally\':32,\'secondWind\':2,\'charge\':2,\'brace\':7}','{\'fireburst\':4,\'ward\':3,\'mend\':3}','{\'pikeman\':16,\'archer\':1,\'cavalier\':2}',7,166,0,1,6,4,177,'{\'setPosition\':68,\'rally\':74,\'preparedPosition\':35}','{\'fieldRepair\':2,\'ward\':5,\'flare\':2,\'fireburst\':2}','{\'pavise\':2,\'leaguePike\':1,\'coil\':1}',8,136
9,choke_gap1,league,baseline,draw,round-limit,30,1,1,0,4,32,'{\'rally\':24,\'setPosition\':7,\'preparedPosition\':1}','{\'ward\':1,\'fireburst\':3,\'fieldRepair\':1,\'flare\':1,\'mend\':3}','{\'leaguePike\':3,\'coil\':1}',8,174,0,0,1,8,10,{"rally":10},'{\'ward\':6,\'fireburst\':1,\'mend\':3}','{\'pikeman\':6,\'archer\':2}',7,163
9,choke_gap1,baseline,league,draw,round-limit,30,2,6,1,16,31,'{\'rally\':19,\'charge\':4,\'secondWind\':3,\'brace\':5}','{\'fireburst\':5,\'ward\':4,\'mend\':3}','{\'pikeman\':11,\'archer\':3,\'cavalier\':2}',7,144,0,2,6,5,165,'{\'setPosition\':65,\'rally\':69,\'preparedPosition\':31}','{\'fieldRepair\':3,\'flare\':2,\'fireburst\':1,\'mend\':3}','{\'pavise\':1,\'leaguePike\':2,\'coil\':2}',8,171
10,choke_gap1,league,baseline,draw,round-limit,30,1,6,3,9,98,'{\'rally\':55,\'setPosition\':33,\'preparedPosition\':10}','{\'fireburst\':5,\'fieldRepair\':1,\'ward\':3,\'mend\':1}','{\'leaguePike\':3,\'coil\':5,\'pavise\':1}',8,161,0,3,6,11,36,'{\'rally\':22,\'brace\':10,\'secondWind\':1,\'charge\':3}','{\'fireburst\':4,\'mend\':4,\'ward\':2}','{\'archer\':5,\'pikeman\':5,\'cavalier\':1}',6,124
10,choke_gap1,baseline,league,draw,round-limit,30,0,5,0,12,35,'{\'rally\':24,\'brace\':11}','{\'fireburst\':3,\'mend\':4,\'ward\':1}','{\'pikeman\':8,\'archer\':3,\'cavalier\':1}',8,166,0,0,5,4,182,'{\'setPosition\':71,\'rally\':78,\'preparedPosition\':33}','{\'ward\':2,\'flare\':1,\'fieldRepair\':3,\'fireburst\':1}','{\'pavise\':2,\'leaguePike\':1,\'coil\':1}',9,166
11,choke_gap1,league,baseline,draw,round-limit,30,1,2,1,4,50,'{\'rally\':35,\'setPosition\':12,\'preparedPosition\':3}','{\'fireburst\':2,\'fieldRepair\':2,\'flare\':1,\'mend\':1}','{\'leaguePike\':2,\'pavise\':1,\'coil\':1}',7,159,0,1,1,8,11,'{\'rally\':9,\'brace\':1,\'charge\':1}','{\'fireburst\':5,\'mend\':3,\'ward\':5}','{\'pikeman\':6,\'archer\':2}',6,145
11,choke_gap1,baseline,league,draw,round-limit,30,1,3,1,12,24,'{\'rally\':19,\'secondWind\':2,\'charge\':1,\'brace\':2}','{\'ward\':2,\'fireburst\':2}','{\'pikeman\':8,\'archer\':3,\'cavalier\':1}',7,163,0,1,3,4,67,'{\'setPosition\':19,\'rally\':37,\'preparedPosition\':11}','{\'ward\':2,\'flare\':2,\'fieldRepair\':3,\'fireburst\':2,\'mend\':2}','{\'leaguePike\':2,\'pavise\':1,\'coil\':1}',8,168
12,choke_gap1,league,baseline,draw,round-limit,30,1,9,3,11,138,'{\'rally\':73,\'setPosition\':61,\'preparedPosition\':2,\'arcBurst\':2}','{\'fireburst\':3,\'mend\':1,\'flare\':1,\'ward\':3}','{\'leaguePike\':4,\'pavise\':1,\'coil\':5,\'relicWalker\':1}',7,164,1,3,8,10,15,'{\'rally\':12,\'brace\':1,\'charge\':2}','{\'fireburst\':2,\'ward\':3,\'mend\':4}','{\'archer\':3,\'pikeman\':5,\'cavalier\':2}',7,135
12,choke_gap1,baseline,league,draw,round-limit,30,2,3,1,10,50,'{\'rally\':31,\'brace\':15,\'focusedShot\':1,\'charge\':1,\'secondWind\':2}','{\'ward\':5,\'mend\':3,\'fireburst\':2}','{\'pikeman\':9,\'archer\':1}',8,166,0,1,3,4,177,'{\'setPosition\':71,\'rally\':76,\'preparedPosition\':30}','{\'flare\':2,\'fireburst\':1,\'mend\':2,\'fieldRepair\':2}','{\'pavise\':2,\'leaguePike\':1,\'coil\':1}',8,158
13,choke_gap1,league,baseline,draw,round-limit,30,1,4,2,8,139,'{\'rally\':65,\'setPosition\':58,\'preparedPosition\':15,\'arcBurst\':1}','{\'ward\':4,\'flare\':2,\'fieldRepair\':2,\'mend\':1}','{\'leaguePike\':3,\'coil\':3,\'relicWalker\':2}',9,173,0,2,3,9,33,'{\'rally\':22,\'brace\':9,\'charge\':1,\'secondWind\':1}','{\'ward\':4,\'fireburst\':4,\'mend\':4}','{\'pikeman\':7,\'archer\':2}',7,164
13,choke_gap1,baseline,league,draw,round-limit,30,2,7,1,13,27,'{\'rally\':17,\'charge\':3,\'secondWind\':1,\'brace\':6}','{\'fireburst\':3,\'ward\':4,\'mend\':7}','{\'archer\':3,\'pikeman\':9,\'cavalier\':1}',8,190,0,1,7,5,174,'{\'setPosition\':68,\'rally\':74,\'preparedPosition\':32}','{\'fireburst\':1,\'ward\':2,\'fieldRepair\':1,\'flare\':1}','{\'leaguePike\':2,\'pavise\':1,\'coil\':2}',9,198
14,choke_gap1,league,baseline,draw,round-limit,30,1,4,2,7,63,'{\'rally\':33,\'setPosition\':24,\'preparedPosition\':6}','{\'ward\':6,\'flare\':1,\'fireburst\':1}','{\'leaguePike\':3,\'coil\':4}',8,150,0,2,4,10,15,'{\'rally\':12,\'brace\':2,\'charge\':1}','{\'fireburst\':1,\'ward\':3,\'mend\':3}','{\'pikeman\':7,\'archer\':3}',8,173
14,choke_gap1,baseline,league,draw,round-limit,30,0,2,3,9,19,'{\'rally\':15,\'charge\':2,\'brace\':1,\'focusedShot\':1}','{\'fireburst\':4,\'ward\':1,\'mend\':3}','{\'pikeman\':6,\'archer\':3}',7,169,0,3,2,6,65,'{\'setPosition\':21,\'rally\':38,\'preparedPosition\':6}','{\'fieldRepair\':1,\'ward\':1,\'fireburst\':1,\'mend\':1}','{\'leaguePike\':2,\'pavise\':1,\'coil\':3}',8,154
15,choke_gap1,league,baseline,draw,round-limit,30,1,4,1,6,41,'{\'rally\':29,\'setPosition\':10,\'preparedPosition\':2}','{\'fireburst\':5,\'fieldRepair\':3,\'mend\':1,\'flare\':1}','{\'leaguePike\':3,\'coil\':3}',7,147,0,1,4,9,14,'{\'rally\':10,\'brace\':1,\'secondWind\':2,\'charge\':1}','{\'ward\':7,\'mend\':4,\'fireburst\':2}','{\'pikeman\':5,\'archer\':3,\'cavalier\':1}',7,126
15,choke_gap1,baseline,league,draw,round-limit,30,1,7,1,17,37,'{\'rally\':24,\'brace\':9,\'charge\':3,\'secondWind\':1}','{\'ward\':5,\'mend\':2,\'fireburst\':1}','{\'pikeman\':13,\'archer\':1,\'cavalier\':3}',8,174,0,1,7,4,177,'{\'setPosition\':69,\'rally\':73,\'preparedPosition\':35}','{\'mend\':1,\'fieldRepair\':3,\'flare\':1}','{\'leaguePike\':1,\'pavise\':2,\'coil\':1}',8,174
16,choke_gap1,league,baseline,draw,round-limit,30,0,4,9,6,187,'{\'rally\':78,\'setPosition\':71,\'preparedPosition\':38}','{\'fireburst\':1,\'mend\':2,\'flare\':1}','{\'leaguePike\':3,\'coil\':3}',7,144,0,9,3,19,32,'{\'rally\':22,\'brace\':7,\'charge\':3}','{\'fireburst\':4,\'ward\':4,\'mend\':2}','{\'pikeman\':12,\'archer\':3,\'cavalier\':4}',7,141
16,choke_gap1,baseline,league,draw,round-limit,30,1,1,1,8,44,'{\'rally\':28,\'brace\':14,\'charge\':1,\'secondWind\':1}','{\'ward\':3,\'mend\':1}','{\'pikeman\':6,\'archer\':2}',7,168,0,1,1,5,106,'{\'setPosition\':41,\'rally\':48,\'preparedPosition\':17}','{\'fireburst\':2,\'ward\':2,\'flare\':2,\'mend\':2,\'fieldRepair\':1}','{\'leaguePike\':2,\'pavise\':1,\'coil\':2}',9,206
17,choke_gap1,league,baseline,draw,round-limit,30,1,6,3,8,64,'{\'rally\':39,\'setPosition\':17,\'preparedPosition\':8}','{\'ward\':5,\'mend\':1,\'fieldRepair\':2}','{\'leaguePike\':3,\'coil\':5}',7,152,0,3,6,10,27,'{\'rally\':15,\'brace\':7,\'charge\':1,\'secondWind\':2,\'focusedShot\':2}','{\'ward\':2,\'fireburst\':1,\'mend\':3}','{\'pikeman\':7,\'archer\':2,\'cavalier\':1}',7,134
17,choke_gap1,baseline,league,draw,round-limit,30,1,3,0,10,50,'{\'rally\':31,\'secondWind\':1,\'brace\':17,\'charge\':1}','{\'fireburst\':4,\'mend\':1}','{\'archer\':3,\'pikeman\':7}',7,179,0,0,3,4,184,'{\'setPosition\':77,\'rally\':77,\'preparedPosition\':30}','{\'fieldRepair\':2,\'fireburst\':2,\'mend\':4,\'flare\':2,\'ward\':1}','{\'leaguePike\':2,\'pavise\':1,\'coil\':1}',9,191
18,choke_gap1,league,baseline,draw,round-limit,30,1,6,1,9,102,'{\'setPosition\':38,\'rally\':57,\'preparedPosition\':7}','{\'ward\':2,\'fireburst\':1,\'mend\':1,\'fieldRepair\':2}','{\'leaguePike\':1,\'pavise\':2,\'coil\':6}',8,157,0,1,5,8,27,'{\'rally\':18,\'brace\':7,\'charge\':1,\'secondWind\':1}','{\'mend\':4,\'ward\':2,\'fireburst\':3}','{\'pikeman\':4,\'archer\':3,\'cavalier\':1}',8,158
18,choke_gap1,baseline,league,draw,round-limit,30,1,7,0,19,30,'{\'rally\':22,\'brace\':7,\'charge\':1}','{\'fireburst\':5,\'mend\':6,\'ward\':2}','{\'pikeman\':12,\'archer\':7}',7,151,0,1,7,5,213,'{\'setPosition\':86,\'rally\':87,\'preparedPosition\':40}','{\'fieldRepair\':1,\'flare\':1}','{\'leaguePike\':2,\'pavise\':1,\'coil\':2}',9,205
19,choke_gap1,league,baseline,draw,round-limit,30,1,5,6,8,143,'{\'rally\':62,\'setPosition\':55,\'preparedPosition\':26}','{\'mend\':1,\'fieldRepair\':1,\'flare\':1}','{\'leaguePike\':2,\'pavise\':1,\'coil\':5}',8,148,0,6,5,13,28,'{\'rally\':17,\'brace\':6,\'charge\':4,\'secondWind\':1}','{\'mend\':6,\'ward\':4,\'fireburst\':1}','{\'pikeman\':8,\'cavalier\':3,\'archer\':2}',7,153
19,choke_gap1,baseline,league,draw,round-limit,30,2,7,0,20,35,'{\'rally\':24,\'brace\':10,\'charge\':1}','{\'ward\':7,\'fireburst\':3,\'mend\':5}','{\'archer\':6,\'pikeman\':13,\'cavalier\':1}',8,182,0,0,7,4,214,'{\'setPosition\':86,\'rally\':89,\'preparedPosition\':39}','{\'fireburst\':1,\'fieldRepair\':2}','{\'leaguePike\':2,\'pavise\':1,\'coil\':1}',9,187
20,choke_gap1,league,baseline,draw,round-limit,30,1,4,3,8,94,'{\'rally\':46,\'setPosition\':34,\'preparedPosition\':14}','{\'ward\':1,\'flare\':1,\'fieldRepair\':1}','{\'leaguePike\':3,\'coil\':4,\'pavise\':1}',9,193,0,3,4,12,24,'{\'rally\':16,\'brace\':6,\'charge\':1,\'secondWind\':1}','{\'fireburst\':1,\'ward\':3}','{\'pikeman\':8,\'archer\':3,\'cavalier\':1}',7,168
20,choke_gap1,baseline,league,draw,round-limit,30,1,2,1,9,32,'{\'rally\':21,\'brace\':8,\'secondWind\':2,\'charge\':1}','{\'fireburst\':2,\'ward\':3,\'mend\':2}','{\'pikeman\':6,\'archer\':3}',7,163,0,1,1,4,47,'{\'setPosition\':14,\'rally\':28,\'preparedPosition\':5}','{\'fireburst\':4,\'ward\':1,\'fieldRepair\':1}','{\'leaguePike\':3,\'coil\':1}',8,180
21,choke_gap1,league,baseline,draw,round-limit,30,1,0,2,4,166,'{\'rally\':81,\'setPosition\':68,\'preparedPosition\':17}','{\'fireburst\':2,\'flare\':1,\'fieldRepair\':2,\'mend\':2}','{\'leaguePike\':2,\'pavise\':1,\'coil\':1}',9,195,0,2,0,9,28,'{\'rally\':17,\'brace\':10,\'charge\':1}','{\'fireburst\':3,\'ward\':2,\'mend\':3}','{\'pikeman\':7,\'archer\':2}',7,164
21,choke_gap1,baseline,league,draw,round-limit,30,1,1,0,13,27,'{\'rally\':22,\'brace\':5}','{\'ward\':6,\'mend\':4}','{\'pikeman\':12,\'archer\':1}',8,194,0,0,1,4,108,'{\'setPosition\':42,\'rally\':49,\'preparedPosition\':17}','{\'fireburst\':1,\'ward\':1,\'mend\':2,\'fieldRepair\':1}','{\'leaguePike\':2,\'pavise\':1,\'coil\':1}',9,193
22,choke_gap1,league,baseline,draw,round-limit,30,1,2,5,5,107,'{\'rally\':51,\'setPosition\':38,\'preparedPosition\':18}','{\'fireburst\':1,\'ward\':1,\'flare\':2}','{\'leaguePike\':3,\'coil\':2}',8,162,0,5,2,14,19,'{\'rally\':14,\'charge\':3,\'brace\':2}','{\'ward\':9,\'fireburst\':1}','{\'pikeman\':10,\'cavalier\':2,\'archer\':2}',8,193
22,choke_gap1,baseline,league,draw,round-limit,30,1,6,1,16,35,'{\'rally\':26,\'brace\':8,\'charge\':1}','{\'fireburst\':2,\'ward\':5,\'mend\':1}','{\'archer\':3,\'pikeman\':12,\'cavalier\':1}',7,167,0,1,6,4,173,'{\'setPosition\':66,\'rally\':74,\'preparedPosition\':33}','{\'fieldRepair\':4,\'ward\':1,\'fireburst\':3,\'mend\':2,\'flare\':1}','{\'leaguePike\':3,\'coil\':1}',8,173
23,choke_gap1,league,baseline,draw,round-limit,30,1,5,3,8,122,'{\'setPosition\':49,\'rally\':54,\'preparedPosition\':19}','{\'fireburst\':2,\'ward\':1,\'flare\':4}','{\'leaguePike\':1,\'pavise\':1,\'coil\':6}',8,166,0,3,5,12,35,'{\'rally\':24,\'brace\':6,\'charge\':2,\'secondWind\':3}','{\'fireburst\':1,\'ward\':4,\'mend\':1}','{\'pikeman\':9,\'archer\':2,\'cavalier\':1}',7,162
23,choke_gap1,baseline,league,draw,round-limit,30,1,3,0,14,29,'{\'rally\':20,\'brace\':6,\'charge\':1,\'secondWind\':2}','{\'ward\':7,\'mend\':2,\'fireburst\':1}','{\'archer\':3,\'pikeman\':11}',7,172,0,0,3,4,141,'{\'setPosition\':53,\'rally\':65,\'preparedPosition\':23}','{\'flare\':2,\'mend\':1,\'fieldRepair\':3}','{\'leaguePike\':1,\'pavise\':2,\'coil\':1}',9,196
24,choke_gap1,league,baseline,draw,round-limit,30,1,10,4,11,95,'{\'rally\':50,\'setPosition\':37,\'preparedPosition\':8}','{\'fireburst\':2,\'fieldRepair\':3,\'flare\':1,\'mend\':2}','{\'leaguePike\':2,\'pavise\':3,\'coil\':6}',6,129,0,4,10,12,33,'{\'rally\':21,\'brace\':9,\'charge\':2,\'secondWind\':1}','{\'ward\':5,\'fireburst\':1,\'mend\':2}','{\'pikeman\':9,\'archer\':2,\'cavalier\':1}',6,159
24,choke_gap1,baseline,league,draw,round-limit,30,2,10,0,20,29,'{\'rally\':20,\'brace\':5,\'charge\':3,\'secondWind\':1}','{\'fireburst\':5,\'mend\':2,\'ward\':2}','{\'archer\':4,\'pikeman\':12,\'cavalier\':4}',9,200,0,1,10,5,216,'{\'setPosition\':88,\'rally\':88,\'preparedPosition\':40}','{\'fireburst\':2,\'ward\':2,\'fieldRepair\':2,\'mend\':3}','{\'leaguePike\':2,\'pavise\':1,\'coil\':2}',9,194
25,choke_gap1,league,baseline,draw,round-limit,30,1,2,0,6,74,'{\'rally\':45,\'setPosition\':21,\'preparedPosition\':8}','{\'fireburst\':2,\'mend\':1,\'fieldRepair\':1,\'ward\':1}','{\'leaguePike\':2,\'pavise\':1,\'coil\':3}',9,168,0,0,2,8,31,'{\'rally\':25,\'brace\':6}','{\'ward\':3,\'fireburst\':3,\'mend\':1}','{\'pikeman\':6,\'archer\':2}',7,133
25,choke_gap1,baseline,league,draw,round-limit,30,1,8,0,18,32,'{\'rally\':20,\'charge\':3,\'secondWind\':1,\'brace\':8}','{\'ward\':6,\'fireburst\':3,\'mend\':1}','{\'pikeman\':10,\'cavalier\':2,\'archer\':6}',7,154,0,0,8,4,221,'{\'setPosition\':90,\'rally\':90,\'preparedPosition\':41}','{\'flare\':2,\'fieldRepair\':2,\'ward\':2,\'mend\':1}','{\'leaguePike\':3,\'coil\':1}',9,182
26,choke_gap1,league,baseline,draw,round-limit,30,1,0,3,4,155,'{\'rally\':68,\'setPosition\':58,\'preparedPosition\':29}','{\'fireburst\':2,\'flare\':1,\'mend\':1}','{\'leaguePike\':2,\'coil\':2}',9,181,0,3,0,12,32,'{\'rally\':21,\'brace\':10,\'charge\':1}','{\'ward\':7,\'mend\':3,\'fireburst\':2}','{\'pikeman\':8,\'archer\':3,\'cavalier\':1}',7,147
26,choke_gap1,baseline,league,draw,round-limit,30,1,9,0,16,38,'{\'rally\':26,\'brace\':9,\'charge\':2,\'secondWind\':1}','{\'mend\':5,\'ward\':3,\'fireburst\':2}','{\'pikeman\':12,\'archer\':3,\'cavalier\':1}',8,168,0,0,9,3,186,'{\'setPosition\':72,\'rally\':73,\'preparedPosition\':41}','{\'fireburst\':3,\'flare\':3,\'mend\':1,\'fieldRepair\':3}','{\'leaguePike\':2,\'coil\':1}',8,168
27,choke_gap1,league,baseline,draw,round-limit,30,1,8,1,9,80,'{\'rally\':43,\'setPosition\':32,\'preparedPosition\':5}','{\'fireburst\':2,\'ward\':1,\'mend\':3,\'fieldRepair\':1,\'flare\':1}','{\'leaguePike\':2,\'pavise\':1,\'coil\':6}',6,110,0,1,8,10,32,'{\'rally\':21,\'brace\':9,\'secondWind\':1,\'charge\':1}','{\'ward\':2,\'fireburst\':1,\'mend\':5}','{\'pikeman\':6,\'archer\':4}',6,122
27,choke_gap1,baseline,league,draw,round-limit,30,1,5,1,22,42,'{\'rally\':32,\'brace\':9,\'charge\':1}','{\'fireburst\':7,\'ward\':6,\'mend\':3}','{\'pikeman\':18,\'archer\':3,\'cavalier\':1}',8,195,0,1,5,4,183,'{\'setPosition\':71,\'rally\':74,\'preparedPosition\':38}','{\'fireburst\':2,\'fieldRepair\':3,\'mend\':1,\'ward\':1}','{\'leaguePike\':2,\'pavise\':1,\'coil\':1}',8,144
28,choke_gap1,league,baseline,draw,round-limit,30,0,0,3,4,233,'{\'setPosition\':103,\'rally\':104,\'preparedPosition\':26}','{\'fireburst\':1,\'ward\':1,\'mend\':1,\'fieldRepair\':2}','{\'leaguePike\':2,\'pavise\':1,\'coil\':1}',9,201,0,3,0,11,26,'{\'rally\':20,\'brace\':6}','{\'ward\':4,\'mend\':4}','{\'pikeman\':10,\'cavalier\':1}',9,201
28,choke_gap1,baseline,league,draw,round-limit,30,1,4,0,10,16,'{\'rally\':11,\'brace\':2,\'charge\':1,\'secondWind\':2}',{"ward":2},'{\'archer\':3,\'pikeman\':7}',7,174,0,0,4,4,66,'{\'setPosition\':21,\'rally\':34,\'preparedPosition\':11}','{\'ward\':1,\'fieldRepair\':1}','{\'leaguePike\':1,\'pavise\':2,\'coil\':1}',9,204
29,choke_gap1,league,baseline,draw,round-limit,30,1,3,3,6,111,'{\'rally\':49,\'setPosition\':43,\'preparedPosition\':19}','{\'fireburst\':1,\'ward\':5,\'fieldRepair\':3,\'mend\':2}','{\'leaguePike\':2,\'coil\':4}',8,156,0,3,3,9,24,'{\'rally\':16,\'brace\':7,\'charge\':1}','{\'fireburst\':4,\'mend\':4,\'ward\':2}','{\'pikeman\':7,\'archer\':2}',6,143
29,choke_gap1,baseline,league,draw,round-limit,30,0,3,1,13,34,'{\'rally\':24,\'charge\':1,\'brace\':9}','{\'fireburst\':10,\'mend\':4,\'ward\':2}','{\'pikeman\':12,\'archer\':1}',6,135,0,2,3,5,185,'{\'setPosition\':70,\'rally\':82,\'preparedPosition\':33}','{\'fieldRepair\':2,\'mend\':2}','{\'leaguePike\':2,\'pavise\':1,\'coil\':2}',8,155
30,choke_gap1,league,baseline,draw,round-limit,30,1,4,6,7,208,'{\'setPosition\':82,\'rally\':91,\'preparedPosition\':35}','{\'mend\':1,\'ward\':3}','{\'leaguePike\':2,\'pavise\':1,\'coil\':4}',8,174,0,6,2,15,33,'{\'rally\':24,\'brace\':8,\'charge\':1}','{\'fireburst\':7,\'ward\':4,\'mend\':8}','{\'pikeman\':13,\'cavalier\':2}',8,199
30,choke_gap1,baseline,league,draw,round-limit,30,1,7,0,17,34,'{\'rally\':25,\'brace\':7,\'charge\':1,\'secondWind\':1}','{\'ward\':3,\'fireburst\':7}','{\'archer\':3,\'pikeman\':13,\'cavalier\':1}',8,190,0,1,7,5,201,'{\'setPosition\':79,\'rally\':86,\'preparedPosition\':36}','{\'ward\':4,\'flare\':1,\'fieldRepair\':2,\'mend\':1}','{\'leaguePike\':2,\'pavise\':1,\'coil\':2}',9,199
31,choke_gap1,league,baseline,draw,round-limit,30,0,2,1,5,221,'{\'setPosition\':103,\'rally\':103,\'preparedPosition\':15}','{\'flare\':2,\'ward\':2,\'fieldRepair\':1,\'fireburst\':1}','{\'leaguePike\':2,\'pavise\':3}',8,179,0,1,2,8,19,'{\'rally\':15,\'brace\':4}','{\'mend\':9,\'fireburst\':2}','{\'pikeman\':7,\'cavalier\':1}',9,206
31,choke_gap1,baseline,league,draw,round-limit,30,1,7,0,17,31,'{\'rally\':22,\'brace\':7,\'charge\':1,\'secondWind\':1}','{\'fireburst\':5,\'mend\':3,\'ward\':4}','{\'archer\':4,\'pikeman\':13}',7,170,0,0,7,4,193,'{\'setPosition\':73,\'rally\':82,\'preparedPosition\':38}','{\'fieldRepair\':4,\'mend\':1,\'flare\':1}','{\'leaguePike\':3,\'coil\':1}',9,181
32,choke_gap1,league,baseline,draw,round-limit,30,1,3,5,8,138,'{\'setPosition\':57,\'rally\':63,\'preparedPosition\':18}','{\'mend\':2,\'fieldRepair\':2,\'ward\':2,\'fireburst\':1,\'flare\':1}','{\'leaguePike\':2,\'pavise\':1,\'coil\':5}',10,200,0,5,3,14,35,'{\'rally\':22,\'brace\':6,\'charge\':3,\'secondWind\':4}','{\'fireburst\':4,\'mend\':1}','{\'pikeman\':9,\'cavalier\':2,\'archer\':3}',7,159
32,choke_gap1,baseline,league,draw,round-limit,30,2,7,0,16,42,'{\'rally\':25,\'brace\':11,\'charge\':4,\'secondWind\':2}','{\'fireburst\':4,\'ward\':3,\'mend\':2}','{\'pikeman\':12,\'archer\':1,\'cavalier\':3}',7,137,0,1,7,4,184,'{\'setPosition\':73,\'rally\':73,\'preparedPosition\':38}','{\'fireburst\':2,\'fieldRepair\':2,\'ward\':2,\'mend\':1,\'flare\':1}','{\'leaguePike\':1,\'pavise\':1,\'coil\':2}',8,180
33,choke_gap1,league,baseline,draw,round-limit,30,0,0,2,5,235,'{\'setPosition\':104,\'rally\':104,\'preparedPosition\':27}','{\'ward\':2,\'flare\':1}','{\'leaguePike\':1,\'pavise\':2,\'coil\':2}',10,205,0,2,0,8,38,'{\'rally\':24,\'brace\':14}',{"fireburst":1},'{\'pikeman\':7,\'cavalier\':1}',9,193
33,choke_gap1,baseline,league,draw,round-limit,30,2,7,0,17,36,'{\'rally\':23,\'brace\':9,\'charge\':2,\'secondWind\':2}','{\'mend\':3,\'ward\':4,\'fireburst\':1}','{\'pikeman\':10,\'archer\':3,\'cavalier\':4}',7,142,0,0,7,3,189,'{\'setPosition\':74,\'rally\':74,\'preparedPosition\':41}','{\'fireburst\':2,\'flare\':1,\'fieldRepair\':2}','{\'leaguePike\':2,\'coil\':1}',8,170
34,choke_gap1,league,baseline,draw,round-limit,30,1,3,1,6,50,'{\'rally\':29,\'setPosition\':16,\'preparedPosition\':5}','{\'fireburst\':1,\'mend\':2,\'flare\':1}','{\'leaguePike\':2,\'pavise\':1,\'coil\':3}',8,163,0,1,3,7,12,'{\'rally\':11,\'brace\':1}','{\'fireburst\':3,\'ward\':2,\'mend\':1}',{"pikeman":7},7,150
34,choke_gap1,baseline,league,draw,round-limit,30,0,6,0,15,26,'{\'rally\':20,\'brace\':3,\'charge\':1,\'secondWind\':2}','{\'ward\':2,\'fireburst\':2,\'mend\':3}','{\'pikeman\':12,\'archer\':3}',6,140,0,0,6,4,148,'{\'setPosition\':56,\'rally\':64,\'preparedPosition\':28}','{\'fireburst\':1,\'ward\':1,\'fieldRepair\':1,\'mend\':1}','{\'pavise\':1,\'leaguePike\':2,\'coil\':1}',9,203
35,choke_gap1,league,baseline,draw,round-limit,30,1,5,4,10,145,'{\'rally\':72,\'setPosition\':57,\'preparedPosition\':16}','{\'fieldRepair\':1,\'mend\':2,\'ward\':1,\'flare\':1}','{\'leaguePike\':3,\'coil\':5,\'pavise\':1,\'relicWalker\':1}',10,229,0,4,3,13,19,'{\'rally\':14,\'charge\':1,\'secondWind\':1,\'brace\':3}','{\'fireburst\':4,\'ward\':4,\'mend\':3}','{\'pikeman\':10,\'archer\':3}',7,177
35,choke_gap1,baseline,league,draw,round-limit,30,1,2,0,9,28,'{\'rally\':20,\'brace\':6,\'charge\':1,\'secondWind\':1}','{\'fireburst\':2,\'mend\':2}','{\'archer\':3,\'pikeman\':5,\'cavalier\':1}',7,179,0,0,2,4,36,'{\'setPosition\':7,\'rally\':27,\'preparedPosition\':2}','{\'fireburst\':3,\'fieldRepair\':1,\'flare\':1,\'mend\':1}','{\'pavise\':2,\'leaguePike\':1,\'coil\':1}',9,200
36,choke_gap1,league,baseline,draw,round-limit,30,1,6,2,8,54,'{\'rally\':32,\'setPosition\':16,\'preparedPosition\':6}','{\'fireburst\':2,\'mend\':4,\'fieldRepair\':3,\'ward\':3,\'flare\':1}','{\'leaguePike\':3,\'coil\':5}',7,150,0,2,6,8,13,'{\'rally\':9,\'brace\':2,\'charge\':2}','{\'ward\':3,\'fireburst\':1,\'mend\':3}','{\'cavalier\':1,\'pikeman\':5,\'archer\':2}',7,154
36,choke_gap1,baseline,league,draw,round-limit,30,0,6,1,17,33,'{\'rally\':22,\'brace\':9,\'charge\':2}','{\'fireburst\':7,\'ward\':4,\'mend\':3}','{\'pikeman\':11,\'archer\':4,\'cavalier\':2}',7,159,0,2,6,5,175,'{\'setPosition\':65,\'rally\':76,\'preparedPosition\':34}','{\'ward\':1,\'fieldRepair\':2,\'flare\':1,\'mend\':1}','{\'pavise\':3,\'coil\':2}',8,152
37,choke_gap1,league,baseline,draw,round-limit,30,1,1,3,4,200,'{\'setPosition\':83,\'rally\':95,\'preparedPosition\':22}','{\'ward\':3,\'fireburst\':1,\'fieldRepair\':1,\'flare\':1}','{\'leaguePike\':2,\'pavise\':1,\'coil\':1}',8,156,0,3,1,9,30,'{\'rally\':17,\'brace\':11,\'charge\':2}','{\'fireburst\':4,\'ward\':2,\'mend\':2}','{\'pikeman\':5,\'archer\':3,\'cavalier\':1}',8,158
37,choke_gap1,baseline,league,draw,round-limit,30,1,7,1,19,40,'{\'rally\':27,\'brace\':10,\'charge\':2,\'secondWind\':1}','{\'fireburst\':4,\'ward\':4,\'mend\':1}','{\'pikeman\':15,\'archer\':3,\'cavalier\':1}',6,160,0,2,7,5,210,'{\'setPosition\':85,\'rally\':85,\'preparedPosition\':40}','{\'flare\':2,\'fieldRepair\':5,\'mend\':2}','{\'pavise\':1,\'leaguePike\':2,\'coil\':2}',8,179
38,choke_gap1,league,baseline,draw,round-limit,30,1,10,3,13,100,'{\'rally\':58,\'setPosition\':35,\'preparedPosition\':7}','{\'fireburst\':2,\'ward\':3,\'fieldRepair\':3,\'flare\':1}','{\'leaguePike\':4,\'coil\':8,\'relicWalker\':1}',8,176,0,3,9,10,35,'{\'rally\':23,\'brace\':10,\'secondWind\':2}','{\'ward\':3,\'fireburst\':5,\'mend\':1}','{\'pikeman\':6,\'archer\':3,\'cavalier\':1}',7,128
38,choke_gap1,baseline,league,draw,round-limit,30,1,7,0,18,42,'{\'rally\':29,\'brace\':12,\'charge\':1}','{\'mend\':5,\'fireburst\':4,\'ward\':3}','{\'pikeman\':13,\'archer\':3,\'cavalier\':2}',6,149,0,1,7,4,189,'{\'setPosition\':74,\'rally\':75,\'preparedPosition\':40}','{\'fireburst\':2,\'ward\':2,\'flare\':3,\'fieldRepair\':2,\'mend\':2}','{\'pavise\':2,\'coil\':2}',8,178
39,choke_gap1,league,baseline,draw,round-limit,30,0,1,4,4,234,'{\'rally\':103,\'setPosition\':103,\'preparedPosition\':28}','{\'fieldRepair\':2,\'mend\':1}','{\'leaguePike\':3,\'coil\':1}',8,172,0,4,1,15,32,'{\'rally\':23,\'brace\':9}','{\'fireburst\':4,\'ward\':2,\'mend\':3}','{\'pikeman\':12,\'archer\':2,\'cavalier\':1}',8,190
39,choke_gap1,baseline,league,draw,round-limit,30,1,1,0,9,18,'{\'rally\':13,\'brace\':5}','{\'ward\':1,\'fireburst\':1,\'mend\':2}','{\'archer\':3,\'pikeman\':6}',8,172,0,0,1,4,88,'{\'setPosition\':31,\'rally\':46,\'preparedPosition\':11}','{\'ward\':1,\'flare\':2,\'fieldRepair\':2,\'mend\':1}','{\'pavise\':1,\'leaguePike\':2,\'coil\':1}',9,204
40,choke_gap1,league,baseline,draw,round-limit,30,1,4,5,7,95,'{\'rally\':53,\'setPosition\':31,\'preparedPosition\':11}','{\'fireburst\':3,\'mend\':2,\'fieldRepair\':1,\'flare\':2}','{\'leaguePike\':3,\'coil\':4}',8,160,0,5,4,12,23,'{\'rally\':11,\'brace\':2,\'charge\':4,\'secondWind\':6}','{\'ward\':5,\'fireburst\':3,\'mend\':1}','{\'cavalier\':2,\'pikeman\':7,\'archer\':3}',7,157
40,choke_gap1,baseline,league,draw,round-limit,30,1,1,2,8,19,'{\'rally\':17,\'charge\':1,\'brace\':1}','{\'ward\':6,\'fireburst\':2,\'mend\':1}','{\'pikeman\':6,\'archer\':2}',7,151,0,2,1,5,39,'{\'setPosition\':9,\'rally\':25,\'preparedPosition\':5}','{\'fireburst\':2,\'flare\':1,\'mend\':2,\'fieldRepair\':4,\'ward\':1}','{\'pavise\':2,\'leaguePike\':1,\'coil\':2}',8,174
41,choke_gap1,league,baseline,draw,round-limit,30,1,12,2,14,116,'{\'rally\':62,\'setPosition\':47,\'preparedPosition\':7}','{\'ward\':3,\'fieldRepair\':1,\'flare\':7,\'fireburst\':3}','{\'leaguePike\':2,\'pavise\':1,\'coil\':11}',7,125,0,3,12,11,37,'{\'rally\':25,\'brace\':10,\'charge\':1,\'secondWind\':1}','{\'fireburst\':4,\'ward\':3,\'mend\':3}','{\'pikeman\':7,\'archer\':3,\'cavalier\':1}',8,182
41,choke_gap1,baseline,league,draw,round-limit,30,0,9,1,15,32,'{\'rally\':22,\'charge\':2,\'brace\':8}','{\'fireburst\':7,\'mend\':2,\'ward\':3}','{\'pikeman\':11,\'cavalier\':3,\'archer\':1}',8,192,0,2,9,5,216,'{\'setPosition\':86,\'rally\':90,\'preparedPosition\':40}','{\'fieldRepair\':1,\'ward\':1,\'mend\':3,\'flare\':2,\'fireburst\':1}','{\'pavise\':1,\'leaguePike\':2,\'coil\':2}',8,169
42,choke_gap1,league,baseline,draw,round-limit,30,1,8,10,10,128,'{\'rally\':58,\'setPosition\':44,\'preparedPosition\':26}','{\'ward\':3,\'fieldRepair\':4,\'flare\':3}','{\'leaguePike\':2,\'pavise\':1,\'coil\':7}',7,136,0,10,6,23,44,'{\'rally\':27,\'brace\':12,\'secondWind\':3,\'charge\':2}','{\'fireburst\':10,\'ward\':10,\'mend\':6}','{\'archer\':5,\'pikeman\':14,\'cavalier\':4}',7,159
42,choke_gap1,baseline,league,draw,round-limit,30,0,11,0,21,27,'{\'rally\':19,\'charge\':4,\'brace\':4}','{\'fireburst\':6,\'ward\':8,\'mend\':2}','{\'pikeman\':13,\'archer\':4,\'cavalier\':4}',8,171,0,0,11,4,217,'{\'setPosition\':88,\'rally\':89,\'preparedPosition\':40}','{\'fieldRepair\':4,\'ward\':2,\'mend\':1}','{\'pavise\':2,\'leaguePike\':1,\'coil\':1}',9,175
43,choke_gap1,league,baseline,draw,round-limit,30,1,9,2,12,132,'{\'rally\':79,\'setPosition\':52,\'preparedPosition\':1}','{\'fireburst\':1,\'mend\':3,\'flare\':1}','{\'leaguePike\':3,\'pavise\':3,\'coil\':5,\'relicWalker\':1}',8,172,0,2,9,10,21,'{\'rally\':19,\'charge\':1,\'secondWind\':1}','{\'fireburst\':4,\'ward\':3,\'mend\':2}','{\'pikeman\':7,\'archer\':3}',8,189
43,choke_gap1,baseline,league,draw,round-limit,30,1,4,0,13,30,'{\'rally\':22,\'charge\':2,\'secondWind\':1,\'brace\':5}','{\'fireburst\':4,\'ward\':3,\'mend\':2}','{\'archer\':4,\'pikeman\':8,\'cavalier\':1}',7,170,0,0,4,4,103,'{\'setPosition\':35,\'rally\':53,\'preparedPosition\':15}','{\'fireburst\':3,\'fieldRepair\':1,\'ward\':2,\'flare\':1,\'mend\':3}','{\'pavise\':2,\'leaguePike\':1,\'coil\':1}',9,190
44,choke_gap1,league,baseline,draw,round-limit,30,1,5,5,7,128,'{\'rally\':55,\'setPosition\':49,\'preparedPosition\':24}','{\'fireburst\':2,\'mend\':1,\'fieldRepair\':2,\'flare\':4}','{\'leaguePike\':2,\'pavise\':1,\'coil\':4}',7,125,0,5,4,16,42,'{\'rally\':28,\'brace\':9,\'charge\':3,\'secondWind\':2}','{\'fireburst\':6,\'ward\':3,\'mend\':2}','{\'pikeman\':12,\'archer\':2,\'cavalier\':2}',7,153
44,choke_gap1,baseline,league,draw,round-limit,30,1,0,0,8,7,{"rally":7},'{\'ward\':5,\'fireburst\':1,\'mend\':3}','{\'archer\':3,\'pikeman\':5}',7,159,0,0,0,3,36,'{\'setPosition\':7,\'rally\':27,\'preparedPosition\':2}','{\'ward\':1,\'fieldRepair\':1}','{\'pavise\':2,\'leaguePike\':1}',8,184
45,choke_gap1,league,baseline,draw,round-limit,30,1,0,1,5,85,'{\'rally\':43,\'setPosition\':33,\'preparedPosition\':9}','{\'fireburst\':1,\'ward\':3,\'flare\':2,\'mend\':3,\'fieldRepair\':1}','{\'leaguePike\':2,\'pavise\':1,\'coil\':2}',10,213,0,1,0,8,19,'{\'rally\':18,\'brace\':1}','{\'fireburst\':1,\'mend\':4,\'ward\':1}','{\'pikeman\':5,\'cavalier\':1,\'archer\':2}',7,171
45,choke_gap1,baseline,league,draw,round-limit,30,1,7,0,16,34,'{\'rally\':23,\'brace\':8,\'charge\':2,\'secondWind\':1}','{\'fireburst\':2,\'ward\':5,\'mend\':4}','{\'pikeman\':12,\'archer\':1,\'cavalier\':3}',8,192,0,0,7,4,201,'{\'setPosition\':79,\'rally\':84,\'preparedPosition\':38}','{\'fireburst\':1,\'fieldRepair\':4,\'ward\':1,\'mend\':1}','{\'leaguePike\':2,\'pavise\':1,\'coil\':1}',9,180
46,choke_gap1,league,baseline,draw,round-limit,30,0,3,7,6,209,'{\'setPosition\':84,\'rally\':85,\'preparedPosition\':40}','{\'fireburst\':1,\'ward\':1,\'flare\':1,\'mend\':2}','{\'leaguePike\':1,\'pavise\':1,\'coil\':4}',8,169,0,7,1,18,39,'{\'rally\':27,\'brace\':11,\'charge\':1}','{\'fireburst\':6,\'mend\':4,\'ward\':3}','{\'pikeman\':12,\'archer\':3,\'cavalier\':3}',6,142
46,choke_gap1,baseline,league,draw,round-limit,30,1,10,1,20,37,'{\'rally\':24,\'charge\':3,\'brace\':10}','{\'ward\':3,\'fireburst\':3,\'mend\':2}','{\'archer\':4,\'pikeman\':12,\'cavalier\':4}',8,179,0,1,10,4,215,'{\'setPosition\':86,\'rally\':87,\'preparedPosition\':42}','{\'fieldRepair\':1,\'flare\':1,\'mend\':2}','{\'pavise\':2,\'leaguePike\':1,\'coil\':1}',8,160
47,choke_gap1,league,baseline,draw,round-limit,30,1,8,5,11,117,'{\'rally\':60,\'setPosition\':47,\'preparedPosition\':10}','{\'fireburst\':3,\'ward\':1,\'mend\':2,\'flare\':3,\'fieldRepair\':1}','{\'leaguePike\':3,\'coil\':8}',8,144,0,5,6,12,29,'{\'rally\':19,\'brace\':3,\'charge\':3,\'secondWind\':4}','{\'fireburst\':8,\'mend\':4,\'ward\':4}','{\'pikeman\':6,\'archer\':2,\'cavalier\':4}',6,120
47,choke_gap1,baseline,league,draw,round-limit,30,1,4,2,19,33,'{\'rally\':25,\'brace\':7,\'charge\':1}','{\'fireburst\':5,\'ward\':7,\'mend\':5}','{\'pikeman\':15,\'archer\':3,\'cavalier\':1}',8,177,0,2,4,4,194,'{\'setPosition\':76,\'rally\':77,\'preparedPosition\':41}','{\'ward\':2,\'mend\':3,\'fieldRepair\':4,\'flare\':1}','{\'pavise\':2,\'leaguePike\':1,\'coil\':1}',7,140
48,choke_gap1,league,baseline,draw,round-limit,30,1,5,1,8,61,'{\'setPosition\':18,\'rally\':40,\'preparedPosition\':3}','{\'ward\':2,\'flare\':1,\'fireburst\':2,\'mend\':2,\'fieldRepair\':2}','{\'leaguePike\':2,\'pavise\':1,\'coil\':5}',8,155,0,1,5,11,18,'{\'rally\':15,\'brace\':1,\'charge\':1,\'secondWind\':1}','{\'fireburst\':4,\'ward\':4,\'mend\':1}','{\'pikeman\':9,\'archer\':2}',7,131
48,choke_gap1,baseline,league,draw,round-limit,30,1,1,0,8,23,'{\'rally\':18,\'brace\':5}','{\'fireburst\':2,\'ward\':5,\'mend\':6}','{\'archer\':2,\'pikeman\':6}',7,167,0,0,1,4,113,'{\'setPosition\':46,\'rally\':53,\'preparedPosition\':14}','{\'fireburst\':2,\'fieldRepair\':1,\'mend\':3,\'flare\':1}','{\'leaguePike\':2,\'pavise\':1,\'coil\':1}',9,187
49,choke_gap1,league,baseline,draw,round-limit,30,1,1,2,5,87,'{\'rally\':47,\'setPosition\':28,\'preparedPosition\':12}','{\'mend\':3,\'fireburst\':1,\'ward\':1}','{\'leaguePike\':3,\'coil\':2}',9,177,0,2,1,9,12,'{\'rally\':9,\'brace\':2,\'charge\':1}','{\'ward\':3,\'fireburst\':4,\'mend\':3}','{\'pikeman\':5,\'archer\':3,\'cavalier\':1}',7,163
49,choke_gap1,baseline,league,draw,round-limit,30,1,5,0,13,38,'{\'rally\':25,\'brace\':12,\'charge\':1}','{\'fireburst\':3,\'ward\':3,\'mend\':1}','{\'pikeman\':9,\'archer\':3,\'cavalier\':1}',7,164,0,0,5,4,150,'{\'setPosition\':59,\'rally\':65,\'preparedPosition\':26}','{\'fireburst\':1,\'fieldRepair\':2,\'flare\':2,\'mend\':2}','{\'leaguePike\':1,\'pavise\':2,\'coil\':1}',9,199
50,choke_gap1,league,baseline,draw,round-limit,30,1,2,4,5,158,'{\'setPosition\':63,\'rally\':78,\'preparedPosition\':17}','{\'ward\':3,\'fireburst\':3,\'mend\':2,\'fieldRepair\':1,\'flare\':1}','{\'leaguePike\':2,\'pavise\':1,\'coil\':2}',8,168,0,4,2,15,32,'{\'rally\':22,\'brace\':8,\'charge\':1,\'secondWind\':1}','{\'fireburst\':3,\'mend\':4,\'ward\':7}','{\'pikeman\':9,\'archer\':5,\'cavalier\':1}',7,160
50,choke_gap1,baseline,league,draw,round-limit,30,1,2,0,11,19,'{\'rally\':16,\'brace\':3}','{\'fireburst\':2,\'ward\':4,\'mend\':2}','{\'archer\':3,\'pikeman\':8}',7,159,0,0,2,4,86,'{\'setPosition\':28,\'rally\':44,\'preparedPosition\':14}','{\'fieldRepair\':2,\'ward\':2,\'flare\':1}','{\'pavise\':1,\'leaguePike\':2,\'coil\':1}',9,183
51,choke_gap1,league,baseline,draw,round-limit,30,1,5,5,8,139,'{\'rally\':61,\'setPosition\':55,\'preparedPosition\':23}','{\'fireburst\':3,\'mend\':2,\'fieldRepair\':1}','{\'leaguePike\':2,\'coil\':6}',8,154,0,5,3,12,41,'{\'rally\':24,\'brace\':14,\'charge\':2,\'secondWind\':1}','{\'mend\':5,\'ward\':3,\'fireburst\':4}','{\'pikeman\':7,\'cavalier\':3,\'archer\':2}',8,170
51,choke_gap1,baseline,league,draw,round-limit,30,1,1,1,13,29,'{\'rally\':21,\'secondWind\':4,\'charge\':1,\'brace\':3}','{\'fireburst\':6,\'ward\':4,\'mend\':1}','{\'pikeman\':12,\'archer\':1}',8,159,0,1,1,4,85,'{\'setPosition\':27,\'rally\':45,\'preparedPosition\':13}','{\'fireburst\':3,\'flare\':2,\'fieldRepair\':2,\'ward\':1,\'mend\':2}','{\'leaguePike\':2,\'pavise\':1,\'coil\':1}',8,169
52,choke_gap1,league,baseline,draw,round-limit,30,1,5,3,8,167,'{\'rally\':80,\'setPosition\':72,\'preparedPosition\':15}','{\'fireburst\':1,\'ward\':2,\'flare\':2,\'mend\':3}','{\'leaguePike\':3,\'coil\':4,\'pavise\':1}',8,175,0,3,5,9,28,'{\'rally\':19,\'brace\':9}','{\'ward\':3,\'fireburst\':2,\'mend\':10}','{\'pikeman\':6,\'archer\':3}',7,150
52,choke_gap1,baseline,league,draw,round-limit,30,0,8,1,21,34,'{\'rally\':26,\'brace\':6,\'charge\':2}','{\'fireburst\':6,\'ward\':5,\'mend\':2}','{\'pikeman\':15,\'archer\':3,\'cavalier\':3}',8,187,0,2,8,5,181,'{\'setPosition\':70,\'rally\':76,\'preparedPosition\':35}','{\'fireburst\':2,\'fieldRepair\':2,\'flare\':3,\'mend\':3}','{\'leaguePike\':1,\'pavise\':2,\'coil\':2}',8,177
53,choke_gap1,league,baseline,draw,round-limit,30,1,5,4,8,72,'{\'rally\':44,\'setPosition\':21,\'preparedPosition\':6,\'arcBurst\':1}','{\'fireburst\':3,\'ward\':5,\'flare\':2,\'mend\':3,\'fieldRepair\':3}','{\'leaguePike\':2,\'pavise\':1,\'coil\':3,\'relicWalker\':2}',8,169,0,4,4,11,43,'{\'rally\':24,\'brace\':15,\'secondWind\':3,\'charge\':1}','{\'fireburst\':4,\'ward\':10,\'mend\':6}','{\'pikeman\':5,\'archer\':4,\'cavalier\':2}',7,160
53,choke_gap1,baseline,league,draw,round-limit,30,1,4,1,15,31,'{\'rally\':21,\'brace\':8,\'charge\':2}','{\'fireburst\':7,\'mend\':8,\'ward\':4}','{\'pikeman\':10,\'cavalier\':2,\'archer\':3}',6,136,0,2,4,4,181,'{\'setPosition\':71,\'rally\':71,\'preparedPosition\':39}','{\'fireburst\':1,\'fieldRepair\':4,\'ward\':2,\'flare\':2}','{\'pavise\':2,\'coil\':2}',7,124
54,choke_gap1,league,baseline,draw,round-limit,30,1,4,2,8,89,'{\'rally\':54,\'setPosition\':30,\'preparedPosition\':5}','{\'ward\':2,\'fieldRepair\':5,\'fireburst\':3,\'mend\':1,\'flare\':5}','{\'leaguePike\':3,\'pavise\':1,\'coil\':4}',9,197,0,2,2,9,26,'{\'rally\':21,\'brace\':3,\'charge\':1,\'focusedShot\':1}','{\'fireburst\':5,\'mend\':3}','{\'pikeman\':5,\'cavalier\':1,\'archer\':3}',7,134
54,choke_gap1,baseline,league,draw,round-limit,30,1,8,0,15,35,'{\'rally\':22,\'brace\':8,\'charge\':4,\'secondWind\':1}','{\'fireburst\':4,\'mend\':2,\'ward\':3}','{\'pikeman\':10,\'cavalier\':4,\'archer\':1}',8,163,0,0,8,4,208,'{\'setPosition\':82,\'rally\':87,\'preparedPosition\':39}','{\'fieldRepair\':2,\'ward\':1,\'flare\':1,\'fireburst\':1,\'mend\':1}','{\'pavise\':3,\'coil\':1}',9,193
55,choke_gap1,league,baseline,draw,round-limit,30,1,5,4,8,68,'{\'rally\':40,\'setPosition\':23,\'preparedPosition\':5}','{\'fireburst\':4,\'ward\':1,\'mend\':1,\'fieldRepair\':2,\'flare\':1}','{\'leaguePike\':3,\'coil\':5}',8,167,0,4,5,11,35,'{\'rally\':18,\'brace\':8,\'charge\':4,\'secondWind\':5}','{\'ward\':4,\'mend\':4}','{\'pikeman\':4,\'archer\':4,\'cavalier\':3}',7,151
55,choke_gap1,baseline,league,draw,round-limit,30,1,10,1,23,39,'{\'rally\':27,\'charge\':4,\'brace\':8}','{\'fireburst\':1,\'ward\':4,\'mend\':2}','{\'pikeman\':17,\'cavalier\':3,\'archer\':3}',8,182,0,1,10,3,176,'{\'setPosition\':67,\'rally\':67,\'preparedPosition\':42}','{\'fireburst\':1,\'flare\':1,\'fieldRepair\':3}','{\'leaguePike\':1,\'pavise\':1,\'coil\':1}',7,144
56,choke_gap1,league,baseline,draw,round-limit,30,1,6,0,10,130,'{\'rally\':76,\'setPosition\':53,\'preparedPosition\':1}','{\'fireburst\':3,\'ward\':4,\'flare\':2,\'mend\':4}','{\'leaguePike\':1,\'pavise\':3,\'coil\':4,\'relicWalker\':2}',9,198,0,0,6,7,24,'{\'rally\':21,\'brace\':2,\'secondWind\':1}','{\'fireburst\':1,\'ward\':2,\'mend\':3}',{"pikeman":7},8,181
56,choke_gap1,baseline,league,draw,round-limit,30,0,2,1,9,20,'{\'rally\':16,\'brace\':3,\'charge\':1}','{\'fireburst\':6,\'mend\':3,\'ward\':2}','{\'pikeman\':6,\'archer\':3}',7,156,0,1,2,5,66,'{\'setPosition\':19,\'rally\':39,\'preparedPosition\':8}','{\'fireburst\':2,\'fieldRepair\':3,\'mend\':1,\'ward\':1,\'flare\':1}','{\'pavise\':2,\'leaguePike\':1,\'coil\':2}',9,195
57,choke_gap1,league,baseline,draw,round-limit,30,1,3,3,6,189,'{\'setPosition\':83,\'rally\':105,\'preparedPosition\':1}','{\'fireburst\':3,\'ward\':4,\'mend\':1,\'fieldRepair\':1}','{\'leaguePike\':2,\'pavise\':3,\'coil\':1}',8,178,0,3,3,12,34,'{\'rally\':22,\'brace\':9,\'charge\':1,\'secondWind\':2}','{\'fireburst\':7,\'mend\':1,\'ward\':2}','{\'pikeman\':9,\'archer\':2,\'cavalier\':1}',7,153
57,choke_gap1,baseline,league,draw,round-limit,30,1,1,2,7,37,'{\'rally\':25,\'charge\':1,\'secondWind\':3,\'brace\':8}','{\'fireburst\':2,\'ward\':3,\'mend\':1}','{\'pikeman\':6,\'archer\':1}',8,163,0,2,1,6,125,'{\'setPosition\':47,\'rally\':59,\'preparedPosition\':19}','{\'fireburst\':1,\'ward\':3,\'flare\':2,\'fieldRepair\':2,\'mend\':1}','{\'leaguePike\':3,\'coil\':3}',9,190
58,choke_gap1,league,baseline,draw,round-limit,30,1,0,5,4,190,'{\'rally\':82,\'setPosition\':78,\'preparedPosition\':25,\'arcBurst\':5}','{\'fireburst\':1,\'ward\':2,\'mend\':1,\'fieldRepair\':1,\'flare\':1}','{\'leaguePike\':1,\'pavise\':1,\'coil\':1,\'relicWalker\':1}',9,192,0,5,0,14,32,'{\'rally\':21,\'brace\':10,\'charge\':1}','{\'ward\':3,\'fireburst\':2,\'mend\':2}','{\'pikeman\':10,\'archer\':2,\'cavalier\':2}',8,195
58,choke_gap1,baseline,league,draw,round-limit,30,1,6,0,12,15,'{\'rally\':12,\'charge\':1,\'brace\':2}','{\'fireburst\':6,\'ward\':2,\'mend\':5}','{\'pikeman\':8,\'archer\':4}',6,150,0,0,6,4,89,'{\'setPosition\':29,\'rally\':49,\'preparedPosition\':11}','{\'fieldRepair\':2,\'ward\':1,\'mend\':3,\'flare\':2}','{\'pavise\':1,\'leaguePike\':2,\'coil\':1}',9,184
59,choke_gap1,league,baseline,draw,round-limit,30,1,1,2,5,61,'{\'rally\':36,\'setPosition\':19,\'preparedPosition\':6}','{\'fireburst\':1,\'ward\':1,\'fieldRepair\':1,\'mend\':2}','{\'leaguePike\':1,\'pavise\':2,\'coil\':2}',9,180,0,2,1,9,22,'{\'rally\':15,\'brace\':3,\'charge\':2,\'secondWind\':2}','{\'fireburst\':1,\'ward\':2,\'mend\':5}','{\'pikeman\':5,\'archer\':3,\'cavalier\':1}',7,150
59,choke_gap1,baseline,league,draw,round-limit,30,0,9,0,17,42,'{\'rally\':28,\'charge\':3,\'brace\':11}','{\'fireburst\':6,\'ward\':4,\'mend\':2}','{\'pikeman\':14,\'cavalier\':2,\'archer\':1}',7,176,0,1,9,4,186,'{\'setPosition\':74,\'rally\':74,\'preparedPosition\':38}','{\'ward\':3,\'flare\':2,\'mend\':1,\'fieldRepair\':3}','{\'leaguePike\':1,\'pavise\':1,\'coil\':2}',8,170
60,choke_gap1,league,baseline,draw,round-limit,30,1,6,2,9,105,'{\'rally\':56,\'setPosition\':42,\'preparedPosition\':7}','{\'fireburst\':1,\'flare\':3,\'mend\':2,\'ward\':1}','{\'leaguePike\':2,\'pavise\':2,\'coil\':5}',8,161,0,2,5,10,39,'{\'rally\':21,\'brace\':12,\'charge\':3,\'secondWind\':3}','{\'ward\':1,\'fireburst\':3,\'mend\':3}','{\'pikeman\':7,\'cavalier\':1,\'archer\':2}',8,173
60,choke_gap1,baseline,league,draw,round-limit,30,0,2,0,9,32,'{\'rally\':21,\'charge\':1,\'brace\':10}','{\'ward\':6,\'fireburst\':3}','{\'pikeman\':6,\'archer\':3}',7,163,0,0,2,4,128,'{\'setPosition\':50,\'rally\':57,\'preparedPosition\':21}','{\'fieldRepair\':3,\'ward\':1}','{\'leaguePike\':2,\'pavise\':1,\'coil\':1}',9,183
61,choke_gap1,league,baseline,draw,round-limit,30,0,6,2,9,103,'{\'rally\':54,\'setPosition\':45,\'preparedPosition\':4}','{\'fireburst\':2,\'flare\':2,\'ward\':1,\'fieldRepair\':2}','{\'leaguePike\':3,\'coil\':4,\'relicWalker\':1,\'pavise\':1}',8,193,0,2,6,9,26,'{\'rally\':17,\'brace\':8,\'charge\':1}','{\'ward\':3,\'fireburst\':1,\'mend\':2}','{\'pikeman\':5,\'archer\':3,\'cavalier\':1}',7,168
61,choke_gap1,baseline,league,draw,round-limit,30,1,5,0,14,27,'{\'rally\':20,\'charge\':1,\'secondWind\':1,\'brace\':5}','{\'ward\':4,\'fireburst\':2,\'mend\':3}','{\'pikeman\':11,\'archer\':1,\'cavalier\':2}',8,179,0,0,5,4,135,'{\'setPosition\':51,\'rally\':58,\'preparedPosition\':26}','{\'fireburst\':1,\'ward\':3,\'flare\':3,\'fieldRepair\':1,\'mend\':1}','{\'leaguePike\':2,\'pavise\':1,\'coil\':1}',9,198
62,choke_gap1,league,baseline,draw,round-limit,30,0,1,7,4,196,'{\'rally\':78,\'setPosition\':78,\'preparedPosition\':40}','{\'fireburst\':1,\'ward\':1}','{\'leaguePike\':1,\'pavise\':1,\'coil\':2}',8,149,0,7,1,17,34,'{\'rally\':22,\'brace\':9,\'charge\':3}','{\'ward\':5,\'mend\':3,\'fireburst\':2}','{\'pikeman\':12,\'cavalier\':2,\'archer\':3}',7,149
62,choke_gap1,baseline,league,draw,round-limit,30,1,4,0,12,31,'{\'rally\':21,\'brace\':9,\'charge\':1}',{"ward":3},'{\'pikeman\':7,\'archer\':4,\'cavalier\':1}',7,171,0,0,4,4,131,'{\'setPosition\':52,\'rally\':58,\'preparedPosition\':21}','{\'fireburst\':2,\'mend\':1,\'fieldRepair\':3}','{\'leaguePike\':2,\'pavise\':1,\'coil\':1}',9,197
63,choke_gap1,league,baseline,draw,round-limit,30,1,8,3,12,111,'{\'rally\':60,\'setPosition\':38,\'preparedPosition\':12,\'arcBurst\':1}','{\'fireburst\':2,\'mend\':1,\'flare\':3}','{\'leaguePike\':2,\'pavise\':2,\'coil\':6,\'relicWalker\':2}',9,187,0,3,8,10,45,'{\'rally\':27,\'brace\':15,\'charge\':2,\'secondWind\':1}','{\'mend\':5,\'fireburst\':5,\'ward\':2}','{\'cavalier\':1,\'pikeman\':7,\'archer\':2}',7,155
63,choke_gap1,baseline,league,draw,round-limit,30,1,5,3,13,32,'{\'rally\':23,\'charge\':1,\'brace\':8}','{\'ward\':2,\'fireburst\':1,\'mend\':1}','{\'pikeman\':9,\'archer\':4}',6,140,0,3,5,6,120,'{\'setPosition\':47,\'rally\':52,\'preparedPosition\':21}','{\'ward\':2,\'fieldRepair\':2,\'mend\':1,\'flare\':1}','{\'leaguePike\':2,\'pavise\':1,\'coil\':3}',8,159
64,choke_gap1,league,baseline,draw,round-limit,30,1,5,1,7,69,'{\'rally\':44,\'setPosition\':21,\'preparedPosition\':4}','{\'fireburst\':2,\'fieldRepair\':4,\'ward\':1,\'flare\':2}','{\'leaguePike\':4,\'coil\':3}',7,150,0,1,4,9,17,'{\'rally\':13,\'charge\':1,\'brace\':3}','{\'ward\':7,\'mend\':8,\'fireburst\':3}','{\'pikeman\':7,\'archer\':1,\'cavalier\':1}',7,149
64,choke_gap1,baseline,league,draw,round-limit,30,1,2,0,10,23,'{\'rally\':17,\'brace\':6}','{\'ward\':3,\'mend\':2}','{\'pikeman\':8,\'archer\':1,\'cavalier\':1}',8,178,0,0,2,4,110,'{\'setPosition\':41,\'rally\':52,\'preparedPosition\':17}','{\'fireburst\':1,\'flare\':1,\'mend\':1,\'fieldRepair\':2}','{\'leaguePike\':3,\'coil\':1}',9,203
65,choke_gap1,league,baseline,draw,round-limit,30,1,9,4,13,87,'{\'rally\':45,\'setPosition\':34,\'preparedPosition\':8}','{\'fireburst\':2,\'flare\':3,\'ward\':2,\'fieldRepair\':2}','{\'leaguePike\':3,\'coil\':10}',9,168,0,4,9,10,32,'{\'rally\':21,\'brace\':10,\'charge\':1}','{\'fireburst\':2,\'ward\':5,\'mend\':4}','{\'pikeman\':7,\'archer\':3}',6,138
65,choke_gap1,baseline,league,draw,round-limit,30,2,1,4,9,37,'{\'rally\':30,\'brace\':7}','{\'ward\':1,\'fireburst\':2,\'mend\':6}','{\'pikeman\':6,\'archer\':3}',8,189,0,4,1,5,131,'{\'setPosition\':48,\'rally\':59,\'preparedPosition\':24}','{\'fireburst\':2,\'ward\':1,\'flare\':1,\'fieldRepair\':1}','{\'pavise\':2,\'coil\':3}',6,103
66,choke_gap1,league,baseline,draw,round-limit,30,0,7,1,10,172,'{\'rally\':76,\'setPosition\':74,\'preparedPosition\':22}','{\'flare\':2,\'mend\':1,\'fieldRepair\':2,\'ward\':1}','{\'leaguePike\':4,\'coil\':6}',8,177,0,1,6,8,52,'{\'rally\':32,\'brace\':16,\'charge\':1,\'secondWind\':3}','{\'mend\':1,\'ward\':3,\'fireburst\':2}','{\'pikeman\':7,\'cavalier\':1}',9,185
66,choke_gap1,baseline,league,draw,round-limit,30,2,8,0,16,40,'{\'rally\':25,\'charge\':3,\'brace\':12}','{\'ward\':6,\'mend\':1,\'fireburst\':3}','{\'archer\':4,\'pikeman\':8,\'cavalier\':4}',7,140,0,1,8,4,186,'{\'setPosition\':74,\'rally\':74,\'preparedPosition\':38}','{\'fireburst\':3,\'flare\':2,\'fieldRepair\':1}','{\'leaguePike\':2,\'coil\':2}',8,181
67,choke_gap1,league,baseline,draw,round-limit,30,1,2,4,6,189,'{\'rally\':88,\'setPosition\':83,\'preparedPosition\':18}','{\'mend\':2,\'flare\':3,\'fireburst\':1}','{\'leaguePike\':2,\'pavise\':1,\'coil\':3}',9,186,0,4,2,13,31,'{\'rally\':22,\'brace\':8,\'secondWind\':1}','{\'ward\':1,\'mend\':1,\'fireburst\':1}','{\'pikeman\':11,\'archer\':2}',8,198
67,choke_gap1,baseline,league,draw,round-limit,30,2,5,1,11,36,'{\'rally\':23,\'charge\':1,\'brace\':12}','{\'ward\':3,\'fireburst\':3,\'mend\':1}','{\'archer\':4,\'pikeman\':7}',6,150,0,1,5,4,203,'{\'setPosition\':88,\'rally\':93,\'preparedPosition\':22}','{\'fireburst\':1,\'fieldRepair\':3}','{\'leaguePike\':3,\'pavise\':1}',9,192
68,choke_gap1,league,baseline,draw,round-limit,30,1,2,2,7,103,'{\'rally\':59,\'setPosition\':39,\'preparedPosition\':4,\'arcBurst\':1}','{\'fireburst\':3,\'mend\':2,\'fieldRepair\':1,\'flare\':3}','{\'leaguePike\':2,\'pavise\':3,\'coil\':1,\'relicWalker\':1}',10,218,0,3,2,11,25,'{\'rally\':18,\'brace\':5,\'charge\':1,\'secondWind\':1}','{\'ward\':6,\'fireburst\':1,\'mend\':1}','{\'pikeman\':7,\'archer\':4}',8,187
68,choke_gap1,baseline,league,draw,round-limit,30,1,8,0,20,36,'{\'rally\':22,\'focusedShot\':3,\'brace\':6,\'charge\':3,\'secondWind\':2}','{\'fireburst\':5,\'ward\':3,\'mend\':4}','{\'pikeman\':13,\'archer\':6,\'cavalier\':1}',7,178,0,0,8,4,191,'{\'setPosition\':74,\'rally\':83,\'preparedPosition\':34}','{\'fireburst\':2,\'ward\':2,\'fieldRepair\':1,\'mend\':3}','{\'leaguePike\':2,\'pavise\':1,\'coil\':1}',9,171
69,choke_gap1,league,baseline,draw,round-limit,30,1,3,7,6,150,'{\'rally\':65,\'setPosition\':57,\'preparedPosition\':28}','{\'fireburst\':1,\'ward\':3,\'mend\':1,\'fieldRepair\':2,\'flare\':1}','{\'leaguePike\':1,\'pavise\':1,\'coil\':4}',8,133,0,7,3,14,30,'{\'rally\':19,\'brace\':6,\'charge\':2,\'secondWind\':3}','{\'fireburst\':3,\'ward\':2,\'mend\':3}','{\'pikeman\':8,\'cavalier\':1,\'archer\':5}',6,143
69,choke_gap1,baseline,league,draw,round-limit,30,0,5,0,16,35,'{\'rally\':25,\'charge\':1,\'brace\':9}','{\'fireburst\':4,\'ward\':4,\'mend\':1}','{\'pikeman\':11,\'archer\':5}',6,166,0,0,5,4,161,'{\'setPosition\':64,\'rally\':68,\'preparedPosition\':29}','{\'fireburst\':1,\'fieldRepair\':3,\'mend\':2}','{\'leaguePike\':2,\'pavise\':1,\'coil\':1}',9,185
70,choke_gap1,league,baseline,draw,round-limit,30,1,3,4,6,90,'{\'rally\':44,\'setPosition\':32,\'preparedPosition\':14}','{\'ward\':1,\'flare\':2,\'mend\':1,\'fieldRepair\':2}','{\'leaguePike\':2,\'pavise\':1,\'coil\':3}',8,145,0,4,3,11,21,'{\'rally\':13,\'brace\':4,\'charge\':1,\'secondWind\':1,\'focusedShot\':2}','{\'fireburst\':4,\'mend\':4,\'ward\':4}','{\'pikeman\':7,\'cavalier\':1,\'archer\':3}',7,154
70,choke_gap1,baseline,league,draw,round-limit,30,2,13,0,22,34,'{\'rally\':25,\'brace\':5,\'charge\':4}','{\'ward\':4,\'fireburst\':3,\'mend\':6}','{\'archer\':1,\'pikeman\':16,\'cavalier\':5}',8,198,0,0,13,4,215,'{\'setPosition\':87,\'rally\':87,\'preparedPosition\':41}','{\'fireburst\':4,\'ward\':1,\'fieldRepair\':5,\'flare\':1}','{\'pavise\':2,\'leaguePike\':1,\'coil\':1}',9,177
71,choke_gap1,league,baseline,draw,round-limit,30,0,0,0,5,98,'{\'rally\':51,\'setPosition\':35,\'preparedPosition\':12}','{\'ward\':4,\'fieldRepair\':3,\'mend\':1,\'flare\':2}','{\'leaguePike\':3,\'coil\':2}',10,211,0,0,0,7,29,'{\'rally\':18,\'brace\':11}','{\'fireburst\':2,\'ward\':5,\'mend\':4}','{\'archer\':3,\'pikeman\':4}',8,192
71,choke_gap1,baseline,league,draw,round-limit,30,1,4,1,15,33,'{\'rally\':23,\'charge\':1,\'secondWind\':1,\'brace\':8}','{\'fireburst\':13,\'ward\':7,\'mend\':4}','{\'pikeman\':11,\'archer\':3,\'cavalier\':1}',7,170,0,4,4,6,167,'{\'setPosition\':66,\'rally\':67,\'preparedPosition\':34}','{\'fireburst\':1,\'fieldRepair\':2,\'ward\':3,\'mend\':2,\'flare\':1}','{\'leaguePike\':1,\'pavise\':1,\'coil\':4}',7,117
72,choke_gap1,league,baseline,draw,round-limit,30,1,3,1,5,41,'{\'rally\':30,\'setPosition\':9,\'preparedPosition\':2}','{\'ward\':2,\'flare\':2,\'fieldRepair\':2,\'fireburst\':1}','{\'leaguePike\':3,\'coil\':2}',7,153,0,1,3,9,17,'{\'rally\':11,\'brace\':2,\'charge\':1,\'secondWind\':3}','{\'fireburst\':4,\'ward\':4,\'mend\':5}','{\'pikeman\':6,\'archer\':2,\'cavalier\':1}',7,170
72,choke_gap1,baseline,league,draw,round-limit,30,1,9,0,16,41,'{\'rally\':25,\'brace\':12,\'charge\':4}','{\'ward\':5,\'fireburst\':2,\'mend\':4}','{\'pikeman\':9,\'archer\':4,\'cavalier\':3}',8,165,0,0,9,2,159,'{\'setPosition\':59,\'rally\':59,\'preparedPosition\':41}','{\'fireburst\':2,\'ward\':3,\'fieldRepair\':4,\'flare\':1,\'mend\':4}','{\'pavise\':1,\'coil\':1}',7,153
73,choke_gap1,league,baseline,draw,round-limit,30,0,6,3,9,155,'{\'rally\':77,\'setPosition\':67,\'preparedPosition\':11}','{\'mend\':1,\'fieldRepair\':3,\'ward\':2}','{\'leaguePike\':3,\'coil\':5,\'pavise\':1}',8,188,0,3,6,10,25,'{\'rally\':18,\'brace\':3,\'charge\':1,\'secondWind\':3}','{\'fireburst\':2,\'ward\':2,\'mend\':1}','{\'pikeman\':7,\'archer\':2,\'cavalier\':1}',7,180
73,choke_gap1,baseline,league,draw,round-limit,30,1,7,2,18,40,'{\'rally\':29,\'brace\':8,\'secondWind\':1,\'charge\':1,\'focusedShot\':1}','{\'fireburst\':3,\'mend\':2,\'ward\':3}','{\'pikeman\':13,\'archer\':5}',6,154,0,2,5,4,134,'{\'setPosition\':51,\'rally\':59,\'preparedPosition\':24}','{\'fireburst\':4,\'ward\':2,\'fieldRepair\':2,\'mend\':4,\'flare\':1}','{\'leaguePike\':2,\'pavise\':1,\'coil\':1}',7,149
74,choke_gap1,league,baseline,draw,round-limit,30,1,6,2,8,166,'{\'rally\':89,\'setPosition\':73,\'preparedPosition\':4}','{\'mend\':3,\'fieldRepair\':2,\'ward\':1}','{\'leaguePike\':3,\'coil\':4,\'pavise\':1}',7,175,0,2,6,10,22,'{\'rally\':17,\'brace\':4,\'secondWind\':1}','{\'fireburst\':2,\'ward\':2,\'mend\':1}','{\'pikeman\':6,\'archer\':2,\'cavalier\':2}',8,196
74,choke_gap1,baseline,league,draw,round-limit,30,1,7,0,17,26,'{\'rally\':18,\'charge\':3,\'secondWind\':1,\'brace\':4}','{\'fireburst\':5,\'ward\':2,\'mend\':3}','{\'pikeman\':12,\'archer\':3,\'cavalier\':2}',7,184,0,0,7,4,139,'{\'setPosition\':52,\'rally\':63,\'preparedPosition\':24}','{\'fireburst\':1,\'ward\':2,\'mend\':1,\'fieldRepair\':3}','{\'leaguePike\':2,\'pavise\':1,\'coil\':1}',9,178
75,choke_gap1,league,baseline,draw,round-limit,30,1,5,2,9,118,'{\'rally\':61,\'setPosition\':50,\'preparedPosition\':7}','{\'mend\':3,\'flare\':1}','{\'leaguePike\':4,\'coil\':4,\'pavise\':1}',9,211,0,2,4,10,35,'{\'rally\':20,\'brace\':8,\'charge\':3,\'secondWind\':4}','{\'fireburst\':6,\'ward\':3,\'mend\':2}','{\'pikeman\':8,\'archer\':2}',8,192
75,choke_gap1,baseline,league,draw,round-limit,30,1,3,0,13,18,'{\'rally\':14,\'brace\':3,\'charge\':1}','{\'fireburst\':2,\'ward\':2,\'mend\':2}','{\'pikeman\':9,\'archer\':3,\'cavalier\':1}',8,179,0,0,3,4,90,'{\'setPosition\':34,\'rally\':43,\'preparedPosition\':13}','{\'ward\':4,\'fireburst\':1,\'flare\':3,\'mend\':1,\'fieldRepair\':2}','{\'leaguePike\':1,\'pavise\':2,\'coil\':1}',9,188
76,choke_gap1,league,baseline,draw,round-limit,30,1,2,0,4,56,'{\'rally\':31,\'setPosition\':21,\'preparedPosition\':4}','{\'mend\':2,\'flare\':2,\'fieldRepair\':2,\'ward\':1,\'fireburst\':1}','{\'leaguePike\':2,\'pavise\':1,\'coil\':1}',7,155,0,0,2,8,26,'{\'rally\':20,\'brace\':4,\'charge\':2}','{\'fireburst\':3,\'mend\':2,\'ward\':1}','{\'pikeman\':5,\'cavalier\':1,\'archer\':2}',7,158
76,choke_gap1,baseline,league,draw,round-limit,30,2,10,2,19,33,'{\'rally\':23,\'brace\':7,\'charge\':2,\'secondWind\':1}','{\'ward\':8,\'fireburst\':6,\'mend\':1}','{\'archer\':4,\'pikeman\':13,\'cavalier\':2}',8,194,0,4,10,6,176,'{\'setPosition\':69,\'rally\':71,\'preparedPosition\':36}','{\'fireburst\':2,\'ward\':1,\'fieldRepair\':1,\'mend\':1,\'flare\':1}','{\'leaguePike\':2,\'pavise\':1,\'coil\':3}',7,138
77,choke_gap1,league,baseline,draw,round-limit,30,1,2,4,6,200,'{\'rally\':90,\'setPosition\':84,\'preparedPosition\':26}','{\'fireburst\':1,\'fieldRepair\':1,\'flare\':1}','{\'leaguePike\':4,\'coil\':2}',9,182,0,4,2,10,33,'{\'rally\':22,\'brace\':11}','{\'ward\':4,\'fireburst\':3,\'mend\':4}','{\'archer\':2,\'pikeman\':8}',7,157
77,choke_gap1,baseline,league,draw,round-limit,30,2,1,2,8,24,'{\'rally\':19,\'focusedShot\':1,\'brace\':4}',{"mend":1},'{\'pikeman\':5,\'archer\':3}',6,136,0,2,1,5,64,'{\'setPosition\':22,\'rally\':34,\'preparedPosition\':8}','{\'fireburst\':1,\'mend\':2,\'fieldRepair\':1,\'flare\':2,\'ward\':1}','{\'leaguePike\':2,\'pavise\':1,\'coil\':2}',8,169
78,choke_gap1,league,baseline,draw,round-limit,30,1,1,4,5,192,'{\'rally\':97,\'setPosition\':82,\'preparedPosition\':13}','{\'fireburst\':2,\'ward\':3,\'fieldRepair\':2,\'mend\':1}','{\'leaguePike\':3,\'coil\':2}',9,205,0,4,0,12,22,'{\'rally\':15,\'brace\':3,\'secondWind\':2,\'charge\':2}','{\'fireburst\':7,\'ward\':4,\'mend\':2}','{\'pikeman\':10,\'cavalier\':2}',8,195
78,choke_gap1,baseline,league,draw,round-limit,30,2,9,1,16,38,'{\'rally\':27,\'charge\':1,\'brace\':10}','{\'fireburst\':3,\'ward\':3,\'mend\':2}','{\'pikeman\':12,\'archer\':4}',7,152,0,1,9,3,168,'{\'setPosition\':63,\'rally\':63,\'preparedPosition\':42}','{\'fireburst\':1,\'fieldRepair\':1,\'ward\':3,\'mend\':1}','{\'leaguePike\':2,\'coil\':1}',7,140
79,choke_gap1,league,baseline,draw,round-limit,30,1,11,3,13,86,'{\'rally\':48,\'setPosition\':34,\'preparedPosition\':4}','{\'ward\':1,\'fieldRepair\':1}','{\'leaguePike\':3,\'coil\':5,\'pavise\':5}',7,160,0,3,10,10,29,'{\'rally\':14,\'brace\':6,\'charge\':2,\'focusedShot\':6,\'secondWind\':1}','{\'ward\':3,\'mend\':6,\'fireburst\':1}','{\'cavalier\':2,\'pikeman\':3,\'archer\':5}',6,133
79,choke_gap1,baseline,league,draw,round-limit,30,1,9,0,20,34,'{\'rally\':24,\'charge\':2,\'brace\':8}','{\'mend\':3,\'ward\':4,\'fireburst\':4}','{\'archer\':4,\'pikeman\':14,\'cavalier\':2}',6,146,0,1,9,5,221,'{\'setPosition\':89,\'rally\':90,\'preparedPosition\':42}','{\'flare\':2,\'fieldRepair\':1,\'mend\':1}','{\'leaguePike\':1,\'pavise\':2,\'coil\':2}',9,189
80,choke_gap1,league,baseline,draw,round-limit,30,1,3,5,7,107,'{\'rally\':56,\'setPosition\':43,\'preparedPosition\':8}','{\'fireburst\':2,\'fieldRepair\':2,\'ward\':3,\'mend\':1}','{\'leaguePike\':3,\'pavise\':1,\'coil\':3}',9,179,0,5,3,13,29,'{\'rally\':20,\'brace\':2,\'secondWind\':5,\'charge\':2}','{\'fireburst\':3,\'mend\':2,\'ward\':4}','{\'pikeman\':10,\'archer\':2,\'cavalier\':1}',7,159
80,choke_gap1,baseline,league,draw,round-limit,30,1,6,1,16,32,'{\'rally\':22,\'focusedShot\':1,\'brace\':8,\'charge\':1}','{\'fireburst\':5,\'mend\':1,\'ward\':5}','{\'pikeman\':11,\'archer\':4,\'cavalier\':1}',8,162,0,1,6,5,207,'{\'setPosition\':82,\'rally\':87,\'preparedPosition\':38}','{\'ward\':1,\'fieldRepair\':1,\'mend\':2,\'flare\':1}','{\'leaguePike\':2,\'pavise\':1,\'coil\':2}',9,184
81,choke_gap1,league,baseline,draw,round-limit,30,1,8,4,10,132,'{\'setPosition\':49,\'rally\':67,\'preparedPosition\':12,\'arcBurst\':4}',{"ward":2},'{\'leaguePike\':1,\'pavise\':2,\'coil\':6,\'relicWalker\':1}',7,163,0,4,4,14,33,'{\'rally\':22,\'brace\':10,\'charge\':1}','{\'fireburst\':7,\'ward\':4,\'mend\':7}','{\'pikeman\':12,\'cavalier\':2}',8,175
81,choke_gap1,baseline,league,draw,round-limit,30,2,10,1,19,29,'{\'rally\':22,\'brace\':5,\'charge\':2}',{"fireburst":5},'{\'archer\':3,\'pikeman\':14,\'cavalier\':2}',7,176,0,2,10,5,173,'{\'setPosition\':67,\'rally\':75,\'preparedPosition\':31}','{\'ward\':1,\'fieldRepair\':4,\'flare\':2,\'mend\':2,\'fireburst\':1}','{\'leaguePike\':3,\'coil\':2}',8,176
82,choke_gap1,league,baseline,draw,round-limit,30,1,6,4,10,98,'{\'rally\':51,\'setPosition\':38,\'preparedPosition\':9}','{\'fireburst\':2,\'ward\':1,\'fieldRepair\':1,\'flare\':2}','{\'leaguePike\':3,\'pavise\':2,\'coil\':5}',9,160,0,4,6,13,36,'{\'rally\':19,\'brace\':5,\'secondWind\':6,\'charge\':4,\'focusedShot\':2}','{\'fireburst\':2,\'ward\':2,\'mend\':2}','{\'pikeman\':10,\'archer\':2,\'cavalier\':1}',7,126
82,choke_gap1,baseline,league,draw,round-limit,30,1,5,0,15,25,'{\'rally\':20,\'brace\':5}','{\'fireburst\':4,\'ward\':4,\'mend\':3}','{\'pikeman\':12,\'archer\':3}',7,176,0,0,5,4,147,'{\'setPosition\':56,\'rally\':64,\'preparedPosition\':27}','{\'ward\':2,\'fieldRepair\':2}','{\'leaguePike\':3,\'coil\':1}',9,169
83,choke_gap1,league,baseline,draw,round-limit,30,0,1,7,5,225,'{\'rally\':93,\'setPosition\':93,\'preparedPosition\':39}','{\'mend\':1,\'fieldRepair\':2,\'ward\':1}','{\'leaguePike\':3,\'coil\':2}',9,188,0,7,1,18,35,'{\'rally\':25,\'brace\':8,\'charge\':2}','{\'fireburst\':3,\'ward\':6,\'mend\':6}','{\'pikeman\':13,\'cavalier\':2,\'archer\':3}',8,179
83,choke_gap1,baseline,league,draw,round-limit,30,2,6,8,13,55,'{\'rally\':30,\'brace\':13,\'charge\':2,\'secondWind\':2,\'focusedShot\':8}','{\'ward\':2,\'fireburst\':2,\'mend\':1}','{\'archer\':4,\'pikeman\':9}',6,139,0,8,6,9,96,'{\'setPosition\':32,\'rally\':44,\'preparedPosition\':20}','{\'fireburst\':2,\'ward\':4,\'fieldRepair\':3,\'mend\':1}','{\'leaguePike\':2,\'pavise\':1,\'coil\':6}',6,126
84,choke_gap1,league,baseline,draw,round-limit,30,1,3,0,6,44,'{\'rally\':29,\'setPosition\':12,\'preparedPosition\':3}','{\'fireburst\':1,\'mend\':4,\'flare\':2}','{\'leaguePike\':2,\'pavise\':1,\'coil\':3}',8,187,0,0,3,7,28,'{\'rally\':22,\'brace\':5,\'charge\':1}','{\'fireburst\':3,\'mend\':2,\'ward\':2}',{"pikeman":7},8,178
84,choke_gap1,baseline,league,draw,round-limit,30,0,3,0,9,25,'{\'rally\':17,\'brace\':7,\'charge\':1}','{\'ward\':3,\'fireburst\':4,\'mend\':2}','{\'pikeman\':6,\'archer\':3}',6,146,0,0,3,4,112,'{\'setPosition\':39,\'rally\':56,\'preparedPosition\':17}','{\'fireburst\':2,\'ward\':4,\'fieldRepair\':2,\'flare\':3}','{\'leaguePike\':3,\'coil\':1}',9,179
85,choke_gap1,league,baseline,draw,round-limit,30,1,7,1,9,103,'{\'rally\':63,\'setPosition\':38,\'preparedPosition\':2}','{\'fireburst\':2,\'ward\':2,\'fieldRepair\':4,\'mend\':2,\'flare\':3}','{\'leaguePike\':5,\'pavise\':1,\'coil\':3}',7,154,0,1,7,8,29,'{\'rally\':21,\'brace\':7,\'charge\':1}','{\'fireburst\':6,\'mend\':3}','{\'pikeman\':7,\'cavalier\':1}',8,156
85,choke_gap1,baseline,league,draw,round-limit,30,2,6,2,18,30,'{\'rally\':21,\'charge\':3,\'focusedShot\':2,\'secondWind\':2,\'brace\':2}','{\'ward\':1,\'fireburst\':2,\'mend\':1}','{\'pikeman\':12,\'archer\':4,\'cavalier\':2}',7,169,0,2,6,6,124,'{\'setPosition\':49,\'rally\':57,\'preparedPosition\':18}','{\'fireburst\':2,\'ward\':3,\'fieldRepair\':2,\'flare\':5,\'mend\':3}','{\'leaguePike\':2,\'pavise\':2,\'coil\':2}',9,201
86,choke_gap1,league,baseline,draw,round-limit,30,1,6,4,9,162,'{\'setPosition\':67,\'rally\':72,\'preparedPosition\':23}','{\'flare\':1,\'fieldRepair\':1,\'mend\':1,\'fireburst\':1,\'ward\':1}','{\'leaguePike\':3,\'pavise\':2,\'coil\':4}',8,182,0,4,5,11,37,'{\'rally\':25,\'brace\':11,\'charge\':1}','{\'fireburst\':3,\'mend\':1,\'ward\':2}','{\'pikeman\':8,\'archer\':3}',8,175
86,choke_gap1,baseline,league,draw,round-limit,30,1,7,1,19,27,'{\'rally\':20,\'brace\':5,\'charge\':1,\'focusedShot\':1}','{\'fireburst\':2,\'ward\':2,\'mend\':2}','{\'archer\':4,\'pikeman\':12,\'cavalier\':3}',7,156,0,1,7,5,168,'{\'setPosition\':69,\'rally\':72,\'preparedPosition\':27}','{\'fireburst\':1,\'fieldRepair\':2,\'ward\':1}','{\'leaguePike\':3,\'coil\':2}',9,200
87,choke_gap1,league,baseline,draw,round-limit,30,1,7,3,10,123,'{\'setPosition\':51,\'rally\':62,\'preparedPosition\':10}','{\'fireburst\':1,\'flare\':4,\'fieldRepair\':3}','{\'leaguePike\':2,\'pavise\':1,\'coil\':7}',8,187,0,3,7,10,26,'{\'rally\':17,\'brace\':4,\'charge\':3,\'secondWind\':2}','{\'fireburst\':3,\'mend\':4,\'ward\':2}','{\'pikeman\':5,\'cavalier\':3,\'archer\':2}',7,165
87,choke_gap1,baseline,league,draw,round-limit,30,1,8,1,17,25,'{\'rally\':18,\'charge\':2,\'brace\':5}','{\'ward\':6,\'mend\':5,\'fireburst\':5}','{\'archer\':5,\'pikeman\':11,\'cavalier\':1}',8,180,0,2,8,5,153,'{\'setPosition\':56,\'rally\':66,\'preparedPosition\':31}','{\'fireburst\':1,\'ward\':2,\'flare\':1,\'fieldRepair\':3,\'mend\':1}','{\'leaguePike\':3,\'coil\':2}',8,161
88,choke_gap1,league,baseline,draw,round-limit,30,1,3,2,7,70,'{\'setPosition\':19,\'rally\':43,\'preparedPosition\':7,\'arcBurst\':1}','{\'ward\':2,\'fireburst\':2,\'fieldRepair\':2,\'flare\':1}','{\'leaguePike\':1,\'pavise\':2,\'coil\':3,\'relicWalker\':1}',9,205,0,2,3,14,30,'{\'rally\':20,\'brace\':4,\'charge\':2,\'secondWind\':4}','{\'mend\':5,\'ward\':5,\'fireburst\':4}','{\'pikeman\':11,\'archer\':2,\'cavalier\':1}',6,133
88,choke_gap1,baseline,league,draw,round-limit,30,1,8,0,17,34,'{\'rally\':21,\'brace\':10,\'charge\':3}','{\'fireburst\':2,\'mend\':3,\'ward\':1}','{\'archer\':5,\'pikeman\':9,\'cavalier\':3}',8,180,0,0,8,4,208,'{\'setPosition\':82,\'rally\':87,\'preparedPosition\':39}','{\'fireburst\':1,\'fieldRepair\':2,\'flare\':1,\'mend\':3}','{\'leaguePike\':2,\'pavise\':1,\'coil\':1}',9,182
89,choke_gap1,league,baseline,red,keep-captured,8,1,0,0,3,18,'{\'rally\':12,\'setPosition\':6}','{\'fireburst\':3,\'mend\':1,\'fieldRepair\':1,\'ward\':1,\'flare\':2}','{\'leaguePike\':2,\'pavise\':1}',8,182,0,0,0,7,10,'{\'rally\':8,\'charge\':1,\'secondWind\':1}',{"ward":7},'{\'pikeman\':4,\'cavalier\':1,\'archer\':2}',8,161
89,choke_gap1,baseline,league,draw,round-limit,30,1,1,4,9,45,'{\'rally\':30,\'brace\':15}','{\'ward\':5,\'mend\':2,\'fireburst\':2}','{\'archer\':2,\'pikeman\':6,\'cavalier\':1}',7,147,0,4,1,7,112,'{\'setPosition\':40,\'rally\':57,\'preparedPosition\':15}','{\'fireburst\':2,\'flare\':2,\'mend\':2,\'fieldRepair\':2}','{\'leaguePike\':3,\'coil\':4}',8,139
90,choke_gap1,league,baseline,draw,round-limit,30,1,6,2,9,60,'{\'rally\':36,\'setPosition\':18,\'preparedPosition\':6}','{\'ward\':1,\'flare\':1,\'fireburst\':1,\'fieldRepair\':2,\'mend\':1}','{\'leaguePike\':2,\'pavise\':2,\'coil\':5}',8,187,0,2,6,10,24,'{\'rally\':16,\'brace\':3,\'charge\':3,\'secondWind\':2}','{\'fireburst\':3,\'ward\':5,\'mend\':1}','{\'pikeman\':6,\'archer\':2,\'cavalier\':2}',7,159
90,choke_gap1,baseline,league,draw,round-limit,30,1,2,1,9,10,'{\'rally\':7,\'charge\':2,\'secondWind\':1}','{\'ward\':4,\'mend\':2,\'fireburst\':1}','{\'pikeman\':4,\'archer\':4,\'cavalier\':1}',7,172,0,1,2,4,37,'{\'setPosition\':8,\'rally\':27,\'preparedPosition\':2}','{\'ward\':3,\'fireburst\':1,\'flare\':2,\'mend\':1,\'fieldRepair\':1}','{\'leaguePike\':2,\'pavise\':1,\'coil\':1}',8,188
91,choke_gap1,league,baseline,draw,round-limit,30,1,9,3,10,102,'{\'rally\':56,\'setPosition\':34,\'preparedPosition\':12}','{\'fireburst\':2,\'mend\':1,\'flare\':1,\'fieldRepair\':1}','{\'leaguePike\':2,\'pavise\':3,\'coil\':5}',6,113,0,3,8,10,46,'{\'rally\':27,\'charge\':4,\'secondWind\':5,\'brace\':10}','{\'fireburst\':7,\'ward\':2,\'mend\':3}','{\'pikeman\':8,\'archer\':2}',7,164
91,choke_gap1,baseline,league,draw,round-limit,30,1,2,0,9,32,'{\'rally\':23,\'brace\':8,\'charge\':1}','{\'fireburst\':1,\'ward\':2,\'mend\':1}','{\'pikeman\':6,\'archer\':3}',7,177,0,0,2,4,74,'{\'setPosition\':26,\'rally\':37,\'preparedPosition\':11}','{\'fireburst\':2,\'ward\':3,\'flare\':2,\'mend\':2,\'fieldRepair\':2}','{\'leaguePike\':2,\'pavise\':1,\'coil\':1}',9,191
92,choke_gap1,league,baseline,red,keep-captured,9,1,2,0,4,35,'{\'setPosition\':11,\'rally\':23,\'preparedPosition\':1}','{\'mend\':1,\'fieldRepair\':1}','{\'leaguePike\':2,\'pavise\':2}',7,169,0,0,2,7,8,'{\'rally\':6,\'charge\':1,\'secondWind\':1}','{\'fireburst\':3,\'ward\':2,\'mend\':2}','{\'pikeman\':4,\'archer\':3}',8,175
92,choke_gap1,baseline,league,draw,round-limit,30,1,9,0,15,35,'{\'rally\':24,\'charge\':2,\'brace\':9}','{\'ward\':7,\'mend\':4,\'fireburst\':2}','{\'archer\':4,\'pikeman\':10,\'cavalier\':1}',7,145,0,0,9,4,221,'{\'setPosition\':89,\'rally\':90,\'preparedPosition\':42}','{\'fireburst\':1,\'flare\':2,\'fieldRepair\':1}','{\'leaguePike\':1,\'pavise\':2,\'coil\':1}',9,174
93,choke_gap1,league,baseline,draw,round-limit,30,1,2,2,6,68,'{\'rally\':40,\'setPosition\':20,\'preparedPosition\':8}','{\'fieldRepair\':2,\'ward\':1,\'flare\':1}','{\'leaguePike\':2,\'pavise\':1,\'coil\':3}',9,180,0,2,2,9,19,'{\'rally\':13,\'brace\':4,\'charge\':1,\'secondWind\':1}','{\'fireburst\':2,\'ward\':3,\'mend\':1}','{\'pikeman\':6,\'archer\':2,\'cavalier\':1}',6,156
93,choke_gap1,baseline,league,draw,round-limit,30,1,5,1,14,27,'{\'rally\':18,\'brace\':6,\'charge\':2,\'secondWind\':1}','{\'ward\':3,\'mend\':3}','{\'archer\':5,\'pikeman\':7,\'cavalier\':2}',6,161,0,1,5,4,138,'{\'setPosition\':55,\'rally\':60,\'preparedPosition\':23}','{\'fireburst\':1,\'ward\':3,\'flare\':1,\'fieldRepair\':1}','{\'leaguePike\':2,\'pavise\':1,\'coil\':1}',8,171
94,choke_gap1,league,baseline,draw,round-limit,30,0,5,12,8,219,'{\'setPosition\':90,\'rally\':91,\'preparedPosition\':38}','{\'ward\':2,\'flare\':1,\'mend\':2,\'fieldRepair\':1}','{\'leaguePike\':2,\'pavise\':1,\'coil\':5}',8,174,0,12,3,20,23,'{\'rally\':16,\'brace\':2,\'charge\':4,\'secondWind\':1}','{\'fireburst\':6,\'ward\':4,\'mend\':3}','{\'pikeman\':12,\'cavalier\':5,\'archer\':3}',8,193
94,choke_gap1,baseline,league,draw,round-limit,30,1,7,1,15,36,'{\'rally\':24,\'charge\':2,\'brace\':10}','{\'fireburst\':5,\'mend\':3,\'ward\':6}','{\'archer\':3,\'pikeman\':11,\'cavalier\':1}',7,176,0,2,7,5,213,'{\'setPosition\':88,\'rally\':88,\'preparedPosition\':37}','{\'fieldRepair\':2,\'ward\':1}','{\'leaguePike\':2,\'pavise\':1,\'coil\':2}',8,168
95,choke_gap1,league,baseline,draw,round-limit,30,1,7,3,10,81,'{\'setPosition\':28,\'rally\':47,\'preparedPosition\':6}','{\'flare\':2,\'mend\':3,\'ward\':2,\'fieldRepair\':2,\'fireburst\':2}','{\'leaguePike\':2,\'pavise\':5,\'coil\':3}',8,178,0,3,7,10,44,'{\'rally\':25,\'charge\':3,\'secondWind\':2,\'brace\':8,\'focusedShot\':6}','{\'ward\':2,\'mend\':1,\'fireburst\':1}','{\'pikeman\':7,\'archer\':2,\'cavalier\':1}',7,134
95,choke_gap1,baseline,league,draw,round-limit,30,1,5,0,17,28,'{\'rally\':20,\'brace\':6,\'charge\':1,\'secondWind\':1}','{\'ward\':7,\'fireburst\':3,\'mend\':2}','{\'archer\':3,\'pikeman\':12,\'cavalier\':2}',8,183,0,0,5,4,158,'{\'setPosition\':62,\'rally\':67,\'preparedPosition\':29}','{\'fieldRepair\':1,\'flare\':1}','{\'leaguePike\':3,\'coil\':1}',9,173
96,choke_gap1,league,baseline,draw,round-limit,30,1,3,3,7,88,'{\'setPosition\':35,\'rally\':48,\'preparedPosition\':5}','{\'ward\':2,\'flare\':4,\'mend\':1,\'fieldRepair\':3,\'fireburst\':1}','{\'leaguePike\':2,\'pavise\':2,\'coil\':3}',9,212,0,3,3,12,24,'{\'rally\':15,\'charge\':3,\'secondWind\':3,\'brace\':2,\'focusedShot\':1}','{\'ward\':2,\'fireburst\':4,\'mend\':3}','{\'pikeman\':10,\'archer\':2}',7,178
96,choke_gap1,baseline,league,draw,round-limit,30,1,2,0,13,13,'{\'rally\':12,\'secondWind\':1}','{\'ward\':9,\'fireburst\':2,\'mend\':4}','{\'pikeman\':9,\'archer\':3,\'cavalier\':1}',7,184,0,0,2,4,60,'{\'setPosition\':20,\'rally\':32,\'preparedPosition\':8}','{\'fireburst\':1,\'flare\':1,\'fieldRepair\':1,\'ward\':1,\'mend\':4}','{\'leaguePike\':2,\'pavise\':1,\'coil\':1}',9,197
97,choke_gap1,league,baseline,draw,round-limit,30,1,6,5,7,92,'{\'setPosition\':30,\'rally\':47,\'preparedPosition\':15}','{\'fireburst\':4,\'ward\':1,\'mend\':1,\'flare\':2}','{\'leaguePike\':2,\'pavise\':2,\'coil\':3}',6,115,1,5,6,12,44,'{\'rally\':28,\'brace\':11,\'charge\':2,\'secondWind\':3}','{\'fireburst\':2,\'mend\':3,\'ward\':4}','{\'pikeman\':8,\'archer\':2,\'cavalier\':2}',5,98
97,choke_gap1,baseline,league,draw,round-limit,30,1,6,0,14,26,'{\'rally\':20,\'brace\':6}','{\'fireburst\':3,\'mend\':2,\'ward\':2}','{\'pikeman\':9,\'archer\':4,\'cavalier\':1}',7,161,0,0,6,4,183,'{\'setPosition\':72,\'rally\':82,\'preparedPosition\':29}','{\'fireburst\':2,\'ward\':1,\'fieldRepair\':4,\'mend\':2}','{\'leaguePike\':1,\'pavise\':2,\'coil\':1}',9,202
98,choke_gap1,league,baseline,draw,round-limit,30,1,1,3,4,166,'{\'setPosition\':63,\'rally\':73,\'preparedPosition\':30}','{\'fireburst\':2,\'flare\':2,\'fieldRepair\':2}','{\'leaguePike\':1,\'pavise\':1,\'coil\':2}',8,137,0,3,1,12,37,'{\'rally\':22,\'brace\':12,\'charge\':2,\'secondWind\':1}','{\'ward\':4,\'mend\':4,\'fireburst\':4}','{\'cavalier\':1,\'archer\':2,\'pikeman\':9}',7,123
98,choke_gap1,baseline,league,draw,round-limit,30,1,9,2,19,29,'{\'rally\':18,\'brace\':5,\'charge\':4,\'secondWind\':2}','{\'ward\':3,\'fireburst\':2}','{\'archer\':7,\'pikeman\':8,\'cavalier\':4}',8,165,0,2,9,4,156,'{\'setPosition\':59,\'rally\':66,\'preparedPosition\':31}','{\'fieldRepair\':1,\'flare\':3,\'fireburst\':1,\'mend\':1}','{\'leaguePike\':1,\'pavise\':2,\'coil\':1}',7,141
99,choke_gap1,league,baseline,draw,round-limit,30,1,6,4,10,81,'{\'rally\':47,\'setPosition\':28,\'preparedPosition\':6}','{\'ward\':1,\'flare\':2,\'fireburst\':1,\'mend\':1,\'fieldRepair\':3}','{\'leaguePike\':2,\'pavise\':1,\'coil\':6,\'relicWalker\':1}',9,217,0,4,6,13,26,'{\'rally\':20,\'brace\':4,\'focusedShot\':2}','{\'fireburst\':2,\'ward\':3,\'mend\':3}','{\'pikeman\':10,\'archer\':3}',7,169
99,choke_gap1,baseline,league,draw,round-limit,30,1,1,1,7,27,'{\'rally\':23,\'charge\':1,\'brace\':1,\'secondWind\':2}','{\'fireburst\':3,\'mend\':1}','{\'pikeman\':6,\'archer\':1}',8,176,0,1,1,4,46,'{\'setPosition\':14,\'rally\':27,\'preparedPosition\':5}','{\'ward\':3,\'fieldRepair\':2,\'mend\':1,\'fireburst\':2}','{\'pavise\':1,\'leaguePike\':2,\'coil\':1}',8,166
100,choke_gap1,league,baseline,draw,round-limit,30,1,10,6,13,123,'{\'rally\':75,\'setPosition\':42,\'preparedPosition\':6}','{\'fireburst\':2,\'mend\':3,\'fieldRepair\':1,\'flare\':1}','{\'leaguePike\':3,\'pavise\':2,\'coil\':8}',8,171,0,6,9,14,40,'{\'rally\':22,\'charge\':6,\'brace\':7,\'secondWind\':5}','{\'ward\':2,\'mend\':5,\'fireburst\':4}','{\'cavalier\':2,\'pikeman\':9,\'archer\':3}',8,192
100,choke_gap1,baseline,league,draw,round-limit,30,1,5,1,14,28,'{\'rally\':19,\'brace\':7,\'charge\':2}','{\'fireburst\':3,\'mend\':5,\'ward\':2}','{\'pikeman\':9,\'archer\':3,\'cavalier\':2}',8,186,0,1,5,4,167,'{\'setPosition\':63,\'rally\':71,\'preparedPosition\':33}','{\'fireburst\':1,\'fieldRepair\':2,\'ward\':2,\'mend\':2,\'flare\':1}','{\'pavise\':1,\'leaguePike\':2,\'coil\':1}',8,174
