seed,map,blue,red,winner,reason,rounds,blue_captures,blue_lost,blue_killed,blue_recruited,blue_ability_uses,blue_abilities,blue_spells,blue_recruits,blue_final_units,blue_final_hp,red_captures,red_lost,red_killed,red_recruited,red_ability_uses,red_abilities,red_spells,red_recruits,red_final_units,red_final_hp
1,river_ford,league,baseline,draw,round-limit,30,1,3,3,7,72,'{\'rally\':55,\'setPosition\':14,\'preparedPosition\':3}','{\'fieldRepair\':2,\'ward\':1,\'mend\':1}','{\'leaguePike\':3,\'coil\':4}',9,211,0,3,3,11,31,'{\'rally\':16,\'brace\':6,\'focusedShot\':6,\'charge\':1,\'secondWind\':2}','{\'fireburst\':7,\'ward\':4,\'mend\':6}','{\'pikeman\':7,\'archer\':3,\'cavalier\':1}',8,186
1,river_ford,baseline,league,draw,round-limit,30,1,2,0,8,61,'{\'rally\':39,\'brace\':21,\'secondWind\':1}','{\'fireburst\':2,\'ward\':3,\'mend\':1}','{\'pikeman\':6,\'archer\':1,\'cavalier\':1}',8,183,0,0,2,1,148,'{\'setPosition\':60,\'rally\':60,\'preparedPosition\':28}','{\'ward\':2,\'mend\':3,\'fieldRepair\':1}',{"pavise":1},6,135
2,river_ford,league,baseline,draw,round-limit,30,1,2,2,4,146,'{\'rally\':74,\'setPosition\':52,\'preparedPosition\':20}','{\'ward\':2,\'fireburst\':1,\'fieldRepair\':1}','{\'leaguePike\':3,\'coil\':1}',7,149,0,3,2,12,35,'{\'rally\':21,\'focusedShot\':7,\'secondWind\':1,\'brace\':6}','{\'ward\':6,\'fireburst\':3,\'mend\':4}','{\'pikeman\':6,\'archer\':5,\'cavalier\':1}',7,155
2,river_ford,baseline,league,draw,round-limit,30,0,3,0,9,55,'{\'rally\':34,\'brace\':13,\'secondWind\':6,\'charge\':2}','{\'fireburst\':2,\'ward\':2}','{\'pikeman\':6,\'archer\':1,\'cavalier\':2}',9,183,0,0,2,1,147,'{\'rally\':60,\'setPosition\':58,\'preparedPosition\':29}','{\'fireburst\':2,\'ward\':3,\'mend\':3,\'fieldRepair\':2}',{"leaguePike":1},6,137
3,river_ford,league,baseline,draw,round-limit,30,1,4,3,7,122,'{\'rally\':70,\'setPosition\':44,\'preparedPosition\':8}','{\'flare\':2,\'mend\':3}','{\'leaguePike\':2,\'pavise\':1,\'coil\':4}',8,159,0,3,4,10,23,'{\'rally\':12,\'brace\':2,\'focusedShot\':2,\'charge\':4,\'secondWind\':3}','{\'mend\':5,\'fireburst\':4,\'ward\':3}','{\'pikeman\':5,\'archer\':3,\'cavalier\':2}',7,147
3,river_ford,baseline,league,draw,round-limit,30,1,2,0,13,40,'{\'rally\':26,\'brace\':13,\'secondWind\':1}','{\'fireburst\':3,\'ward\':3,\'mend\':2}','{\'archer\':3,\'pikeman\':10}',8,151,0,1,2,2,140,'{\'rally\':57,\'setPosition\':55,\'preparedPosition\':28}','{\'fireburst\':3,\'fieldRepair\':1,\'flare\':2,\'mend\':1}','{\'leaguePike\':1,\'pavise\':1}',6,119
4,river_ford,league,baseline,draw,round-limit,30,1,4,2,6,62,'{\'rally\':45,\'setPosition\':12,\'preparedPosition\':5}','{\'flare\':2,\'mend\':3,\'ward\':1,\'fireburst\':1}','{\'leaguePike\':2,\'pavise\':1,\'coil\':3}',7,132,0,2,4,10,36,'{\'rally\':15,\'brace\':2,\'focusedShot\':12,\'secondWind\':7}','{\'mend\':3,\'ward\':2,\'fireburst\':2}','{\'pikeman\':7,\'archer\':3}',8,168
4,river_ford,baseline,league,draw,round-limit,30,1,4,1,13,47,'{\'rally\':29,\'brace\':16,\'charge\':1,\'secondWind\':1}','{\'ward\':7,\'fireburst\':7,\'mend\':4}','{\'archer\':3,\'pikeman\':10}',6,141,0,1,4,2,144,'{\'rally\':59,\'setPosition\':57,\'preparedPosition\':28}','{\'fireburst\':3,\'fieldRepair\':3,\'flare\':1,\'mend\':2}',{"pavise":2},6,128
5,river_ford,league,baseline,draw,round-limit,30,1,3,1,6,108,'{\'rally\':66,\'setPosition\':41,\'preparedPosition\':1}','{\'ward\':2,\'mend\':2}','{\'leaguePike\':3,\'coil\':3}',8,153,0,1,3,8,29,'{\'rally\':20,\'brace\':2,\'focusedShot\':7}','{\'fireburst\':4,\'mend\':4,\'ward\':2}','{\'pikeman\':7,\'cavalier\':1}',9,213
5,river_ford,baseline,league,draw,round-limit,30,1,2,1,10,48,'{\'rally\':28,\'charge\':2,\'secondWind\':1,\'brace\':17}','{\'fireburst\':4,\'mend\':1,\'ward\':1}','{\'pikeman\':7,\'archer\':3}',7,138,0,1,2,1,143,'{\'rally\':59,\'setPosition\':57,\'preparedPosition\':27}','{\'ward\':5,\'fieldRepair\':4,\'flare\':3}',{"pavise":1},5,111
6,river_ford,league,baseline,draw,round-limit,30,1,9,3,11,124,'{\'rally\':70,\'setPosition\':45,\'preparedPosition\':9}','{\'mend\':1,\'flare\':2,\'ward\':1}','{\'leaguePike\':4,\'coil\':3,\'pavise\':3,\'relicWalker\':1}',7,182,0,3,9,11,42,'{\'rally\':19,\'brace\':7,\'focusedShot\':9,\'charge\':3,\'secondWind\':4}','{\'fireburst\':3,\'mend\':3,\'ward\':2}','{\'pikeman\':7,\'archer\':3,\'cavalier\':1}',8,176
6,river_ford,baseline,league,draw,round-limit,30,1,6,0,12,48,'{\'rally\':29,\'brace\':16,\'secondWind\':2,\'charge\':1}','{\'fireburst\':3,\'mend\':1,\'ward\':2}','{\'archer\':3,\'pikeman\':8,\'cavalier\':1}',7,167,0,0,6,1,148,'{\'setPosition\':60,\'rally\':60,\'preparedPosition\':28}','{\'ward\':2,\'fieldRepair\':4,\'flare\':1}',{"pavise":1},6,137
7,river_ford,league,baseline,draw,round-limit,30,1,3,3,5,127,'{\'rally\':67,\'setPosition\':49,\'preparedPosition\':11}','{\'ward\':3,\'mend\':1,\'flare\':2}','{\'leaguePike\':3,\'coil\':2}',7,141,0,3,3,10,32,'{\'rally\':20,\'brace\':5,\'focusedShot\':4,\'charge\':1,\'secondWind\':2}','{\'fireburst\':2,\'mend\':7}','{\'pikeman\':8,\'archer\':2}',7,179
7,river_ford,baseline,league,draw,round-limit,30,1,1,2,9,40,'{\'rally\':22,\'brace\':14,\'charge\':1,\'secondWind\':3}','{\'ward\':3,\'fireburst\':2}','{\'pikeman\':5,\'archer\':3,\'cavalier\':1}',7,121,0,2,1,3,111,'{\'rally\':50,\'setPosition\':39,\'preparedPosition\':22}','{\'fireburst\':4,\'ward\':1,\'mend\':2,\'fieldRepair\':3}','{\'leaguePike\':1,\'pavise\':2}',6,134
8,river_ford,league,baseline,draw,round-limit,30,1,9,2,11,73,'{\'rally\':51,\'setPosition\':22}','{\'fireburst\':3,\'fieldRepair\':2,\'ward\':2,\'mend\':3,\'flare\':2}','{\'leaguePike\':3,\'coil\':8}',7,151,0,2,9,10,35,'{\'rally\':19,\'focusedShot\':1,\'charge\':3,\'secondWind\':4,\'brace\':8}','{\'fireburst\':4,\'mend\':4}','{\'pikeman\':6,\'archer\':2,\'cavalier\':2}',7,160
8,river_ford,baseline,league,draw,round-limit,30,1,3,0,15,46,'{\'rally\':35,\'brace\':9,\'secondWind\':1,\'charge\':1}','{\'fireburst\':6,\'ward\':2,\'mend\':4}','{\'pikeman\':11,\'archer\':3,\'cavalier\':1}',6,138,0,0,3,1,142,'{\'setPosition\':57,\'rally\':58,\'preparedPosition\':27}','{\'ward\':3,\'fieldRepair\':3,\'flare\':2,\'fireburst\':2}',{"pavise":1},6,129
9,river_ford,league,baseline,draw,round-limit,30,1,4,1,7,106,'{\'rally\':61,\'setPosition\':41,\'preparedPosition\':4}','{\'ward\':1,\'flare\':1,\'fireburst\':3,\'mend\':4,\'fieldRepair\':1}','{\'leaguePike\':3,\'coil\':4}',8,179,0,1,4,9,34,'{\'rally\':21,\'brace\':2,\'focusedShot\':11}','{\'ward\':7,\'fireburst\':1,\'mend\':6}','{\'pikeman\':7,\'archer\':2}',8,184
9,river_ford,baseline,league,draw,round-limit,30,1,2,0,9,50,'{\'rally\':31,\'brace\':15,\'secondWind\':4}','{\'fireburst\':2,\'ward\':3}','{\'pikeman\':6,\'archer\':1,\'cavalier\':2}',9,202,0,0,2,1,149,'{\'setPosition\':60,\'rally\':60,\'preparedPosition\':29}','{\'fieldRepair\':1,\'flare\':1,\'mend\':3}',{"pavise":1},6,125
10,river_ford,league,baseline,draw,round-limit,30,0,5,5,6,142,'{\'rally\':67,\'setPosition\':55,\'preparedPosition\':20}','{\'fireburst\':2,\'fieldRepair\':1,\'flare\':1,\'mend\':2}','{\'leaguePike\':2,\'coil\':3,\'pavise\':1}',6,120,0,5,5,14,24,'{\'rally\':15,\'focusedShot\':2,\'brace\':6,\'secondWind\':1}','{\'fireburst\':5,\'mend\':4,\'ward\':2}','{\'archer\':5,\'pikeman\':8,\'cavalier\':1}',8,170
10,river_ford,baseline,league,draw,round-limit,30,0,3,0,11,38,'{\'rally\':23,\'brace\':13,\'secondWind\':2}','{\'fireburst\':3,\'mend\':4,\'ward\':1}','{\'pikeman\':7,\'archer\':3,\'cavalier\':1}',7,146,0,0,3,1,149,'{\'setPosition\':60,\'rally\':60,\'preparedPosition\':29}','{\'ward\':2,\'flare\':1,\'fieldRepair\':3,\'fireburst\':1}',{"pavise":1},6,137
11,river_ford,league,baseline,draw,round-limit,30,1,7,2,10,99,'{\'rally\':58,\'setPosition\':36,\'preparedPosition\':5}','{\'fireburst\':3,\'fieldRepair\':2,\'mend\':1,\'flare\':1,\'ward\':1}','{\'leaguePike\':2,\'pavise\':1,\'coil\':6,\'relicWalker\':1}',8,165,0,2,6,9,45,'{\'rally\':26,\'brace\':9,\'focusedShot\':8,\'charge\':1,\'secondWind\':1}','{\'fireburst\':6,\'mend\':3,\'ward\':4}','{\'pikeman\':7,\'cavalier\':1,\'archer\':1}',7,156
11,river_ford,baseline,league,draw,round-limit,30,1,3,2,15,39,'{\'rally\':31,\'brace\':6,\'focusedShot\':2}','{\'ward\':3,\'fireburst\':2,\'mend\':1}','{\'pikeman\':10,\'archer\':5}',5,116,0,2,2,3,124,'{\'rally\':53,\'setPosition\':47,\'preparedPosition\':24}','{\'ward\':2,\'fieldRepair\':2,\'flare\':3,\'fireburst\':1}','{\'leaguePike\':1,\'pavise\':1,\'coil\':1}',6,123
12,river_ford,league,baseline,draw,round-limit,30,1,5,3,8,134,'{\'rally\':81,\'setPosition\':51,\'preparedPosition\':2}','{\'fireburst\':2,\'flare\':1,\'mend\':1,\'ward\':1}','{\'leaguePike\':2,\'pavise\':3,\'coil\':3}',8,186,0,3,5,11,57,'{\'rally\':26,\'brace\':16,\'focusedShot\':14,\'charge\':1}','{\'fireburst\':2,\'ward\':3,\'mend\':5}','{\'archer\':3,\'pikeman\':7,\'cavalier\':1}',8,178
12,river_ford,baseline,league,draw,round-limit,30,1,4,1,18,42,'{\'rally\':27,\'charge\':1,\'brace\':9,\'secondWind\':5}','{\'ward\':4,\'mend\':5,\'fireburst\':1}','{\'pikeman\':14,\'cavalier\':1,\'archer\':3}',6,151,0,1,4,2,145,'{\'setPosition\':59,\'rally\':59,\'preparedPosition\':27}','{\'flare\':2,\'fireburst\':1,\'mend\':2,\'fieldRepair\':2}',{"pavise":2},6,140
13,river_ford,league,baseline,draw,round-limit,30,1,5,1,6,106,'{\'rally\':74,\'setPosition\':30,\'preparedPosition\':2}','{\'ward\':2,\'flare\':2,\'fieldRepair\':2}','{\'leaguePike\':3,\'pavise\':1,\'coil\':1,\'relicWalker\':1}',6,123,0,1,5,9,37,'{\'rally\':21,\'brace\':5,\'focusedShot\':11}','{\'ward\':4,\'fireburst\':4,\'mend\':4}','{\'pikeman\':7,\'archer\':2}',8,170
13,river_ford,baseline,league,draw,round-limit,30,1,3,0,10,34,'{\'rally\':26,\'brace\':8}','{\'fireburst\':3,\'mend\':6,\'ward\':4}','{\'archer\':3,\'pikeman\':7}',8,199,0,0,3,1,140,'{\'rally\':58,\'setPosition\':55,\'preparedPosition\':27}','{\'fireburst\':1,\'ward\':1,\'fieldRepair\':1,\'flare\':1}',{"leaguePike":1},6,122
14,river_ford,league,baseline,draw,round-limit,30,0,8,6,9,129,'{\'rally\':62,\'setPosition\':49,\'preparedPosition\':18}','{\'ward\':6,\'fieldRepair\':1}','{\'leaguePike\':3,\'coil\':5,\'pavise\':1}',6,130,0,6,8,15,29,'{\'rally\':17,\'brace\':3,\'focusedShot\':2,\'charge\':4,\'secondWind\':3}','{\'fireburst\':4,\'ward\':6,\'mend\':4}','{\'pikeman\':9,\'archer\':4,\'cavalier\':2}',6,131
14,river_ford,baseline,league,draw,round-limit,30,0,0,0,7,51,'{\'rally\':30,\'brace\':20,\'secondWind\':1}','{\'fireburst\':4,\'ward\':1,\'mend\':3}','{\'pikeman\':6,\'archer\':1}',8,154,0,0,0,1,149,'{\'setPosition\':60,\'rally\':60,\'preparedPosition\':29}','{\'ward\':1,\'fieldRepair\':2,\'mend\':1}',{"pavise":1},6,119
15,river_ford,league,baseline,draw,round-limit,30,0,6,1,7,54,'{\'rally\':42,\'setPosition\':11,\'preparedPosition\':1}','{\'fireburst\':4,\'fieldRepair\':4,\'mend\':1,\'flare\':1}','{\'leaguePike\':3,\'coil\':4}',6,97,0,1,6,9,36,'{\'rally\':18,\'focusedShot\':11,\'brace\':4,\'charge\':2,\'secondWind\':1}','{\'ward\':5,\'mend\':4,\'fireburst\':1}','{\'pikeman\':6,\'archer\':2,\'cavalier\':1}',7,140
15,river_ford,baseline,league,draw,round-limit,30,1,4,0,10,58,'{\'rally\':44,\'charge\':1,\'brace\':11,\'secondWind\':2}','{\'ward\':6,\'mend\':3}','{\'pikeman\':6,\'archer\':1,\'cavalier\':3}',8,187,0,0,3,1,149,'{\'setPosition\':60,\'rally\':60,\'preparedPosition\':29}','{\'mend\':2,\'fieldRepair\':3,\'fireburst\':3}',{"pavise":1},6,130
16,river_ford,league,baseline,draw,round-limit,30,0,4,2,6,102,'{\'rally\':63,\'setPosition\':38,\'preparedPosition\':1}','{\'fireburst\':1,\'flare\':1,\'mend\':2}','{\'leaguePike\':3,\'coil\':3}',7,135,0,2,4,9,49,'{\'rally\':24,\'brace\':9,\'focusedShot\':9,\'secondWind\':5,\'charge\':2}','{\'fireburst\':3,\'ward\':3,\'mend\':2}','{\'pikeman\':7,\'archer\':2}',7,149
16,river_ford,baseline,league,draw,round-limit,30,1,4,1,13,50,'{\'rally\':35,\'secondWind\':1,\'brace\':14}','{\'ward\':4,\'mend\':1}','{\'pikeman\':9,\'archer\':4}',8,195,0,1,4,2,147,'{\'setPosition\':59,\'rally\':59,\'preparedPosition\':29}','{\'ward\':2,\'fireburst\':2,\'flare\':1,\'mend\':1,\'fieldRepair\':1}',{"pavise":2},6,135
17,river_ford,league,baseline,draw,round-limit,30,1,5,2,7,68,'{\'rally\':44,\'setPosition\':20,\'preparedPosition\':4}','{\'ward\':2,\'mend\':1,\'flare\':1}','{\'leaguePike\':3,\'coil\':4}',7,154,0,2,5,10,41,'{\'rally\':22,\'brace\':6,\'focusedShot\':9,\'secondWind\':4}','{\'mend\':3,\'ward\':2,\'fireburst\':2}','{\'pikeman\':8,\'archer\':2}',8,161
17,river_ford,baseline,league,draw,round-limit,30,1,3,0,10,56,'{\'rally\':34,\'secondWind\':1,\'brace\':21}','{\'fireburst\':4,\'mend\':2}','{\'archer\':3,\'pikeman\':7}',7,169,0,0,3,1,148,'{\'setPosition\':60,\'rally\':60,\'preparedPosition\':28}','{\'fieldRepair\':1,\'flare\':2,\'fireburst\':2,\'ward\':1,\'mend\':1}',{"pavise":1},6,122
18,river_ford,league,baseline,draw,round-limit,30,1,3,3,5,165,'{\'rally\':77,\'setPosition\':69,\'preparedPosition\':19}','{\'ward\':1,\'fireburst\':1,\'mend\':1,\'fieldRepair\':1}','{\'leaguePike\':1,\'pavise\':2,\'coil\':2}',7,139,0,3,3,10,26,'{\'rally\':16,\'brace\':2,\'focusedShot\':6,\'secondWind\':1,\'charge\':1}','{\'mend\':4,\'ward\':2,\'fireburst\':3}','{\'pikeman\':6,\'archer\':3,\'cavalier\':1}',7,170
18,river_ford,baseline,league,draw,round-limit,30,1,1,1,8,59,'{\'rally\':36,\'brace\':21,\'secondWind\':2}','{\'fireburst\':3,\'mend\':4,\'ward\':1}','{\'pikeman\':6,\'archer\':2}',7,171,0,1,1,2,148,'{\'setPosition\':60,\'rally\':60,\'preparedPosition\':28}','{\'flare\':2,\'ward\':1,\'fieldRepair\':1}',{"pavise":2},6,131
19,river_ford,league,baseline,draw,round-limit,30,1,1,1,5,49,'{\'rally\':40,\'setPosition\':9}','{\'ward\':1,\'flare\':1,\'mend\':1,\'fieldRepair\':1}','{\'leaguePike\':2,\'pavise\':1,\'coil\':2}',9,185,0,1,1,9,51,'{\'rally\':20,\'brace\':12,\'focusedShot\':17,\'secondWind\':2}','{\'mend\':6,\'ward\':2}','{\'pikeman\':6,\'cavalier\':1,\'archer\':2}',7,167
19,river_ford,baseline,league,draw,round-limit,30,1,4,0,9,37,'{\'rally\':23,\'brace\':12,\'secondWind\':2}','{\'ward\':3,\'fireburst\':2,\'mend\':3}','{\'archer\':3,\'pikeman\':6}',7,167,0,0,4,1,146,'{\'rally\':60,\'setPosition\':58,\'preparedPosition\':28}','{\'fireburst\':1,\'fieldRepair\':2}',{"leaguePike":1},6,137
20,river_ford,league,baseline,draw,round-limit,30,1,9,2,12,93,'{\'rally\':59,\'setPosition\':31,\'preparedPosition\':2,\'arcBurst\':1}','{\'fieldRepair\':1,\'ward\':3,\'flare\':2,\'mend\':1}','{\'leaguePike\':3,\'pavise\':2,\'coil\':6,\'relicWalker\':1}',8,193,0,2,9,10,50,'{\'rally\':20,\'brace\':3,\'focusedShot\':25,\'charge\':1,\'secondWind\':1}','{\'fireburst\':1,\'ward\':2,\'mend\':3}','{\'pikeman\':7,\'archer\':3}',8,179
20,river_ford,baseline,league,draw,round-limit,30,1,3,0,9,58,'{\'rally\':33,\'brace\':19,\'charge\':1,\'secondWind\':5}','{\'fireburst\':2,\'ward\':3,\'mend\':2}','{\'pikeman\':7,\'archer\':1,\'cavalier\':1}',8,167,0,0,3,1,145,'{\'rally\':60,\'setPosition\':58,\'preparedPosition\':27}','{\'ward\':1,\'fireburst\':2,\'fieldRepair\':1}',{"leaguePike":1},6,131
21,river_ford,league,baseline,draw,round-limit,30,0,4,4,6,151,'{\'rally\':80,\'setPosition\':56,\'preparedPosition\':15}','{\'fireburst\':2,\'mend\':2,\'fieldRepair\':1,\'flare\':2}','{\'leaguePike\':2,\'pavise\':1,\'coil\':3}',8,157,0,4,3,12,41,'{\'rally\':21,\'brace\':10,\'charge\':1,\'focusedShot\':8,\'secondWind\':1}','{\'fireburst\':5,\'ward\':4,\'mend\':4}','{\'pikeman\':9,\'archer\':3}',6,147
21,river_ford,baseline,league,draw,round-limit,30,1,1,0,13,43,'{\'rally\':29,\'brace\':13,\'secondWind\':1}','{\'ward\':6,\'mend\':4}','{\'pikeman\':12,\'archer\':1}',8,162,0,0,1,1,145,'{\'rally\':60,\'setPosition\':58,\'preparedPosition\':27}','{\'ward\':1,\'fireburst\':1,\'mend\':2,\'fieldRepair\':2,\'flare\':1}',{"leaguePike":1},6,138
22,river_ford,league,baseline,draw,round-limit,30,0,4,4,5,97,'{\'rally\':50,\'setPosition\':38,\'preparedPosition\':9}','{\'fireburst\':1,\'ward\':1,\'flare\':2,\'mend\':1}','{\'leaguePike\':2,\'coil\':3}',6,106,0,4,4,10,31,'{\'rally\':14,\'secondWind\':7,\'focusedShot\':4,\'charge\':2,\'brace\':4}','{\'ward\':8,\'fireburst\':1}','{\'pikeman\':7,\'cavalier\':1,\'archer\':2}',6,134
22,river_ford,baseline,league,draw,round-limit,30,1,5,0,14,44,'{\'rally\':29,\'brace\':12,\'secondWind\':3}','{\'fireburst\':2,\'ward\':5,\'mend\':1}','{\'archer\':3,\'pikeman\':10,\'cavalier\':1}',6,134,0,0,4,1,125,'{\'rally\':52,\'setPosition\':48,\'preparedPosition\':25}','{\'ward\':2,\'mend\':2,\'fieldRepair\':4,\'fireburst\':3,\'flare\':1}',{"leaguePike":1},6,130
23,river_ford,league,baseline,draw,round-limit,30,1,3,4,6,123,'{\'rally\':62,\'setPosition\':52,\'preparedPosition\':9}','{\'fireburst\':2,\'ward\':1,\'flare\':2}','{\'leaguePike\':1,\'pavise\':1,\'coil\':3,\'relicWalker\':1}',8,174,0,4,3,11,40,'{\'rally\':27,\'brace\':3,\'focusedShot\':8,\'secondWind\':1,\'charge\':1}','{\'fireburst\':1,\'mend\':1,\'ward\':4}','{\'pikeman\':7,\'archer\':3,\'cavalier\':1}',7,175
23,river_ford,baseline,league,draw,round-limit,30,1,2,0,9,50,'{\'rally\':35,\'brace\':13,\'secondWind\':2}','{\'ward\':4,\'mend\':2}','{\'archer\':3,\'pikeman\':6}',7,151,0,0,2,1,142,'{\'setPosition\':57,\'rally\':58,\'preparedPosition\':27}','{\'flare\':1,\'mend\':1,\'fieldRepair\':2,\'fireburst\':1}',{"pavise":1},6,135
24,river_ford,league,baseline,draw,round-limit,30,1,5,3,6,63,'{\'rally\':41,\'setPosition\':19,\'preparedPosition\':3}','{\'fireburst\':1,\'fieldRepair\':1,\'flare\':1}','{\'leaguePike\':2,\'pavise\':1,\'coil\':3}',6,139,0,3,5,9,21,'{\'rally\':8,\'brace\':1,\'focusedShot\':7,\'charge\':1,\'secondWind\':4}','{\'ward\':5,\'fireburst\':1,\'mend\':2}','{\'pikeman\':6,\'cavalier\':1,\'archer\':2}',6,147
24,river_ford,baseline,league,draw,round-limit,30,1,1,0,7,54,'{\'rally\':33,\'brace\':21}','{\'fireburst\':2,\'mend\':2}','{\'archer\':1,\'pikeman\':6}',8,175,0,0,1,1,146,'{\'rally\':60,\'setPosition\':58,\'preparedPosition\':28}','{\'fireburst\':2,\'fieldRepair\':3,\'mend\':3}',{"leaguePike":1},6,123
25,river_ford,league,baseline,draw,round-limit,30,1,4,4,7,89,'{\'rally\':58,\'setPosition\':27,\'preparedPosition\':4}','{\'fireburst\':1,\'fieldRepair\':1,\'mend\':1}','{\'leaguePike\':2,\'pavise\':1,\'coil\':4}',8,168,0,4,3,12,46,'{\'rally\':22,\'focusedShot\':14,\'charge\':1,\'secondWind\':1,\'brace\':8}','{\'ward\':4,\'fireburst\':3,\'mend\':2}','{\'pikeman\':7,\'archer\':4,\'cavalier\':1}',8,169
25,river_ford,baseline,league,draw,round-limit,30,1,4,0,11,46,'{\'rally\':28,\'secondWind\':5,\'charge\':2,\'brace\':11}','{\'ward\':1,\'fireburst\':2}','{\'pikeman\':7,\'cavalier\':3,\'archer\':1}',9,204,0,0,4,1,149,'{\'setPosition\':60,\'rally\':60,\'preparedPosition\':29}','{\'mend\':1,\'fieldRepair\':1}',{"pavise":1},6,140
26,river_ford,league,baseline,draw,round-limit,30,1,7,4,8,98,'{\'rally\':52,\'setPosition\':38,\'preparedPosition\':5,\'arcBurst\':3}','{\'fireburst\':2,\'flare\':1,\'mend\':1}','{\'leaguePike\':2,\'coil\':3,\'relicWalker\':2,\'pavise\':1}',6,141,0,4,6,10,26,'{\'rally\':12,\'brace\':3,\'focusedShot\':6,\'secondWind\':4,\'charge\':1}','{\'mend\':3,\'ward\':8,\'fireburst\':4}','{\'pikeman\':7,\'archer\':1,\'cavalier\':2}',8,190
26,river_ford,baseline,league,draw,round-limit,30,1,2,2,15,45,'{\'rally\':38,\'brace\':7}','{\'mend\':5,\'ward\':4,\'fireburst\':2}','{\'pikeman\':12,\'archer\':3}',7,181,0,2,2,3,118,'{\'rally\':51,\'setPosition\':48,\'preparedPosition\':19}','{\'fireburst\':4,\'flare\':2,\'fieldRepair\':2}','{\'leaguePike\':1,\'pavise\':1,\'coil\':1}',6,119
27,river_ford,league,baseline,draw,round-limit,30,1,4,3,7,110,'{\'rally\':59,\'setPosition\':37,\'preparedPosition\':14}','{\'fireburst\':2,\'ward\':2,\'mend\':3,\'fieldRepair\':1,\'flare\':2}','{\'leaguePike\':1,\'pavise\':1,\'coil\':5}',8,157,0,3,4,12,45,'{\'rally\':23,\'focusedShot\':12,\'brace\':7,\'charge\':1,\'secondWind\':2}','{\'ward\':3,\'fireburst\':2,\'mend\':4}','{\'pikeman\':5,\'archer\':6,\'cavalier\':1}',7,159
27,river_ford,baseline,league,draw,round-limit,30,1,3,0,14,44,'{\'rally\':26,\'brace\':12,\'secondWind\':5,\'charge\':1}','{\'fireburst\':7,\'ward\':5,\'mend\':3}','{\'pikeman\':12,\'archer\':1,\'cavalier\':1}',8,163,0,0,3,1,143,'{\'setPosition\':56,\'rally\':60,\'preparedPosition\':27}','{\'fireburst\':1,\'fieldRepair\':2}',{"pavise":1},6,136
28,river_ford,league,baseline,draw,round-limit,30,1,3,1,8,103,'{\'rally\':62,\'setPosition\':34,\'preparedPosition\':7}','{\'fireburst\':1,\'ward\':1,\'fieldRepair\':2,\'mend\':1}','{\'leaguePike\':3,\'pavise\':1,\'coil\':4}',10,207,0,1,3,8,47,'{\'rally\':23,\'focusedShot\':10,\'secondWind\':9,\'charge\':1,\'brace\':4}','{\'mend\':4,\'ward\':3}','{\'pikeman\':7,\'cavalier\':1}',9,199
28,river_ford,baseline,league,draw,round-limit,30,1,0,3,8,56,'{\'rally\':32,\'charge\':1,\'brace\':23}',{"ward":2},'{\'archer\':3,\'pikeman\':5}',7,156,0,3,0,4,139,'{\'setPosition\':55,\'rally\':57,\'preparedPosition\':27}','{\'ward\':1,\'fieldRepair\':3,\'fireburst\':1}',{"pavise":4},6,131
29,river_ford,league,baseline,draw,round-limit,30,1,5,6,6,96,'{\'rally\':50,\'setPosition\':29,\'preparedPosition\':17}','{\'fireburst\':3,\'fieldRepair\':2,\'ward\':6,\'mend\':2,\'flare\':1}','{\'leaguePike\':2,\'coil\':3,\'pavise\':1}',6,124,0,6,5,16,42,'{\'rally\':22,\'brace\':8,\'secondWind\':4,\'focusedShot\':7,\'charge\':1}','{\'fireburst\':4,\'mend\':5,\'ward\':3}','{\'pikeman\':9,\'archer\':4,\'cavalier\':3}',9,191
29,river_ford,baseline,league,draw,round-limit,30,0,1,0,14,40,'{\'rally\':35,\'brace\':5}','{\'fireburst\':10,\'mend\':4,\'ward\':2}','{\'pikeman\':13,\'archer\':1}',6,135,0,0,1,1,144,'{\'setPosition\':57,\'rally\':60,\'preparedPosition\':27}','{\'mend\':2,\'fieldRepair\':2,\'flare\':1}',{"pavise":1},6,116
30,river_ford,league,baseline,draw,round-limit,30,1,2,2,6,135,'{\'rally\':77,\'setPosition\':43,\'preparedPosition\':15}','{\'mend\':2,\'ward\':3,\'flare\':2}','{\'leaguePike\':2,\'pavise\':1,\'coil\':3}',9,191,0,2,2,8,54,'{\'rally\':25,\'brace\':15,\'focusedShot\':13,\'secondWind\':1}','{\'fireburst\':5,\'ward\':2,\'mend\':4}','{\'pikeman\':7,\'cavalier\':1}',8,193
30,river_ford,baseline,league,draw,round-limit,30,1,5,0,13,39,'{\'rally\':23,\'brace\':13,\'charge\':1,\'secondWind\':2}','{\'ward\':2,\'fireburst\':5,\'mend\':1}','{\'archer\':4,\'pikeman\':8,\'cavalier\':1}',6,146,0,0,5,1,146,'{\'rally\':60,\'setPosition\':58,\'preparedPosition\':28}','{\'ward\':2,\'fieldRepair\':1,\'flare\':1,\'mend\':1}',{"leaguePike":1},6,127
31,river_ford,league,baseline,draw,round-limit,30,1,4,3,8,79,'{\'rally\':56,\'setPosition\':21,\'preparedPosition\':2}','{\'flare\':3,\'ward\':2,\'fieldRepair\':2,\'fireburst\':1,\'mend\':1}','{\'leaguePike\':1,\'pavise\':4,\'coil\':2,\'relicWalker\':1}',9,213,0,3,3,10,44,'{\'rally\':15,\'focusedShot\':22,\'charge\':2,\'secondWind\':5}','{\'mend\':9,\'fireburst\':2,\'ward\':1}','{\'pikeman\':7,\'cavalier\':2,\'archer\':1}',9,192
31,river_ford,baseline,league,draw,round-limit,30,1,4,0,16,36,'{\'rally\':24,\'brace\':10,\'charge\':1,\'secondWind\':1}','{\'fireburst\':5,\'mend\':3,\'ward\':3}','{\'archer\':4,\'pikeman\':12}',7,141,0,0,4,1,146,'{\'rally\':60,\'setPosition\':58,\'preparedPosition\':28}',{"fieldRepair":4},{"leaguePike":1},6,128
32,river_ford,league,baseline,draw,round-limit,30,1,2,5,6,95,'{\'rally\':65,\'setPosition\':23,\'preparedPosition\':7}','{\'mend\':2,\'fieldRepair\':1,\'ward\':1,\'fireburst\':1,\'flare\':1}','{\'leaguePike\':2,\'pavise\':1,\'coil\':3}',9,192,0,5,2,12,44,'{\'rally\':22,\'brace\':4,\'focusedShot\':16,\'charge\':1,\'secondWind\':1}','{\'fireburst\':4,\'mend\':1}','{\'pikeman\':8,\'archer\':2,\'cavalier\':2}',7,184
32,river_ford,baseline,league,draw,round-limit,30,1,4,0,13,45,'{\'rally\':28,\'brace\':13,\'charge\':2,\'secondWind\':2}','{\'fireburst\':3,\'ward\':3,\'mend\':2}','{\'pikeman\':10,\'archer\':1,\'cavalier\':2}',8,169,0,0,4,1,144,'{\'rally\':59,\'setPosition\':57,\'preparedPosition\':28}','{\'fireburst\':1,\'ward\':1,\'mend\':2,\'fieldRepair\':2}',{"pavise":1},6,127
33,river_ford,league,baseline,draw,round-limit,30,1,9,4,11,75,'{\'rally\':51,\'setPosition\':16,\'preparedPosition\':8}','{\'ward\':1,\'flare\':3,\'mend\':1,\'fieldRepair\':1}','{\'leaguePike\':2,\'pavise\':4,\'coil\':5}',7,145,1,4,9,11,46,'{\'rally\':22,\'brace\':10,\'focusedShot\':11,\'secondWind\':3}',{"fireburst":1},'{\'pikeman\':8,\'archer\':2,\'cavalier\':1}',7,152
33,river_ford,baseline,league,draw,round-limit,30,1,4,0,16,38,'{\'rally\':24,\'brace\':9,\'charge\':1,\'secondWind\':4}','{\'mend\':3,\'ward\':2}','{\'pikeman\':11,\'archer\':3,\'cavalier\':2}',7,139,0,0,4,1,147,'{\'rally\':60,\'setPosition\':58,\'preparedPosition\':29}','{\'fireburst\':2,\'fieldRepair\':2,\'flare\':1}',{"leaguePike":1},6,134
34,river_ford,league,baseline,draw,round-limit,30,1,3,2,6,96,'{\'rally\':58,\'setPosition\':31,\'preparedPosition\':7}','{\'fireburst\':1,\'mend\':2,\'flare\':1}','{\'leaguePike\':2,\'pavise\':1,\'coil\':3}',8,167,0,2,3,9,33,'{\'rally\':15,\'brace\':6,\'focusedShot\':10,\'secondWind\':2}','{\'fireburst\':3,\'ward\':2,\'mend\':1}','{\'pikeman\':7,\'cavalier\':1,\'archer\':1}',7,179
34,river_ford,baseline,league,draw,round-limit,30,0,4,0,15,38,'{\'rally\':24,\'brace\':11,\'charge\':1,\'secondWind\':2}','{\'ward\':2,\'fireburst\':2,\'mend\':4}','{\'pikeman\':10,\'archer\':3,\'cavalier\':2}',8,146,0,0,4,1,143,'{\'setPosition\':57,\'rally\':58,\'preparedPosition\':28}','{\'ward\':1,\'fireburst\':1,\'fieldRepair\':2}',{"pavise":1},6,135
35,river_ford,league,baseline,draw,round-limit,30,1,10,3,10,85,'{\'rally\':55,\'setPosition\':27,\'preparedPosition\':3}','{\'fieldRepair\':2,\'mend\':1,\'flare\':1}','{\'leaguePike\':3,\'coil\':5,\'pavise\':2}',5,111,0,3,10,10,34,'{\'rally\':19,\'focusedShot\':1,\'charge\':4,\'secondWind\':3,\'brace\':7}','{\'fireburst\':2,\'ward\':3,\'mend\':2}','{\'pikeman\':7,\'archer\':2,\'cavalier\':1}',7,168
35,river_ford,baseline,league,draw,round-limit,30,1,4,0,11,56,'{\'rally\':31,\'brace\':20,\'charge\':1,\'secondWind\':4}','{\'fireburst\':2,\'mend\':3}','{\'archer\':3,\'pikeman\':6,\'cavalier\':2}',7,161,0,0,4,1,148,'{\'setPosition\':60,\'rally\':60,\'preparedPosition\':28}','{\'fireburst\':1,\'flare\':1,\'mend\':1,\'fieldRepair\':1,\'ward\':1}',{"pavise":1},6,133
36,river_ford,league,baseline,draw,round-limit,30,1,6,3,7,110,'{\'rally\':65,\'setPosition\':37,\'preparedPosition\':8}','{\'fireburst\':2,\'mend\':4,\'fieldRepair\':4,\'ward\':3,\'flare\':1}','{\'leaguePike\':3,\'coil\':4}',6,132,0,3,6,10,29,'{\'rally\':16,\'brace\':8,\'charge\':1,\'focusedShot\':1,\'secondWind\':3}','{\'ward\':4,\'fireburst\':5,\'mend\':3}','{\'cavalier\':2,\'pikeman\':7,\'archer\':1}',7,149
36,river_ford,baseline,league,draw,round-limit,30,0,6,0,14,33,'{\'rally\':19,\'brace\':8,\'charge\':2,\'secondWind\':4}','{\'fireburst\':3,\'ward\':6,\'mend\':3}','{\'pikeman\':7,\'archer\':4,\'cavalier\':3}',7,148,0,0,6,1,142,'{\'setPosition\':57,\'rally\':57,\'preparedPosition\':28}','{\'mend\':1,\'fieldRepair\':2,\'flare\':1}',{"pavise":1},6,132
37,river_ford,league,baseline,draw,round-limit,30,1,6,3,7,68,'{\'rally\':45,\'setPosition\':20,\'preparedPosition\':3}','{\'ward\':2,\'fireburst\':1,\'fieldRepair\':2,\'flare\':1}','{\'leaguePike\':2,\'pavise\':2,\'coil\':3}',6,102,0,3,6,10,48,'{\'rally\':25,\'brace\':14,\'focusedShot\':7,\'charge\':1,\'secondWind\':1}','{\'fireburst\':4,\'mend\':2,\'ward\':2}','{\'pikeman\':6,\'archer\':3,\'cavalier\':1}',7,136
37,river_ford,baseline,league,draw,round-limit,30,1,1,0,8,53,'{\'rally\':31,\'brace\':22}',{"fireburst":1},'{\'pikeman\':6,\'archer\':1,\'cavalier\':1}',9,199,0,0,1,1,148,'{\'setPosition\':60,\'rally\':60,\'preparedPosition\':28}','{\'fieldRepair\':4,\'flare\':1}',{"pavise":1},6,133
38,river_ford,league,baseline,draw,round-limit,30,1,5,3,8,69,'{\'rally\':50,\'setPosition\':16,\'preparedPosition\':3}','{\'fireburst\':2,\'ward\':2,\'fieldRepair\':2}','{\'leaguePike\':3,\'coil\':5}',8,173,0,3,5,10,37,'{\'rally\':17,\'brace\':8,\'focusedShot\':4,\'secondWind\':7,\'charge\':1}','{\'mend\':1,\'ward\':3,\'fireburst\':2}','{\'pikeman\':4,\'archer\':5,\'cavalier\':1}',7,152
38,river_ford,baseline,league,draw,round-limit,30,1,4,0,12,37,'{\'rally\':24,\'brace\':12,\'secondWind\':1}','{\'mend\':5,\'fireburst\':2,\'ward\':2}','{\'pikeman\':9,\'archer\':1,\'cavalier\':2}',7,148,0,0,4,1,143,'{\'setPosition\':57,\'rally\':58,\'preparedPosition\':28}','{\'fireburst\':2,\'ward\':3,\'flare\':2,\'mend\':1,\'fieldRepair\':1}',{"pavise":1},6,128
39,river_ford,league,baseline,draw,round-limit,30,1,2,3,6,118,'{\'rally\':70,\'setPosition\':40,\'preparedPosition\':8}','{\'fieldRepair\':2,\'mend\':1,\'ward\':1,\'fireburst\':1}','{\'leaguePike\':3,\'coil\':3}',9,178,0,4,1,13,47,'{\'rally\':22,\'brace\':7,\'focusedShot\':15,\'charge\':1,\'secondWind\':2}','{\'fireburst\':4,\'ward\':2,\'mend\':2}','{\'pikeman\':7,\'archer\':5,\'cavalier\':1}',7,170
39,river_ford,baseline,league,draw,round-limit,30,1,0,0,8,58,'{\'rally\':33,\'brace\':25}','{\'ward\':1,\'fireburst\':1,\'mend\':2}','{\'archer\':3,\'pikeman\':5}',7,169,0,0,0,1,148,'{\'setPosition\':60,\'rally\':60,\'preparedPosition\':28}','{\'ward\':1,\'flare\':2,\'fieldRepair\':2}',{"pavise":1},6,140
40,river_ford,league,baseline,draw,round-limit,30,1,4,5,5,128,'{\'rally\':64,\'setPosition\':45,\'preparedPosition\':19}','{\'fireburst\':4,\'mend\':3,\'fieldRepair\':1,\'flare\':3,\'ward\':1}','{\'leaguePike\':3,\'coil\':2}',6,107,0,5,4,12,59,'{\'rally\':28,\'brace\':16,\'focusedShot\':6,\'secondWind\':6,\'charge\':3}','{\'ward\':6,\'fireburst\':4,\'mend\':2}','{\'cavalier\':3,\'pikeman\':6,\'archer\':3}',8,154
40,river_ford,baseline,league,draw,round-limit,30,1,2,0,10,48,'{\'rally\':32,\'secondWind\':1,\'brace\':15}','{\'ward\':8,\'fireburst\':4,\'mend\':1}','{\'pikeman\':6,\'archer\':4}',8,181,0,0,2,1,149,'{\'setPosition\':60,\'rally\':60,\'preparedPosition\':29}','{\'mend\':2,\'fieldRepair\':3,\'flare\':2,\'fireburst\':1,\'ward\':1}',{"pavise":1},6,133
41,river_ford,league,baseline,draw,round-limit,30,1,8,2,9,76,'{\'rally\':48,\'setPosition\':22,\'preparedPosition\':6}','{\'ward\':2,\'fieldRepair\':1,\'fireburst\':3,\'mend\':1,\'flare\':5}','{\'leaguePike\':2,\'pavise\':2,\'coil\':5}',6,109,0,3,8,11,37,'{\'rally\':24,\'brace\':7,\'charge\':2,\'focusedShot\':3,\'secondWind\':1}','{\'fireburst\':5,\'ward\':3,\'mend\':3}','{\'pikeman\':7,\'archer\':3,\'cavalier\':1}',8,152
41,river_ford,baseline,league,draw,round-limit,30,0,2,0,9,49,'{\'rally\':29,\'brace\':16,\'secondWind\':4}','{\'fireburst\':2,\'mend\':3}','{\'pikeman\':6,\'cavalier\':1,\'archer\':2}',7,166,0,0,2,1,149,'{\'setPosition\':60,\'rally\':60,\'preparedPosition\':29}','{\'ward\':1,\'fieldRepair\':1,\'flare\':1,\'mend\':3}',{"pavise":1},6,127
42,river_ford,league,baseline,draw,round-limit,30,0,4,2,6,123,'{\'rally\':74,\'setPosition\':42,\'preparedPosition\':7}','{\'ward\':4,\'flare\':3,\'fieldRepair\':4}','{\'leaguePike\':2,\'pavise\':1,\'coil\':3}',7,126,0,2,4,9,51,'{\'rally\':30,\'brace\':15,\'focusedShot\':5,\'charge\':1}','{\'fireburst\':7,\'mend\':6,\'ward\':4}','{\'archer\':2,\'pikeman\':7}',7,171
42,river_ford,baseline,league,draw,round-limit,30,1,4,0,15,52,'{\'rally\':35,\'brace\':13,\'secondWind\':3,\'charge\':1}','{\'fireburst\':5,\'ward\':7,\'mend\':4}','{\'pikeman\':12,\'archer\':1,\'cavalier\':2}',8,189,0,0,4,1,149,'{\'setPosition\':60,\'rally\':60,\'preparedPosition\':29}','{\'fieldRepair\':4,\'ward\':1,\'mend\':1}',{"pavise":1},6,131
43,river_ford,league,baseline,draw,round-limit,30,1,4,4,5,133,'{\'rally\':68,\'setPosition\':48,\'preparedPosition\':17}','{\'fireburst\':1,\'mend\':4,\'flare\':2}','{\'leaguePike\':2,\'pavise\':1,\'coil\':2}',6,107,0,4,4,13,43,'{\'rally\':19,\'focusedShot\':18,\'brace\':5,\'secondWind\':1}','{\'fireburst\':5,\'ward\':5,\'mend\':5}','{\'pikeman\':9,\'archer\':3,\'cavalier\':1}',8,185
43,river_ford,baseline,league,draw,round-limit,30,1,2,0,9,54,'{\'rally\':32,\'secondWind\':2,\'brace\':20}','{\'fireburst\':3,\'ward\':3}','{\'archer\':3,\'pikeman\':6}',7,170,0,0,2,1,142,'{\'setPosition\':57,\'rally\':57,\'preparedPosition\':28}','{\'fireburst\':1,\'fieldRepair\':1,\'flare\':1,\'mend\':3,\'ward\':1}',{"pavise":1},6,120
44,river_ford,league,baseline,draw,round-limit,30,0,4,4,5,120,'{\'rally\':55,\'setPosition\':43,\'preparedPosition\':22}','{\'fireburst\':1,\'flare\':4,\'mend\':1,\'fieldRepair\':2}','{\'leaguePike\':2,\'coil\':3}',6,119,0,4,4,11,60,'{\'rally\':32,\'focusedShot\':5,\'brace\':19,\'charge\':1,\'secondWind\':3}','{\'fireburst\':4,\'ward\':3,\'mend\':1}','{\'pikeman\':7,\'archer\':3,\'cavalier\':1}',7,163
44,river_ford,baseline,league,draw,round-limit,30,1,3,0,15,34,'{\'rally\':23,\'brace\':10,\'secondWind\':1}','{\'ward\':6,\'mend\':5,\'fireburst\':2}','{\'archer\':3,\'pikeman\':11,\'cavalier\':1}',7,149,0,0,3,1,143,'{\'setPosition\':57,\'rally\':58,\'preparedPosition\':28}','{\'ward\':1,\'mend\':1,\'fieldRepair\':2}',{"pavise":1},6,130
45,river_ford,league,baseline,draw,round-limit,30,1,0,0,4,59,'{\'rally\':46,\'setPosition\':12,\'preparedPosition\':1}','{\'fireburst\':1,\'ward\':3,\'mend\':1,\'flare\':3}','{\'leaguePike\':2,\'pavise\':1,\'coil\':1}',9,193,0,0,0,8,41,'{\'rally\':21,\'brace\':6,\'focusedShot\':14}','{\'fireburst\':1,\'mend\':1,\'ward\':1}','{\'pikeman\':6,\'archer\':2}',7,157
45,river_ford,baseline,league,draw,round-limit,30,1,2,0,9,40,'{\'rally\':25,\'brace\':13,\'secondWind\':2}','{\'fireburst\':2,\'ward\':7,\'mend\':2}','{\'pikeman\':8,\'archer\':1}',8,140,0,0,2,1,142,'{\'rally\':59,\'setPosition\':55,\'preparedPosition\':28}','{\'fireburst\':1,\'ward\':1,\'mend\':1,\'fieldRepair\':4}',{"leaguePike":1},6,130
46,river_ford,league,baseline,draw,round-limit,30,1,3,2,6,53,'{\'rally\':41,\'setPosition\':10,\'preparedPosition\':2}','{\'fireburst\':1,\'ward\':1,\'mend\':2,\'flare\':1,\'fieldRepair\':1}','{\'leaguePike\':2,\'pavise\':1,\'coil\':3}',8,163,0,2,3,10,29,'{\'rally\':14,\'brace\':4,\'secondWind\':3,\'focusedShot\':8}','{\'fireburst\':4,\'mend\':2,\'ward\':3}','{\'pikeman\':7,\'archer\':3}',8,182
46,river_ford,baseline,league,draw,round-limit,30,1,2,0,9,60,'{\'rally\':39,\'brace\':18,\'secondWind\':3}','{\'ward\':2,\'fireburst\':3,\'mend\':1}','{\'archer\':2,\'pikeman\':6,\'cavalier\':1}',7,174,0,0,2,1,149,'{\'setPosition\':60,\'rally\':60,\'preparedPosition\':29}','{\'flare\':1,\'mend\':1,\'fieldRepair\':1}',{"pavise":1},6,129
47,river_ford,league,baseline,draw,round-limit,30,1,2,3,5,113,'{\'rally\':71,\'setPosition\':41,\'preparedPosition\':1}','{\'fireburst\':3,\'ward\':1,\'flare\':3,\'mend\':2,\'fieldRepair\':1}','{\'leaguePike\':2,\'coil\':3}',8,162,0,3,2,11,38,'{\'rally\':23,\'brace\':5,\'focusedShot\':4,\'charge\':2,\'secondWind\':4}','{\'fireburst\':8,\'mend\':5,\'ward\':5}','{\'pikeman\':7,\'archer\':3,\'cavalier\':1}',8,188
47,river_ford,baseline,league,draw,round-limit,30,1,3,1,14,36,'{\'rally\':23,\'charge\':2,\'brace\':8,\'secondWind\':3}','{\'fireburst\':3,\'ward\':5,\'mend\':3}','{\'pikeman\':12,\'archer\':1,\'cavalier\':1}',8,167,0,1,3,2,126,'{\'setPosition\':49,\'rally\':51,\'preparedPosition\':26}','{\'ward\':3,\'flare\':2,\'fieldRepair\':3,\'mend\':1}','{\'pavise\':1,\'coil\':1}',6,132
48,river_ford,league,baseline,draw,round-limit,30,1,1,3,4,129,'{\'rally\':73,\'setPosition\':46,\'preparedPosition\':10}','{\'ward\':1,\'flare\':1,\'fireburst\':2,\'mend\':1}','{\'leaguePike\':2,\'pavise\':1,\'coil\':1}',8,152,0,3,1,11,35,'{\'rally\':19,\'brace\':8,\'focusedShot\':6,\'secondWind\':2}','{\'fireburst\':4,\'ward\':4,\'mend\':1}','{\'pikeman\':8,\'archer\':3}',8,198
48,river_ford,baseline,league,draw,round-limit,30,1,2,0,17,40,'{\'rally\':31,\'brace\':9}','{\'fireburst\':4,\'ward\':6,\'mend\':6}','{\'archer\':3,\'pikeman\':14}',6,133,0,0,2,1,145,'{\'rally\':60,\'setPosition\':58,\'preparedPosition\':27}','{\'fireburst\':1,\'mend\':2,\'fieldRepair\':1}',{"leaguePike":1},6,119
49,river_ford,league,baseline,draw,round-limit,30,1,11,3,14,77,'{\'rally\':57,\'setPosition\':17,\'preparedPosition\':3}','{\'mend\':5,\'fireburst\':1,\'flare\':1,\'ward\':1}','{\'leaguePike\':3,\'coil\':7,\'pavise\':4}',8,168,0,3,9,12,43,'{\'rally\':28,\'brace\':8,\'charge\':2,\'focusedShot\':3,\'secondWind\':2}','{\'ward\':5,\'mend\':4,\'fireburst\':5}','{\'pikeman\':7,\'archer\':4,\'cavalier\':1}',7,173
49,river_ford,baseline,league,draw,round-limit,30,1,5,0,19,39,'{\'rally\':32,\'brace\':6,\'secondWind\':1}','{\'fireburst\':3,\'ward\':4,\'mend\':1}','{\'pikeman\':16,\'archer\':2,\'cavalier\':1}',6,168,0,0,5,1,142,'{\'setPosition\':57,\'rally\':58,\'preparedPosition\':27}','{\'fieldRepair\':2,\'flare\':1,\'fireburst\':1,\'ward\':1}',{"pavise":1},6,129
50,river_ford,league,baseline,draw,round-limit,30,1,2,3,4,136,'{\'rally\':68,\'setPosition\':49,\'preparedPosition\':19}','{\'ward\':1,\'fireburst\':3,\'mend\':1,\'fieldRepair\':1,\'flare\':1}','{\'leaguePike\':2,\'pavise\':1,\'coil\':1}',7,144,0,4,2,11,41,'{\'rally\':26,\'brace\':7,\'focusedShot\':6,\'secondWind\':1,\'charge\':1}','{\'fireburst\':3,\'mend\':4,\'ward\':7}','{\'pikeman\':7,\'archer\':4}',7,170
50,river_ford,baseline,league,draw,round-limit,30,1,4,0,18,39,'{\'rally\':28,\'brace\':8,\'secondWind\':3}','{\'fireburst\':2,\'ward\':4,\'mend\':3}','{\'archer\':3,\'pikeman\':14,\'cavalier\':1}',6,142,0,0,4,1,148,'{\'setPosition\':60,\'rally\':60,\'preparedPosition\':28}','{\'ward\':2,\'fieldRepair\':3,\'flare\':1,\'mend\':1}',{"pavise":1},6,131
51,river_ford,league,baseline,draw,round-limit,30,1,2,6,4,134,'{\'rally\':62,\'setPosition\':53,\'preparedPosition\':19}','{\'fireburst\':3,\'mend\':3,\'fieldRepair\':1}','{\'leaguePike\':2,\'coil\':2}',7,146,0,6,2,13,25,'{\'rally\':12,\'focusedShot\':5,\'brace\':3,\'charge\':2,\'secondWind\':3}','{\'ward\':4,\'mend\':5,\'fireburst\':1}','{\'pikeman\':7,\'archer\':4,\'cavalier\':2}',7,134
51,river_ford,baseline,league,draw,round-limit,30,0,5,1,12,43,'{\'rally\':29,\'charge\':2,\'secondWind\':3,\'brace\':9}','{\'fireburst\':5,\'ward\':3,\'mend\':2}','{\'pikeman\':8,\'archer\':4}',8,190,0,1,5,2,138,'{\'setPosition\':55,\'rally\':56,\'preparedPosition\':27}','{\'flare\':1,\'fireburst\':2,\'mend\':2,\'fieldRepair\':3,\'ward\':1}',{"pavise":2},6,120
52,river_ford,league,baseline,draw,round-limit,30,1,5,5,6,104,'{\'rally\':61,\'setPosition\':36,\'preparedPosition\':7}','{\'fireburst\':1,\'ward\':2,\'flare\':3,\'mend\':1,\'fieldRepair\':1}','{\'leaguePike\':2,\'coil\':3,\'pavise\':1}',6,110,0,5,3,14,37,'{\'rally\':14,\'focusedShot\':14,\'charge\':2,\'secondWind\':4,\'brace\':3}','{\'ward\':4,\'fireburst\':5,\'mend\':10}','{\'pikeman\':9,\'archer\':2,\'cavalier\':3}',8,194
52,river_ford,baseline,league,draw,round-limit,30,0,2,0,12,45,'{\'rally\':26,\'brace\':14,\'secondWind\':5}','{\'fireburst\':4,\'ward\':5,\'mend\':2}','{\'pikeman\':9,\'archer\':2,\'cavalier\':1}',7,146,0,0,2,1,147,'{\'rally\':60,\'setPosition\':58,\'preparedPosition\':29}','{\'fireburst\':2,\'mend\':1,\'fieldRepair\':1,\'flare\':3}',{"leaguePike":1},6,113
53,river_ford,league,baseline,draw,round-limit,30,1,3,2,4,94,'{\'rally\':58,\'setPosition\':29,\'preparedPosition\':5,\'arcBurst\':2}','{\'fireburst\':2,\'fieldRepair\':1,\'ward\':5,\'mend\':4,\'flare\':1}','{\'leaguePike\':2,\'pavise\':1,\'relicWalker\':1}',6,116,0,2,3,10,31,'{\'rally\':17,\'focusedShot\':9,\'charge\':2,\'secondWind\':1,\'brace\':2}','{\'fireburst\':3,\'ward\':9,\'mend\':6}','{\'pikeman\':5,\'archer\':5}',6,131
53,river_ford,baseline,league,draw,round-limit,30,2,3,1,14,32,'{\'rally\':26,\'brace\':3,\'secondWind\':3}','{\'fireburst\':6,\'mend\':5,\'ward\':4}','{\'pikeman\':11,\'cavalier\':2,\'archer\':1}',7,173,0,4,3,5,135,'{\'rally\':56,\'setPosition\':52,\'preparedPosition\':27}','{\'fireburst\':1,\'ward\':2,\'fieldRepair\':2,\'flare\':2}','{\'pavise\':3,\'coil\':2}',6,125
54,river_ford,league,baseline,draw,round-limit,30,1,1,6,4,132,'{\'rally\':77,\'setPosition\':41,\'preparedPosition\':14}','{\'fieldRepair\':1,\'ward\':2,\'flare\':1}','{\'leaguePike\':2,\'pavise\':1,\'coil\':1}',9,183,0,6,1,12,32,'{\'rally\':18,\'brace\':3,\'focusedShot\':6,\'charge\':1,\'secondWind\':4}','{\'fireburst\':7,\'mend\':3,\'ward\':1}','{\'pikeman\':7,\'cavalier\':2,\'archer\':3}',7,163
54,river_ford,baseline,league,draw,round-limit,30,1,10,0,16,38,'{\'rally\':23,\'charge\':5,\'brace\':6,\'secondWind\':4}','{\'fireburst\':4,\'mend\':2,\'ward\':3}','{\'pikeman\':10,\'cavalier\':5,\'archer\':1}',8,200,0,0,10,1,149,'{\'setPosition\':60,\'rally\':60,\'preparedPosition\':29}','{\'ward\':1,\'fieldRepair\':2,\'flare\':2,\'mend\':2}',{"pavise":1},6,133
55,river_ford,league,baseline,draw,round-limit,30,1,5,5,6,96,'{\'rally\':52,\'setPosition\':34,\'preparedPosition\':10}','{\'fireburst\':2,\'ward\':1,\'mend\':1,\'fieldRepair\':1}','{\'leaguePike\':3,\'coil\':3}',6,99,0,5,5,14,34,'{\'rally\':17,\'brace\':3,\'focusedShot\':11,\'secondWind\':1,\'charge\':2}','{\'ward\':5,\'mend\':5,\'fireburst\':1}','{\'pikeman\':6,\'archer\':4,\'cavalier\':4}',6,135
55,river_ford,baseline,league,draw,round-limit,30,1,5,0,16,42,'{\'rally\':26,\'brace\':12,\'charge\':2,\'secondWind\':2}','{\'fireburst\':1,\'ward\':4,\'mend\':2}','{\'pikeman\':13,\'cavalier\':2,\'archer\':1}',8,155,0,0,5,1,147,'{\'rally\':60,\'setPosition\':58,\'preparedPosition\':29}','{\'fireburst\':1,\'flare\':1,\'fieldRepair\':3}',{"leaguePike":1},6,127
56,river_ford,league,baseline,draw,round-limit,30,1,4,2,7,60,'{\'rally\':45,\'setPosition\':14,\'arcBurst\':1}','{\'fireburst\':3,\'ward\':4,\'flare\':2,\'mend\':2}','{\'leaguePike\':1,\'pavise\':2,\'coil\':3,\'relicWalker\':1}',8,182,0,2,4,10,39,'{\'rally\':23,\'brace\':10,\'focusedShot\':5,\'secondWind\':1}','{\'fireburst\':1,\'ward\':2,\'mend\':6}','{\'pikeman\':7,\'archer\':3}',8,160
56,river_ford,baseline,league,draw,round-limit,30,1,2,1,9,53,'{\'rally\':33,\'brace\':19,\'secondWind\':1}','{\'fireburst\':5,\'mend\':3,\'ward\':2}','{\'pikeman\':7,\'archer\':1,\'cavalier\':1}',9,197,0,1,2,1,141,'{\'setPosition\':55,\'rally\':58,\'preparedPosition\':28}','{\'fireburst\':1,\'fieldRepair\':3,\'mend\':1,\'ward\':1}',{"pavise":1},5,99
57,river_ford,league,baseline,draw,round-limit,30,1,3,3,5,188,'{\'rally\':103,\'setPosition\':84,\'preparedPosition\':1}','{\'fireburst\':2,\'ward\':3,\'mend\':1,\'flare\':1,\'fieldRepair\':2}','{\'leaguePike\':3,\'pavise\':1,\'coil\':1}',8,189,0,3,3,11,28,'{\'rally\':19,\'brace\':5,\'focusedShot\':2,\'charge\':2}','{\'fireburst\':5,\'mend\':1,\'ward\':2}','{\'pikeman\':6,\'archer\':3,\'cavalier\':2}',8,191
57,river_ford,baseline,league,draw,round-limit,30,1,4,1,20,42,'{\'rally\':30,\'secondWind\':3,\'brace\':8,\'charge\':1}','{\'fireburst\':5,\'ward\':6,\'mend\':4}','{\'pikeman\':17,\'cavalier\':2,\'archer\':1}',7,160,0,1,4,2,148,'{\'setPosition\':59,\'rally\':60,\'preparedPosition\':29}','{\'ward\':3,\'flare\':2,\'mend\':1,\'fieldRepair\':1}',{"pavise":2},6,139
58,river_ford,league,baseline,draw,round-limit,30,1,6,5,9,104,'{\'rally\':65,\'setPosition\':37,\'preparedPosition\':2}','{\'fireburst\':1,\'ward\':2,\'mend\':1,\'fieldRepair\':1,\'flare\':1}','{\'leaguePike\':2,\'pavise\':1,\'coil\':5,\'relicWalker\':1}',8,163,0,5,6,15,46,'{\'rally\':23,\'brace\':11,\'focusedShot\':7,\'secondWind\':3,\'charge\':2}','{\'ward\':3,\'mend\':3,\'fireburst\':3}','{\'pikeman\':10,\'archer\':3,\'cavalier\':2}',8,197
58,river_ford,baseline,league,draw,round-limit,30,1,1,2,8,28,'{\'rally\':24,\'charge\':1,\'focusedShot\':1,\'secondWind\':2}','{\'fireburst\':6,\'ward\':2,\'mend\':5}','{\'pikeman\':6,\'archer\':1,\'cavalier\':1}',8,187,0,2,1,6,57,'{\'setPosition\':13,\'rally\':40,\'preparedPosition\':4}','{\'flare\':2,\'ward\':1,\'fieldRepair\':2,\'mend\':2,\'fireburst\':1}','{\'pavise\':4,\'leaguePike\':1,\'coil\':1}',9,198
59,river_ford,league,baseline,draw,round-limit,30,1,6,0,8,68,'{\'rally\':52,\'setPosition\':16}','{\'fireburst\':1,\'ward\':2,\'mend\':2,\'fieldRepair\':3,\'flare\':1}','{\'leaguePike\':3,\'pavise\':3,\'coil\':2}',7,150,0,0,6,7,41,'{\'rally\':17,\'brace\':11,\'focusedShot\':8,\'charge\':3,\'secondWind\':2}','{\'fireburst\':1,\'ward\':2,\'mend\':5}','{\'pikeman\':3,\'archer\':3,\'cavalier\':1}',8,143
59,river_ford,baseline,league,draw,round-limit,30,1,4,3,16,49,'{\'rally\':33,\'secondWind\':5,\'brace\':9,\'charge\':2}','{\'fireburst\':4,\'ward\':4,\'mend\':3}','{\'pikeman\':13,\'cavalier\':2,\'archer\':1}',7,177,0,3,4,4,114,'{\'rally\':50,\'setPosition\':47,\'preparedPosition\':17}','{\'ward\':3,\'mend\':1,\'fieldRepair\':2,\'flare\':2}','{\'leaguePike\':1,\'pavise\':2,\'coil\':1}',6,128
60,river_ford,league,baseline,draw,round-limit,30,0,2,3,4,154,'{\'rally\':73,\'setPosition\':60,\'preparedPosition\':21}','{\'fireburst\':1,\'flare\':2,\'mend\':1,\'ward\':1}','{\'leaguePike\':1,\'pavise\':1,\'coil\':2}',7,150,0,3,2,9,39,'{\'rally\':19,\'brace\':6,\'focusedShot\':3,\'charge\':3,\'secondWind\':8}','{\'mend\':4,\'ward\':1,\'fireburst\':1}','{\'pikeman\':7,\'cavalier\':1,\'archer\':1}',8,180
60,river_ford,baseline,league,draw,round-limit,30,0,4,0,13,46,'{\'rally\':30,\'secondWind\':4,\'brace\':10,\'charge\':2}','{\'ward\':4,\'fireburst\':3,\'mend\':2}','{\'pikeman\':9,\'archer\':3,\'cavalier\':1}',6,132,0,0,4,1,149,'{\'setPosition\':60,\'rally\':60,\'preparedPosition\':29}','{\'fieldRepair\':3,\'ward\':1}',{"pavise":1},6,135
61,river_ford,league,baseline,draw,round-limit,30,0,6,2,7,87,'{\'rally\':46,\'setPosition\':30,\'preparedPosition\':8,\'arcBurst\':3}','{\'fireburst\':2,\'flare\':2,\'ward\':1,\'fieldRepair\':2}','{\'leaguePike\':2,\'coil\':4,\'relicWalker\':1}',6,142,0,2,6,10,44,'{\'rally\':22,\'brace\':7,\'focusedShot\':2,\'secondWind\':9,\'charge\':4}','{\'ward\':3,\'mend\':2,\'fireburst\':1}','{\'pikeman\':6,\'archer\':2,\'cavalier\':2}',8,155
61,river_ford,baseline,league,draw,round-limit,30,1,3,0,9,52,'{\'rally\':35,\'secondWind\':5,\'charge\':1,\'brace\':11}','{\'ward\':4,\'fireburst\':2,\'mend\':3}','{\'pikeman\':6,\'archer\':1,\'cavalier\':2}',9,205,0,0,3,1,149,'{\'setPosition\':60,\'rally\':60,\'preparedPosition\':29}','{\'flare\':3,\'ward\':1,\'mend\':1,\'fieldRepair\':1}',{"pavise":1},6,127
62,river_ford,league,baseline,draw,round-limit,30,1,4,2,7,112,'{\'rally\':58,\'setPosition\':42,\'preparedPosition\':12}','{\'fireburst\':2,\'ward\':1}','{\'leaguePike\':1,\'pavise\':1,\'coil\':5}',8,170,0,2,4,8,43,'{\'rally\':21,\'brace\':7,\'focusedShot\':11,\'secondWind\':4}','{\'ward\':4,\'mend\':3,\'fireburst\':1}','{\'pikeman\':7,\'cavalier\':1}',8,153
62,river_ford,baseline,league,draw,round-limit,30,1,2,0,9,58,'{\'rally\':43,\'brace\':12,\'secondWind\':3}',{"ward":3},'{\'pikeman\':5,\'archer\':3,\'cavalier\':1}',7,152,0,0,2,1,147,'{\'rally\':60,\'setPosition\':58,\'preparedPosition\':29}','{\'fireburst\':2,\'mend\':1,\'fieldRepair\':2,\'ward\':1}',{"leaguePike":1},6,138
63,river_ford,league,baseline,draw,round-limit,30,1,5,2,7,75,'{\'rally\':50,\'setPosition\':21,\'preparedPosition\':4}','{\'fireburst\':2,\'mend\':1,\'flare\':1}','{\'leaguePike\':2,\'pavise\':2,\'coil\':3}',7,167,0,2,5,9,34,'{\'rally\':18,\'brace\':7,\'focusedShot\':4,\'secondWind\':4,\'charge\':1}','{\'mend\':3,\'fireburst\':4,\'ward\':2}','{\'cavalier\':1,\'pikeman\':5,\'archer\':3}',7,140
63,river_ford,baseline,league,draw,round-limit,30,0,4,0,12,40,'{\'rally\':25,\'secondWind\':6,\'charge\':1,\'brace\':8}','{\'ward\':2,\'fireburst\':1,\'mend\':1}','{\'pikeman\':9,\'archer\':3}',7,161,0,0,4,1,148,'{\'setPosition\':60,\'rally\':60,\'preparedPosition\':28}','{\'fieldRepair\':2,\'ward\':1}',{"pavise":1},6,137
64,river_ford,league,baseline,draw,round-limit,30,1,8,5,8,134,'{\'rally\':65,\'setPosition\':51,\'preparedPosition\':18}','{\'fireburst\':2,\'fieldRepair\':3,\'ward\':1,\'flare\':1}','{\'leaguePike\':3,\'coil\':4,\'pavise\':1}',5,121,0,5,7,14,41,'{\'rally\':25,\'focusedShot\':2,\'brace\':8,\'secondWind\':3,\'charge\':3}','{\'ward\':7,\'mend\':8,\'fireburst\':4}','{\'pikeman\':10,\'archer\':2,\'cavalier\':2}',7,183
64,river_ford,baseline,league,draw,round-limit,30,1,5,0,14,39,'{\'rally\':24,\'focusedShot\':1,\'brace\':9,\'secondWind\':4,\'charge\':1}','{\'ward\':5,\'mend\':2,\'fireburst\':2}','{\'pikeman\':12,\'archer\':1,\'cavalier\':1}',8,154,0,0,5,1,141,'{\'rally\':58,\'setPosition\':55,\'preparedPosition\':28}','{\'fireburst\':1,\'flare\':1,\'mend\':1,\'fieldRepair\':1}',{"leaguePike":1},6,134
65,river_ford,league,baseline,draw,round-limit,30,1,2,0,5,69,'{\'rally\':49,\'setPosition\':17,\'preparedPosition\':3}','{\'fireburst\':3,\'ward\':1,\'flare\':3,\'mend\':1}','{\'leaguePike\':3,\'coil\':2}',8,159,0,0,2,8,49,'{\'rally\':22,\'brace\':4,\'focusedShot\':18,\'secondWind\':5}','{\'fireburst\':2,\'ward\':6,\'mend\':4}','{\'pikeman\':6,\'archer\':2}',7,142
65,river_ford,baseline,league,draw,round-limit,30,1,5,2,11,47,'{\'rally\':28,\'charge\':3,\'brace\':15,\'secondWind\':1}','{\'ward\':3,\'mend\':4,\'fireburst\':3}','{\'pikeman\':8,\'archer\':1,\'cavalier\':2}',7,148,0,2,5,3,130,'{\'rally\':57,\'setPosition\':49,\'preparedPosition\':24}','{\'fireburst\':1,\'ward\':1,\'fieldRepair\':1,\'flare\':1}',{"pavise":3},6,112
66,river_ford,league,baseline,draw,round-limit,30,1,8,4,10,69,'{\'rally\':50,\'setPosition\':15,\'preparedPosition\':4}','{\'flare\':3,\'mend\':3,\'fieldRepair\':1,\'ward\':2}','{\'leaguePike\':3,\'coil\':4,\'pavise\':2,\'relicWalker\':1}',7,182,0,4,8,16,36,'{\'rally\':19,\'brace\':2,\'focusedShot\':11,\'charge\':1,\'secondWind\':3}','{\'mend\':3,\'ward\':3,\'fireburst\':2}','{\'pikeman\':11,\'archer\':2,\'cavalier\':3}',6,151
66,river_ford,baseline,league,draw,round-limit,30,1,5,0,12,46,'{\'rally\':32,\'brace\':12,\'secondWind\':2}','{\'ward\':4,\'mend\':1,\'fireburst\':1}','{\'archer\':3,\'pikeman\':7,\'cavalier\':2}',7,165,0,0,5,1,146,'{\'rally\':60,\'setPosition\':58,\'preparedPosition\':28}','{\'fireburst\':2,\'fieldRepair\':1,\'flare\':1}',{"leaguePike":1},6,130
67,river_ford,league,baseline,draw,round-limit,30,0,7,4,8,130,'{\'rally\':60,\'setPosition\':51,\'preparedPosition\':19}','{\'mend\':3,\'flare\':2,\'fireburst\':2}','{\'leaguePike\':2,\'pavise\':1,\'coil\':5}',6,132,0,4,6,13,45,'{\'rally\':29,\'brace\':13,\'charge\':1,\'secondWind\':1,\'focusedShot\':1}','{\'ward\':1,\'mend\':2,\'fireburst\':1}','{\'pikeman\':10,\'archer\':3}',8,176
67,river_ford,baseline,league,draw,round-limit,30,1,1,0,9,52,'{\'rally\':32,\'brace\':20}','{\'ward\':4,\'fireburst\':4,\'mend\':1}','{\'archer\':3,\'pikeman\':6}',8,175,0,0,1,1,146,'{\'rally\':60,\'setPosition\':58,\'preparedPosition\':28}','{\'fireburst\':1,\'fieldRepair\':3}',{"leaguePike":1},6,123
68,river_ford,league,baseline,draw,round-limit,30,0,3,2,6,71,'{\'rally\':52,\'setPosition\':17,\'preparedPosition\':2}','{\'fireburst\':2,\'fieldRepair\':2,\'flare\':2,\'mend\':1}','{\'leaguePike\':3,\'pavise\':3}',8,183,0,2,3,10,26,'{\'rally\':11,\'focusedShot\':14,\'brace\':1}','{\'ward\':6,\'fireburst\':1,\'mend\':1}','{\'pikeman\':6,\'archer\':4}',8,192
68,river_ford,baseline,league,draw,round-limit,30,0,1,0,8,57,'{\'rally\':32,\'secondWind\':5,\'brace\':20}','{\'fireburst\':4,\'ward\':1,\'mend\':2}','{\'pikeman\':6,\'archer\':2}',7,174,0,0,1,1,143,'{\'rally\':60,\'setPosition\':55,\'preparedPosition\':28}','{\'fireburst\':2,\'mend\':2,\'fieldRepair\':1}',{"leaguePike":1},6,115
69,river_ford,league,baseline,draw,round-limit,30,0,7,4,8,114,'{\'rally\':62,\'setPosition\':41,\'preparedPosition\':11}','{\'fireburst\':1,\'fieldRepair\':2,\'ward\':4,\'mend\':1}','{\'leaguePike\':3,\'coil\':4,\'pavise\':1}',6,118,0,4,7,15,55,'{\'rally\':30,\'brace\':8,\'focusedShot\':6,\'secondWind\':7,\'charge\':4}','{\'fireburst\':2,\'mend\':4,\'ward\':5}','{\'pikeman\':10,\'archer\':3,\'cavalier\':2}',7,170
69,river_ford,baseline,league,draw,round-limit,30,1,5,0,12,46,'{\'rally\':33,\'brace\':13}',{"fireburst":3},'{\'pikeman\':8,\'archer\':4}',8,184,0,0,5,1,147,'{\'rally\':60,\'setPosition\':58,\'preparedPosition\':29}','{\'fireburst\':3,\'mend\':2,\'fieldRepair\':2}',{"leaguePike":1},6,125
70,river_ford,league,baseline,draw,round-limit,30,1,7,2,10,76,'{\'rally\':52,\'setPosition\':23,\'preparedPosition\':1}','{\'fieldRepair\':2,\'flare\':2,\'mend\':2,\'ward\':2}','{\'leaguePike\':2,\'pavise\':2,\'coil\':5,\'relicWalker\':1}',8,175,0,2,7,10,30,'{\'rally\':13,\'brace\':4,\'focusedShot\':10,\'charge\':1,\'secondWind\':2}','{\'fireburst\':3,\'mend\':5,\'ward\':5}','{\'pikeman\':6,\'archer\':3,\'cavalier\':1}',7,143
70,river_ford,baseline,league,draw,round-limit,30,1,3,0,10,48,'{\'rally\':33,\'brace\':14,\'secondWind\':1}','{\'ward\':2,\'fireburst\':2,\'mend\':4}','{\'archer\':1,\'pikeman\':6,\'cavalier\':3}',9,206,0,0,3,1,144,'{\'rally\':59,\'setPosition\':57,\'preparedPosition\':28}','{\'fireburst\':1,\'ward\':1,\'fieldRepair\':3,\'flare\':1}',{"pavise":1},6,125
71,river_ford,league,baseline,draw,round-limit,30,1,2,3,5,102,'{\'rally\':62,\'setPosition\':36,\'preparedPosition\':4}','{\'fieldRepair\':2,\'ward\':3,\'mend\':2,\'flare\':2}','{\'leaguePike\':3,\'coil\':2}',8,159,0,3,2,12,35,'{\'rally\':18,\'brace\':7,\'focusedShot\':6,\'charge\':1,\'secondWind\':3}','{\'fireburst\':2,\'ward\':5,\'mend\':5}','{\'pikeman\':8,\'cavalier\':2,\'archer\':2}',7,160
71,river_ford,baseline,league,draw,round-limit,30,1,2,2,13,36,'{\'rally\':27,\'charge\':1,\'secondWind\':1,\'brace\':7}','{\'fireburst\':12,\'ward\':6,\'mend\':5}','{\'pikeman\':12,\'archer\':1}',8,191,0,6,2,6,117,'{\'rally\':52,\'setPosition\':48,\'preparedPosition\':17}','{\'fireburst\':1,\'ward\':3,\'mend\':2,\'fieldRepair\':2,\'flare\':1}','{\'pavise\':3,\'coil\':3}',5,116
72,river_ford,league,baseline,draw,round-limit,30,0,6,4,7,125,'{\'rally\':67,\'setPosition\':45,\'preparedPosition\':13}','{\'fieldRepair\':1,\'ward\':5,\'flare\':2}','{\'leaguePike\':3,\'coil\':4}',6,113,0,4,5,13,44,'{\'rally\':21,\'brace\':10,\'focusedShot\':12,\'charge\':1}','{\'fireburst\':4,\'ward\':4,\'mend\':5}','{\'pikeman\':7,\'archer\':5,\'cavalier\':1}',7,163
72,river_ford,baseline,league,draw,round-limit,30,1,8,0,16,32,'{\'rally\':18,\'brace\':5,\'charge\':5,\'secondWind\':4}','{\'ward\':6,\'fireburst\':2,\'mend\':3}','{\'pikeman\':9,\'archer\':3,\'cavalier\':4}',7,161,0,0,8,1,142,'{\'rally\':59,\'setPosition\':57,\'preparedPosition\':26}','{\'fireburst\':1,\'ward\':4,\'fieldRepair\':3,\'flare\':1,\'mend\':3}',{"pavise":1},6,124
73,river_ford,league,baseline,draw,round-limit,30,1,5,4,6,103,'{\'rally\':62,\'setPosition\':34,\'preparedPosition\':7}','{\'mend\':1,\'fieldRepair\':3,\'ward\':2,\'fireburst\':1}','{\'leaguePike\':3,\'coil\':3}',6,102,0,4,5,10,40,'{\'rally\':22,\'brace\':5,\'focusedShot\':11,\'charge\':2}','{\'fireburst\':2,\'ward\':2,\'mend\':2}','{\'pikeman\':7,\'archer\':2,\'cavalier\':1}',7,169
73,river_ford,baseline,league,draw,round-limit,30,1,1,0,8,58,'{\'rally\':35,\'brace\':23}','{\'fireburst\':2,\'mend\':1,\'ward\':1}','{\'pikeman\':7,\'archer\':1}',8,165,0,0,1,1,148,'{\'setPosition\':60,\'rally\':60,\'preparedPosition\':28}','{\'fireburst\':3,\'ward\':1,\'mend\':1,\'fieldRepair\':2}',{"pavise":1},6,127
74,river_ford,league,baseline,draw,round-limit,30,1,5,3,9,81,'{\'rally\':49,\'setPosition\':27,\'preparedPosition\':5}','{\'fieldRepair\':3,\'mend\':3,\'ward\':2,\'fireburst\':1}','{\'leaguePike\':3,\'coil\':6}',9,183,0,3,5,9,46,'{\'rally\':23,\'focusedShot\':11,\'brace\':9,\'secondWind\':3}','{\'fireburst\':2,\'ward\':1,\'mend\':1}','{\'pikeman\':8,\'cavalier\':1}',8,156
74,river_ford,baseline,league,draw,round-limit,30,1,4,1,13,42,'{\'rally\':26,\'brace\':11,\'focusedShot\':1,\'secondWind\':3,\'charge\':1}','{\'fireburst\':4,\'ward\':2,\'mend\':4}','{\'pikeman\':10,\'archer\':1,\'cavalier\':2}',9,201,0,2,4,3,141,'{\'rally\':59,\'setPosition\':56,\'preparedPosition\':26}','{\'fireburst\':1,\'ward\':1,\'fieldRepair\':3,\'flare\':1}','{\'leaguePike\':1,\'pavise\':1,\'coil\':1}',6,107
75,river_ford,league,baseline,draw,round-limit,30,1,6,6,6,95,'{\'rally\':61,\'setPosition\':25,\'preparedPosition\':9}','{\'mend\':3,\'fieldRepair\':1}','{\'leaguePike\':3,\'coil\':3}',6,122,0,6,6,14,39,'{\'rally\':21,\'brace\':8,\'focusedShot\':5,\'charge\':3,\'secondWind\':2}','{\'fireburst\':6,\'ward\':3,\'mend\':2}','{\'pikeman\':9,\'archer\':3,\'cavalier\':2}',6,151
75,river_ford,baseline,league,draw,round-limit,30,1,6,1,14,39,'{\'rally\':26,\'secondWind\':2,\'brace\':11}','{\'fireburst\':3,\'ward\':3,\'mend\':3}','{\'pikeman\':12,\'archer\':1,\'cavalier\':1}',7,151,0,1,6,2,148,'{\'setPosition\':59,\'rally\':60,\'preparedPosition\':29}','{\'ward\':4,\'flare\':3,\'fireburst\':1,\'fieldRepair\':2}',{"pavise":2},6,140
76,river_ford,league,baseline,blue,keep-captured,28,1,3,5,6,64,'{\'rally\':45,\'setPosition\':18,\'preparedPosition\':1}','{\'flare\':3,\'mend\':3,\'fieldRepair\':2,\'ward\':1,\'fireburst\':2}','{\'leaguePike\':2,\'pavise\':2,\'coil\':2}',8,159,0,5,3,14,45,'{\'rally\':28,\'brace\':6,\'focusedShot\':6,\'charge\':4,\'secondWind\':1}','{\'fireburst\':3,\'mend\':2,\'ward\':1}','{\'pikeman\':9,\'cavalier\':3,\'archer\':2}',7,165
76,river_ford,baseline,league,draw,round-limit,30,1,1,0,8,60,'{\'rally\':40,\'brace\':15,\'charge\':1,\'secondWind\':4}','{\'ward\':5,\'fireburst\':4}','{\'archer\':1,\'pikeman\':6,\'cavalier\':1}',9,205,0,0,1,1,146,'{\'rally\':60,\'setPosition\':58,\'preparedPosition\':28}','{\'fireburst\':1,\'mend\':1,\'fieldRepair\':1,\'ward\':1,\'flare\':1}',{"leaguePike":1},6,118
77,river_ford,league,baseline,draw,round-limit,30,1,2,1,6,59,'{\'rally\':44,\'setPosition\':15}','{\'fireburst\':1,\'fieldRepair\':1,\'ward\':1,\'mend\':1}','{\'leaguePike\':4,\'pavise\':1,\'coil\':1}',9,199,0,1,2,9,18,'{\'rally\':12,\'brace\':3,\'focusedShot\':3}','{\'ward\':4,\'fireburst\':3,\'mend\':4}','{\'archer\':2,\'pikeman\':7}',8,177
77,river_ford,baseline,league,draw,round-limit,30,1,2,0,9,54,'{\'rally\':42,\'brace\':12}','{\'mend\':1,\'fireburst\':1}','{\'pikeman\':6,\'archer\':3}',7,161,0,0,2,1,144,'{\'rally\':59,\'setPosition\':57,\'preparedPosition\':28}','{\'fireburst\':1,\'flare\':2,\'mend\':2,\'fieldRepair\':1}',{"pavise":1},6,125
78,river_ford,league,baseline,draw,round-limit,30,1,6,3,9,130,'{\'rally\':75,\'setPosition\':41,\'preparedPosition\':14}','{\'fireburst\':3,\'ward\':3,\'fieldRepair\':3}','{\'leaguePike\':5,\'coil\':2,\'pavise\':2}',8,185,0,4,3,15,42,'{\'rally\':28,\'brace\':8,\'focusedShot\':6}','{\'fireburst\':11,\'ward\':8,\'mend\':4}','{\'pikeman\':13,\'archer\':2}',6,155
78,river_ford,baseline,league,draw,round-limit,30,1,1,0,8,50,'{\'rally\':32,\'brace\':18}','{\'fireburst\':2,\'ward\':2,\'mend\':1}','{\'pikeman\':6,\'archer\':2}',7,165,0,0,1,1,146,'{\'rally\':60,\'setPosition\':58,\'preparedPosition\':28}','{\'fireburst\':1,\'ward\':5,\'mend\':1,\'fieldRepair\':1}',{"leaguePike":1},6,110
79,river_ford,league,baseline,draw,round-limit,30,1,2,5,4,128,'{\'rally\':63,\'setPosition\':48,\'preparedPosition\':17}',{},'{\'leaguePike\':3,\'coil\':1}',7,143,0,5,2,10,28,'{\'rally\':12,\'brace\':6,\'focusedShot\':1,\'charge\':5,\'secondWind\':4}','{\'mend\':6,\'ward\':3,\'fireburst\':1}','{\'cavalier\':2,\'pikeman\':5,\'archer\':3}',6,132
79,river_ford,baseline,league,draw,round-limit,30,1,3,0,14,46,'{\'rally\':32,\'brace\':12,\'charge\':1,\'secondWind\':1}','{\'ward\':3,\'mend\':2,\'fireburst\':4}','{\'archer\':3,\'pikeman\':11}',6,158,0,1,3,2,140,'{\'setPosition\':56,\'rally\':57,\'preparedPosition\':27}','{\'flare\':2,\'mend\':1,\'fieldRepair\':1}',{"pavise":2},6,128
80,river_ford,league,baseline,draw,round-limit,30,1,5,3,6,137,'{\'rally\':71,\'setPosition\':52,\'preparedPosition\':14}','{\'fireburst\':3,\'fieldRepair\':3,\'ward\':2,\'mend\':1}','{\'leaguePike\':3,\'pavise\':1,\'coil\':2}',6,118,0,3,5,12,33,'{\'rally\':22,\'focusedShot\':6,\'brace\':5}','{\'fireburst\':4,\'ward\':3,\'mend\':2}','{\'pikeman\':10,\'archer\':2}',8,182
80,river_ford,baseline,league,draw,round-limit,30,1,3,0,9,46,'{\'rally\':29,\'brace\':15,\'secondWind\':2}','{\'fireburst\':5,\'mend\':2,\'ward\':4}','{\'pikeman\':6,\'archer\':3}',6,142,0,0,3,1,148,'{\'setPosition\':60,\'rally\':60,\'preparedPosition\':28}','{\'mend\':3,\'fieldRepair\':2}',{"pavise":1},6,137
81,river_ford,league,baseline,draw,round-limit,30,0,7,3,8,123,'{\'rally\':66,\'setPosition\':44,\'preparedPosition\':13}','{\'ward\':2,\'mend\':1}','{\'leaguePike\':1,\'pavise\':3,\'coil\':4}',6,124,0,3,7,10,48,'{\'rally\':24,\'brace\':12,\'focusedShot\':10,\'secondWind\':2}','{\'fireburst\':6,\'ward\':4,\'mend\':5}','{\'pikeman\':8,\'archer\':2}',7,180
81,river_ford,baseline,league,draw,round-limit,30,1,4,0,11,45,'{\'rally\':28,\'brace\':15,\'charge\':1,\'secondWind\':1}',{"fireburst":3},'{\'archer\':3,\'pikeman\':7,\'cavalier\':1}',7,165,0,0,4,1,146,'{\'rally\':60,\'setPosition\':58,\'preparedPosition\':28}','{\'ward\':2,\'fieldRepair\':3,\'flare\':1,\'mend\':2}',{"leaguePike":1},6,134
82,river_ford,league,baseline,draw,round-limit,30,0,3,4,5,151,'{\'rally\':74,\'setPosition\':61,\'preparedPosition\':16}','{\'fireburst\':2,\'ward\':2,\'fieldRepair\':1}','{\'leaguePike\':2,\'pavise\':1,\'coil\':2}',7,131,0,4,3,10,34,'{\'rally\':17,\'brace\':5,\'focusedShot\':8,\'secondWind\':4}','{\'fireburst\':2,\'ward\':1,\'mend\':2}','{\'pikeman\':7,\'cavalier\':2,\'archer\':1}',9,187
82,river_ford,baseline,league,draw,round-limit,30,0,4,0,10,41,'{\'rally\':27,\'brace\':6,\'charge\':4,\'secondWind\':4}','{\'fireburst\':4,\'ward\':4,\'mend\':3}','{\'pikeman\':7,\'archer\':3}',7,170,0,0,4,1,139,'{\'setPosition\':55,\'rally\':56,\'preparedPosition\':28}','{\'ward\':1,\'fieldRepair\':2}',{"pavise":1},6,137
83,river_ford,league,baseline,blue,keep-captured,21,1,3,2,6,77,'{\'rally\':53,\'setPosition\':21,\'preparedPosition\':3}','{\'mend\':2,\'fieldRepair\':1,\'ward\':1}','{\'leaguePike\':3,\'coil\':3}',8,162,0,2,2,9,36,'{\'rally\':13,\'brace\':2,\'focusedShot\':15,\'charge\':2,\'secondWind\':4}','{\'fireburst\':3,\'ward\':5,\'mend\':6}','{\'pikeman\':7,\'cavalier\':1,\'archer\':1}',7,162
83,river_ford,baseline,league,draw,round-limit,30,1,3,0,10,57,'{\'rally\':39,\'brace\':16,\'charge\':1,\'secondWind\':1}','{\'ward\':2,\'fireburst\':2,\'mend\':1}','{\'archer\':3,\'pikeman\':6,\'cavalier\':1}',7,177,0,0,3,1,145,'{\'rally\':60,\'setPosition\':58,\'preparedPosition\':27}','{\'fireburst\':2,\'ward\':1,\'mend\':1,\'fieldRepair\':1}',{"leaguePike":1},6,125
84,river_ford,league,baseline,blue,keep-captured,25,1,2,4,6,79,'{\'rally\':60,\'setPosition\':17,\'preparedPosition\':2}','{\'fireburst\':2,\'flare\':3,\'mend\':4}','{\'leaguePike\':2,\'pavise\':2,\'coil\':2}',9,198,0,4,2,12,38,'{\'rally\':22,\'brace\':3,\'focusedShot\':12,\'charge\':1}','{\'fireburst\':6,\'mend\':8,\'ward\':2}','{\'pikeman\':10,\'archer\':1,\'cavalier\':1}',8,193
84,river_ford,baseline,league,draw,round-limit,30,1,5,0,12,53,'{\'rally\':36,\'brace\':14,\'secondWind\':3}','{\'ward\':4,\'fireburst\':3,\'mend\':3}','{\'pikeman\':6,\'archer\':3,\'cavalier\':3}',7,166,0,0,4,1,147,'{\'rally\':60,\'setPosition\':58,\'preparedPosition\':29}','{\'fireburst\':3,\'ward\':2,\'fieldRepair\':2,\'flare\':3}',{"leaguePike":1},6,117
85,river_ford,league,baseline,draw,round-limit,30,1,4,4,6,110,'{\'rally\':61,\'setPosition\':39,\'preparedPosition\':10}','{\'fireburst\':3,\'fieldRepair\':2,\'ward\':1,\'mend\':2,\'flare\':1}','{\'leaguePike\':2,\'pavise\':1,\'coil\':3}',7,151,0,5,4,17,35,'{\'rally\':25,\'brace\':6,\'focusedShot\':1,\'secondWind\':2,\'charge\':1}','{\'fireburst\':7,\'mend\':3,\'ward\':2}','{\'pikeman\':14,\'cavalier\':1,\'archer\':2}',8,190
85,river_ford,baseline,league,draw,round-limit,30,1,3,2,10,52,'{\'rally\':30,\'secondWind\':3,\'brace\':18,\'charge\':1}','{\'ward\':3,\'fireburst\':2,\'mend\':1}','{\'pikeman\':7,\'archer\':3}',7,174,0,2,3,3,139,'{\'rally\':58,\'setPosition\':54,\'preparedPosition\':27}','{\'fireburst\':1,\'ward\':2,\'mend\':2,\'fieldRepair\':2,\'flare\':1}','{\'leaguePike\':1,\'pavise\':1,\'coil\':1}',6,130
86,river_ford,league,baseline,draw,round-limit,30,1,3,2,5,45,'{\'rally\':34,\'setPosition\':10,\'preparedPosition\':1}',{"flare":1},'{\'leaguePike\':1,\'pavise\':2,\'coil\':2}',8,166,0,2,3,13,27,'{\'rally\':19,\'focusedShot\':4,\'secondWind\':3,\'brace\':1}','{\'fireburst\':2,\'mend\':1,\'ward\':2}','{\'pikeman\':10,\'archer\':2,\'cavalier\':1}',7,172
86,river_ford,baseline,league,draw,round-limit,30,1,5,0,14,45,'{\'rally\':27,\'brace\':12,\'secondWind\':4,\'charge\':2}','{\'fireburst\':2,\'ward\':1,\'mend\':1}','{\'archer\':3,\'pikeman\':9,\'cavalier\':2}',7,141,0,0,5,1,142,'{\'setPosition\':57,\'rally\':58,\'preparedPosition\':27}','{\'fireburst\':1,\'fieldRepair\':2}',{"pavise":1},6,135
87,river_ford,league,baseline,draw,round-limit,30,0,7,6,7,91,'{\'rally\':53,\'setPosition\':27,\'preparedPosition\':11}','{\'fireburst\':2,\'flare\':1,\'fieldRepair\':3,\'mend\':1}','{\'leaguePike\':1,\'pavise\':2,\'coil\':4}',6,103,0,6,7,14,35,'{\'rally\':19,\'brace\':5,\'secondWind\':7,\'focusedShot\':1,\'charge\':3}','{\'fireburst\':3,\'mend\':5,\'ward\':2}','{\'pikeman\':6,\'archer\':3,\'cavalier\':5}',6,117
87,river_ford,baseline,league,draw,round-limit,30,1,2,2,10,47,'{\'rally\':32,\'brace\':14,\'secondWind\':1}','{\'ward\':2,\'mend\':4,\'fireburst\':5}','{\'archer\':4,\'pikeman\':6}',8,181,0,2,2,3,124,'{\'rally\':52,\'setPosition\':49,\'preparedPosition\':23}','{\'fireburst\':1,\'ward\':1,\'fieldRepair\':3,\'flare\':1}','{\'leaguePike\':1,\'pavise\':1,\'coil\':1}',6,111
88,river_ford,league,baseline,draw,round-limit,30,1,2,4,6,55,'{\'rally\':44,\'setPosition\':10,\'preparedPosition\':1}','{\'ward\':2,\'fireburst\':2,\'fieldRepair\':2,\'flare\':1}','{\'leaguePike\':1,\'pavise\':2,\'coil\':3}',9,204,0,4,2,13,40,'{\'rally\':21,\'brace\':8,\'focusedShot\':7,\'secondWind\':2,\'charge\':2}','{\'mend\':5,\'ward\':5,\'fireburst\':3}','{\'pikeman\':10,\'cavalier\':1,\'archer\':2}',7,162
88,river_ford,baseline,league,draw,round-limit,30,1,2,2,8,41,'{\'rally\':24,\'brace\':14,\'secondWind\':2,\'charge\':1}','{\'fireburst\':1,\'mend\':6,\'ward\':1}','{\'archer\':1,\'pikeman\':6,\'cavalier\':1}',8,178,0,2,2,3,146,'{\'rally\':60,\'setPosition\':57,\'preparedPosition\':29}','{\'fireburst\':1,\'fieldRepair\':2,\'flare\':1,\'mend\':2}','{\'leaguePike\':1,\'pavise\':1,\'coil\':1}',6,136
89,river_ford,league,baseline,draw,round-limit,30,1,3,2,4,130,'{\'rally\':64,\'setPosition\':46,\'preparedPosition\':20}','{\'fireburst\':3,\'flare\':3,\'mend\':1,\'fieldRepair\':1}','{\'leaguePike\':3,\'coil\':1}',6,131,0,3,3,11,49,'{\'rally\':25,\'focusedShot\':8,\'brace\':13,\'charge\':1,\'secondWind\':2}','{\'ward\':11,\'mend\':1,\'fireburst\':1}','{\'pikeman\':7,\'archer\':3,\'cavalier\':1}',8,165
89,river_ford,baseline,league,draw,round-limit,30,1,2,2,8,55,'{\'rally\':32,\'brace\':15,\'focusedShot\':1,\'secondWind\':6,\'charge\':1}','{\'ward\':4,\'mend\':2,\'fireburst\':3}','{\'archer\':1,\'pikeman\':6,\'cavalier\':1}',8,161,0,2,2,3,120,'{\'rally\':52,\'setPosition\':47,\'preparedPosition\':21}','{\'fireburst\':1,\'flare\':3,\'mend\':2,\'fieldRepair\':1}','{\'leaguePike\':1,\'pavise\':1,\'coil\':1}',6,136
90,river_ford,league,baseline,draw,round-limit,30,1,10,2,13,101,'{\'rally\':61,\'setPosition\':30,\'preparedPosition\':10}','{\'ward\':4,\'flare\':1,\'fireburst\':1,\'mend\':1,\'fieldRepair\':1}','{\'leaguePike\':3,\'pavise\':2,\'coil\':8}',8,165,0,3,10,11,45,'{\'rally\':23,\'brace\':7,\'focusedShot\':10,\'secondWind\':4,\'charge\':1}','{\'fireburst\':3,\'mend\':1,\'ward\':5}','{\'pikeman\':7,\'archer\':3,\'cavalier\':1}',8,160
90,river_ford,baseline,league,draw,round-limit,30,1,5,0,15,32,'{\'rally\':20,\'brace\':8,\'secondWind\':3,\'focusedShot\':1}','{\'ward\':5,\'mend\':2,\'fireburst\':1}','{\'pikeman\':9,\'archer\':6}',8,193,0,0,5,1,140,'{\'rally\':57,\'setPosition\':55,\'preparedPosition\':28}','{\'ward\':2,\'mend\':1,\'fieldRepair\':2}',{"leaguePike":1},6,122
91,river_ford,league,baseline,draw,round-limit,30,1,7,2,8,85,'{\'rally\':59,\'setPosition\':18,\'preparedPosition\':8}','{\'fireburst\':3,\'flare\':1,\'mend\':1}','{\'leaguePike\':4,\'coil\':3,\'pavise\':1}',6,145,0,2,5,13,36,'{\'rally\':17,\'focusedShot\':13,\'secondWind\':5,\'brace\':1}','{\'fireburst\':7,\'ward\':3,\'mend\':2}','{\'pikeman\':10,\'archer\':2,\'cavalier\':1}',7,159
91,river_ford,baseline,league,draw,round-limit,30,1,3,1,9,60,'{\'rally\':34,\'brace\':23,\'focusedShot\':1,\'secondWind\':2}','{\'fireburst\':1,\'ward\':1,\'mend\':1}','{\'pikeman\':6,\'archer\':1,\'cavalier\':2}',8,187,0,1,3,2,119,'{\'setPosition\':44,\'rally\':47,\'preparedPosition\':28}','{\'fireburst\':2,\'ward\':3,\'flare\':3,\'mend\':1,\'fieldRepair\':2}',{"pavise":2},6,132
92,river_ford,league,baseline,draw,round-limit,30,1,3,4,4,112,'{\'rally\':60,\'setPosition\':37,\'preparedPosition\':15}','{\'mend\':1,\'flare\':2,\'fieldRepair\':1,\'fireburst\':1}','{\'leaguePike\':2,\'pavise\':1,\'coil\':1}',6,124,0,4,3,11,26,'{\'rally\':12,\'focusedShot\':2,\'brace\':2,\'secondWind\':8,\'charge\':2}','{\'fireburst\':3,\'ward\':3,\'mend\':3}','{\'pikeman\':6,\'archer\':2,\'cavalier\':3}',7,174
92,river_ford,baseline,league,draw,round-limit,30,1,3,0,10,42,'{\'rally\':26,\'brace\':16}','{\'ward\':7,\'mend\':4,\'fireburst\':2}','{\'archer\':3,\'pikeman\':7}',8,193,0,0,3,1,148,'{\'setPosition\':60,\'rally\':60,\'preparedPosition\':28}','{\'flare\':2,\'fieldRepair\':1,\'ward\':1}',{"pavise":1},6,135
93,river_ford,league,baseline,draw,round-limit,30,1,8,4,10,91,'{\'rally\':55,\'setPosition\':33,\'preparedPosition\':3}','{\'fieldRepair\':3,\'ward\':1}','{\'leaguePike\':2,\'pavise\':1,\'coil\':7}',7,147,0,4,8,11,41,'{\'rally\':15,\'brace\':5,\'focusedShot\':14,\'charge\':3,\'secondWind\':4}','{\'fireburst\':1,\'ward\':4}','{\'pikeman\':8,\'cavalier\':2,\'archer\':1}',7,153
93,river_ford,baseline,league,draw,round-limit,30,1,3,0,10,36,'{\'rally\':23,\'brace\':5,\'charge\':2,\'secondWind\':6}','{\'ward\':2,\'mend\':3}','{\'archer\':4,\'pikeman\':5,\'cavalier\':1}',7,156,0,0,3,1,106,'{\'setPosition\':41,\'rally\':45,\'preparedPosition\':20}','{\'fireburst\':1,\'ward\':3,\'flare\':2,\'fieldRepair\':1}',{"pavise":1},6,137
94,river_ford,league,baseline,draw,round-limit,30,0,3,4,6,170,'{\'rally\':88,\'setPosition\':68,\'preparedPosition\':14}','{\'ward\':2,\'flare\':1,\'mend\':1,\'fieldRepair\':1}','{\'leaguePike\':2,\'pavise\':1,\'coil\':3}',8,167,0,4,3,10,42,'{\'rally\':18,\'focusedShot\':16,\'brace\':7,\'secondWind\':1}','{\'fireburst\':2,\'mend\':4,\'ward\':1}','{\'pikeman\':8,\'cavalier\':1,\'archer\':1}',8,170
94,river_ford,baseline,league,draw,round-limit,30,1,4,0,13,43,'{\'rally\':26,\'brace\':13,\'charge\':3,\'secondWind\':1}','{\'fireburst\':6,\'ward\':7,\'mend\':3}','{\'archer\':1,\'pikeman\':9,\'cavalier\':3}',8,145,0,0,4,1,148,'{\'setPosition\':60,\'rally\':60,\'preparedPosition\':28}','{\'ward\':1,\'fieldRepair\':2,\'flare\':1}',{"pavise":1},6,133
95,river_ford,league,baseline,draw,round-limit,30,1,10,6,11,100,'{\'rally\':61,\'setPosition\':29,\'preparedPosition\':10}','{\'flare\':2,\'mend\':3,\'ward\':2,\'fireburst\':1}','{\'leaguePike\':1,\'pavise\':3,\'coil\':6,\'relicWalker\':1}',7,153,0,6,10,15,63,'{\'rally\':33,\'charge\':1,\'focusedShot\':14,\'secondWind\':2,\'brace\':13}','{\'ward\':3,\'mend\':1,\'fireburst\':2}','{\'pikeman\':8,\'archer\':6,\'cavalier\':1}',8,155
95,river_ford,baseline,league,draw,round-limit,30,1,3,0,8,52,'{\'rally\':28,\'brace\':16,\'secondWind\':6,\'charge\':2}','{\'ward\':6,\'fireburst\':1,\'mend\':1}','{\'archer\':1,\'pikeman\':6,\'cavalier\':1}',8,148,0,0,3,1,148,'{\'setPosition\':60,\'rally\':60,\'preparedPosition\':28}','{\'flare\':1,\'fieldRepair\':1}',{"pavise":1},6,131
96,river_ford,league,baseline,draw,round-limit,30,1,3,2,5,87,'{\'rally\':56,\'setPosition\':24,\'preparedPosition\':7}','{\'ward\':3,\'flare\':4,\'mend\':2,\'fieldRepair\':5,\'fireburst\':2}','{\'leaguePike\':2,\'pavise\':1,\'relicWalker\':1,\'coil\':1}',7,163,0,2,3,10,34,'{\'rally\':19,\'focusedShot\':5,\'brace\':7,\'charge\':1,\'secondWind\':2}','{\'ward\':2,\'fireburst\':4,\'mend\':3}','{\'pikeman\':7,\'archer\':3}',8,173
96,river_ford,baseline,league,draw,round-limit,30,1,3,0,17,42,'{\'rally\':29,\'brace\':10,\'charge\':1,\'secondWind\':2}','{\'ward\':11,\'fireburst\':3,\'mend\':5}','{\'pikeman\':14,\'archer\':3}',6,150,0,0,3,1,148,'{\'setPosition\':60,\'rally\':60,\'preparedPosition\':28}','{\'fireburst\':1,\'flare\':1,\'ward\':2,\'mend\':3,\'fieldRepair\':1}',{"pavise":1},6,136
97,river_ford,league,baseline,draw,round-limit,30,1,4,2,6,66,'{\'rally\':44,\'setPosition\':20,\'preparedPosition\':2}','{\'fireburst\':5,\'mend\':1,\'ward\':2,\'flare\':1}','{\'leaguePike\':2,\'pavise\':1,\'coil\':3}',7,170,0,2,4,9,45,'{\'rally\':26,\'brace\':13,\'focusedShot\':1,\'charge\':1,\'secondWind\':4}','{\'fireburst\':1,\'mend\':2,\'ward\':4}','{\'pikeman\':7,\'archer\':2}',7,133
97,river_ford,baseline,league,draw,round-limit,30,1,2,0,11,35,'{\'rally\':22,\'brace\':13}','{\'fireburst\':1,\'mend\':1,\'ward\':3}','{\'pikeman\':8,\'archer\':3}',6,133,0,0,2,1,140,'{\'setPosition\':56,\'rally\':57,\'preparedPosition\':27}','{\'ward\':1,\'fieldRepair\':3,\'mend\':2}',{"pavise":1},6,126
98,river_ford,league,baseline,draw,round-limit,30,0,8,3,10,85,'{\'rally\':43,\'setPosition\':26,\'preparedPosition\':16}','{\'fireburst\':2,\'flare\':2,\'fieldRepair\':4}','{\'leaguePike\':1,\'pavise\':1,\'coil\':8}',7,152,0,3,8,11,50,'{\'rally\':24,\'brace\':13,\'focusedShot\':7,\'secondWind\':6}','{\'ward\':4,\'fireburst\':3,\'mend\':4}','{\'cavalier\':1,\'archer\':3,\'pikeman\':7}',8,174
98,river_ford,baseline,league,draw,round-limit,30,2,4,0,12,33,'{\'rally\':19,\'brace\':10,\'charge\':2,\'secondWind\':2}','{\'ward\':3,\'fireburst\':1,\'mend\':1}','{\'archer\':4,\'pikeman\':5,\'cavalier\':3}',8,160,0,0,4,1,147,'{\'setPosition\':60,\'rally\':60,\'preparedPosition\':27}','{\'flare\':4,\'ward\':1,\'fieldRepair\':1,\'fireburst\':1}',{"pavise":1},6,137
99,river_ford,league,baseline,draw,round-limit,30,1,2,2,4,74,'{\'rally\':46,\'setPosition\':22,\'preparedPosition\':6}','{\'fieldRepair\':2,\'mend\':1,\'ward\':1,\'fireburst\':1,\'flare\':2}','{\'leaguePike\':2,\'pavise\':1,\'coil\':1}',7,154,0,2,2,10,20,'{\'rally\':14,\'brace\':2,\'focusedShot\':3,\'charge\':1}','{\'fireburst\':2,\'ward\':3,\'mend\':3}','{\'pikeman\':7,\'archer\':3}',8,180
99,river_ford,baseline,league,draw,round-limit,30,1,0,1,7,50,'{\'rally\':30,\'brace\':20}','{\'fireburst\':3,\'mend\':1}','{\'pikeman\':5,\'archer\':1,\'cavalier\':1}',8,160,0,1,0,2,144,'{\'setPosition\':57,\'rally\':61,\'preparedPosition\':26}','{\'ward\':2,\'mend\':1,\'fieldRepair\':1,\'fireburst\':1}',{"pavise":2},6,133
100,river_ford,league,baseline,draw,round-limit,30,0,4,1,7,61,'{\'rally\':47,\'setPosition\':14}','{\'fireburst\':2,\'mend\':2,\'fieldRepair\':1}','{\'leaguePike\':2,\'pavise\':2,\'coil\':3}',8,179,0,1,4,8,33,'{\'rally\':17,\'charge\':2,\'focusedShot\':13,\'secondWind\':1}','{\'ward\':1,\'mend\':3,\'fireburst\':1}','{\'cavalier\':1,\'pikeman\':7}',8,170
100,river_ford,baseline,league,draw,round-limit,30,1,7,0,16,33,'{\'rally\':19,\'charge\':4,\'secondWind\':3,\'brace\':7}','{\'fireburst\':3,\'mend\':5,\'ward\':2}','{\'pikeman\':9,\'archer\':3,\'cavalier\':4}',6,151,0,0,7,1,143,'{\'rally\':60,\'setPosition\':56,\'preparedPosition\':27}','{\'fireburst\':1,\'mend\':1,\'fieldRepair\':2,\'ward\':1,\'flare\':1}',{"pavise":1},6,126
1,choke_gap1,league,baseline,draw,round-limit,30,1,3,3,7,126,'{\'rally\':72,\'setPosition\':47,\'preparedPosition\':7}',{"fieldRepair":3},'{\'leaguePike\':4,\'coil\':2,\'pavise\':1}',9,192,0,3,2,10,22,'{\'rally\':15,\'brace\':3,\'charge\':2,\'secondWind\':2}','{\'fireburst\':8,\'ward\':5,\'mend\':2}','{\'pikeman\':7,\'archer\':2,\'cavalier\':1}',7,179
1,choke_gap1,baseline,league,draw,round-limit,30,2,1,1,14,20,'{\'rally\':18,\'charge\':1,\'brace\':1}','{\'fireburst\':4,\'ward\':3,\'mend\':2}','{\'pikeman\':11,\'archer\':3}',6,141,0,1,1,4,40,'{\'setPosition\':10,\'rally\':28,\'preparedPosition\':2}','{\'ward\':2,\'fieldRepair\':1,\'fireburst\':1,\'mend\':5,\'flare\':1}','{\'pavise\':2,\'leaguePike\':1,\'coil\':1}',8,168
2,choke_gap1,league,baseline,draw,round-limit,30,1,7,3,9,82,'{\'rally\':55,\'setPosition\':27}','{\'ward\':3,\'fireburst\':1,\'fieldRepair\':1,\'flare\':2}','{\'leaguePike\':4,\'coil\':2,\'pavise\':3}',7,176,0,3,5,10,22,'{\'rally\':19,\'charge\':1,\'brace\':2}','{\'ward\':8,\'fireburst\':4,\'mend\':4}','{\'pikeman\':7,\'archer\':3}',7,168
2,choke_gap1,baseline,league,draw,round-limit,30,2,5,1,14,33,'{\'rally\':24,\'charge\':1,\'brace\':8}','{\'fireburst\':2,\'ward\':2,\'mend\':1}','{\'pikeman\':12,\'archer\':1,\'cavalier\':1}',6,151,0,1,5,3,129,'{\'setPosition\':48,\'rally\':52,\'preparedPosition\':29}','{\'fireburst\':1,\'ward\':3,\'mend\':2,\'fieldRepair\':1}','{\'leaguePike\':1,\'pavise\':1,\'coil\':1}',7,148
3,choke_gap1,league,baseline,draw,round-limit,30,1,5,3,8,103,'{\'rally\':61,\'setPosition\':36,\'preparedPosition\':6}','{\'mend\':2,\'flare\':3}','{\'leaguePike\':2,\'pavise\':2,\'coil\':4}',8,158,0,3,5,10,22,'{\'rally\':18,\'brace\':3,\'charge\':1}','{\'fireburst\':3,\'ward\':2,\'mend\':6}','{\'pikeman\':5,\'archer\':3,\'cavalier\':2}',9,207
3,choke_gap1,baseline,league,draw,round-limit,30,1,1,1,8,24,'{\'rally\':20,\'brace\':3,\'focusedShot\':1}','{\'fireburst\':3,\'ward\':3,\'mend\':2}','{\'archer\':2,\'pikeman\':6}',7,174,0,1,1,5,49,'{\'setPosition\':13,\'rally\':30,\'preparedPosition\':6}','{\'fireburst\':3,\'fieldRepair\':2,\'flare\':2,\'mend\':1}','{\'leaguePike\':3,\'coil\':2}',9,199
4,choke_gap1,league,baseline,draw,round-limit,30,1,5,2,8,53,'{\'rally\':35,\'setPosition\':16,\'preparedPosition\':2}','{\'mend\':3,\'flare\':4,\'ward\':2,\'fireburst\':2}','{\'leaguePike\':2,\'pavise\':1,\'coil\':4,\'relicWalker\':1}',8,182,0,2,5,10,29,'{\'rally\':20,\'brace\':5,\'charge\':2,\'secondWind\':2}','{\'mend\':2,\'ward\':2,\'fireburst\':2}','{\'pikeman\':7,\'archer\':3}',8,158
4,choke_gap1,baseline,league,draw,round-limit,30,2,6,0,16,35,'{\'rally\':24,\'brace\':10,\'charge\':1}','{\'ward\':7,\'fireburst\':7,\'mend\':4}','{\'archer\':4,\'pikeman\':11,\'cavalier\':1}',8,189,0,2,6,4,156,'{\'setPosition\':59,\'rally\':59,\'preparedPosition\':38}','{\'fireburst\':2,\'flare\':1,\'fieldRepair\':2,\'mend\':1}','{\'pavise\':1,\'coil\':3}',7,158
5,choke_gap1,league,baseline,draw,round-limit,30,1,3,3,6,45,'{\'rally\':32,\'setPosition\':11,\'preparedPosition\':2}','{\'ward\':2,\'mend\':3}','{\'leaguePike\':3,\'coil\':3}',8,155,0,3,3,10,16,'{\'rally\':10,\'brace\':2,\'charge\':3,\'secondWind\':1}','{\'fireburst\':4,\'mend\':5,\'ward\':2}','{\'pikeman\':6,\'archer\':2,\'cavalier\':2}',7,165
5,choke_gap1,baseline,league,draw,round-limit,30,1,6,1,16,30,'{\'rally\':20,\'brace\':7,\'charge\':2,\'secondWind\':1}','{\'fireburst\':5,\'ward\':3}','{\'pikeman\':10,\'archer\':5,\'cavalier\':1}',7,158,0,1,6,3,125,'{\'setPosition\':48,\'rally\':50,\'preparedPosition\':27}','{\'fieldRepair\':5,\'ward\':5,\'flare\':3,\'fireburst\':1}','{\'leaguePike\':1,\'pavise\':1,\'coil\':1}',7,127
6,choke_gap1,league,baseline,draw,round-limit,30,1,2,0,6,80,'{\'rally\':43,\'setPosition\':27,\'preparedPosition\':10}','{\'mend\':2,\'flare\':1}','{\'leaguePike\':3,\'coil\':3}',9,190,0,0,0,7,33,'{\'rally\':22,\'brace\':11}','{\'fireburst\':4,\'mend\':1,\'ward\':5}',{"pikeman":7},8,184
6,choke_gap1,baseline,league,draw,round-limit,30,2,6,1,15,30,'{\'rally\':21,\'brace\':8,\'charge\':1}','{\'fireburst\':4,\'ward\':3}','{\'archer\':3,\'pikeman\':11,\'cavalier\':1}',7,175,0,1,6,4,113,'{\'setPosition\':41,\'rally\':48,\'preparedPosition\':24}','{\'ward\':2,\'fieldRepair\':3,\'mend\':2}','{\'leaguePike\':2,\'pavise\':1,\'coil\':1}',8,159
7,choke_gap1,league,baseline,draw,round-limit,30,1,7,1,9,70,'{\'rally\':40,\'setPosition\':22,\'preparedPosition\':8}','{\'ward\':3,\'flare\':3,\'fieldRepair\':1,\'mend\':1}','{\'leaguePike\':3,\'coil\':6}',7,102,0,1,7,8,31,'{\'rally\':21,\'brace\':8,\'charge\':1,\'secondWind\':1}','{\'fireburst\':2,\'mend\':3}','{\'pikeman\':7,\'cavalier\':1}',8,167
7,choke_gap1,baseline,league,draw,round-limit,30,1,9,1,18,35,'{\'rally\':26,\'brace\':5,\'focusedShot\':1,\'charge\':3}','{\'ward\':6,\'fireburst\':5,\'mend\':6}','{\'pikeman\':12,\'archer\':4,\'cavalier\':2}',8,178,0,3,9,4,135,'{\'setPosition\':47,\'rally\':54,\'preparedPosition\':34}','{\'fireburst\':5,\'ward\':1,\'mend\':2,\'fieldRepair\':3}','{\'leaguePike\':2,\'coil\':2}',6,114
8,choke_gap1,league,baseline,draw,round-limit,30,2,4,3,7,98,'{\'rally\':57,\'setPosition\':29,\'preparedPosition\':12}','{\'fireburst\':2,\'ward\':1,\'fieldRepair\':1,\'mend\':3,\'flare\':2}','{\'leaguePike\':3,\'coil\':4}',8,174,1,3,4,12,29,'{\'rally\':21,\'charge\':2,\'secondWind\':1,\'brace\':5}','{\'fireburst\':4,\'mend\':3,\'ward\':1}','{\'pikeman\':8,\'archer\':2,\'cavalier\':2}',6,120
8,choke_gap1,baseline,league,draw,round-limit,30,1,2,0,13,25,'{\'rally\':22,\'secondWind\':1,\'charge\':1,\'brace\':1}','{\'fireburst\':4,\'ward\':3,\'mend\':3}','{\'pikeman\':12,\'archer\':1}',7,179,0,0,2,4,47,'{\'setPosition\':10,\'rally\':32,\'preparedPosition\':5}','{\'fieldRepair\':2,\'ward\':5,\'flare\':2,\'fireburst\':2}','{\'pavise\':2,\'leaguePike\':1,\'coil\':1}',9,187
9,choke_gap1,league,baseline,draw,round-limit,30,1,5,3,8,93,'{\'rally\':56,\'setPosition\':34,\'preparedPosition\':3}','{\'ward\':1,\'fieldRepair\':1,\'fireburst\':3,\'mend\':5,\'flare\':1}','{\'leaguePike\':4,\'coil\':3,\'pavise\':1}',8,154,1,3,5,10,34,'{\'rally\':26,\'charge\':1,\'secondWind\':1,\'brace\':6}','{\'ward\':7,\'fireburst\':1,\'mend\':2}','{\'pikeman\':7,\'archer\':3}',8,182
9,choke_gap1,baseline,league,draw,round-limit,30,1,2,1,8,24,'{\'rally\':18,\'charge\':1,\'brace\':5}','{\'fireburst\':2,\'ward\':3}','{\'pikeman\':6,\'archer\':1,\'cavalier\':1}',8,176,0,1,2,5,84,'{\'setPosition\':29,\'rally\':40,\'preparedPosition\':15}','{\'fieldRepair\':2,\'flare\':3,\'fireburst\':1,\'mend\':3}','{\'pavise\':1,\'leaguePike\':2,\'coil\':2}',9,194
10,choke_gap1,league,baseline,draw,round-limit,30,1,4,1,7,54,'{\'rally\':34,\'setPosition\':17,\'preparedPosition\':3}','{\'fireburst\':4,\'fieldRepair\':1,\'ward\':2,\'mend\':2}','{\'leaguePike\':2,\'coil\':4,\'pavise\':1}',8,167,0,1,4,8,29,'{\'rally\':20,\'brace\':3,\'secondWind\':2,\'charge\':4}','{\'fireburst\':2,\'mend\':4,\'ward\':1}','{\'archer\':2,\'pikeman\':5,\'cavalier\':1}',7,149
10,choke_gap1,baseline,league,draw,round-limit,30,0,1,0,9,11,'{\'rally\':10,\'brace\':1}','{\'fireburst\':3,\'mend\':4,\'ward\':1}','{\'pikeman\':5,\'archer\':3,\'cavalier\':1}',8,171,0,0,1,4,52,'{\'setPosition\':14,\'rally\':30,\'preparedPosition\':8}','{\'ward\':2,\'flare\':1,\'fieldRepair\':3,\'fireburst\':1}','{\'pavise\':2,\'leaguePike\':1,\'coil\':1}',9,161
11,choke_gap1,league,baseline,draw,round-limit,30,1,5,2,6,74,'{\'rally\':52,\'setPosition\':18,\'preparedPosition\':4}','{\'fireburst\':2,\'fieldRepair\':2,\'flare\':1,\'mend\':1}','{\'leaguePike\':2,\'pavise\':1,\'coil\':3}',6,139,0,2,5,10,33,'{\'rally\':23,\'brace\':10}','{\'fireburst\':6,\'mend\':3,\'ward\':5}','{\'pikeman\':7,\'archer\':2,\'cavalier\':1}',8,190
11,choke_gap1,baseline,league,draw,round-limit,30,1,4,5,10,45,'{\'rally\':29,\'focusedShot\':1,\'brace\':13,\'secondWind\':2}','{\'ward\':3,\'fireburst\':2}','{\'pikeman\':7,\'archer\':3}',7,144,0,5,4,6,79,'{\'setPosition\':27,\'rally\':39,\'preparedPosition\':13}','{\'ward\':2,\'fieldRepair\':3,\'flare\':3,\'fireburst\':3,\'mend\':1}','{\'leaguePike\':2,\'pavise\':1,\'coil\':3}',6,139
12,choke_gap1,league,baseline,draw,round-limit,30,1,4,5,6,73,'{\'rally\':47,\'setPosition\':20,\'preparedPosition\':6}','{\'fireburst\':2,\'mend\':1,\'flare\':1,\'ward\':2}','{\'leaguePike\':2,\'pavise\':1,\'coil\':3}',7,128,0,5,4,11,36,'{\'rally\':20,\'brace\':10,\'charge\':3,\'focusedShot\':2,\'secondWind\':1}','{\'fireburst\':2,\'ward\':3,\'mend\':5}','{\'archer\':3,\'pikeman\':6,\'cavalier\':2}',6,110
12,choke_gap1,baseline,league,draw,round-limit,30,2,2,2,9,38,'{\'rally\':23,\'brace\':12,\'focusedShot\':2,\'charge\':1}','{\'ward\':3,\'mend\':3,\'fireburst\':1}','{\'pikeman\':7,\'archer\':1,\'cavalier\':1}',8,180,0,2,2,4,109,'{\'setPosition\':39,\'rally\':49,\'preparedPosition\':21}','{\'flare\':2,\'fireburst\':1,\'mend\':2,\'fieldRepair\':2}','{\'pavise\':2,\'leaguePike\':1,\'coil\':1}',8,165
13,choke_gap1,league,baseline,draw,round-limit,30,1,2,2,6,92,'{\'rally\':53,\'setPosition\':29,\'preparedPosition\':10}','{\'ward\':3,\'flare\':2,\'fieldRepair\':1,\'mend\':1}','{\'leaguePike\':3,\'coil\':3}',9,183,0,2,2,10,31,'{\'rally\':18,\'brace\':9,\'charge\':1,\'secondWind\':3}','{\'ward\':5,\'fireburst\':5,\'mend\':3}','{\'pikeman\':7,\'archer\':2,\'cavalier\':1}',8,186
13,choke_gap1,baseline,league,draw,round-limit,30,2,2,1,14,25,'{\'rally\':20,\'charge\':3,\'brace\':1,\'secondWind\':1}','{\'fireburst\':4,\'ward\':4,\'mend\':7}','{\'archer\':3,\'pikeman\':10,\'cavalier\':1}',6,153,0,1,2,4,61,'{\'setPosition\':18,\'rally\':35,\'preparedPosition\':8}','{\'fireburst\':1,\'ward\':2,\'fieldRepair\':2,\'flare\':2}','{\'leaguePike\':1,\'pavise\':1,\'coil\':2}',8,165
14,choke_gap1,league,baseline,draw,round-limit,30,1,11,5,12,101,'{\'rally\':47,\'setPosition\':33,\'preparedPosition\':21}','{\'ward\':6,\'flare\':2,\'fireburst\':2}','{\'leaguePike\':3,\'coil\':8,\'pavise\':1}',6,119,1,5,9,14,42,'{\'rally\':28,\'brace\':9,\'charge\':1,\'focusedShot\':4}','{\'fireburst\':5,\'ward\':6,\'mend\':6}','{\'pikeman\':10,\'archer\':3,\'cavalier\':1}',7,136
14,choke_gap1,baseline,league,draw,round-limit,30,1,1,1,8,31,'{\'rally\':21,\'brace\':10}','{\'fireburst\':4,\'ward\':1,\'mend\':2}','{\'pikeman\':6,\'archer\':2}',7,163,0,1,1,4,114,'{\'setPosition\':39,\'rally\':49,\'preparedPosition\':26}','{\'fieldRepair\':1,\'ward\':1,\'fireburst\':1,\'mend\':1}','{\'leaguePike\':2,\'pavise\':1,\'coil\':1}',8,157
15,choke_gap1,league,baseline,draw,round-limit,30,1,8,2,12,67,'{\'rally\':47,\'setPosition\':16,\'preparedPosition\':4}','{\'fireburst\':4,\'fieldRepair\':5,\'mend\':2,\'ward\':1}','{\'leaguePike\':3,\'coil\':7,\'pavise\':2}',9,176,0,2,8,10,39,'{\'rally\':25,\'brace\':9,\'charge\':3,\'secondWind\':2}','{\'ward\':4,\'mend\':4,\'fireburst\':1}','{\'pikeman\':6,\'archer\':3,\'cavalier\':1}',8,158
15,choke_gap1,baseline,league,draw,round-limit,30,1,4,1,14,30,'{\'rally\':22,\'brace\':8}','{\'ward\':6,\'mend\':2,\'fireburst\':2}','{\'pikeman\':12,\'archer\':1,\'cavalier\':1}',8,172,0,1,4,4,150,'{\'setPosition\':55,\'rally\':60,\'preparedPosition\':35}','{\'fieldRepair\':4,\'mend\':1}','{\'leaguePike\':1,\'pavise\':2,\'coil\':1}',8,169
16,choke_gap1,league,baseline,draw,round-limit,30,1,7,4,10,95,'{\'rally\':54,\'setPosition\':29,\'preparedPosition\':8,\'arcBurst\':4}','{\'fireburst\':3,\'mend\':2,\'flare\':1,\'ward\':1}','{\'leaguePike\':3,\'coil\':4,\'relicWalker\':2,\'pavise\':1}',8,187,0,4,7,14,41,'{\'rally\':30,\'brace\':9,\'charge\':1,\'secondWind\':1}','{\'fireburst\':4,\'ward\':4,\'mend\':2}','{\'pikeman\':10,\'archer\':3,\'cavalier\':1}',8,165
16,choke_gap1,baseline,league,draw,round-limit,30,1,1,0,8,19,'{\'rally\':18,\'brace\':1}','{\'ward\':3,\'mend\':1}','{\'pikeman\':6,\'archer\':2}',7,187,0,0,1,4,43,'{\'setPosition\':12,\'rally\':27,\'preparedPosition\':4}','{\'fireburst\':1,\'ward\':1,\'flare\':1,\'mend\':2,\'fieldRepair\':2}','{\'leaguePike\':2,\'pavise\':1,\'coil\':1}',9,206
17,choke_gap1,league,baseline,draw,round-limit,30,1,4,3,8,65,'{\'rally\':39,\'setPosition\':18,\'preparedPosition\':8}','{\'ward\':4,\'mend\':1,\'fieldRepair\':1}','{\'leaguePike\':3,\'coil\':5}',9,200,0,3,3,12,22,'{\'rally\':15,\'brace\':4,\'charge\':2,\'secondWind\':1}','{\'ward\':2,\'fireburst\':2,\'mend\':3}','{\'pikeman\':9,\'archer\':2,\'cavalier\':1}',7,153
17,choke_gap1,baseline,league,draw,round-limit,30,1,2,0,9,22,'{\'rally\':18,\'secondWind\':1,\'brace\':3}','{\'fireburst\':4,\'mend\':2}','{\'archer\':3,\'pikeman\':6}',7,167,0,0,2,4,50,'{\'setPosition\':15,\'rally\':29,\'preparedPosition\':6}','{\'fieldRepair\':2,\'fireburst\':2,\'mend\':3,\'flare\':2,\'ward\':2}','{\'leaguePike\':2,\'pavise\':1,\'coil\':1}',9,196
18,choke_gap1,league,baseline,draw,round-limit,30,1,3,6,5,94,'{\'setPosition\':30,\'rally\':49,\'preparedPosition\':15}','{\'ward\':1,\'fireburst\':1,\'mend\':1,\'fieldRepair\':2}','{\'leaguePike\':1,\'pavise\':2,\'coil\':2}',7,126,0,6,3,15,25,'{\'rally\':15,\'brace\':6,\'charge\':2,\'secondWind\':2}','{\'mend\':5,\'ward\':2,\'fireburst\':3}','{\'pikeman\':7,\'archer\':6,\'cavalier\':2}',8,164
18,choke_gap1,baseline,league,draw,round-limit,30,1,2,0,9,8,{"rally":8},'{\'fireburst\':3,\'ward\':1,\'mend\':4}','{\'pikeman\':6,\'archer\':3}',7,184,0,0,2,4,42,'{\'setPosition\':10,\'rally\':27,\'preparedPosition\':5}','{\'fieldRepair\':1,\'ward\':1,\'flare\':1,\'mend\':1}','{\'leaguePike\':2,\'pavise\':1,\'coil\':1}',9,191
19,choke_gap1,league,baseline,draw,round-limit,30,1,1,0,5,54,'{\'rally\':30,\'setPosition\':16,\'preparedPosition\':8}','{\'mend\':1,\'fieldRepair\':1,\'flare\':1}','{\'leaguePike\':2,\'pavise\':1,\'coil\':2}',9,185,0,0,1,7,7,'{\'rally\':6,\'brace\':1}','{\'mend\':5,\'ward\':2}','{\'pikeman\':4,\'cavalier\':1,\'archer\':2}',8,178
19,choke_gap1,baseline,league,draw,round-limit,30,2,9,2,21,31,'{\'rally\':22,\'focusedShot\':2,\'brace\':5,\'charge\':2}','{\'ward\':6,\'fireburst\':3,\'mend\':5}','{\'archer\':7,\'pikeman\':13,\'cavalier\':1}',7,174,0,2,9,5,167,'{\'setPosition\':64,\'rally\':70,\'preparedPosition\':33}','{\'fireburst\':1,\'fieldRepair\':2,\'flare\':1}','{\'leaguePike\':2,\'pavise\':1,\'coil\':2}',8,155
20,choke_gap1,league,baseline,draw,round-limit,30,1,4,4,9,61,'{\'rally\':42,\'setPosition\':15,\'preparedPosition\':4}','{\'ward\':1,\'flare\':2,\'fieldRepair\':2}','{\'leaguePike\':3,\'coil\':3,\'pavise\':2,\'relicWalker\':1}',10,227,0,4,4,14,40,'{\'rally\':21,\'brace\':10,\'focusedShot\':2,\'charge\':4,\'secondWind\':3}','{\'fireburst\':1,\'ward\':2}','{\'pikeman\':9,\'archer\':4,\'cavalier\':1}',8,186
20,choke_gap1,baseline,league,draw,round-limit,30,1,2,2,9,33,'{\'rally\':23,\'brace\':9,\'charge\':1}','{\'fireburst\':2,\'ward\':3,\'mend\':2}','{\'pikeman\':6,\'archer\':3}',7,133,0,2,2,5,59,'{\'setPosition\':19,\'rally\':37,\'preparedPosition\':3}','{\'fireburst\':4,\'ward\':1,\'fieldRepair\':1}','{\'leaguePike\':3,\'coil\':1,\'pavise\':1}',8,160
21,choke_gap1,league,baseline,draw,round-limit,30,1,6,2,9,112,'{\'rally\':69,\'setPosition\':39,\'preparedPosition\':3,\'arcBurst\':1}','{\'fireburst\':3,\'flare\':1,\'mend\':2,\'fieldRepair\':1}','{\'leaguePike\':2,\'pavise\':5,\'relicWalker\':1,\'coil\':1}',8,144,0,2,6,10,49,'{\'rally\':36,\'brace\':12,\'focusedShot\':1}','{\'fireburst\':3,\'ward\':2,\'mend\':3}','{\'pikeman\':7,\'archer\':3}',8,188
21,choke_gap1,baseline,league,draw,round-limit,30,1,1,0,13,19,'{\'rally\':17,\'brace\':2}','{\'ward\':6,\'mend\':3,\'fireburst\':1}','{\'pikeman\':12,\'archer\':1}',8,195,0,0,1,4,65,'{\'setPosition\':21,\'rally\':33,\'preparedPosition\':11}','{\'fireburst\':1,\'ward\':1,\'mend\':2,\'fieldRepair\':1,\'flare\':1}','{\'leaguePike\':2,\'pavise\':1,\'coil\':1}',9,193
22,choke_gap1,league,baseline,draw,round-limit,30,1,8,5,11,73,'{\'rally\':49,\'setPosition\':17,\'preparedPosition\':6,\'arcBurst\':1}','{\'fireburst\':2,\'ward\':1,\'flare\':2,\'mend\':1,\'fieldRepair\':2}','{\'leaguePike\':4,\'coil\':6,\'relicWalker\':1}',8,172,0,5,8,12,39,'{\'rally\':24,\'brace\':11,\'focusedShot\':3,\'charge\':1}','{\'ward\':8,\'fireburst\':1}','{\'pikeman\':8,\'archer\':3,\'cavalier\':1}',7,157
22,choke_gap1,baseline,league,draw,round-limit,30,1,3,3,10,23,'{\'rally\':19,\'brace\':3,\'charge\':1}','{\'fireburst\':2,\'ward\':2}','{\'archer\':3,\'pikeman\':6,\'cavalier\':1}',8,198,0,3,3,6,49,'{\'setPosition\':13,\'rally\':31,\'preparedPosition\':5}','{\'fieldRepair\':4,\'ward\':1,\'fireburst\':4,\'mend\':2,\'flare\':1}','{\'leaguePike\':3,\'coil\':3}',8,187
23,choke_gap1,league,baseline,draw,round-limit,30,1,0,1,4,53,'{\'setPosition\':18,\'rally\':28,\'preparedPosition\':7}','{\'fireburst\':2,\'ward\':1,\'flare\':2}','{\'leaguePike\':1,\'pavise\':1,\'coil\':2}',9,198,0,1,0,8,25,'{\'rally\':20,\'brace\':5}','{\'fireburst\':1,\'ward\':4,\'mend\':1}','{\'pikeman\':7,\'archer\':1}',7,174
23,choke_gap1,baseline,league,draw,round-limit,30,1,0,0,7,26,'{\'rally\':21,\'brace\':5}',{"ward":4},'{\'archer\':1,\'pikeman\':6}',8,191,0,0,0,4,39,'{\'setPosition\':11,\'rally\':26,\'preparedPosition\':2}','{\'flare\':1,\'mend\':1,\'fieldRepair\':3}','{\'leaguePike\':1,\'pavise\':2,\'coil\':1}',9,203
24,choke_gap1,league,baseline,draw,round-limit,30,1,11,4,14,99,'{\'rally\':61,\'setPosition\':30,\'preparedPosition\':8}','{\'fireburst\':1,\'fieldRepair\':3,\'flare\':3,\'mend\':2}','{\'leaguePike\':3,\'pavise\':2,\'coil\':9}',8,131,1,4,11,13,50,'{\'rally\':27,\'brace\':10,\'charge\':5,\'secondWind\':4,\'focusedShot\':4}','{\'ward\':5,\'fireburst\':1,\'mend\':4}','{\'pikeman\':8,\'archer\':2,\'cavalier\':3}',8,170
24,choke_gap1,baseline,league,draw,round-limit,30,2,2,0,8,30,'{\'rally\':21,\'brace\':9}','{\'fireburst\':3,\'mend\':2}','{\'archer\':1,\'pikeman\':6,\'cavalier\':1}',8,170,0,0,2,4,90,'{\'setPosition\':30,\'rally\':46,\'preparedPosition\':14}','{\'fireburst\':2,\'ward\':2,\'fieldRepair\':2,\'mend\':3}','{\'leaguePike\':2,\'pavise\':1,\'coil\':1}',9,189
25,choke_gap1,league,baseline,draw,round-limit,30,1,2,1,6,38,'{\'rally\':25,\'setPosition\':11,\'preparedPosition\':2}','{\'fireburst\':1,\'mend\':1,\'fieldRepair\':1,\'ward\':1}','{\'leaguePike\':2,\'pavise\':1,\'coil\':3}',9,172,0,1,2,8,21,'{\'rally\':20,\'charge\':1}','{\'ward\':3,\'fireburst\':1}','{\'pikeman\':6,\'archer\':2}',6,148
25,choke_gap1,baseline,league,draw,round-limit,30,1,3,0,9,30,'{\'rally\':18,\'charge\':2,\'brace\':10}','{\'ward\':1,\'fireburst\':1}','{\'pikeman\':6,\'cavalier\':2,\'archer\':1}',8,197,0,0,3,4,94,'{\'setPosition\':32,\'rally\':44,\'preparedPosition\':18}','{\'fieldRepair\':2,\'ward\':2,\'flare\':1,\'mend\':2}','{\'leaguePike\':3,\'coil\':1}',9,194
26,choke_gap1,league,baseline,draw,round-limit,30,1,6,3,8,96,'{\'rally\':46,\'setPosition\':31,\'preparedPosition\':19}','{\'fireburst\':2,\'flare\':1,\'mend\':1}','{\'leaguePike\':2,\'coil\':6}',7,126,0,3,4,10,24,'{\'rally\':17,\'brace\':6,\'charge\':1}','{\'ward\':7,\'mend\':3,\'fireburst\':5}','{\'pikeman\':8,\'archer\':2}',7,146
26,choke_gap1,baseline,league,draw,round-limit,30,1,3,0,13,38,'{\'rally\':26,\'brace\':10,\'focusedShot\':1,\'charge\':1}','{\'mend\':5,\'ward\':3,\'fireburst\':2}','{\'pikeman\':9,\'archer\':4}',8,176,0,0,3,3,129,'{\'setPosition\':47,\'rally\':52,\'preparedPosition\':30}','{\'fireburst\':4,\'fieldRepair\':2,\'flare\':2,\'mend\':1}','{\'leaguePike\':2,\'coil\':1}',8,141
27,choke_gap1,league,baseline,draw,round-limit,30,1,8,3,11,92,'{\'rally\':49,\'setPosition\':33,\'preparedPosition\':10}','{\'fireburst\':3,\'ward\':3,\'mend\':4,\'fieldRepair\':3,\'flare\':1}','{\'leaguePike\':1,\'pavise\':2,\'coil\':7,\'relicWalker\':1}',9,179,0,3,8,13,36,'{\'rally\':22,\'brace\':7,\'charge\':3,\'focusedShot\':3,\'secondWind\':1}','{\'ward\':3,\'fireburst\':3,\'mend\':6}','{\'pikeman\':7,\'archer\':5,\'cavalier\':1}',8,170
27,choke_gap1,baseline,league,draw,round-limit,30,2,8,1,17,39,'{\'rally\':26,\'brace\':9,\'focusedShot\':1,\'charge\':2,\'secondWind\':1}','{\'fireburst\':7,\'ward\':6,\'mend\':3}','{\'pikeman\':14,\'archer\':1,\'cavalier\':2}',8,196,0,2,8,5,177,'{\'setPosition\':66,\'rally\':73,\'preparedPosition\':38}','{\'fireburst\':1,\'fieldRepair\':3,\'ward\':1}','{\'leaguePike\':2,\'pavise\':1,\'coil\':2}',8,160
28,choke_gap1,league,baseline,draw,round-limit,30,1,1,1,5,56,'{\'setPosition\':19,\'rally\':34,\'preparedPosition\':3}','{\'fireburst\':1,\'ward\':2,\'mend\':1,\'fieldRepair\':2}','{\'leaguePike\':2,\'pavise\':1,\'coil\':2}',9,199,0,1,1,8,9,{"rally":9},'{\'ward\':2,\'mend\':3}','{\'pikeman\':7,\'cavalier\':1}',9,211
28,choke_gap1,baseline,league,draw,round-limit,30,1,3,0,10,19,'{\'rally\':13,\'brace\':4,\'charge\':1,\'secondWind\':1}',{"ward":2},'{\'archer\':3,\'pikeman\':6,\'cavalier\':1}',7,182,0,0,3,4,38,'{\'setPosition\':9,\'rally\':24,\'preparedPosition\':5}','{\'ward\':1,\'fieldRepair\':2}','{\'leaguePike\':1,\'pavise\':2,\'coil\':1}',9,207
29,choke_gap1,league,baseline,draw,round-limit,30,1,5,3,7,71,'{\'rally\':42,\'setPosition\':23,\'preparedPosition\':6}','{\'fireburst\':1,\'ward\':6,\'fieldRepair\':3,\'mend\':2}','{\'leaguePike\':2,\'coil\':4,\'relicWalker\':1}',7,140,0,3,5,11,17,'{\'rally\':12,\'brace\':2,\'charge\':2,\'secondWind\':1}','{\'fireburst\':4,\'mend\':4,\'ward\':2}','{\'pikeman\':7,\'cavalier\':2,\'archer\':2}',8,207
29,choke_gap1,baseline,league,draw,round-limit,30,0,1,3,12,21,'{\'rally\':19,\'brace\':2}','{\'fireburst\':10,\'mend\':3,\'ward\':2}','{\'pikeman\':11,\'archer\':1}',7,181,0,4,1,7,99,'{\'setPosition\':29,\'rally\':54,\'preparedPosition\':16}','{\'fieldRepair\':2,\'mend\':2}','{\'leaguePike\':2,\'pavise\':1,\'coil\':4}',8,166
30,choke_gap1,league,baseline,draw,round-limit,30,1,0,0,5,136,'{\'setPosition\':49,\'rally\':64,\'preparedPosition\':23}','{\'mend\':2,\'ward\':4,\'flare\':3}','{\'leaguePike\':2,\'pavise\':1,\'coil\':2}',10,183,0,0,0,7,34,'{\'rally\':22,\'brace\':12}','{\'fireburst\':6,\'ward\':1,\'mend\':3}',{"pikeman":7},8,173
30,choke_gap1,baseline,league,draw,round-limit,30,1,3,3,10,29,'{\'rally\':18,\'brace\':8,\'charge\':1,\'secondWind\':1,\'focusedShot\':1}','{\'ward\':2,\'fireburst\':5,\'mend\':1}','{\'archer\':4,\'pikeman\':6}',7,173,0,4,3,7,103,'{\'setPosition\':34,\'rally\':49,\'preparedPosition\':20}','{\'ward\':5,\'flare\':2,\'mend\':1,\'fieldRepair\':1}','{\'leaguePike\':2,\'pavise\':1,\'coil\':4}',8,166
31,choke_gap1,league,baseline,draw,round-limit,30,1,7,2,9,147,'{\'setPosition\':61,\'rally\':79,\'preparedPosition\':7}','{\'flare\':2,\'ward\':2,\'fireburst\':2}','{\'leaguePike\':2,\'pavise\':5,\'coil\':2}',7,134,0,2,6,9,31,'{\'rally\':16,\'charge\':5,\'brace\':6,\'secondWind\':3,\'focusedShot\':1}','{\'mend\':9,\'fireburst\':2}','{\'pikeman\':7,\'cavalier\':1,\'archer\':1}',8,152
31,choke_gap1,baseline,league,draw,round-limit,30,1,0,1,8,24,'{\'rally\':19,\'focusedShot\':1,\'brace\':4}','{\'fireburst\':4,\'mend\':1,\'ward\':1}','{\'archer\':3,\'pikeman\':5}',7,180,0,1,0,4,43,'{\'setPosition\':9,\'rally\':32,\'preparedPosition\':2}',{"fieldRepair":4},'{\'leaguePike\':3,\'coil\':1}',9,182
32,choke_gap1,league,baseline,draw,round-limit,30,1,9,1,11,89,'{\'setPosition\':32,\'rally\':50,\'preparedPosition\':7}','{\'mend\':2,\'fieldRepair\':2,\'ward\':2,\'fireburst\':1}','{\'leaguePike\':3,\'pavise\':3,\'coil\':5}',7,169,0,1,9,8,31,'{\'rally\':21,\'brace\':9,\'charge\':1}','{\'fireburst\':4,\'mend\':1}','{\'pikeman\':7,\'cavalier\':1}',8,153
32,choke_gap1,baseline,league,draw,round-limit,30,2,7,0,15,40,'{\'rally\':27,\'brace\':10,\'charge\':2,\'secondWind\':1}','{\'fireburst\':3,\'ward\':3,\'mend\':2}','{\'pikeman\':11,\'archer\':2,\'cavalier\':2}',7,161,0,0,6,3,180,'{\'setPosition\':70,\'rally\':72,\'preparedPosition\':38}','{\'fireburst\':3,\'fieldRepair\':2,\'ward\':1,\'mend\':2,\'flare\':1}','{\'leaguePike\':1,\'pavise\':1,\'coil\':1}',8,170
33,choke_gap1,league,baseline,draw,round-limit,30,1,2,2,6,63,'{\'setPosition\':19,\'rally\':37,\'preparedPosition\':7}','{\'ward\':1,\'flare\':1}','{\'leaguePike\':1,\'pavise\':2,\'coil\':3}',9,181,0,2,2,9,21,'{\'rally\':14,\'brace\':5,\'charge\':1,\'secondWind\':1}',{"fireburst":1},'{\'pikeman\':8,\'cavalier\':1}',9,176
33,choke_gap1,baseline,league,draw,round-limit,30,1,3,1,14,35,'{\'rally\':23,\'charge\':3,\'brace\':7,\'secondWind\':2}','{\'mend\':5,\'ward\':3,\'fireburst\':2}','{\'pikeman\':11,\'archer\':1,\'cavalier\':2}',7,140,0,2,3,4,121,'{\'setPosition\':42,\'rally\':47,\'preparedPosition\':32}','{\'fireburst\':2,\'flare\':1,\'fieldRepair\':2}','{\'leaguePike\':2,\'coil\':2}',7,144
34,choke_gap1,league,baseline,draw,round-limit,30,1,3,2,6,43,'{\'rally\':34,\'setPosition\':8,\'preparedPosition\':1}','{\'fireburst\':1,\'mend\':2,\'flare\':1}','{\'leaguePike\':2,\'pavise\':1,\'coil\':3}',8,178,0,2,3,8,37,'{\'rally\':23,\'brace\':9,\'charge\':2,\'secondWind\':3}','{\'fireburst\':3,\'ward\':2,\'mend\':1}','{\'pikeman\':7,\'cavalier\':1}',8,173
34,choke_gap1,baseline,league,draw,round-limit,30,1,2,5,10,29,'{\'rally\':21,\'charge\':1,\'secondWind\':1,\'brace\':6}','{\'ward\':3,\'fireburst\':2,\'mend\':3}','{\'pikeman\':6,\'archer\':4}',8,185,0,5,2,7,64,'{\'setPosition\':20,\'rally\':34,\'preparedPosition\':10}','{\'fireburst\':1,\'ward\':1,\'fieldRepair\':1,\'mend\':1}','{\'pavise\':3,\'leaguePike\':2,\'coil\':2}',7,171
35,choke_gap1,league,baseline,draw,round-limit,30,1,3,3,6,155,'{\'rally\':74,\'setPosition\':61,\'preparedPosition\':20}','{\'fieldRepair\':1,\'mend\':1}','{\'leaguePike\':3,\'coil\':3}',8,120,0,3,3,12,27,'{\'rally\':18,\'brace\':7,\'charge\':1,\'secondWind\':1}','{\'fireburst\':4,\'ward\':5,\'mend\':3}','{\'pikeman\':9,\'archer\':3}',7,163
35,choke_gap1,baseline,league,draw,round-limit,30,1,0,0,8,34,'{\'rally\':25,\'brace\':9}','{\'fireburst\':2,\'mend\':2}','{\'archer\':2,\'pikeman\':6}',7,168,0,0,0,4,41,'{\'setPosition\':11,\'rally\':28,\'preparedPosition\':2}','{\'fireburst\':3,\'fieldRepair\':1,\'mend\':1,\'ward\':1,\'flare\':1}','{\'pavise\':2,\'leaguePike\':1,\'coil\':1}',9,194
36,choke_gap1,league,baseline,draw,round-limit,30,1,7,3,10,80,'{\'rally\':55,\'setPosition\':21,\'preparedPosition\':4}','{\'fireburst\':3,\'ward\':1,\'mend\':7,\'fieldRepair\':2,\'flare\':1}','{\'leaguePike\':3,\'coil\':7}',8,157,0,3,6,10,48,'{\'rally\':30,\'brace\':12,\'charge\':3,\'secondWind\':3}','{\'ward\':4,\'fireburst\':4,\'mend\':3}','{\'cavalier\':1,\'pikeman\':7,\'archer\':2}',7,173
36,choke_gap1,baseline,league,draw,round-limit,30,0,1,0,8,14,{"rally":14},'{\'fireburst\':5,\'ward\':6,\'mend\':1}','{\'pikeman\':6,\'archer\':2}',7,189,0,0,1,4,37,'{\'setPosition\':7,\'rally\':28,\'preparedPosition\':2}','{\'ward\':2,\'fieldRepair\':4,\'mend\':3}','{\'pavise\':3,\'coil\':1}',9,206
37,choke_gap1,league,baseline,draw,round-limit,30,1,2,5,5,103,'{\'setPosition\':33,\'rally\':68,\'preparedPosition\':2}','{\'ward\':3,\'fireburst\':1,\'fieldRepair\':1,\'flare\':1}','{\'leaguePike\':2,\'pavise\':2,\'coil\':1}',8,174,0,5,2,13,35,'{\'rally\':19,\'brace\':8,\'secondWind\':3,\'focusedShot\':2,\'charge\':3}','{\'fireburst\':5,\'ward\':2,\'mend\':2}','{\'pikeman\':7,\'archer\':3,\'cavalier\':3}',8,170
37,choke_gap1,baseline,league,draw,round-limit,30,1,3,1,11,31,'{\'rally\':21,\'brace\':9,\'charge\':1}','{\'fireburst\':2,\'ward\':2,\'mend\':2}','{\'pikeman\':9,\'archer\':1,\'cavalier\':1}',8,181,0,1,3,4,119,'{\'setPosition\':43,\'rally\':50,\'preparedPosition\':26}','{\'fieldRepair\':5,\'flare\':1}','{\'pavise\':1,\'leaguePike\':2,\'coil\':1}',8,170
38,choke_gap1,league,baseline,draw,round-limit,30,1,7,4,9,65,'{\'rally\':44,\'setPosition\':16,\'preparedPosition\':5}','{\'fireburst\':2,\'ward\':3,\'fieldRepair\':3,\'flare\':1,\'mend\':3}','{\'leaguePike\':3,\'coil\':5,\'relicWalker\':1}',8,145,0,4,7,12,25,'{\'rally\':19,\'brace\':5,\'charge\':1}','{\'ward\':2,\'fireburst\':5,\'mend\':1}','{\'pikeman\':7,\'archer\':4,\'cavalier\':1}',6,136
38,choke_gap1,baseline,league,draw,round-limit,30,2,9,0,18,34,'{\'rally\':23,\'brace\':9,\'charge\':2}','{\'mend\':4,\'fireburst\':3,\'ward\':2}','{\'pikeman\':10,\'archer\':4,\'cavalier\':4}',8,191,0,0,9,3,181,'{\'setPosition\':69,\'rally\':72,\'preparedPosition\':40}','{\'fireburst\':2,\'ward\':2,\'flare\':2,\'fieldRepair\':1}','{\'pavise\':2,\'coil\':1}',8,150
39,choke_gap1,league,baseline,draw,round-limit,30,1,1,2,5,76,'{\'rally\':44,\'setPosition\':24,\'preparedPosition\':8}','{\'fieldRepair\':3,\'mend\':1,\'fireburst\':1}','{\'leaguePike\':3,\'coil\':2}',9,197,0,2,1,9,24,'{\'rally\':17,\'brace\':7}','{\'fireburst\':4,\'ward\':2,\'mend\':2}','{\'pikeman\':7,\'archer\':2}',7,183
39,choke_gap1,baseline,league,draw,round-limit,30,1,1,0,9,15,'{\'rally\':12,\'brace\':3}','{\'ward\':1,\'fireburst\':1,\'mend\':2}','{\'archer\':3,\'pikeman\':6}',8,186,0,0,1,4,59,'{\'setPosition\':16,\'rally\':32,\'preparedPosition\':11}','{\'ward\':1,\'flare\':2,\'fieldRepair\':2,\'mend\':1}','{\'pavise\':1,\'leaguePike\':2,\'coil\':1}',9,202
40,choke_gap1,league,baseline,draw,round-limit,30,1,5,4,8,80,'{\'rally\':46,\'setPosition\':24,\'preparedPosition\':10}','{\'fireburst\':3,\'mend\':2,\'fieldRepair\':1,\'flare\':2}','{\'leaguePike\':3,\'coil\':4,\'relicWalker\':1}',8,154,0,4,5,11,26,'{\'rally\':16,\'brace\':4,\'secondWind\':4,\'focusedShot\':2}','{\'ward\':5,\'fireburst\':3,\'mend\':1}','{\'cavalier\':2,\'pikeman\':7,\'archer\':2}',8,179
40,choke_gap1,baseline,league,draw,round-limit,30,1,2,1,9,35,'{\'rally\':23,\'focusedShot\':6,\'charge\':1,\'brace\':5}','{\'ward\':8,\'fireburst\':4,\'mend\':1}','{\'pikeman\':6,\'archer\':3}',7,176,0,1,2,5,45,'{\'setPosition\':8,\'rally\':33,\'preparedPosition\':4}','{\'fireburst\':2,\'mend\':1,\'fieldRepair\':5,\'ward\':1,\'flare\':1}','{\'pavise\':2,\'leaguePike\':1,\'coil\':2}',9,189
41,choke_gap1,league,baseline,draw,round-limit,30,1,5,2,9,109,'{\'rally\':56,\'setPosition\':39,\'preparedPosition\':14}','{\'ward\':1,\'fieldRepair\':1,\'flare\':5,\'fireburst\':2}','{\'leaguePike\':2,\'pavise\':1,\'coil\':6}',9,188,0,2,5,10,23,'{\'rally\':16,\'brace\':5,\'charge\':1,\'secondWind\':1}','{\'fireburst\':5,\'ward\':3,\'mend\':3}','{\'pikeman\':7,\'archer\':3}',8,170
41,choke_gap1,baseline,league,draw,round-limit,30,0,3,2,9,27,'{\'rally\':20,\'charge\':2,\'secondWind\':1,\'brace\':4}','{\'fireburst\':3,\'mend\':2,\'ward\':1}','{\'pikeman\':6,\'cavalier\':2,\'archer\':1}',8,189,0,2,3,6,67,'{\'setPosition\':21,\'rally\':33,\'preparedPosition\':13}','{\'fieldRepair\':1,\'ward\':1,\'mend\':3,\'flare\':2,\'fireburst\':1}','{\'pavise\':1,\'leaguePike\':2,\'coil\':3}',9,188
42,choke_gap1,league,baseline,draw,round-limit,30,1,4,9,6,162,'{\'rally\':70,\'setPosition\':60,\'preparedPosition\':32}','{\'ward\':3,\'fieldRepair\':5,\'flare\':3}','{\'leaguePike\':3,\'coil\':3}',7,112,0,9,3,16,21,'{\'rally\':15,\'brace\':4,\'charge\':2}','{\'fireburst\':8,\'ward\':7,\'mend\':5}','{\'archer\':3,\'pikeman\':11,\'cavalier\':2}',7,169
42,choke_gap1,baseline,league,draw,round-limit,30,1,2,0,8,15,'{\'rally\':11,\'charge\':1,\'secondWind\':1,\'brace\':2}','{\'fireburst\':4,\'ward\':6,\'mend\':2}','{\'pikeman\':6,\'archer\':1,\'cavalier\':1}',8,183,0,0,2,4,66,'{\'setPosition\':20,\'rally\':37,\'preparedPosition\':9}','{\'fieldRepair\':5,\'ward\':2,\'mend\':1}','{\'pavise\':2,\'leaguePike\':1,\'coil\':1}',9,191
43,choke_gap1,league,baseline,draw,round-limit,30,1,7,3,10,101,'{\'rally\':58,\'setPosition\':36,\'preparedPosition\':7}','{\'fireburst\':1,\'mend\':4,\'flare\':1}','{\'leaguePike\':3,\'pavise\':1,\'coil\':6}',8,172,0,3,7,10,27,'{\'rally\':20,\'charge\':1,\'secondWind\':1,\'brace\':5}','{\'fireburst\':4,\'ward\':4,\'mend\':3}','{\'pikeman\':7,\'archer\':3}',7,173
43,choke_gap1,baseline,league,draw,round-limit,30,1,1,1,9,20,'{\'rally\':19,\'brace\':1}','{\'fireburst\':3,\'ward\':3}','{\'archer\':3,\'pikeman\':6}',8,183,0,1,1,4,50,'{\'setPosition\':12,\'rally\':31,\'preparedPosition\':6,\'arcBurst\':1}','{\'fireburst\':3,\'fieldRepair\':2,\'ward\':1,\'flare\':2,\'mend\':3}','{\'pavise\':2,\'leaguePike\':1,\'relicWalker\':1}',8,187
44,choke_gap1,league,baseline,draw,round-limit,30,1,1,0,5,44,'{\'rally\':31,\'setPosition\':11,\'preparedPosition\':2}','{\'fireburst\':2,\'mend\':1,\'fieldRepair\':2,\'flare\':4}','{\'leaguePike\':2,\'pavise\':1,\'coil\':2}',9,176,0,0,1,8,29,'{\'rally\':23,\'brace\':6}','{\'fireburst\':4,\'ward\':3}','{\'pikeman\':6,\'archer\':2}',7,156
44,choke_gap1,baseline,league,draw,round-limit,30,1,1,0,8,7,{"rally":7},'{\'ward\':5,\'fireburst\':1,\'mend\':3}','{\'archer\':3,\'pikeman\':5}',6,156,0,0,1,3,30,'{\'setPosition\':5,\'rally\':25}','{\'ward\':1,\'fieldRepair\':1}','{\'pavise\':2,\'leaguePike\':1}',8,184
45,choke_gap1,league,baseline,draw,round-limit,30,1,4,4,7,58,'{\'rally\':34,\'setPosition\':19,\'preparedPosition\':5}','{\'fireburst\':2,\'ward\':3,\'flare\':4,\'mend\':2,\'fieldRepair\':1}','{\'leaguePike\':1,\'pavise\':2,\'coil\':4}',8,146,0,4,4,11,21,'{\'rally\':14,\'brace\':2,\'charge\':2,\'secondWind\':3}','{\'fireburst\':1,\'mend\':5,\'ward\':1}','{\'pikeman\':7,\'cavalier\':2,\'archer\':2}',7,153
45,choke_gap1,baseline,league,draw,round-limit,30,1,4,0,11,16,'{\'rally\':11,\'focusedShot\':3,\'brace\':1,\'charge\':1}','{\'fireburst\':4,\'ward\':8,\'mend\':3}','{\'pikeman\':8,\'cavalier\':2,\'archer\':1}',7,165,0,1,4,5,80,'{\'setPosition\':25,\'rally\':42,\'preparedPosition\':13}','{\'fireburst\':1,\'fieldRepair\':4,\'ward\':1,\'mend\':1}','{\'leaguePike\':2,\'pavise\':1,\'coil\':2}',9,200
46,choke_gap1,league,baseline,draw,round-limit,30,1,10,1,13,78,'{\'setPosition\':26,\'rally\':43,\'preparedPosition\':8,\'arcBurst\':1}','{\'fireburst\':2,\'ward\':1,\'flare\':2,\'mend\':1}','{\'leaguePike\':2,\'pavise\':2,\'coil\':7,\'relicWalker\':2}',8,151,0,2,9,9,56,'{\'rally\':37,\'brace\':13,\'charge\':3,\'secondWind\':3}','{\'fireburst\':4,\'mend\':3,\'ward\':3}','{\'pikeman\':7,\'archer\':1,\'cavalier\':1}',7,134
46,choke_gap1,baseline,league,draw,round-limit,30,1,3,2,13,35,'{\'rally\':22,\'focusedShot\':1,\'brace\':10,\'charge\':2}','{\'ward\':3,\'fireburst\':3,\'mend\':1}','{\'archer\':3,\'pikeman\':8,\'cavalier\':2}',7,164,0,2,3,5,100,'{\'setPosition\':33,\'rally\':44,\'preparedPosition\':23}','{\'fieldRepair\':1,\'mend\':3,\'flare\':2}','{\'pavise\':2,\'leaguePike\':1,\'coil\':2}',8,158
47,choke_gap1,league,baseline,draw,round-limit,30,1,3,4,7,59,'{\'rally\':44,\'setPosition\':12,\'preparedPosition\':3}','{\'fireburst\':4,\'ward\':1,\'mend\':1,\'flare\':4,\'fieldRepair\':1}','{\'leaguePike\':3,\'coil\':4}',9,191,0,4,3,12,26,'{\'rally\':15,\'brace\':6,\'secondWind\':3,\'charge\':2}','{\'fireburst\':8,\'mend\':5,\'ward\':4}','{\'pikeman\':7,\'archer\':3,\'cavalier\':2}',8,172
47,choke_gap1,baseline,league,draw,round-limit,30,1,5,0,10,13,'{\'rally\':11,\'brace\':1,\'charge\':1}','{\'fireburst\':3,\'ward\':5,\'mend\':3}','{\'pikeman\':8,\'archer\':1,\'cavalier\':1}',8,187,0,0,5,4,92,'{\'setPosition\':32,\'rally\':44,\'preparedPosition\':16}','{\'ward\':2,\'mend\':2,\'fieldRepair\':4,\'flare\':2}','{\'pavise\':2,\'leaguePike\':1,\'coil\':1}',9,192
48,choke_gap1,league,baseline,draw,round-limit,30,2,10,4,13,67,'{\'setPosition\':19,\'rally\':45,\'preparedPosition\':3}','{\'ward\':1,\'flare\':4,\'fireburst\':2,\'mend\':2}','{\'leaguePike\':2,\'pavise\':3,\'coil\':8}',8,157,1,4,9,10,37,'{\'rally\':25,\'brace\':11,\'charge\':1}','{\'fireburst\':4,\'ward\':4,\'mend\':1}','{\'pikeman\':7,\'archer\':2,\'cavalier\':1}',6,147
48,choke_gap1,baseline,league,draw,round-limit,30,1,1,0,8,24,'{\'rally\':19,\'brace\':5}','{\'fireburst\':2,\'ward\':5,\'mend\':6}','{\'archer\':2,\'pikeman\':6}',7,174,0,0,1,4,93,'{\'setPosition\':34,\'rally\':45,\'preparedPosition\':14}','{\'fireburst\':2,\'fieldRepair\':2,\'mend\':3}','{\'leaguePike\':2,\'pavise\':1,\'coil\':1}',9,187
49,choke_gap1,league,baseline,draw,round-limit,30,1,12,6,15,109,'{\'rally\':60,\'setPosition\':38,\'preparedPosition\':11}','{\'mend\':5,\'ward\':1,\'flare\':3}','{\'leaguePike\':5,\'coil\':7,\'pavise\':1,\'relicWalker\':2}',9,189,0,6,12,14,34,'{\'rally\':18,\'charge\':5,\'secondWind\':3,\'brace\':5,\'focusedShot\':3}','{\'ward\':5,\'fireburst\':6,\'mend\':2}','{\'pikeman\':7,\'archer\':3,\'cavalier\':4}',8,175
49,choke_gap1,baseline,league,draw,round-limit,30,2,1,0,8,19,'{\'rally\':15,\'charge\':1,\'secondWind\':3}','{\'fireburst\':2,\'ward\':2,\'mend\':1}','{\'pikeman\':6,\'archer\':2}',7,173,0,0,1,4,38,'{\'setPosition\':11,\'rally\':25,\'preparedPosition\':2}','{\'fireburst\':1,\'fieldRepair\':2,\'flare\':2,\'mend\':1}','{\'leaguePike\':1,\'pavise\':2,\'coil\':1}',9,178
50,choke_gap1,league,baseline,draw,round-limit,30,1,3,2,6,42,'{\'setPosition\':8,\'rally\':33,\'preparedPosition\':1}','{\'ward\':3,\'fireburst\':3,\'mend\':2,\'fieldRepair\':1,\'flare\':1}','{\'leaguePike\':2,\'pavise\':2,\'coil\':2}',8,167,0,2,3,9,29,'{\'rally\':19,\'brace\':7,\'charge\':1,\'secondWind\':2}','{\'fireburst\':3,\'mend\':4,\'ward\':6}','{\'pikeman\':6,\'archer\':3}',7,138
50,choke_gap1,baseline,league,draw,round-limit,30,1,1,0,8,19,'{\'rally\':15,\'brace\':4}','{\'fireburst\':2,\'ward\':4,\'mend\':2}','{\'archer\':2,\'pikeman\':6}',7,184,0,0,1,4,58,'{\'setPosition\':15,\'rally\':32,\'preparedPosition\':11}','{\'fieldRepair\':2,\'ward\':2,\'flare\':1}','{\'pavise\':1,\'leaguePike\':2,\'coil\':1}',9,181
51,choke_gap1,league,baseline,draw,round-limit,30,1,7,1,11,75,'{\'rally\':44,\'setPosition\':25,\'preparedPosition\':6}','{\'fireburst\':2,\'mend\':6,\'fieldRepair\':1,\'ward\':1}','{\'leaguePike\':2,\'coil\':7,\'relicWalker\':1,\'pavise\':1}',9,206,0,1,7,8,35,'{\'rally\':21,\'brace\':7,\'secondWind\':6,\'charge\':1}','{\'mend\':5,\'ward\':3,\'fireburst\':1}','{\'pikeman\':7,\'cavalier\':1}',9,177
51,choke_gap1,baseline,league,draw,round-limit,30,1,1,1,13,29,'{\'rally\':21,\'secondWind\':4,\'charge\':1,\'brace\':3}','{\'fireburst\':6,\'ward\':4,\'mend\':1}','{\'pikeman\':12,\'archer\':1}',8,163,0,1,1,4,83,'{\'setPosition\':26,\'rally\':44,\'preparedPosition\':13}','{\'fireburst\':3,\'flare\':2,\'fieldRepair\':2,\'ward\':1,\'mend\':2}','{\'leaguePike\':2,\'pavise\':1,\'coil\':1}',8,169
52,choke_gap1,league,baseline,draw,round-limit,30,1,9,2,9,47,'{\'rally\':26,\'setPosition\':15,\'preparedPosition\':6}','{\'fireburst\':2,\'ward\':3,\'flare\':3,\'fieldRepair\':3,\'mend\':2}','{\'leaguePike\':2,\'coil\':7}',5,94,0,2,8,10,17,'{\'rally\':12,\'charge\':2,\'secondWind\':2,\'brace\':1}','{\'ward\':3,\'fireburst\':2,\'mend\':10}','{\'pikeman\':6,\'archer\':2,\'cavalier\':2}',7,161
52,choke_gap1,baseline,league,draw,round-limit,30,0,5,0,15,24,'{\'rally\':18,\'charge\':2,\'brace\':4}','{\'fireburst\':5,\'ward\':5,\'mend\':2}','{\'pikeman\':12,\'archer\':1,\'cavalier\':2}',8,187,0,0,5,4,123,'{\'setPosition\':44,\'rally\':57,\'preparedPosition\':22}','{\'fireburst\':1,\'fieldRepair\':1,\'flare\':3,\'mend\':1}','{\'leaguePike\':1,\'pavise\':2,\'coil\':1}',9,170
53,choke_gap1,league,baseline,draw,round-limit,30,1,7,4,9,73,'{\'rally\':43,\'setPosition\':23,\'preparedPosition\':5,\'arcBurst\':2}','{\'fireburst\':2,\'ward\':4,\'flare\':2,\'mend\':2,\'fieldRepair\':3}','{\'leaguePike\':2,\'pavise\':1,\'coil\':4,\'relicWalker\':2}',7,134,0,4,7,13,34,'{\'rally\':21,\'brace\':10,\'charge\':2,\'secondWind\':1}','{\'fireburst\':5,\'ward\':10,\'mend\':7}','{\'pikeman\':7,\'archer\':4,\'cavalier\':2}',7,146
53,choke_gap1,baseline,league,draw,round-limit,30,1,6,1,16,33,'{\'rally\':23,\'brace\':9,\'charge\':1}','{\'fireburst\':7,\'mend\':7,\'ward\':3}','{\'pikeman\':13,\'cavalier\':1,\'archer\':2}',7,161,0,4,6,6,168,'{\'setPosition\':64,\'rally\':68,\'preparedPosition\':36}','{\'fireburst\':1,\'fieldRepair\':4,\'ward\':6,\'flare\':3}','{\'pavise\':2,\'coil\':4}',7,150
54,choke_gap1,league,baseline,draw,round-limit,30,1,3,2,6,55,'{\'rally\':39,\'setPosition\':13,\'preparedPosition\':3}','{\'ward\':2,\'fieldRepair\':2,\'fireburst\':2,\'mend\':1,\'flare\':5}','{\'leaguePike\':2,\'pavise\':1,\'coil\':3}',8,165,0,2,3,9,26,'{\'rally\':19,\'brace\':4,\'charge\':1,\'secondWind\':1,\'focusedShot\':1}','{\'fireburst\':5,\'mend\':3}','{\'pikeman\':5,\'cavalier\':1,\'archer\':3}',7,144
54,choke_gap1,baseline,league,draw,round-limit,30,1,3,1,11,29,'{\'rally\':19,\'brace\':7,\'focusedShot\':1,\'charge\':1,\'secondWind\':1}','{\'fireburst\':4,\'mend\':1,\'ward\':1}','{\'pikeman\':8,\'cavalier\':1,\'archer\':2}',8,180,0,1,3,5,89,'{\'setPosition\':30,\'rally\':41,\'preparedPosition\':18}','{\'fieldRepair\':2,\'ward\':1,\'flare\':1,\'fireburst\':1,\'mend\':1}','{\'pavise\':3,\'coil\':2}',9,183
55,choke_gap1,league,baseline,draw,round-limit,30,1,2,5,6,58,'{\'rally\':41,\'setPosition\':14,\'preparedPosition\':3}','{\'fireburst\':2,\'ward\':1,\'mend\':1,\'fieldRepair\':2,\'flare\':1}','{\'leaguePike\':3,\'coil\':3}',9,172,0,5,2,13,25,'{\'rally\':14,\'brace\':4,\'charge\':3,\'secondWind\':4}','{\'ward\':5,\'mend\':5,\'fireburst\':1}','{\'pikeman\':6,\'archer\':4,\'cavalier\':3}',6,147
55,choke_gap1,baseline,league,draw,round-limit,30,2,8,0,12,31,'{\'rally\':19,\'charge\':2,\'secondWind\':2,\'brace\':7,\'focusedShot\':1}','{\'fireburst\':1,\'ward\':4,\'mend\':2}','{\'pikeman\':9,\'cavalier\':2,\'archer\':1}',8,198,0,0,8,3,163,'{\'setPosition\':63,\'rally\':65,\'preparedPosition\':35}','{\'fireburst\':1,\'flare\':1,\'fieldRepair\':3}','{\'leaguePike\':1,\'pavise\':1,\'coil\':1}',8,179
56,choke_gap1,league,baseline,draw,round-limit,30,1,3,1,6,42,'{\'rally\':31,\'setPosition\':8,\'preparedPosition\':2,\'arcBurst\':1}','{\'fireburst\':3,\'ward\':4,\'flare\':2,\'mend\':2}','{\'leaguePike\':2,\'pavise\':1,\'coil\':2,\'relicWalker\':1}',8,174,0,1,3,8,38,'{\'rally\':24,\'brace\':10,\'secondWind\':3,\'charge\':1}','{\'fireburst\':1,\'ward\':2,\'mend\':4}','{\'pikeman\':7,\'archer\':1}',7,169
56,choke_gap1,baseline,league,draw,round-limit,30,0,2,1,9,19,'{\'rally\':16,\'brace\':2,\'charge\':1}','{\'fireburst\':6,\'mend\':3,\'ward\':2}','{\'pikeman\':6,\'archer\':3}',7,174,0,1,2,5,41,'{\'setPosition\':7,\'rally\':32,\'preparedPosition\':2}','{\'fireburst\':2,\'fieldRepair\':3,\'mend\':1,\'ward\':1,\'flare\':1}','{\'pavise\':2,\'leaguePike\':1,\'coil\':2}',9,187
57,choke_gap1,league,baseline,draw,round-limit,30,1,4,3,7,86,'{\'setPosition\':25,\'rally\':60,\'preparedPosition\':1}','{\'fireburst\':3,\'ward\':1,\'mend\':2,\'flare\':1,\'fieldRepair\':1}','{\'leaguePike\':2,\'pavise\':2,\'coil\':2,\'relicWalker\':1}',8,191,0,3,4,12,35,'{\'rally\':23,\'brace\':8,\'charge\':1,\'secondWind\':3}','{\'fireburst\':5,\'mend\':1,\'ward\':2}','{\'pikeman\':9,\'archer\':2,\'cavalier\':1}',7,153
57,choke_gap1,baseline,league,draw,round-limit,30,1,3,1,9,15,'{\'rally\':12,\'charge\':2,\'secondWind\':1}','{\'fireburst\':2,\'ward\':3,\'mend\':1}','{\'pikeman\':6,\'archer\':1,\'cavalier\':2}',8,184,0,1,3,5,60,'{\'setPosition\':20,\'rally\':33,\'preparedPosition\':7}','{\'fireburst\':1,\'ward\':2,\'flare\':3,\'fieldRepair\':2,\'mend\':3}','{\'leaguePike\':3,\'coil\':2}',9,197
58,choke_gap1,league,baseline,draw,round-limit,30,1,9,4,11,69,'{\'rally\':46,\'setPosition\':21,\'preparedPosition\':1,\'arcBurst\':1}','{\'fireburst\':1,\'ward\':3,\'mend\':1,\'fieldRepair\':1,\'flare\':1}','{\'leaguePike\':1,\'pavise\':3,\'coil\':5,\'relicWalker\':2}',7,178,0,4,9,12,50,'{\'rally\':30,\'brace\':13,\'secondWind\':4,\'charge\':3}','{\'ward\':3,\'fireburst\':2,\'mend\':2}','{\'pikeman\':8,\'archer\':2,\'cavalier\':2}',8,194
58,choke_gap1,baseline,league,draw,round-limit,30,1,4,0,13,20,'{\'rally\':15,\'charge\':2,\'brace\':3}','{\'fireburst\':6,\'ward\':2,\'mend\':5}','{\'pikeman\':9,\'archer\':3,\'cavalier\':1}',7,171,0,0,4,4,98,'{\'setPosition\':33,\'rally\':49,\'preparedPosition\':16}','{\'fieldRepair\':2,\'ward\':1,\'mend\':3,\'flare\':2}','{\'pavise\':1,\'leaguePike\':2,\'coil\':1}',9,177
59,choke_gap1,league,baseline,draw,round-limit,30,1,0,0,3,130,'{\'rally\':59,\'setPosition\':51,\'preparedPosition\':20}','{\'fireburst\':1,\'ward\':1,\'fieldRepair\':1,\'mend\':1}','{\'leaguePike\':1,\'pavise\':1,\'coil\':1}',8,175,0,0,0,7,29,'{\'rally\':18,\'brace\':11}','{\'fireburst\':1,\'ward\':2,\'mend\':5}','{\'pikeman\':3,\'archer\':3,\'cavalier\':1}',8,179
59,choke_gap1,baseline,league,draw,round-limit,30,1,8,0,20,33,'{\'rally\':26,\'charge\':3,\'brace\':4}','{\'fireburst\':8,\'ward\':6,\'mend\':3}','{\'pikeman\':16,\'cavalier\':3,\'archer\':1}',8,202,0,2,8,5,160,'{\'setPosition\':62,\'rally\':64,\'preparedPosition\':34}','{\'ward\':3,\'flare\':2,\'mend\':1,\'fieldRepair\':3,\'fireburst\':1}','{\'leaguePike\':1,\'pavise\':1,\'coil\':3}',8,175
60,choke_gap1,league,baseline,draw,round-limit,30,1,8,4,11,62,'{\'rally\':33,\'setPosition\':19,\'preparedPosition\':10}','{\'fireburst\':2,\'flare\':2,\'mend\':2,\'ward\':1}','{\'leaguePike\':4,\'pavise\':1,\'coil\':6}',8,164,0,4,8,11,20,'{\'rally\':14,\'brace\':3,\'charge\':2,\'secondWind\':1}','{\'ward\':1,\'fireburst\':2,\'mend\':4}','{\'pikeman\':7,\'cavalier\':2,\'archer\':2}',7,168
60,choke_gap1,baseline,league,draw,round-limit,30,1,1,0,8,24,'{\'rally\':17,\'charge\':1,\'brace\':6}','{\'ward\':5,\'fireburst\':3,\'mend\':1}','{\'pikeman\':6,\'archer\':2}',7,170,0,0,1,4,93,'{\'setPosition\':34,\'rally\':42,\'preparedPosition\':17}','{\'fieldRepair\':3,\'ward\':1}','{\'leaguePike\':2,\'pavise\':1,\'coil\':1}',9,173
61,choke_gap1,league,baseline,draw,round-limit,30,1,7,6,10,72,'{\'rally\':43,\'setPosition\':23,\'preparedPosition\':5,\'arcBurst\':1}','{\'fireburst\':2,\'flare\':2,\'ward\':1,\'fieldRepair\':2}','{\'leaguePike\':2,\'coil\':4,\'relicWalker\':1,\'pavise\':3}',8,166,1,6,7,13,29,'{\'rally\':20,\'brace\':4,\'charge\':3,\'secondWind\':1,\'focusedShot\':1}','{\'ward\':3,\'fireburst\':1,\'mend\':2}','{\'pikeman\':7,\'archer\':4,\'cavalier\':2}',7,168
61,choke_gap1,baseline,league,draw,round-limit,30,1,2,0,8,10,{"rally":10},'{\'ward\':4,\'fireburst\':1,\'mend\':2}','{\'pikeman\':6,\'archer\':1,\'cavalier\':1}',8,194,0,0,2,4,38,'{\'setPosition\':10,\'rally\':24,\'preparedPosition\':4}','{\'fireburst\':1,\'ward\':3,\'flare\':4}','{\'leaguePike\':2,\'pavise\':1,\'coil\':1}',9,191
62,choke_gap1,league,baseline,draw,round-limit,30,1,9,1,11,76,'{\'rally\':43,\'setPosition\':25,\'preparedPosition\':8}','{\'fireburst\':2,\'ward\':1,\'flare\':2}','{\'leaguePike\':2,\'pavise\':4,\'coil\':5}',7,137,0,1,9,8,33,'{\'rally\':23,\'brace\':8,\'focusedShot\':2}','{\'ward\':4,\'mend\':3,\'fireburst\':1}','{\'pikeman\':7,\'cavalier\':1}',8,145
62,choke_gap1,baseline,league,draw,round-limit,30,1,2,0,9,23,'{\'rally\':19,\'charge\':1,\'brace\':3}',{"ward":3},'{\'pikeman\':5,\'archer\':3,\'cavalier\':1}',7,178,0,0,2,4,51,'{\'setPosition\':15,\'rally\':28,\'preparedPosition\':8}','{\'fireburst\':2,\'mend\':1,\'fieldRepair\':3}','{\'leaguePike\':2,\'pavise\':1,\'coil\':1}',9,196
63,choke_gap1,league,baseline,draw,round-limit,30,1,4,3,7,99,'{\'rally\':64,\'setPosition\':31,\'preparedPosition\':4}','{\'fireburst\':3,\'mend\':1,\'flare\':1}','{\'leaguePike\':2,\'pavise\':2,\'coil\':3}',8,145,0,3,4,10,45,'{\'rally\':29,\'brace\':13,\'charge\':2,\'secondWind\':1}','{\'mend\':4,\'fireburst\':5,\'ward\':2}','{\'cavalier\':2,\'pikeman\':6,\'archer\':2}',7,156
63,choke_gap1,baseline,league,draw,round-limit,30,0,1,0,8,18,'{\'rally\':16,\'brace\':2}','{\'ward\':2,\'fireburst\':1,\'mend\':1}','{\'pikeman\':6,\'archer\':2}',7,179,0,0,1,4,53,'{\'setPosition\':16,\'rally\':30,\'preparedPosition\':7}','{\'ward\':1,\'fieldRepair\':2,\'flare\':1,\'mend\':2}','{\'leaguePike\':2,\'pavise\':1,\'coil\':1}',9,187
64,choke_gap1,league,baseline,draw,round-limit,30,1,9,1,10,93,'{\'rally\':52,\'setPosition\':32,\'preparedPosition\':9}','{\'fireburst\':2,\'ward\':1,\'fieldRepair\':3,\'flare\':3}','{\'leaguePike\':3,\'coil\':7}',6,101,0,1,9,9,31,'{\'rally\':20,\'brace\':11}','{\'ward\':7,\'mend\':8,\'fireburst\':3}','{\'pikeman\':7,\'archer\':2}',7,155
64,choke_gap1,baseline,league,draw,round-limit,30,2,2,1,8,20,'{\'rally\':15,\'charge\':1,\'secondWind\':2,\'brace\':2}','{\'ward\':3,\'mend\':2}','{\'pikeman\':6,\'archer\':1,\'cavalier\':1}',8,184,0,1,2,5,45,'{\'setPosition\':13,\'rally\':27,\'preparedPosition\':5}','{\'fireburst\':1,\'flare\':1,\'mend\':1,\'fieldRepair\':2}','{\'leaguePike\':3,\'coil\':2}',9,194
65,choke_gap1,league,baseline,draw,round-limit,30,1,7,3,11,59,'{\'rally\':39,\'setPosition\':18,\'preparedPosition\':2}','{\'fireburst\':2,\'flare\':3,\'ward\':1}','{\'leaguePike\':3,\'coil\':8}',9,173,0,3,7,12,32,'{\'rally\':23,\'brace\':7,\'charge\':1,\'focusedShot\':1}','{\'fireburst\':2,\'ward\':5,\'mend\':4}','{\'pikeman\':9,\'archer\':3}',7,151
65,choke_gap1,baseline,league,draw,round-limit,30,2,5,1,16,36,'{\'rally\':22,\'charge\':3,\'brace\':10,\'secondWind\':1}','{\'ward\':2,\'fireburst\':6,\'mend\':4}','{\'pikeman\':10,\'archer\':4,\'cavalier\':2}',7,141,0,3,5,5,133,'{\'setPosition\':50,\'rally\':54,\'preparedPosition\':29}','{\'fireburst\':2,\'ward\':1,\'fieldRepair\':2,\'flare\':3}','{\'pavise\':2,\'coil\':3}',7,141
66,choke_gap1,league,baseline,draw,round-limit,30,1,1,5,5,111,'{\'rally\':53,\'setPosition\':38,\'preparedPosition\':20}','{\'flare\':2,\'mend\':2,\'fieldRepair\':1}','{\'leaguePike\':3,\'coil\':2}',9,186,0,5,1,15,19,'{\'rally\':15,\'brace\':3,\'secondWind\':1}','{\'mend\':1,\'ward\':4,\'fireburst\':2}','{\'pikeman\':11,\'cavalier\':2,\'archer\':2}',8,199
66,choke_gap1,baseline,league,draw,round-limit,30,2,8,1,21,38,'{\'rally\':26,\'charge\':1,\'focusedShot\':3,\'brace\':8}','{\'ward\':5,\'fireburst\':5,\'mend\':1}','{\'archer\':5,\'pikeman\':13,\'cavalier\':3}',6,136,0,5,8,6,160,'{\'setPosition\':62,\'rally\':64,\'preparedPosition\':34}','{\'fireburst\':3,\'flare\':1,\'fieldRepair\':1}','{\'leaguePike\':2,\'coil\':4}',6,127
67,choke_gap1,league,baseline,draw,round-limit,30,1,6,3,9,82,'{\'rally\':44,\'setPosition\':31,\'preparedPosition\':7}','{\'mend\':2,\'flare\':2,\'fireburst\':1}','{\'leaguePike\':2,\'pavise\':2,\'coil\':5}',8,161,0,3,4,11,23,'{\'rally\':16,\'brace\':5,\'charge\':1,\'secondWind\':1}','{\'ward\':1,\'mend\':2,\'fireburst\':1}','{\'pikeman\':8,\'archer\':3}',8,186
67,choke_gap1,baseline,league,draw,round-limit,30,2,1,2,9,37,'{\'rally\':24,\'charge\':1,\'brace\':12}','{\'ward\':3,\'fireburst\':3,\'mend\':1}','{\'archer\':3,\'pikeman\':6}',7,176,0,3,1,5,99,'{\'setPosition\':39,\'rally\':52,\'preparedPosition\':8}','{\'fireburst\':1,\'fieldRepair\':3,\'ward\':1}','{\'leaguePike\':4,\'coil\':1}',8,171
68,choke_gap1,league,baseline,draw,round-limit,30,2,5,6,6,71,'{\'rally\':44,\'setPosition\':19,\'arcBurst\':2,\'preparedPosition\':6}','{\'fireburst\':1,\'mend\':2,\'fieldRepair\':1,\'flare\':2}','{\'leaguePike\':2,\'pavise\':1,\'relicWalker\':1,\'coil\':2}',6,100,1,6,5,16,36,'{\'rally\':22,\'charge\':4,\'secondWind\':1,\'brace\':7,\'focusedShot\':2}','{\'ward\':7,\'fireburst\':1,\'mend\':2}','{\'pikeman\':8,\'archer\':6,\'cavalier\':2}',6,129
68,choke_gap1,baseline,league,draw,round-limit,30,1,3,0,9,32,'{\'rally\':19,\'focusedShot\':3,\'brace\':9,\'charge\':1}','{\'fireburst\':3,\'ward\':1,\'mend\':2}','{\'pikeman\':7,\'archer\':2}',8,194,0,0,3,4,56,'{\'setPosition\':14,\'rally\':32,\'preparedPosition\':10}','{\'fireburst\':2,\'ward\':2,\'fieldRepair\':1,\'mend\':3}','{\'leaguePike\':2,\'pavise\':1,\'coil\':1}',9,186
69,choke_gap1,league,baseline,draw,round-limit,30,1,1,2,4,122,'{\'rally\':52,\'setPosition\':42,\'preparedPosition\':28}','{\'fireburst\':1,\'ward\':2,\'mend\':1,\'fieldRepair\':1}','{\'leaguePike\':1,\'pavise\':1,\'coil\':2}',8,159,0,2,1,9,21,'{\'rally\':14,\'brace\':7}','{\'fireburst\':3,\'ward\':2,\'mend\':3}','{\'pikeman\':6,\'cavalier\':1,\'archer\':2}',7,163
69,choke_gap1,baseline,league,draw,round-limit,30,1,1,0,8,23,'{\'rally\':22,\'secondWind\':1}',{"fireburst":3},'{\'pikeman\':6,\'archer\':2}',7,175,0,0,1,4,33,'{\'setPosition\':6,\'rally\':25,\'preparedPosition\':2}','{\'fireburst\':3,\'fieldRepair\':4,\'flare\':1,\'mend\':2}','{\'leaguePike\':2,\'pavise\':1,\'coil\':1}',9,183
70,choke_gap1,league,baseline,draw,round-limit,30,1,3,4,6,87,'{\'rally\':44,\'setPosition\':30,\'preparedPosition\':13}','{\'ward\':1,\'flare\':2,\'mend\':1,\'fieldRepair\':2}','{\'leaguePike\':2,\'pavise\':1,\'coil\':3}',8,139,0,4,3,11,20,'{\'rally\':12,\'brace\':3,\'charge\':1,\'secondWind\':2,\'focusedShot\':2}','{\'fireburst\':4,\'mend\':5,\'ward\':3}','{\'pikeman\':7,\'cavalier\':1,\'archer\':3}',7,153
70,choke_gap1,baseline,league,draw,round-limit,30,2,6,1,16,34,'{\'rally\':23,\'brace\':7,\'charge\':2,\'secondWind\':2}','{\'ward\':3,\'fireburst\':2,\'mend\':4}','{\'archer\':1,\'pikeman\':12,\'cavalier\':3}',9,196,0,1,6,4,136,'{\'setPosition\':49,\'rally\':59,\'preparedPosition\':28}','{\'fireburst\':2,\'ward\':1,\'fieldRepair\':5,\'flare\':2}','{\'pavise\':2,\'leaguePike\':1,\'coil\':1}',8,173
71,choke_gap1,league,baseline,draw,round-limit,30,1,2,1,5,51,'{\'rally\':36,\'setPosition\':11,\'preparedPosition\':4}','{\'ward\':4,\'fieldRepair\':3,\'mend\':1,\'flare\':2}','{\'leaguePike\':3,\'coil\':2}',8,156,0,1,2,7,24,'{\'rally\':17,\'brace\':5,\'charge\':1,\'secondWind\':1}','{\'fireburst\':4,\'ward\':5}','{\'archer\':3,\'pikeman\':4}',7,159
71,choke_gap1,baseline,league,draw,round-limit,30,1,3,5,14,35,'{\'rally\':28,\'brace\':6,\'charge\':1}','{\'fireburst\':12,\'ward\':6,\'mend\':5}','{\'pikeman\':12,\'archer\':1,\'cavalier\':1}',8,174,0,9,3,12,132,'{\'setPosition\':49,\'rally\':58,\'preparedPosition\':24,\'arcBurst\':1}','{\'fireburst\':2,\'fieldRepair\':5,\'ward\':3,\'mend\':3,\'flare\':3}','{\'leaguePike\':1,\'pavise\':3,\'coil\':7,\'relicWalker\':1}',8,180
72,choke_gap1,league,baseline,draw,round-limit,30,1,3,1,5,41,'{\'rally\':30,\'setPosition\':9,\'preparedPosition\':2}','{\'ward\':2,\'flare\':2,\'fieldRepair\':2,\'fireburst\':1}','{\'leaguePike\':3,\'coil\':2}',7,153,0,1,3,9,17,'{\'rally\':11,\'brace\':2,\'charge\':1,\'secondWind\':3}','{\'fireburst\':4,\'ward\':4,\'mend\':5}','{\'pikeman\':6,\'archer\':2,\'cavalier\':1}',7,170
72,choke_gap1,baseline,league,draw,round-limit,30,1,4,0,11,36,'{\'rally\':17,\'brace\':8,\'charge\':5,\'secondWind\':6}','{\'ward\':5,\'fireburst\':2,\'mend\':3}','{\'pikeman\':6,\'archer\':4,\'cavalier\':1}',7,143,0,0,4,2,97,'{\'setPosition\':35,\'rally\':39,\'preparedPosition\':23}','{\'fireburst\':2,\'ward\':3,\'fieldRepair\':4,\'flare\':1,\'mend\':4}','{\'pavise\':1,\'coil\':1}',7,129
73,choke_gap1,league,baseline,draw,round-limit,30,1,6,1,9,66,'{\'rally\':47,\'setPosition\':15,\'preparedPosition\':4}','{\'mend\':3,\'fieldRepair\':3,\'ward\':2,\'fireburst\':2}','{\'leaguePike\':3,\'coil\':5,\'pavise\':1}',8,161,0,1,6,8,54,'{\'rally\':33,\'brace\':14,\'secondWind\':5,\'charge\':2}','{\'fireburst\':3,\'ward\':2,\'mend\':1}','{\'pikeman\':7,\'cavalier\':1}',9,157
73,choke_gap1,baseline,league,draw,round-limit,30,1,5,3,20,40,'{\'rally\':28,\'focusedShot\':3,\'brace\':8,\'charge\':1}','{\'fireburst\':3,\'mend\':2,\'ward\':5}','{\'pikeman\':13,\'archer\':6,\'cavalier\':1}',5,139,0,3,4,4,125,'{\'setPosition\':44,\'rally\':50,\'preparedPosition\':31}','{\'fireburst\':4,\'ward\':2,\'mend\':4,\'fieldRepair\':2,\'flare\':1}','{\'leaguePike\':2,\'pavise\':1,\'coil\':1}',6,119
74,choke_gap1,league,baseline,draw,round-limit,30,1,6,5,9,48,'{\'rally\':33,\'setPosition\':12,\'preparedPosition\':3}','{\'mend\':3,\'fieldRepair\':2,\'fireburst\':1,\'ward\':2}','{\'leaguePike\':3,\'coil\':6}',8,150,0,5,6,15,37,'{\'rally\':20,\'brace\':6,\'charge\':6,\'secondWind\':4,\'focusedShot\':1}','{\'fireburst\':2,\'ward\':1,\'mend\':2}','{\'pikeman\':10,\'archer\':3,\'cavalier\':2}',8,176
74,choke_gap1,baseline,league,draw,round-limit,30,1,5,0,12,20,'{\'rally\':15,\'brace\':4,\'charge\':1}','{\'fireburst\':4,\'ward\':2,\'mend\':4}','{\'pikeman\':9,\'archer\':1,\'cavalier\':2}',8,192,0,0,5,4,106,'{\'setPosition\':37,\'rally\':46,\'preparedPosition\':23}','{\'fireburst\':1,\'ward\':2,\'mend\':1,\'fieldRepair\':3}','{\'leaguePike\':2,\'pavise\':1,\'coil\':1}',9,165
75,choke_gap1,league,baseline,draw,round-limit,30,1,5,3,8,91,'{\'rally\':57,\'setPosition\':28,\'preparedPosition\':6}',{"mend":3},'{\'leaguePike\':3,\'coil\':2,\'pavise\':3}',8,195,0,3,5,11,29,'{\'rally\':16,\'brace\':5,\'charge\':3,\'secondWind\':4,\'focusedShot\':1}','{\'fireburst\':6,\'ward\':4,\'mend\':1}','{\'pikeman\':7,\'archer\':3,\'cavalier\':1}',8,167
75,choke_gap1,baseline,league,draw,round-limit,30,1,1,0,9,15,'{\'rally\':12,\'brace\':3}','{\'fireburst\':1,\'ward\':2,\'mend\':2}','{\'pikeman\':6,\'archer\':3}',8,196,0,0,1,4,40,'{\'setPosition\':12,\'rally\':24,\'preparedPosition\':4}','{\'ward\':4,\'fireburst\':1,\'flare\':3,\'mend\':1,\'fieldRepair\':2}','{\'leaguePike\':1,\'pavise\':2,\'coil\':1}',9,189
76,choke_gap1,league,baseline,draw,round-limit,30,1,3,4,6,61,'{\'rally\':44,\'setPosition\':13,\'preparedPosition\':4}','{\'mend\':4,\'flare\':3,\'fieldRepair\':2,\'ward\':1,\'fireburst\':2}','{\'leaguePike\':2,\'pavise\':1,\'coil\':3}',8,181,0,4,3,13,51,'{\'rally\':31,\'brace\':16,\'charge\':2,\'secondWind\':2}','{\'fireburst\':3,\'mend\':4,\'ward\':1}','{\'pikeman\':9,\'archer\':2,\'cavalier\':2}',7,172
76,choke_gap1,baseline,league,draw,round-limit,30,2,3,2,11,33,'{\'rally\':23,\'brace\':10}','{\'ward\':6,\'fireburst\':6}','{\'archer\':1,\'pikeman\':9,\'cavalier\':1}',8,200,0,3,3,5,96,'{\'setPosition\':31,\'rally\':44,\'preparedPosition\':21}','{\'fireburst\':2,\'ward\':1,\'mend\':1,\'fieldRepair\':2,\'flare\':1}','{\'leaguePike\':2,\'pavise\':1,\'coil\':2}',7,151
77,choke_gap1,league,baseline,red,keep-captured,13,1,2,0,5,37,'{\'rally\':22,\'setPosition\':12,\'preparedPosition\':3}','{\'fireburst\':1,\'fieldRepair\':1}','{\'leaguePike\':3,\'coil\':1,\'pavise\':1}',8,171,0,0,2,8,12,'{\'rally\':10,\'brace\':1,\'charge\':1}','{\'ward\':3,\'fireburst\':2,\'mend\':1}','{\'archer\':2,\'pikeman\':6}',7,164
77,choke_gap1,baseline,league,draw,round-limit,30,2,3,3,10,43,'{\'rally\':24,\'charge\':3,\'focusedShot\':6,\'brace\':9,\'secondWind\':1}',{"mend":1},'{\'pikeman\':6,\'archer\':3,\'cavalier\':1}',7,145,0,3,3,5,110,'{\'setPosition\':40,\'rally\':51,\'preparedPosition\':19}','{\'fireburst\':1,\'flare\':3,\'mend\':2,\'fieldRepair\':1}','{\'leaguePike\':2,\'pavise\':1,\'coil\':2}',8,159
78,choke_gap1,league,baseline,draw,round-limit,30,1,4,2,9,62,'{\'rally\':42,\'setPosition\':18,\'preparedPosition\':2}','{\'fireburst\':2,\'ward\':4,\'fieldRepair\':3,\'mend\':1}','{\'leaguePike\':4,\'coil\':4,\'pavise\':1}',10,203,0,2,4,8,17,'{\'rally\':13,\'brace\':2,\'secondWind\':1,\'focusedShot\':1}','{\'fireburst\':4,\'ward\':2,\'mend\':2}','{\'pikeman\':7,\'cavalier\':1}',7,162
78,choke_gap1,baseline,league,draw,round-limit,30,2,6,1,21,41,'{\'rally\':30,\'charge\':2,\'brace\':9}','{\'fireburst\':3,\'ward\':2,\'mend\':2}','{\'pikeman\':17,\'archer\':4}',7,145,0,1,6,3,147,'{\'setPosition\':54,\'rally\':60,\'preparedPosition\':33}','{\'fireburst\':1,\'fieldRepair\':2,\'ward\':5,\'mend\':1,\'flare\':1}','{\'leaguePike\':2,\'coil\':1}',7,126
79,choke_gap1,league,baseline,draw,round-limit,30,1,5,4,7,103,'{\'rally\':58,\'setPosition\':35,\'preparedPosition\':10}',{"mend":2},'{\'leaguePike\':4,\'coil\':2,\'pavise\':1}',8,179,0,4,5,11,36,'{\'rally\':20,\'brace\':8,\'secondWind\':4,\'charge\':4}','{\'ward\':4,\'mend\':5,\'fireburst\':2}','{\'cavalier\':2,\'pikeman\':5,\'archer\':4}',6,152
79,choke_gap1,baseline,league,draw,round-limit,30,1,1,0,9,23,'{\'rally\':20,\'charge\':1,\'brace\':2}','{\'ward\':1,\'fireburst\':2,\'mend\':1}','{\'archer\':3,\'pikeman\':6}',7,174,0,0,1,4,46,'{\'setPosition\':11,\'rally\':30,\'preparedPosition\':5}','{\'flare\':2,\'mend\':1,\'fieldRepair\':1}','{\'leaguePike\':1,\'pavise\':2,\'coil\':1}',9,175
80,choke_gap1,league,baseline,draw,round-limit,30,1,7,3,9,95,'{\'rally\':55,\'setPosition\':33,\'preparedPosition\':7}','{\'fireburst\':2,\'fieldRepair\':2,\'ward\':3}','{\'leaguePike\':2,\'pavise\':3,\'coil\':4}',7,123,0,3,7,12,41,'{\'rally\':27,\'brace\':8,\'charge\':2,\'secondWind\':1,\'focusedShot\':3}','{\'fireburst\':3,\'mend\':2,\'ward\':4}','{\'pikeman\':9,\'archer\':2,\'cavalier\':1}',7,136
80,choke_gap1,baseline,league,draw,round-limit,30,1,2,0,9,26,'{\'rally\':17,\'focusedShot\':1,\'charge\':1,\'brace\':7}','{\'fireburst\':4,\'mend\':2,\'ward\':3}','{\'pikeman\':6,\'archer\':3}',7,170,0,0,2,4,77,'{\'setPosition\':21,\'rally\':36,\'preparedPosition\':20}','{\'fieldRepair\':1,\'mend\':3}','{\'leaguePike\':2,\'pavise\':1,\'coil\':1}',9,173
81,choke_gap1,league,baseline,draw,round-limit,30,1,7,2,10,85,'{\'setPosition\':27,\'rally\':51,\'preparedPosition\':7}',{"ward":2},'{\'leaguePike\':1,\'pavise\':4,\'coil\':4,\'relicWalker\':1}',8,186,0,2,5,9,21,'{\'rally\':12,\'brace\':4,\'charge\':3,\'secondWind\':2}','{\'fireburst\':6,\'ward\':4,\'mend\':4}','{\'pikeman\':8,\'cavalier\':1}',8,169
81,choke_gap1,baseline,league,draw,round-limit,30,2,5,1,11,27,'{\'rally\':17,\'brace\':6,\'charge\':3,\'secondWind\':1}','{\'fireburst\':2,\'mend\':1,\'ward\':1}','{\'archer\':3,\'pikeman\':7,\'cavalier\':1}',6,150,0,1,5,4,58,'{\'setPosition\':16,\'rally\':34,\'preparedPosition\':8}','{\'ward\':1,\'fieldRepair\':2,\'flare\':1,\'mend\':2,\'fireburst\':1}','{\'leaguePike\':3,\'coil\':1}',8,173
82,choke_gap1,league,baseline,draw,round-limit,30,1,1,4,4,175,'{\'rally\':82,\'setPosition\':73,\'preparedPosition\':20}','{\'fireburst\':2,\'ward\':1,\'fieldRepair\':1}','{\'leaguePike\':2,\'pavise\':1,\'coil\':1}',8,194,0,4,1,12,30,'{\'rally\':19,\'brace\':8,\'secondWind\':2,\'charge\':1}','{\'fireburst\':2,\'ward\':2,\'mend\':2}','{\'pikeman\':10,\'cavalier\':2}',8,195
82,choke_gap1,baseline,league,draw,round-limit,30,1,4,0,13,23,'{\'rally\':16,\'focusedShot\':1,\'brace\':4,\'charge\':1,\'secondWind\':1}','{\'fireburst\':4,\'ward\':4,\'mend\':3}','{\'pikeman\':10,\'archer\':2,\'cavalier\':1}',9,189,0,0,4,4,130,'{\'setPosition\':48,\'rally\':59,\'preparedPosition\':23}','{\'ward\':2,\'fieldRepair\':2}','{\'leaguePike\':3,\'coil\':1}',9,174
83,choke_gap1,league,baseline,draw,round-limit,30,1,4,2,7,107,'{\'rally\':65,\'setPosition\':38,\'preparedPosition\':4}','{\'mend\':2,\'fieldRepair\':1,\'ward\':1}','{\'leaguePike\':4,\'coil\':3}',8,162,0,2,4,9,35,'{\'rally\':25,\'brace\':9,\'charge\':1}','{\'fireburst\':3,\'ward\':5,\'mend\':6}','{\'pikeman\':7,\'cavalier\':1,\'archer\':1}',7,183
83,choke_gap1,baseline,league,draw,round-limit,30,2,3,2,12,19,'{\'rally\':16,\'brace\':1,\'charge\':1,\'secondWind\':1}','{\'ward\':2,\'fireburst\':2,\'mend\':1}','{\'archer\':3,\'pikeman\':8,\'cavalier\':1}',7,164,0,2,3,6,68,'{\'setPosition\':25,\'rally\':35,\'preparedPosition\':8}','{\'fireburst\':1,\'ward\':3,\'mend\':1,\'fieldRepair\':1}','{\'leaguePike\':2,\'pavise\':1,\'coil\':3}',9,194
84,choke_gap1,league,baseline,draw,round-limit,30,1,2,2,5,83,'{\'rally\':42,\'setPosition\':26,\'preparedPosition\':15}','{\'fireburst\':1,\'mend\':3,\'flare\':2}','{\'leaguePike\':1,\'pavise\':1,\'coil\':3}',8,161,0,2,1,8,23,'{\'rally\':13,\'brace\':5,\'charge\':2,\'secondWind\':3}','{\'fireburst\':6,\'mend\':6,\'ward\':3}','{\'pikeman\':7,\'cavalier\':1}',8,167
84,choke_gap1,baseline,league,draw,round-limit,30,0,3,0,12,18,'{\'rally\':14,\'brace\':3,\'charge\':1}','{\'ward\':3,\'fireburst\':4,\'mend\':2}','{\'pikeman\':8,\'archer\':3,\'cavalier\':1}',7,155,0,0,3,4,84,'{\'setPosition\':26,\'rally\':44,\'preparedPosition\':14}','{\'fireburst\':2,\'ward\':4,\'fieldRepair\':2,\'flare\':3}','{\'leaguePike\':3,\'coil\':1}',9,182
85,choke_gap1,league,baseline,draw,round-limit,30,1,4,4,7,72,'{\'rally\':56,\'setPosition\':15,\'preparedPosition\':1}','{\'fireburst\':3,\'ward\':2,\'fieldRepair\':3,\'mend\':1,\'flare\':2}','{\'leaguePike\':3,\'pavise\':1,\'coil\':3}',8,200,0,4,4,15,35,'{\'rally\':23,\'brace\':3,\'charge\':3,\'focusedShot\':2,\'secondWind\':4}','{\'fireburst\':8,\'mend\':3}','{\'pikeman\':12,\'cavalier\':3}',7,153
85,choke_gap1,baseline,league,draw,round-limit,30,2,4,1,12,39,'{\'rally\':25,\'brace\':11,\'secondWind\':2,\'charge\':1}','{\'ward\':1,\'fireburst\':3,\'mend\':2}','{\'pikeman\':9,\'archer\':1,\'cavalier\':2}',8,173,0,1,4,4,111,'{\'setPosition\':39,\'rally\':51,\'preparedPosition\':21}','{\'fireburst\':2,\'ward\':3,\'flare\':1,\'mend\':2,\'fieldRepair\':2}','{\'leaguePike\':2,\'pavise\':1,\'coil\':1}',8,172
86,choke_gap1,league,baseline,draw,round-limit,30,1,5,2,9,112,'{\'setPosition\':40,\'rally\':56,\'preparedPosition\':16}','{\'flare\':2,\'fireburst\':1}','{\'leaguePike\':1,\'pavise\':2,\'coil\':6}',9,165,0,3,5,15,28,'{\'rally\':25,\'charge\':1,\'brace\':2}','{\'fireburst\':3,\'ward\':2,\'mend\':2}','{\'pikeman\':12,\'archer\':2,\'cavalier\':1}',7,155
86,choke_gap1,baseline,league,draw,round-limit,30,1,2,0,9,29,'{\'rally\':20,\'focusedShot\':1,\'brace\':8}','{\'fireburst\':2,\'ward\':1}','{\'archer\':3,\'pikeman\':6}',7,173,0,0,2,4,71,'{\'setPosition\':22,\'rally\':38,\'preparedPosition\':11}','{\'fireburst\':1,\'fieldRepair\':2}','{\'leaguePike\':3,\'coil\':1}',9,195
87,choke_gap1,league,baseline,draw,round-limit,30,1,4,0,6,69,'{\'setPosition\':21,\'rally\':36,\'preparedPosition\':12}','{\'fireburst\':2,\'flare\':2,\'fieldRepair\':2,\'mend\':1}','{\'leaguePike\':1,\'pavise\':1,\'coil\':4}',7,151,0,0,4,7,32,'{\'rally\':19,\'brace\':12,\'secondWind\':1}','{\'fireburst\':3,\'mend\':4,\'ward\':1}','{\'pikeman\':3,\'cavalier\':1,\'archer\':3}',8,149
87,choke_gap1,baseline,league,draw,round-limit,30,1,4,0,13,21,'{\'rally\':16,\'brace\':4,\'charge\':1}','{\'ward\':5,\'mend\':6,\'fireburst\':4}','{\'archer\':3,\'pikeman\':10}',7,176,0,0,4,4,120,'{\'setPosition\':42,\'rally\':55,\'preparedPosition\':23}','{\'fireburst\':1,\'ward\':2,\'flare\':1,\'fieldRepair\':3}','{\'leaguePike\':3,\'coil\':1}',9,159
88,choke_gap1,league,baseline,draw,round-limit,30,1,8,3,12,53,'{\'setPosition\':8,\'rally\':42,\'preparedPosition\':3}','{\'ward\':2,\'fireburst\':3,\'fieldRepair\':2,\'flare\':1}','{\'leaguePike\':2,\'pavise\':4,\'coil\':5,\'relicWalker\':1}',9,189,0,3,7,15,38,'{\'rally\':26,\'brace\':4,\'secondWind\':5,\'focusedShot\':2,\'charge\':1}','{\'mend\':5,\'ward\':5,\'fireburst\':3}','{\'pikeman\':12,\'archer\':1,\'cavalier\':2}',6,159
88,choke_gap1,baseline,league,draw,round-limit,30,1,0,0,7,9,'{\'rally\':8,\'focusedShot\':1}','{\'fireburst\':1,\'mend\':6,\'ward\':1}','{\'archer\':1,\'pikeman\':6}',8,177,0,0,0,4,37,'{\'setPosition\':10,\'rally\':25,\'preparedPosition\':2}','{\'fireburst\':1,\'fieldRepair\':1,\'flare\':1}','{\'leaguePike\':2,\'pavise\':1,\'coil\':1}',9,201
89,choke_gap1,league,baseline,red,keep-captured,8,1,0,0,3,18,'{\'rally\':12,\'setPosition\':6}','{\'fireburst\':3,\'mend\':1,\'fieldRepair\':1,\'ward\':1,\'flare\':2}','{\'leaguePike\':2,\'pavise\':1}',8,182,0,0,0,7,10,'{\'rally\':8,\'charge\':1,\'secondWind\':1}',{"ward":7},'{\'pikeman\':4,\'cavalier\':1,\'archer\':2}',8,161
89,choke_gap1,baseline,league,draw,round-limit,30,2,5,8,16,40,'{\'rally\':27,\'brace\':9,\'charge\':2,\'secondWind\':2}','{\'ward\':6,\'mend\':5,\'fireburst\':6}','{\'archer\':3,\'pikeman\':11,\'cavalier\':2}',7,148,0,9,5,10,130,'{\'setPosition\':48,\'rally\':61,\'preparedPosition\':21}','{\'fireburst\':1,\'flare\':3,\'mend\':2,\'fieldRepair\':3}','{\'leaguePike\':3,\'coil\':7}',6,124
90,choke_gap1,league,baseline,draw,round-limit,30,1,7,3,11,58,'{\'rally\':38,\'setPosition\':16,\'preparedPosition\':4}','{\'ward\':2,\'flare\':1,\'fireburst\':2,\'fieldRepair\':3,\'mend\':3}','{\'leaguePike\':3,\'pavise\':1,\'coil\':6,\'relicWalker\':1}',9,186,0,3,7,10,26,'{\'rally\':16,\'brace\':5,\'secondWind\':3,\'charge\':2}','{\'fireburst\':3,\'ward\':5,\'mend\':1}','{\'pikeman\':7,\'archer\':2,\'cavalier\':1}',7,149
90,choke_gap1,baseline,league,draw,round-limit,30,0,8,2,14,41,'{\'rally\':23,\'charge\':4,\'secondWind\':3,\'brace\':11}','{\'ward\':6,\'mend\':2,\'fireburst\':1}','{\'pikeman\':5,\'archer\':6,\'cavalier\':3}',7,159,0,2,8,5,132,'{\'setPosition\':49,\'rally\':57,\'preparedPosition\':26}','{\'ward\':2,\'flare\':3,\'fireburst\':1,\'mend\':1,\'fieldRepair\':3}','{\'leaguePike\':2,\'pavise\':1,\'coil\':2}',8,157
91,choke_gap1,league,baseline,draw,round-limit,30,1,4,2,8,64,'{\'rally\':44,\'setPosition\':18,\'preparedPosition\':2}','{\'fireburst\':2,\'mend\':1,\'flare\':1}','{\'leaguePike\':2,\'pavise\':2,\'coil\':4}',9,178,0,2,3,9,30,'{\'rally\':20,\'charge\':3,\'secondWind\':2,\'focusedShot\':1,\'brace\':4}','{\'fireburst\':7,\'ward\':2,\'mend\':1}','{\'pikeman\':7,\'archer\':2}',7,170
91,choke_gap1,baseline,league,draw,round-limit,30,1,10,2,18,42,'{\'rally\':28,\'brace\':7,\'charge\':5,\'secondWind\':1,\'focusedShot\':1}','{\'fireburst\':1,\'ward\':1,\'mend\':2}','{\'pikeman\':12,\'archer\':1,\'cavalier\':5}',8,184,0,2,10,6,141,'{\'setPosition\':55,\'rally\':60,\'preparedPosition\':26}','{\'fireburst\':1,\'ward\':3,\'flare\':2,\'mend\':2,\'fieldRepair\':4}','{\'leaguePike\':2,\'pavise\':1,\'coil\':3}',9,157
92,choke_gap1,league,baseline,draw,round-limit,30,1,9,7,9,92,'{\'setPosition\':28,\'rally\':49,\'preparedPosition\':15}','{\'mend\':2,\'fireburst\':1,\'flare\':2,\'ward\':1}','{\'leaguePike\':2,\'pavise\':3,\'coil\':4}',6,126,0,7,9,18,37,'{\'rally\':19,\'charge\':2,\'secondWind\':2,\'brace\':7,\'focusedShot\':7}','{\'fireburst\':4,\'ward\':4,\'mend\':2}','{\'pikeman\':9,\'archer\':3,\'cavalier\':6}',7,154
92,choke_gap1,baseline,league,draw,round-limit,30,1,1,0,8,12,'{\'rally\':11,\'brace\':1}','{\'ward\':5,\'mend\':3}','{\'archer\':1,\'pikeman\':6,\'cavalier\':1}',9,202,0,0,1,4,37,'{\'setPosition\':9,\'rally\':23,\'preparedPosition\':5}','{\'fireburst\':1,\'flare\':2}','{\'leaguePike\':1,\'pavise\':2,\'coil\':1}',9,199
93,choke_gap1,league,baseline,draw,round-limit,30,1,4,4,7,96,'{\'rally\':51,\'setPosition\':30,\'preparedPosition\':15}','{\'fieldRepair\':2,\'ward\':1,\'flare\':1,\'fireburst\':1}','{\'leaguePike\':2,\'pavise\':1,\'coil\':4}',8,163,0,4,4,11,27,'{\'rally\':18,\'brace\':6,\'charge\':1,\'secondWind\':2}','{\'fireburst\':2,\'ward\':4,\'mend\':1}','{\'pikeman\':7,\'archer\':2,\'cavalier\':2}',7,159
93,choke_gap1,baseline,league,draw,round-limit,30,1,1,0,9,11,'{\'rally\':10,\'brace\':1}','{\'ward\':1,\'mend\':3}','{\'archer\':4,\'pikeman\':5}',8,173,0,0,1,4,42,'{\'setPosition\':12,\'rally\':25,\'preparedPosition\':5}','{\'fireburst\':1,\'ward\':3,\'flare\':1,\'fieldRepair\':1}','{\'leaguePike\':2,\'pavise\':1,\'coil\':1}',9,204
94,choke_gap1,league,baseline,draw,round-limit,30,1,6,1,9,73,'{\'setPosition\':26,\'rally\':37,\'preparedPosition\':10}','{\'ward\':2,\'flare\':1,\'mend\':2,\'fieldRepair\':2}','{\'leaguePike\':2,\'pavise\':1,\'coil\':6}',8,187,0,1,6,8,20,'{\'rally\':14,\'brace\':4,\'secondWind\':2}','{\'fireburst\':2,\'ward\':1,\'mend\':3}','{\'pikeman\':7,\'cavalier\':1}',8,185
94,choke_gap1,baseline,league,draw,round-limit,30,1,2,0,9,10,'{\'rally\':9,\'brace\':1}','{\'fireburst\':6,\'mend\':2,\'ward\':4}','{\'archer\':3,\'pikeman\':6}',7,166,0,1,2,5,68,'{\'setPosition\':21,\'rally\':38,\'preparedPosition\':9}','{\'fieldRepair\':2,\'ward\':1}','{\'leaguePike\':2,\'pavise\':1,\'coil\':2}',9,184
95,choke_gap1,league,baseline,draw,round-limit,30,1,2,4,6,72,'{\'setPosition\':23,\'rally\':37,\'preparedPosition\':12}','{\'flare\':1,\'mend\':2,\'ward\':1,\'fieldRepair\':3}','{\'leaguePike\':1,\'pavise\':2,\'coil\':3}',9,169,0,4,1,11,35,'{\'rally\':22,\'charge\':2,\'secondWind\':3,\'brace\':8}','{\'ward\':2,\'mend\':1,\'fireburst\':1}','{\'pikeman\':8,\'archer\':2,\'cavalier\':1}',7,183
95,choke_gap1,baseline,league,draw,round-limit,30,1,2,1,10,19,'{\'rally\':14,\'focusedShot\':1,\'brace\':3,\'charge\':1}','{\'ward\':6,\'fireburst\':1,\'mend\':1}','{\'archer\':3,\'pikeman\':7}',8,177,0,1,2,4,75,'{\'setPosition\':24,\'rally\':40,\'preparedPosition\':11}','{\'fieldRepair\':1,\'flare\':1}','{\'leaguePike\':3,\'coil\':1}',8,178
96,choke_gap1,league,baseline,draw,round-limit,30,1,3,2,6,128,'{\'setPosition\':48,\'rally\':77,\'arcBurst\':3}','{\'ward\':2,\'flare\':1,\'mend\':1,\'fieldRepair\':3,\'fireburst\':1}','{\'leaguePike\':2,\'pavise\':3,\'relicWalker\':1}',8,191,0,2,3,10,33,'{\'rally\':27,\'charge\':1,\'brace\':5}','{\'ward\':3,\'fireburst\':4,\'mend\':2}','{\'pikeman\':7,\'archer\':3}',8,188
96,choke_gap1,baseline,league,draw,round-limit,30,1,0,0,7,9,{"rally":9},'{\'ward\':9,\'fireburst\':2,\'mend\':5}','{\'pikeman\':6,\'archer\':1}',8,175,0,0,0,4,32,'{\'setPosition\':6,\'rally\':24,\'preparedPosition\':2}','{\'fireburst\':1,\'flare\':1,\'fieldRepair\':1,\'ward\':2,\'mend\':1}','{\'leaguePike\':2,\'pavise\':1,\'coil\':1}',9,194
97,choke_gap1,league,baseline,draw,round-limit,30,3,13,7,14,102,'{\'setPosition\':31,\'rally\':60,\'preparedPosition\':10,\'arcBurst\':1}','{\'fireburst\':4,\'ward\':2,\'mend\':1,\'flare\':2,\'fieldRepair\':3}','{\'leaguePike\':2,\'pavise\':3,\'coil\':8,\'relicWalker\':1}',6,133,2,7,12,19,69,'{\'rally\':40,\'brace\':20,\'charge\':3,\'secondWind\':4,\'focusedShot\':2}','{\'fireburst\':2,\'mend\':3,\'ward\':5}','{\'pikeman\':10,\'archer\':7,\'cavalier\':2}',7,158
97,choke_gap1,baseline,league,draw,round-limit,30,1,1,0,8,20,'{\'rally\':19,\'brace\':1}','{\'fireburst\':2,\'mend\':1}','{\'pikeman\':6,\'archer\':2}',7,171,0,0,1,4,49,'{\'setPosition\':12,\'rally\':31,\'preparedPosition\':6}','{\'fireburst\':2,\'ward\':1,\'fieldRepair\':4,\'mend\':2}','{\'leaguePike\':1,\'pavise\':2,\'coil\':1}',9,188
98,choke_gap1,league,baseline,draw,round-limit,30,1,3,2,6,43,'{\'setPosition\':8,\'rally\':31,\'preparedPosition\':4}','{\'fireburst\':3,\'flare\':3,\'fieldRepair\':3}','{\'leaguePike\':1,\'pavise\':1,\'coil\':4}',8,150,0,2,3,10,24,'{\'rally\':15,\'brace\':5,\'secondWind\':3,\'charge\':1}','{\'ward\':2,\'mend\':4,\'fireburst\':3}','{\'cavalier\':1,\'archer\':2,\'pikeman\':7}',8,164
98,choke_gap1,baseline,league,draw,round-limit,30,1,1,2,8,19,'{\'rally\':14,\'focusedShot\':2,\'brace\':2,\'secondWind\':1}','{\'ward\':3,\'fireburst\':1,\'mend\':1}','{\'archer\':4,\'pikeman\':4}',7,158,0,2,1,4,38,'{\'setPosition\':11,\'rally\':23,\'preparedPosition\':4}','{\'fieldRepair\':1,\'flare\':3,\'fireburst\':2,\'mend\':3}','{\'leaguePike\':1,\'pavise\':2,\'coil\':1}',7,148
99,choke_gap1,league,baseline,draw,round-limit,30,1,11,2,13,88,'{\'rally\':51,\'setPosition\':29,\'preparedPosition\':8}','{\'ward\':1,\'flare\':2,\'fireburst\':4,\'mend\':1,\'fieldRepair\':3}','{\'leaguePike\':2,\'pavise\':1,\'coil\':8,\'relicWalker\':2}',7,98,0,3,11,12,49,'{\'rally\':35,\'brace\':13,\'secondWind\':1}','{\'fireburst\':4,\'ward\':3,\'mend\':4}','{\'pikeman\':7,\'archer\':5}',8,156
99,choke_gap1,baseline,league,draw,round-limit,30,1,3,3,9,26,'{\'rally\':18,\'secondWind\':3,\'charge\':2,\'brace\':3}','{\'fireburst\':3,\'mend\':2}','{\'pikeman\':6,\'archer\':1,\'cavalier\':2}',8,138,0,3,3,6,55,'{\'setPosition\':17,\'rally\':30,\'preparedPosition\':8}','{\'ward\':2,\'fieldRepair\':3,\'mend\':1,\'fireburst\':2}','{\'pavise\':1,\'leaguePike\':2,\'coil\':2,\'relicWalker\':1}',8,188
100,choke_gap1,league,baseline,draw,round-limit,30,1,11,6,13,107,'{\'rally\':65,\'setPosition\':32,\'preparedPosition\':10}','{\'fireburst\':3,\'mend\':5,\'fieldRepair\':1}','{\'leaguePike\':2,\'pavise\':3,\'coil\':8}',7,148,0,6,11,14,37,'{\'rally\':23,\'charge\':2,\'brace\':8,\'focusedShot\':1,\'secondWind\':3}','{\'ward\':1,\'mend\':6,\'fireburst\':3}','{\'cavalier\':4,\'pikeman\':7,\'archer\':3}',8,154
100,choke_gap1,baseline,league,draw,round-limit,30,1,6,3,17,32,'{\'rally\':21,\'charge\':3,\'focusedShot\':3,\'brace\':5}','{\'fireburst\':3,\'mend\':5,\'ward\':2}','{\'pikeman\':11,\'archer\':4,\'cavalier\':2}',6,153,0,3,6,5,131,'{\'setPosition\':49,\'rally\':61,\'preparedPosition\':21}','{\'fireburst\':2,\'fieldRepair\':3,\'ward\':2,\'mend\':4,\'flare\':1}','{\'pavise\':1,\'leaguePike\':2,\'coil\':2}',8,159
