seed,map,blue,red,winner,reason,rounds,blue_captures,blue_lost,blue_killed,blue_recruited,blue_ability_uses,blue_abilities,blue_spells,blue_recruits,blue_final_units,blue_final_hp,red_captures,red_lost,red_killed,red_recruited,red_ability_uses,red_abilities,red_spells,red_recruits,red_final_units,red_final_hp
1,river_ford,league,baseline,draw,round-limit,30,1,7,2,7,49,{"rally":49},'{\'fieldRepair\':2,\'flare\':2}','{\'leaguePike\':3,\'coil\':2,\'pavise\':2}',7,132,1,2,7,9,37,'{\'rally\':21,\'charge\':3,\'secondWind\':3,\'brace\':10}','{\'fireburst\':7,\'ward\':5,\'mend\':4}','{\'pikeman\':7,\'archer\':2}',7,170
1,river_ford,baseline,league,draw,round-limit,30,1,3,4,11,32,'{\'rally\':18,\'focusedShot\':1,\'brace\':7,\'secondWind\':5,\'charge\':1}','{\'fireburst\':3,\'ward\':3,\'mend\':1}','{\'pikeman\':7,\'archer\':3,\'cavalier\':1}',7,175,0,4,3,5,22,{"rally":22},'{\'ward\':2,\'fieldRepair\':1,\'fireburst\':1,\'mend\':6}','{\'pavise\':2,\'coil\':3}',7,165
2,river_ford,league,baseline,draw,round-limit,30,1,4,1,5,43,{"rally":43},'{\'ward\':2,\'fireburst\':1,\'fieldRepair\':1,\'flare\':1}','{\'leaguePike\':3,\'coil\':2}',7,131,0,1,4,9,22,'{\'rally\':20,\'brace\':2}','{\'ward\':8,\'fireburst\':4,\'mend\':4}','{\'pikeman\':7,\'archer\':2}',8,195
2,river_ford,baseline,league,draw,round-limit,30,1,0,2,7,42,'{\'rally\':25,\'brace\':14,\'secondWind\':3}','{\'fireburst\':1,\'ward\':2}','{\'pikeman\':6,\'archer\':1}',8,163,0,2,0,3,18,{"rally":18},'{\'fireburst\':1,\'fieldRepair\':1,\'ward\':2,\'mend\':1}','{\'leaguePike\':1,\'pavise\':1,\'coil\':1}',7,147
3,river_ford,league,baseline,draw,round-limit,30,2,4,4,5,42,{"rally":42},'{\'mend\':2,\'flare\':3}','{\'leaguePike\':2,\'pavise\':1,\'coil\':2}',7,140,0,4,4,11,29,'{\'rally\':16,\'charge\':2,\'brace\':6,\'secondWind\':4,\'focusedShot\':1}','{\'mend\':5,\'fireburst\':3,\'ward\':2}','{\'pikeman\':5,\'cavalier\':3,\'archer\':3}',8,184
3,river_ford,baseline,league,draw,round-limit,30,1,0,2,7,27,'{\'rally\':16,\'brace\':4,\'focusedShot\':3,\'secondWind\':4}','{\'fireburst\':3,\'ward\':3,\'mend\':2}','{\'archer\':1,\'pikeman\':6}',8,177,0,2,0,3,13,{"rally":13},'{\'fireburst\':3,\'fieldRepair\':2,\'flare\':2,\'mend\':1,\'ward\':1}','{\'leaguePike\':1,\'pavise\':1,\'coil\':1}',7,156
4,river_ford,league,baseline,draw,round-limit,30,1,0,2,4,35,{"rally":35},'{\'mend\':3,\'flare\':1}','{\'leaguePike\':2,\'pavise\':1,\'coil\':1}',9,200,0,2,0,11,32,'{\'rally\':24,\'brace\':8}','{\'ward\':2,\'fireburst\':3,\'mend\':2}','{\'pikeman\':9,\'archer\':2}',7,183
4,river_ford,baseline,league,draw,round-limit,30,1,1,2,8,49,'{\'rally\':30,\'brace\':10,\'focusedShot\':1,\'secondWind\':5,\'charge\':3}','{\'ward\':4,\'fireburst\':3,\'mend\':2}','{\'archer\':2,\'pikeman\':6}',7,154,0,2,1,3,24,{"rally":24},'{\'fireburst\':2,\'flare\':1,\'fieldRepair\':3,\'mend\':2}','{\'pavise\':2,\'coil\':1}',7,130
5,river_ford,league,baseline,draw,round-limit,30,1,1,0,4,33,{"rally":33},'{\'ward\':2,\'mend\':2}','{\'leaguePike\':3,\'coil\':1}',9,188,0,0,1,7,30,'{\'rally\':17,\'focusedShot\':5,\'brace\':8}','{\'fireburst\':5,\'ward\':2,\'mend\':3}',{"pikeman":7},8,187
5,river_ford,baseline,league,draw,round-limit,30,0,0,2,7,33,'{\'rally\':23,\'brace\':6,\'secondWind\':4}','{\'fireburst\':4,\'mend\':1,\'ward\':1}','{\'pikeman\':6,\'archer\':1}',8,192,0,2,0,3,15,{"rally":15},'{\'fieldRepair\':4,\'ward\':4,\'flare\':2}','{\'pavise\':2,\'coil\':1}',7,161
6,river_ford,league,baseline,draw,round-limit,30,1,3,2,6,27,{"rally":27},'{\'mend\':2,\'flare\':1}','{\'leaguePike\':3,\'coil\':3}',8,176,0,2,3,10,17,'{\'rally\':12,\'charge\':1,\'secondWind\':1,\'brace\':3}','{\'fireburst\':3,\'mend\':2,\'ward\':1}','{\'pikeman\':7,\'archer\':2,\'cavalier\':1}',8,207
6,river_ford,baseline,league,draw,round-limit,30,2,2,2,9,41,'{\'rally\':21,\'focusedShot\':3,\'brace\':8,\'secondWind\':7,\'charge\':2}','{\'fireburst\':2,\'mend\':1,\'ward\':1}','{\'archer\':2,\'pikeman\':6,\'cavalier\':1}',8,193,0,2,2,3,20,{"rally":20},'{\'ward\':3,\'fieldRepair\':3,\'mend\':1,\'fireburst\':1}','{\'pavise\':2,\'coil\':1}',7,161
7,river_ford,league,baseline,draw,round-limit,30,1,6,4,6,38,{"rally":38},'{\'ward\':2,\'flare\':2,\'mend\':1,\'fieldRepair\':1,\'fireburst\':1}','{\'leaguePike\':3,\'coil\':2,\'pavise\':1}',5,66,0,4,6,18,32,'{\'rally\':23,\'charge\':1,\'brace\':3,\'focusedShot\':4,\'secondWind\':1}','{\'fireburst\':6,\'mend\':7,\'ward\':1}','{\'pikeman\':14,\'archer\':3,\'cavalier\':1}',8,187
7,river_ford,baseline,league,draw,round-limit,30,1,0,3,8,31,'{\'rally\':23,\'brace\':6,\'secondWind\':2}','{\'ward\':4,\'fireburst\':2}','{\'pikeman\':5,\'archer\':3}',7,162,0,3,0,3,21,{"rally":21},'{\'fireburst\':4,\'ward\':1,\'fieldRepair\':2,\'mend\':1}','{\'leaguePike\':1,\'pavise\':1,\'coil\':1}',6,123
8,river_ford,league,baseline,draw,round-limit,30,2,4,6,5,38,{"rally":38},'{\'fireburst\':3,\'fieldRepair\':1,\'ward\':2,\'mend\':3,\'flare\':1}','{\'leaguePike\':3,\'coil\':2}',7,140,0,6,4,16,32,'{\'rally\':16,\'brace\':4,\'charge\':3,\'secondWind\':3,\'focusedShot\':6}','{\'fireburst\':3,\'mend\':4}','{\'pikeman\':7,\'archer\':6,\'cavalier\':3}',8,178
8,river_ford,baseline,league,draw,round-limit,30,1,3,3,15,35,'{\'rally\':23,\'brace\':7,\'secondWind\':3,\'charge\':2}','{\'fireburst\':5,\'ward\':2,\'mend\':3}','{\'pikeman\':11,\'cavalier\':3,\'archer\':1}',7,165,0,4,3,5,25,{"rally":25},'{\'fieldRepair\':3,\'ward\':3,\'flare\':2,\'fireburst\':1}','{\'pavise\':2,\'coil\':3}',7,157
9,river_ford,league,baseline,draw,round-limit,30,1,2,1,4,24,{"rally":24},'{\'ward\':2,\'fireburst\':3,\'mend\':3,\'fieldRepair\':1,\'flare\':1}','{\'leaguePike\':3,\'coil\':1}',7,148,0,1,2,9,24,'{\'rally\':18,\'secondWind\':5,\'brace\':1}','{\'ward\':6,\'fireburst\':1,\'mend\':3}','{\'pikeman\':7,\'archer\':2}',8,188
9,river_ford,baseline,league,draw,round-limit,30,1,0,2,7,45,'{\'rally\':26,\'brace\':16,\'secondWind\':3}','{\'fireburst\':2,\'ward\':3}','{\'pikeman\':6,\'archer\':1}',8,170,0,2,0,3,20,{"rally":20},'{\'mend\':3,\'fieldRepair\':2,\'flare\':2,\'fireburst\':2}','{\'pavise\':2,\'coil\':1}',7,154
10,river_ford,league,baseline,draw,round-limit,30,0,5,1,5,36,{"rally":36},'{\'fireburst\':3,\'fieldRepair\':1,\'ward\':1,\'mend\':1}','{\'leaguePike\':2,\'pavise\':1,\'coil\':2}',6,110,0,1,5,9,41,'{\'rally\':26,\'focusedShot\':1,\'secondWind\':3,\'brace\':11}','{\'fireburst\':4,\'mend\':4,\'ward\':2}','{\'archer\':3,\'pikeman\':6}',8,176
10,river_ford,baseline,league,draw,round-limit,30,1,0,2,7,24,'{\'rally\':16,\'brace\':5,\'secondWind\':2,\'charge\':1}','{\'fireburst\':2,\'mend\':3}','{\'pikeman\':6,\'archer\':1}',8,194,0,2,0,3,15,{"rally":15},'{\'ward\':2,\'flare\':1,\'fieldRepair\':2}','{\'pavise\':2,\'coil\':1}',7,157
11,river_ford,league,baseline,draw,round-limit,30,1,7,1,7,37,{"rally":37},'{\'fireburst\':3,\'fieldRepair\':2,\'mend\':1,\'flare\':1,\'ward\':1}','{\'leaguePike\':2,\'pavise\':2,\'coil\':3}',6,91,1,1,7,8,39,'{\'rally\':31,\'brace\':7,\'secondWind\':1}','{\'fireburst\':4,\'ward\':5,\'mend\':3}','{\'pikeman\':7,\'cavalier\':1}',9,187
11,river_ford,baseline,league,draw,round-limit,30,1,0,2,7,41,'{\'rally\':24,\'brace\':13,\'secondWind\':4}','{\'ward\':2,\'fireburst\':2}','{\'pikeman\':6,\'archer\':1}',8,187,0,2,0,3,20,{"rally":20},'{\'ward\':2,\'flare\':2,\'fieldRepair\':2,\'mend\':1}','{\'leaguePike\':1,\'pavise\':1,\'coil\':1}',7,158
12,river_ford,league,baseline,draw,round-limit,30,1,6,2,7,31,{"rally":31},'{\'fireburst\':4,\'mend\':3,\'ward\':2,\'flare\':2}','{\'leaguePike\':2,\'pavise\':3,\'coil\':2}',6,93,1,3,6,12,52,'{\'rally\':29,\'focusedShot\':9,\'charge\':1,\'brace\':12,\'secondWind\':1}','{\'fireburst\':2,\'ward\':3,\'mend\':5}','{\'archer\':5,\'pikeman\':6,\'cavalier\':1}',7,152
12,river_ford,baseline,league,draw,round-limit,30,1,0,2,12,32,'{\'rally\':25,\'secondWind\':5,\'brace\':2}','{\'ward\':2,\'mend\':3}','{\'pikeman\':11,\'archer\':1}',7,162,0,2,0,3,17,{"rally":17},'{\'flare\':2,\'mend\':2,\'fieldRepair\':2}','{\'pavise\':2,\'coil\':1}',7,165
13,river_ford,league,baseline,draw,round-limit,30,1,3,1,5,37,{"rally":37},'{\'ward\':3,\'fieldRepair\':2,\'flare\':3,\'mend\':1}','{\'leaguePike\':3,\'coil\':1,\'relicWalker\':1}',7,175,0,1,3,8,28,'{\'rally\':19,\'brace\':9}','{\'ward\':4,\'fireburst\':4,\'mend\':2}','{\'pikeman\':7,\'cavalier\':1}',9,194
13,river_ford,baseline,league,draw,round-limit,30,1,1,3,9,31,'{\'rally\':21,\'brace\':8,\'charge\':1,\'focusedShot\':1}','{\'fireburst\':3,\'mend\':6,\'ward\':4}','{\'archer\':3,\'pikeman\':6}',8,195,0,3,1,3,21,{"rally":21},'{\'fireburst\':2,\'ward\':2,\'flare\':2,\'fieldRepair\':1,\'mend\':1}','{\'leaguePike\':1,\'coil\':1,\'pavise\':1}',6,124
14,river_ford,league,baseline,draw,round-limit,30,1,4,2,5,38,{"rally":38},'{\'ward\':4,\'flare\':1}','{\'leaguePike\':3,\'coil\':2}',7,147,0,2,3,11,29,'{\'rally\':22,\'brace\':7}','{\'fireburst\':4,\'ward\':4,\'mend\':6}','{\'pikeman\':9,\'archer\':2}',7,173
14,river_ford,baseline,league,draw,round-limit,30,1,1,2,8,44,'{\'rally\':27,\'brace\':12,\'secondWind\':5}','{\'fireburst\':3,\'ward\':1,\'mend\':3}','{\'pikeman\':7,\'archer\':1}',8,149,0,2,1,3,21,{"rally":21},'{\'fieldRepair\':1,\'mend\':1,\'ward\':1,\'fireburst\':1}','{\'pavise\':2,\'coil\':1}',7,152
15,river_ford,league,baseline,draw,round-limit,30,1,3,0,5,20,{"rally":20},'{\'fireburst\':3,\'fieldRepair\':3}','{\'leaguePike\':3,\'coil\':2}',7,146,0,0,2,8,30,'{\'rally\':21,\'brace\':9}','{\'ward\':5,\'mend\':3,\'fireburst\':1}','{\'pikeman\':5,\'archer\':3}',7,155
15,river_ford,baseline,league,draw,round-limit,30,1,0,3,7,37,'{\'rally\':21,\'brace\':10,\'secondWind\':4,\'focusedShot\':1,\'charge\':1}','{\'ward\':2,\'mend\':2}','{\'pikeman\':6,\'archer\':1}',8,162,0,3,0,4,17,{"rally":17},'{\'mend\':2,\'fieldRepair\':4,\'ward\':1}','{\'pavise\':2,\'coil\':2}',7,165
16,river_ford,league,baseline,draw,round-limit,30,1,0,0,4,26,{"rally":26},'{\'fireburst\':1,\'mend\':2}','{\'leaguePike\':3,\'coil\':1}',9,191,0,0,0,8,32,'{\'rally\':21,\'brace\':11}','{\'fireburst\':2,\'ward\':3}','{\'pikeman\':6,\'archer\':2}',7,177
16,river_ford,baseline,league,draw,round-limit,30,1,1,2,8,46,'{\'rally\':28,\'brace\':10,\'secondWind\':7,\'charge\':1}','{\'ward\':3,\'mend\':1}','{\'pikeman\':7,\'archer\':1}',8,170,0,2,1,3,18,{"rally":18},'{\'mend\':2,\'fieldRepair\':1,\'ward\':1,\'flare\':1,\'fireburst\':1}','{\'pavise\':2,\'coil\':1}',7,160
17,river_ford,league,baseline,draw,round-limit,30,1,6,2,6,36,{"rally":36},'{\'ward\':3,\'mend\':1}','{\'leaguePike\':3,\'coil\':2,\'pavise\':1}',6,140,0,2,6,9,31,'{\'rally\':15,\'focusedShot\':8,\'secondWind\':4,\'brace\':3,\'charge\':1}','{\'ward\':2,\'fireburst\':3,\'mend\':2}','{\'pikeman\':6,\'archer\':3}',8,177
17,river_ford,baseline,league,draw,round-limit,30,1,1,2,9,47,'{\'rally\':23,\'brace\':9,\'focusedShot\':7,\'secondWind\':7,\'charge\':1}','{\'fireburst\':3,\'mend\':2}','{\'archer\':3,\'pikeman\':6}',8,168,0,2,1,3,21,{"rally":21},'{\'mend\':1,\'fieldRepair\':2,\'fireburst\':2,\'flare\':2}','{\'pavise\':2,\'coil\':1}',7,141
18,river_ford,league,baseline,draw,round-limit,30,1,3,4,5,39,{"rally":39},'{\'ward\':1,\'fireburst\':1,\'mend\':2,\'fieldRepair\':2}','{\'leaguePike\':1,\'pavise\':2,\'coil\':2}',7,123,0,4,2,12,31,'{\'rally\':14,\'secondWind\':2,\'focusedShot\':8,\'brace\':5,\'charge\':2}','{\'ward\':2,\'mend\':3,\'fireburst\':3}','{\'pikeman\':6,\'archer\':4,\'cavalier\':2}',7,138
18,river_ford,baseline,league,draw,round-limit,30,1,1,5,8,50,'{\'rally\':27,\'brace\':11,\'secondWind\':7,\'focusedShot\':1,\'charge\':4}','{\'fireburst\':3,\'ward\':1,\'mend\':4}','{\'pikeman\':7,\'archer\':1}',8,184,0,5,1,5,22,{"rally":22},'{\'fieldRepair\':2,\'flare\':1,\'mend\':1}','{\'pavise\':2,\'coil\':3}',6,118
19,river_ford,league,baseline,draw,round-limit,30,1,3,2,4,20,{"rally":20},'{\'mend\':1,\'fieldRepair\':1,\'ward\':1,\'flare\':1}','{\'leaguePike\':2,\'pavise\':1,\'coil\':1}',6,123,0,2,3,11,29,'{\'rally\':18,\'brace\':7,\'secondWind\':3,\'charge\':1}','{\'ward\':6,\'mend\':4,\'fireburst\':1}','{\'pikeman\':7,\'archer\':3,\'cavalier\':1}',8,156
19,river_ford,baseline,league,draw,round-limit,30,1,2,3,9,38,'{\'rally\':21,\'brace\':9,\'secondWind\':7,\'charge\':1}','{\'ward\':3,\'fireburst\':2,\'mend\':3}','{\'archer\':3,\'pikeman\':6}',8,172,0,3,2,4,22,{"rally":22},'{\'fireburst\':1,\'fieldRepair\':2}','{\'leaguePike\':1,\'coil\':2,\'pavise\':1}',7,156
20,river_ford,league,baseline,draw,round-limit,30,1,3,0,4,19,{"rally":19},'{\'ward\':1,\'fieldRepair\':1,\'flare\':2}','{\'leaguePike\':3,\'coil\':1}',6,139,0,0,3,8,28,'{\'rally\':19,\'secondWind\':7,\'brace\':2}','{\'fireburst\':1,\'ward\':2}','{\'pikeman\':6,\'archer\':2}',7,164
20,river_ford,baseline,league,draw,round-limit,30,1,3,2,11,41,'{\'rally\':25,\'brace\':6,\'secondWind\':6,\'charge\':3,\'focusedShot\':1}','{\'fireburst\':2,\'ward\':3,\'mend\':2}','{\'pikeman\':7,\'archer\':3,\'cavalier\':1}',7,176,0,2,3,3,23,{"rally":23},'{\'fieldRepair\':1,\'fireburst\':2,\'ward\':1}','{\'leaguePike\':1,\'coil\':1,\'pavise\':1}',7,158
21,river_ford,league,baseline,draw,round-limit,30,0,7,4,7,44,{"rally":44},'{\'fireburst\':2,\'mend\':2,\'fieldRepair\':1,\'flare\':2}','{\'leaguePike\':2,\'pavise\':1,\'coil\':3,\'relicWalker\':1}',6,121,0,4,7,16,33,'{\'rally\':22,\'charge\':1,\'secondWind\':2,\'brace\':4,\'focusedShot\':4}','{\'fireburst\':6,\'ward\':3,\'mend\':4}','{\'pikeman\':13,\'archer\':3}',6,172
21,river_ford,baseline,league,draw,round-limit,30,1,0,2,12,33,'{\'rally\':19,\'brace\':4,\'focusedShot\':3,\'secondWind\':7}','{\'ward\':6,\'mend\':2}','{\'pikeman\':11,\'archer\':1}',7,161,0,2,0,3,11,{"rally":11},'{\'fireburst\':1,\'ward\':1,\'mend\':3,\'fieldRepair\':1,\'flare\':1}','{\'leaguePike\':1,\'coil\':1,\'pavise\':1}',7,164
22,river_ford,league,baseline,draw,round-limit,30,1,5,3,6,33,{"rally":33},'{\'fireburst\':1,\'ward\':1,\'flare\':2}','{\'leaguePike\':3,\'coil\':1,\'pavise\':2}',7,145,0,3,5,14,26,'{\'rally\':15,\'charge\':3,\'secondWind\':4,\'brace\':2,\'focusedShot\':2}','{\'ward\':9,\'fireburst\':1}','{\'pikeman\':10,\'cavalier\':1,\'archer\':3}',7,148
22,river_ford,baseline,league,draw,round-limit,30,1,1,2,9,37,'{\'rally\':26,\'focusedShot\':1,\'brace\':6,\'secondWind\':3,\'charge\':1}','{\'fireburst\':2,\'ward\':2}','{\'archer\':3,\'pikeman\':6}',7,159,0,2,1,3,14,{"rally":14},'{\'mend\':2,\'fieldRepair\':4,\'ward\':2,\'fireburst\':3,\'flare\':1}','{\'leaguePike\':1,\'pavise\':1,\'coil\':1}',7,158
23,river_ford,league,baseline,draw,round-limit,30,2,3,2,4,41,{"rally":41},'{\'fireburst\':2,\'ward\':1,\'flare\':2,\'fieldRepair\':1}','{\'leaguePike\':2,\'pavise\':1,\'coil\':1}',6,100,0,2,3,11,59,'{\'rally\':28,\'focusedShot\':15,\'brace\':9,\'secondWind\':7}','{\'fireburst\':1,\'ward\':5}','{\'pikeman\':9,\'archer\':2}',7,148
23,river_ford,baseline,league,draw,round-limit,30,1,1,0,9,27,'{\'rally\':18,\'brace\':8,\'secondWind\':1}','{\'ward\':4,\'mend\':2}','{\'archer\':3,\'pikeman\':6}',7,174,0,0,1,1,18,{"rally":18},'{\'flare\':1,\'mend\':1,\'fieldRepair\':2}',{"pavise":1},6,136
24,river_ford,league,baseline,draw,round-limit,30,1,2,2,4,29,{"rally":29},'{\'fireburst\':2,\'fieldRepair\':1,\'flare\':1}','{\'leaguePike\':2,\'pavise\':1,\'coil\':1}',7,128,0,2,2,11,29,'{\'rally\':19,\'brace\':4,\'focusedShot\':6}','{\'ward\':5,\'fireburst\':1,\'mend\':2}','{\'pikeman\':7,\'cavalier\':1,\'archer\':3}',9,200
24,river_ford,baseline,league,draw,round-limit,30,1,0,1,7,38,'{\'rally\':21,\'brace\':11,\'focusedShot\':1,\'secondWind\':5}','{\'fireburst\':2,\'mend\':2}','{\'archer\':1,\'pikeman\':6}',8,171,0,1,0,2,22,{"rally":22},'{\'fireburst\':2,\'fieldRepair\':3,\'mend\':3}','{\'leaguePike\':1,\'coil\':1}',6,114
25,river_ford,league,baseline,draw,round-limit,30,1,11,2,11,42,{"rally":42},'{\'fireburst\':2,\'mend\':2,\'fieldRepair\':3,\'ward\':1,\'flare\':1}','{\'leaguePike\':2,\'pavise\':4,\'coil\':5}',6,127,1,3,11,10,58,'{\'rally\':32,\'focusedShot\':7,\'brace\':15,\'charge\':2,\'secondWind\':2}','{\'ward\':4,\'fireburst\':3,\'mend\':1}','{\'pikeman\':7,\'archer\':3}',7,147
25,river_ford,baseline,league,draw,round-limit,30,1,0,2,7,21,'{\'rally\':14,\'brace\':2,\'secondWind\':4,\'charge\':1}','{\'ward\':1,\'fireburst\':1}','{\'pikeman\':5,\'cavalier\':1,\'archer\':1}',8,189,0,2,0,3,12,{"rally":12},'{\'fieldRepair\':1,\'mend\':1}','{\'pavise\':2,\'relicWalker\':1}',7,175
26,river_ford,league,baseline,draw,round-limit,30,0,2,1,3,37,{"rally":37},'{\'fireburst\':2,\'flare\':3,\'mend\':1}','{\'leaguePike\':2,\'coil\':1}',7,122,0,1,2,8,38,'{\'rally\':23,\'brace\':15}','{\'ward\':7,\'mend\':3,\'fireburst\':3}','{\'pikeman\':7,\'archer\':1}',7,160
26,river_ford,baseline,league,draw,round-limit,30,1,0,2,7,40,'{\'rally\':22,\'brace\':6,\'focusedShot\':5,\'secondWind\':7}','{\'ward\':3,\'mend\':5,\'fireburst\':1}','{\'pikeman\':6,\'archer\':1}',8,165,0,2,0,3,13,{"rally":13},'{\'fireburst\':3,\'flare\':2,\'fieldRepair\':3,\'mend\':1}','{\'leaguePike\':1,\'coil\':1,\'pavise\':1}',7,162
27,river_ford,league,baseline,draw,round-limit,30,1,2,1,5,22,{"rally":22},'{\'fireburst\':1,\'ward\':1,\'mend\':3,\'fieldRepair\':2,\'flare\':1}','{\'leaguePike\':2,\'pavise\':1,\'coil\':2}',8,173,0,1,2,10,18,'{\'rally\':17,\'charge\':1}','{\'ward\':1,\'fireburst\':1}','{\'pikeman\':6,\'archer\':4}',6,163
27,river_ford,baseline,league,draw,round-limit,30,1,0,2,7,34,'{\'rally\':23,\'brace\':11}','{\'fireburst\':5,\'ward\':3,\'mend\':3}','{\'pikeman\':6,\'archer\':1}',8,188,0,3,0,4,24,{"rally":24},'{\'fireburst\':1,\'fieldRepair\':2}','{\'pavise\':2,\'coil\':2}',7,136
28,river_ford,league,baseline,draw,round-limit,30,1,2,3,4,37,{"rally":37},'{\'fireburst\':1,\'mend\':1,\'fieldRepair\':2,\'ward\':1}','{\'leaguePike\':2,\'pavise\':1,\'coil\':1}',7,150,0,3,2,9,34,'{\'rally\':22,\'charge\':2,\'secondWind\':2,\'brace\':4,\'focusedShot\':4}','{\'fireburst\':1,\'mend\':3,\'ward\':3}','{\'pikeman\':7,\'cavalier\':2}',8,167
28,river_ford,baseline,league,draw,round-limit,30,1,1,2,9,32,'{\'rally\':19,\'brace\':5,\'secondWind\':4,\'charge\':4}',{"ward":2},'{\'archer\':3,\'pikeman\':6}',8,170,0,2,1,3,17,{"rally":17},'{\'ward\':1,\'fieldRepair\':4,\'flare\':1,\'fireburst\':2}','{\'pavise\':2,\'coil\':1}',7,157
29,river_ford,league,baseline,draw,round-limit,30,2,2,3,3,46,{"rally":46},'{\'fireburst\':1,\'ward\':5,\'fieldRepair\':3,\'mend\':2}','{\'leaguePike\':2,\'coil\':1}',7,141,0,3,2,12,36,'{\'rally\':19,\'charge\':1,\'secondWind\':1,\'brace\':3,\'focusedShot\':12}','{\'fireburst\':4,\'mend\':3,\'ward\':1}','{\'pikeman\':9,\'archer\':3}',7,173
29,river_ford,baseline,league,draw,round-limit,30,1,0,2,12,31,'{\'rally\':21,\'brace\':7,\'secondWind\':1,\'focusedShot\':2}','{\'fireburst\':10,\'mend\':2,\'ward\':2}','{\'pikeman\':11,\'archer\':1}',7,178,0,4,0,5,25,{"rally":25},'{\'fieldRepair\':2,\'mend\':2,\'flare\':1}','{\'pavise\':2,\'coil\':2,\'relicWalker\':1}',7,177
30,river_ford,league,baseline,draw,round-limit,30,1,6,1,6,34,{"rally":34},'{\'ward\':2,\'mend\':2,\'flare\':3}','{\'leaguePike\':2,\'pavise\':1,\'coil\':3}',6,99,0,1,5,8,30,'{\'rally\':18,\'brace\':6,\'focusedShot\':6}','{\'fireburst\':5,\'ward\':2,\'mend\':1}','{\'pikeman\':7,\'archer\':1}',7,172
30,river_ford,baseline,league,draw,round-limit,30,1,0,2,8,34,'{\'rally\':16,\'brace\':8,\'secondWind\':1,\'focusedShot\':9}','{\'ward\':2,\'fireburst\':4,\'mend\':1}','{\'archer\':3,\'pikeman\':5}',7,159,0,3,0,4,23,{"rally":23},'{\'ward\':4,\'flare\':1,\'fieldRepair\':1}','{\'leaguePike\':1,\'coil\':2,\'pavise\':1}',7,164
31,river_ford,league,baseline,draw,round-limit,30,1,1,0,5,27,{"rally":27},'{\'ward\':2,\'mend\':1,\'fieldRepair\':1,\'flare\':1}','{\'leaguePike\':1,\'pavise\':3,\'relicWalker\':1}',9,216,0,0,1,7,20,'{\'rally\':19,\'brace\':1}','{\'ward\':3,\'fireburst\':2}','{\'pikeman\':6,\'cavalier\':1}',8,192
31,river_ford,baseline,league,draw,round-limit,30,2,0,4,8,35,'{\'rally\':20,\'brace\':9,\'focusedShot\':6}','{\'fireburst\':4,\'mend\':1,\'ward\':1}','{\'archer\':3,\'pikeman\':5}',7,145,0,5,0,5,22,{"rally":22},'{\'fieldRepair\':4,\'mend\':2,\'fireburst\':1}','{\'leaguePike\':1,\'coil\':3,\'pavise\':1}',6,133
32,river_ford,league,baseline,draw,round-limit,30,1,3,2,5,26,{"rally":26},'{\'ward\':2,\'mend\':1,\'fieldRepair\':1}','{\'leaguePike\':2,\'pavise\':1,\'coil\':2}',7,144,0,2,3,8,26,'{\'rally\':17,\'secondWind\':3,\'focusedShot\':2,\'brace\':4}','{\'fireburst\':4,\'ward\':1}','{\'pikeman\':7,\'cavalier\':1}',8,197
32,river_ford,baseline,league,draw,round-limit,30,1,3,1,10,45,'{\'rally\':22,\'focusedShot\':13,\'brace\':10}',{"fireburst":2},'{\'pikeman\':7,\'archer\':3}',8,197,0,1,3,2,18,{"rally":18},'{\'fireburst\':1,\'mend\':2,\'fieldRepair\':2,\'ward\':1}','{\'pavise\':1,\'coil\':1}',6,131
33,river_ford,league,baseline,draw,round-limit,30,1,7,3,7,28,{"rally":28},'{\'ward\':1,\'flare\':2}','{\'leaguePike\':1,\'pavise\':4,\'coil\':2}',6,137,0,3,7,9,34,'{\'rally\':17,\'charge\':1,\'focusedShot\':12,\'brace\':4}',{"fireburst":1},'{\'pikeman\':7,\'cavalier\':1,\'archer\':1}',8,169
33,river_ford,baseline,league,draw,round-limit,30,1,0,2,7,38,'{\'rally\':25,\'brace\':9,\'secondWind\':4}','{\'mend\':2,\'ward\':1}','{\'pikeman\':6,\'archer\':1}',8,190,0,2,0,3,18,{"rally":18},'{\'fireburst\':2,\'fieldRepair\':3,\'flare\':1,\'ward\':1}','{\'leaguePike\':1,\'pavise\':1,\'coil\':1}',7,150
34,river_ford,league,baseline,draw,round-limit,30,1,1,2,4,38,{"rally":38},'{\'fireburst\':1,\'mend\':2,\'flare\':1}','{\'leaguePike\':2,\'pavise\':1,\'coil\':1}',8,172,0,2,1,10,38,'{\'rally\':28,\'charge\':1,\'brace\':9}','{\'fireburst\':3,\'ward\':2,\'mend\':1}','{\'pikeman\':7,\'archer\':2,\'cavalier\':1}',8,197
34,river_ford,baseline,league,draw,round-limit,30,2,0,4,7,39,'{\'rally\':23,\'brace\':10,\'secondWind\':4,\'charge\':2}','{\'ward\':1,\'fireburst\':2,\'mend\':3}','{\'pikeman\':6,\'archer\':1}',8,190,0,4,0,2,23,{"rally":23},'{\'ward\':1,\'fieldRepair\':1}',{"pavise":2},5,122
35,river_ford,league,baseline,draw,round-limit,30,1,7,4,7,43,{"rally":43},'{\'fieldRepair\':1,\'mend\':1,\'fireburst\':1}','{\'leaguePike\':3,\'coil\':4}',6,124,0,4,6,20,28,'{\'rally\':20,\'charge\':3,\'brace\':2,\'focusedShot\':2,\'secondWind\':1}','{\'fireburst\':6,\'ward\':5,\'mend\':6}','{\'pikeman\':14,\'archer\':5,\'cavalier\':1}',6,147
35,river_ford,baseline,league,draw,round-limit,30,1,1,3,8,48,'{\'rally\':30,\'brace\':15,\'charge\':1,\'focusedShot\':1,\'secondWind\':1}','{\'fireburst\':2,\'mend\':2}','{\'archer\':3,\'pikeman\':4,\'cavalier\':1}',8,166,0,3,1,3,27,{"rally":27},'{\'fireburst\':3,\'flare\':1,\'fieldRepair\':2,\'mend\':1}','{\'pavise\':2,\'coil\':1}',7,149
36,river_ford,league,baseline,draw,round-limit,30,1,3,4,5,44,{"rally":44},'{\'fireburst\':2,\'mend\':4,\'fieldRepair\':3,\'ward\':1,\'flare\':1}','{\'leaguePike\':3,\'coil\':2}',7,148,0,4,3,10,40,'{\'rally\':18,\'charge\':2,\'secondWind\':7,\'brace\':5,\'focusedShot\':8}','{\'ward\':5,\'mend\':3,\'fireburst\':4}','{\'cavalier\':3,\'pikeman\':7}',8,193
36,river_ford,baseline,league,draw,round-limit,30,1,0,2,7,38,'{\'rally\':25,\'brace\':8,\'secondWind\':4,\'charge\':1}','{\'fireburst\':4,\'ward\':7,\'mend\':2}','{\'pikeman\':6,\'archer\':1}',8,193,1,2,0,3,19,{"rally":19},'{\'fieldRepair\':3,\'mend\':1,\'fireburst\':1}','{\'pavise\':2,\'coil\':1}',7,159
37,river_ford,league,baseline,draw,round-limit,30,1,2,1,4,29,{"rally":29},'{\'ward\':3,\'fireburst\':1,\'fieldRepair\':1,\'flare\':1}','{\'leaguePike\':2,\'pavise\':1,\'coil\':1}',7,140,0,1,1,8,32,'{\'rally\':19,\'brace\':11,\'secondWind\':2}','{\'fireburst\':4,\'ward\':3,\'mend\':1}','{\'pikeman\':4,\'archer\':3,\'cavalier\':1}',8,179
37,river_ford,baseline,league,draw,round-limit,30,1,0,2,7,25,'{\'rally\':14,\'brace\':4,\'secondWind\':7}',{"fireburst":1},'{\'pikeman\':6,\'archer\':1}',8,192,0,2,0,3,10,{"rally":10},'{\'fieldRepair\':4,\'flare\':1}','{\'pavise\':2,\'coil\':1}',7,165
38,river_ford,league,baseline,draw,round-limit,30,1,0,1,4,30,{"rally":30},'{\'fireburst\':2,\'ward\':3,\'fieldRepair\':2}','{\'leaguePike\':3,\'coil\':1}',9,189,0,1,0,8,26,'{\'rally\':17,\'secondWind\':6,\'brace\':3}','{\'ward\':2,\'fireburst\':3,\'mend\':2}','{\'pikeman\':5,\'archer\':3}',7,146
38,river_ford,baseline,league,draw,round-limit,30,1,0,2,7,38,'{\'rally\':22,\'brace\':11,\'secondWind\':5}','{\'mend\':4,\'fireburst\':1}','{\'pikeman\':6,\'archer\':1}',8,177,0,2,0,3,20,{"rally":20},'{\'fireburst\':1,\'ward\':1,\'flare\':2,\'fieldRepair\':1}','{\'pavise\':2,\'coil\':1}',7,154
39,river_ford,league,baseline,draw,round-limit,30,1,3,2,4,36,{"rally":36},'{\'mend\':1,\'fieldRepair\':2,\'ward\':1}','{\'leaguePike\':3,\'coil\':1}',7,149,0,2,3,11,24,'{\'rally\':19,\'brace\':5}','{\'fireburst\':5,\'ward\':2,\'mend\':2}','{\'pikeman\':9,\'archer\':2}',7,177
39,river_ford,baseline,league,draw,round-limit,30,1,1,2,9,20,'{\'rally\':14,\'brace\':5,\'focusedShot\':1}','{\'ward\':3,\'mend\':1}','{\'archer\':3,\'pikeman\':6}',7,184,0,2,1,3,13,{"rally":13},'{\'ward\':1,\'flare\':1,\'mend\':2,\'fieldRepair\':2}','{\'pavise\':2,\'coil\':1}',7,165
40,river_ford,league,baseline,draw,round-limit,30,1,5,6,6,39,{"rally":39},'{\'fireburst\':3,\'mend\':3,\'fieldRepair\':1,\'flare\':2,\'ward\':1}','{\'leaguePike\':3,\'coil\':1,\'pavise\':2}',6,108,0,6,5,14,31,'{\'rally\':15,\'secondWind\':5,\'brace\':5,\'charge\':2,\'focusedShot\':4}','{\'ward\':5,\'fireburst\':3,\'mend\':2}','{\'cavalier\':3,\'pikeman\':8,\'archer\':3}',8,146
40,river_ford,baseline,league,draw,round-limit,30,1,1,2,8,29,'{\'rally\':17,\'brace\':7,\'secondWind\':5}','{\'ward\':7,\'fireburst\':3,\'mend\':1}','{\'pikeman\':7,\'archer\':1}',8,188,0,3,1,4,17,{"rally":17},'{\'mend\':3,\'fieldRepair\':2,\'fireburst\':1,\'flare\':2}','{\'pavise\':2,\'coil\':2}',7,165
41,river_ford,league,baseline,draw,round-limit,30,1,6,2,6,47,{"rally":47},'{\'ward\':3,\'fieldRepair\':1,\'flare\':5,\'fireburst\':3,\'mend\':1}','{\'leaguePike\':2,\'pavise\':1,\'coil\':3}',6,121,1,2,5,10,36,'{\'rally\':25,\'charge\':1,\'brace\':8,\'focusedShot\':2}','{\'fireburst\':5,\'ward\':3,\'mend\':3}','{\'pikeman\':7,\'archer\':3}',8,170
41,river_ford,baseline,league,draw,round-limit,30,0,1,0,8,36,'{\'rally\':24,\'brace\':8,\'secondWind\':4}','{\'fireburst\':2,\'mend\':3,\'ward\':1}','{\'pikeman\':6,\'cavalier\':1,\'archer\':1}',8,197,0,0,1,1,20,{"rally":20},'{\'fieldRepair\':1,\'ward\':1,\'flare\':2,\'mend\':1}',{"pavise":1},6,114
42,river_ford,league,baseline,draw,round-limit,30,1,9,2,7,49,{"rally":49},'{\'ward\':3,\'fieldRepair\':4,\'flare\':3}','{\'leaguePike\':2,\'pavise\':2,\'coil\':3}',4,79,1,2,8,9,38,'{\'rally\':23,\'focusedShot\':3,\'secondWind\':6,\'brace\':5,\'charge\':1}','{\'fireburst\':7,\'mend\':5,\'ward\':2}','{\'archer\':2,\'pikeman\':7}',7,170
42,river_ford,baseline,league,draw,round-limit,30,1,5,6,11,41,'{\'rally\':26,\'brace\':8,\'secondWind\':4,\'charge\':2,\'focusedShot\':1}','{\'fireburst\':5,\'ward\':7,\'mend\':2}','{\'pikeman\':8,\'archer\':2,\'cavalier\':1}',7,161,0,6,5,6,25,{"rally":25},'{\'fieldRepair\':5,\'mend\':3,\'ward\':1,\'flare\':1}','{\'pavise\':2,\'coil\':4}',7,140
43,river_ford,league,baseline,draw,round-limit,30,1,0,0,4,28,{"rally":28},'{\'fireburst\':1,\'mend\':3}','{\'leaguePike\':2,\'pavise\':1,\'coil\':1}',9,180,0,0,0,8,25,'{\'rally\':19,\'brace\':6}','{\'fireburst\':4,\'ward\':3,\'mend\':1}','{\'pikeman\':6,\'archer\':2}',7,173
43,river_ford,baseline,league,draw,round-limit,30,1,4,2,12,42,'{\'rally\':22,\'brace\':10,\'focusedShot\':1,\'secondWind\':4,\'charge\':5}','{\'fireburst\':4,\'ward\':3,\'mend\':1}','{\'archer\':3,\'pikeman\':6,\'cavalier\':3}',7,174,0,2,4,3,28,{"rally":28},'{\'fireburst\':1,\'mend\':2,\'fieldRepair\':4,\'flare\':2,\'ward\':1}','{\'pavise\':2,\'coil\':1}',7,143
44,river_ford,league,baseline,draw,round-limit,30,1,1,0,4,33,{"rally":33},'{\'fireburst\':2,\'mend\':1,\'fieldRepair\':2,\'flare\':4}','{\'leaguePike\':2,\'pavise\':1,\'coil\':1}',8,174,0,0,1,7,38,'{\'rally\':24,\'brace\':10,\'secondWind\':4}','{\'fireburst\':4,\'ward\':3,\'mend\':2}',{"pikeman":7},8,144
44,river_ford,baseline,league,draw,round-limit,30,1,1,0,9,39,'{\'rally\':21,\'focusedShot\':1,\'brace\':10,\'secondWind\':7}','{\'ward\':5,\'mend\':4}','{\'archer\':3,\'pikeman\':5,\'cavalier\':1}',7,170,0,0,1,1,17,{"rally":17},'{\'ward\':1,\'mend\':1,\'fieldRepair\':2}',{"pavise":1},6,109
45,river_ford,league,baseline,draw,round-limit,30,1,3,0,5,21,{"rally":21},'{\'fireburst\':1,\'ward\':2,\'mend\':2,\'fieldRepair\':2,\'flare\':2}','{\'leaguePike\':1,\'pavise\':2,\'coil\':2}',7,145,0,0,3,7,23,'{\'rally\':18,\'brace\':4,\'charge\':1}','{\'fireburst\':1,\'mend\':3,\'ward\':1}','{\'pikeman\':4,\'cavalier\':1,\'archer\':2}',8,177
45,river_ford,baseline,league,draw,round-limit,30,1,2,2,9,36,'{\'rally\':23,\'brace\':10,\'secondWind\':3}','{\'fireburst\':4,\'ward\':5,\'mend\':3}','{\'pikeman\':8,\'archer\':1}',8,159,0,2,2,3,24,{"rally":24},'{\'fireburst\':1,\'mend\':1,\'fieldRepair\':4,\'ward\':1}','{\'leaguePike\':1,\'pavise\':1,\'coil\':1}',7,128
46,river_ford,league,baseline,draw,round-limit,30,0,3,2,4,42,{"rally":42},'{\'fireburst\':1,\'ward\':1,\'mend\':2,\'fieldRepair\':1,\'flare\':1}','{\'leaguePike\':1,\'pavise\':2,\'coil\':1}',7,127,0,2,3,8,45,'{\'rally\':30,\'brace\':15}','{\'fireburst\':5,\'ward\':2,\'mend\':1}','{\'pikeman\':7,\'archer\':1}',9,197
46,river_ford,baseline,league,draw,round-limit,30,2,1,2,8,36,'{\'rally\':24,\'focusedShot\':6,\'secondWind\':1,\'brace\':5}','{\'ward\':2,\'fireburst\':3}','{\'archer\':1,\'pikeman\':7}',8,185,0,3,1,6,24,{"rally":24},'{\'flare\':1,\'mend\':3,\'fieldRepair\':2,\'fireburst\':1}','{\'pavise\':4,\'coil\':2}',9,215
47,river_ford,league,baseline,draw,round-limit,30,1,8,2,8,49,{"rally":49},'{\'fireburst\':2,\'ward\':1,\'mend\':2,\'flare\':2,\'fieldRepair\':1}','{\'leaguePike\':3,\'coil\':3,\'pavise\':2}',6,97,0,3,6,10,20,'{\'rally\':13,\'charge\':2,\'brace\':2,\'focusedShot\':3}','{\'fireburst\':8,\'mend\':4,\'ward\':5}','{\'pikeman\':5,\'cavalier\':2,\'archer\':3}',8,185
47,river_ford,baseline,league,draw,round-limit,30,1,1,4,8,37,'{\'rally\':23,\'brace\':10,\'charge\':2,\'secondWind\':2}','{\'fireburst\':3,\'ward\':4,\'mend\':3}','{\'pikeman\':7,\'archer\':1}',8,176,1,4,1,4,19,{"rally":19},'{\'fieldRepair\':3,\'ward\':3,\'flare\':2,\'mend\':2}','{\'pavise\':2,\'coil\':2}',6,113
48,river_ford,league,baseline,draw,round-limit,30,1,5,1,5,32,{"rally":32},'{\'ward\':1,\'fireburst\':2,\'mend\':1,\'fieldRepair\':2,\'flare\':2}','{\'leaguePike\':1,\'pavise\':2,\'coil\':2}',6,121,0,1,5,8,37,'{\'rally\':26,\'brace\':2,\'focusedShot\':9}','{\'fireburst\':4,\'ward\':4,\'mend\':1}','{\'pikeman\':7,\'cavalier\':1}',9,194
48,river_ford,baseline,league,draw,round-limit,30,1,2,2,11,45,'{\'rally\':27,\'brace\':8,\'focusedShot\':5,\'secondWind\':5}','{\'fireburst\':3,\'ward\':6,\'mend\':6}','{\'archer\':3,\'pikeman\':8}',7,163,0,2,2,3,24,{"rally":24},'{\'fireburst\':1,\'mend\':3,\'fieldRepair\':1}','{\'leaguePike\':1,\'pavise\':1,\'coil\':1}',7,137
49,river_ford,league,baseline,draw,round-limit,30,1,4,0,5,31,{"rally":31},'{\'mend\':3,\'ward\':1,\'flare\':1}','{\'leaguePike\':3,\'coil\':2}',6,128,0,0,2,8,23,'{\'rally\':19,\'brace\':1,\'secondWind\':3}','{\'ward\':2,\'fireburst\':4,\'mend\':2}','{\'pikeman\':5,\'archer\':3}',7,162
49,river_ford,baseline,league,draw,round-limit,30,1,2,5,10,38,'{\'rally\':27,\'brace\':4,\'secondWind\':5,\'charge\':2}','{\'fireburst\':2,\'ward\':2,\'mend\':1}','{\'pikeman\':7,\'archer\':3}',7,172,0,5,2,6,21,{"rally":21},'{\'fieldRepair\':3,\'flare\':1,\'fireburst\':1,\'ward\':1}','{\'pavise\':4,\'coil\':2}',7,165
50,river_ford,league,baseline,draw,round-limit,30,1,2,3,4,27,{"rally":27},'{\'ward\':1,\'fireburst\':2,\'mend\':2,\'fieldRepair\':2,\'flare\':1}','{\'leaguePike\':2,\'pavise\':1,\'coil\':1}',7,138,0,3,2,9,31,'{\'rally\':21,\'secondWind\':5,\'brace\':4,\'charge\':1}','{\'fireburst\':4,\'ward\':6,\'mend\':2}','{\'pikeman\':6,\'archer\':2,\'cavalier\':1}',6,159
50,river_ford,baseline,league,draw,round-limit,30,1,1,3,8,37,'{\'rally\':24,\'brace\':5,\'focusedShot\':4,\'secondWind\':4}','{\'fireburst\':2,\'ward\':4,\'mend\':2}','{\'archer\':1,\'pikeman\':7}',8,177,0,3,1,3,19,{"rally":19},'{\'fieldRepair\':3,\'ward\':2,\'flare\':1}','{\'pavise\':2,\'coil\':1}',6,128
51,river_ford,league,baseline,draw,round-limit,30,0,0,0,3,23,{"rally":23},'{\'fireburst\':3,\'mend\':3,\'fieldRepair\':1}','{\'leaguePike\':2,\'coil\':1}',8,173,0,0,0,8,27,'{\'rally\':21,\'brace\':6}','{\'ward\':2,\'mend\':1,\'fireburst\':1}','{\'pikeman\':5,\'archer\':2,\'cavalier\':1}',7,164
51,river_ford,baseline,league,draw,round-limit,30,2,0,2,12,25,'{\'rally\':19,\'brace\':2,\'secondWind\':2,\'charge\':2}','{\'fireburst\':5,\'ward\':4,\'mend\':2}','{\'pikeman\':11,\'archer\':1}',7,173,0,2,0,3,18,{"rally":18},'{\'fieldRepair\':2,\'flare\':1,\'mend\':2}','{\'pavise\':2,\'coil\':1}',7,153
52,river_ford,league,baseline,draw,round-limit,30,1,2,1,3,28,{"rally":28},'{\'fireburst\':1,\'ward\':2,\'mend\':1,\'flare\':2}','{\'leaguePike\':2,\'coil\':1}',7,131,0,1,2,9,15,'{\'rally\':8,\'secondWind\':6,\'charge\':1}','{\'ward\':3,\'fireburst\':2,\'mend\':10}','{\'pikeman\':6,\'archer\':2,\'cavalier\':1}',7,152
52,river_ford,baseline,league,draw,round-limit,30,1,4,5,10,35,'{\'rally\':22,\'brace\':8,\'secondWind\':3,\'focusedShot\':1,\'charge\':1}','{\'fireburst\':4,\'mend\':1,\'ward\':5}','{\'pikeman\':7,\'archer\':1,\'cavalier\':2}',8,191,0,5,4,5,24,{"rally":24},'{\'fireburst\':2,\'fieldRepair\':1,\'mend\':3,\'flare\':3}','{\'leaguePike\':1,\'coil\':2,\'pavise\':2}',6,122
53,river_ford,league,baseline,draw,round-limit,30,0,1,3,4,46,{"rally":46},'{\'fireburst\':2,\'ward\':4,\'mend\':3,\'fieldRepair\':2,\'flare\':1}','{\'leaguePike\':3,\'coil\':1}',8,161,0,3,0,17,28,'{\'rally\':18,\'charge\':1,\'secondWind\':1,\'focusedShot\':1,\'brace\':7}','{\'fireburst\':4,\'ward\':9,\'mend\':6}','{\'pikeman\':5,\'archer\':11,\'cavalier\':1}',6,150
53,river_ford,baseline,league,draw,round-limit,30,1,1,4,13,41,'{\'rally\':26,\'brace\':8,\'secondWind\':4,\'charge\':3}','{\'fireburst\':8,\'mend\':7,\'ward\':5}','{\'pikeman\':11,\'cavalier\':1,\'archer\':1}',7,148,0,5,1,5,29,{"rally":29},'{\'fireburst\':2,\'fieldRepair\':4,\'ward\':6,\'flare\':4}','{\'pavise\':2,\'coil\':3}',7,157
54,river_ford,league,baseline,draw,round-limit,30,1,3,1,5,34,{"rally":34},'{\'ward\':2,\'fieldRepair\':1}','{\'leaguePike\':2,\'pavise\':1,\'coil\':2}',7,156,0,1,2,9,21,'{\'rally\':19,\'brace\':2}','{\'fireburst\':5,\'ward\':2}','{\'pikeman\':6,\'cavalier\':1,\'archer\':2}',8,202
54,river_ford,baseline,league,draw,round-limit,30,1,2,2,9,33,'{\'rally\':16,\'brace\':5,\'charge\':2,\'secondWind\':10}','{\'fireburst\':2,\'mend\':1}','{\'pikeman\':7,\'cavalier\':1,\'archer\':1}',8,181,0,2,2,3,13,{"rally":13},'{\'fieldRepair\':2,\'ward\':1,\'flare\':1,\'mend\':1}','{\'pavise\':2,\'coil\':1}',7,165
55,river_ford,league,baseline,draw,round-limit,30,1,2,2,4,32,{"rally":32},'{\'fireburst\':2,\'ward\':1,\'mend\':1,\'fieldRepair\':1}','{\'leaguePike\':3,\'coil\':1}',8,158,0,2,2,11,33,'{\'rally\':14,\'brace\':8,\'secondWind\':5,\'focusedShot\':5,\'charge\':1}','{\'ward\':6,\'mend\':4,\'fireburst\':1}','{\'pikeman\':5,\'archer\':3,\'cavalier\':3}',7,147
55,river_ford,baseline,league,draw,round-limit,30,0,2,0,9,34,'{\'rally\':22,\'brace\':8,\'secondWind\':4}','{\'fireburst\':1,\'ward\':1,\'mend\':2}','{\'pikeman\':6,\'cavalier\':2,\'archer\':1}',8,186,0,0,2,1,18,{"rally":18},'{\'fireburst\':1,\'fieldRepair\':3,\'flare\':1}',{"leaguePike":1},6,114
56,river_ford,league,baseline,draw,round-limit,30,1,2,5,5,37,{"rally":37},'{\'fireburst\':2,\'ward\':4,\'mend\':2,\'flare\':3,\'fieldRepair\':1}','{\'leaguePike\':1,\'pavise\':2,\'coil\':2}',8,165,1,5,2,12,46,'{\'rally\':21,\'charge\':2,\'secondWind\':4,\'focusedShot\':8,\'brace\':11}','{\'fireburst\':1,\'ward\':2,\'mend\':5}','{\'pikeman\':7,\'cavalier\':1,\'archer\':4}',7,162
56,river_ford,baseline,league,draw,round-limit,30,1,1,3,13,43,'{\'rally\':30,\'brace\':12,\'charge\':1}','{\'fireburst\':6,\'ward\':2,\'mend\':3}','{\'pikeman\':10,\'archer\':3}',7,161,0,4,1,5,25,{"rally":25},'{\'fireburst\':1,\'fieldRepair\':3,\'mend\':1,\'flare\':1,\'ward\':2}','{\'pavise\':2,\'coil\':3}',7,149
57,river_ford,league,baseline,draw,round-limit,30,1,7,2,7,43,{"rally":43},'{\'fireburst\':2,\'ward\':3,\'mend\':1,\'flare\':1}','{\'leaguePike\':1,\'pavise\':3,\'coil\':2,\'relicWalker\':1}',7,167,0,2,5,10,35,'{\'rally\':19,\'charge\':2,\'brace\':3,\'focusedShot\':10,\'secondWind\':1}','{\'fireburst\':7,\'ward\':3}','{\'pikeman\':7,\'archer\':1,\'cavalier\':2}',8,190
57,river_ford,baseline,league,draw,round-limit,30,1,2,4,9,43,'{\'rally\':23,\'brace\':8,\'secondWind\':8,\'charge\':4}','{\'fireburst\':3,\'ward\':3,\'mend\':2}','{\'pikeman\':6,\'cavalier\':2,\'archer\':1}',8,175,0,4,2,4,25,{"rally":25},'{\'fieldRepair\':1,\'ward\':3,\'flare\':2,\'mend\':1}','{\'pavise\':2,\'coil\':2}',7,137
58,river_ford,league,baseline,draw,round-limit,30,0,2,2,3,26,{"rally":26},'{\'fireburst\':1,\'ward\':2,\'mend\':1,\'fieldRepair\':1,\'flare\':1}','{\'leaguePike\':1,\'pavise\':1,\'coil\':1}',6,121,0,2,2,9,32,'{\'rally\':19,\'focusedShot\':6,\'charge\':1,\'brace\':6}','{\'ward\':3,\'fireburst\':2,\'mend\':1}','{\'pikeman\':7,\'archer\':2}',7,177
58,river_ford,baseline,league,draw,round-limit,30,1,0,3,8,38,'{\'rally\':23,\'brace\':11,\'secondWind\':3,\'charge\':1}','{\'fireburst\':6,\'ward\':2,\'mend\':3}','{\'pikeman\':5,\'archer\':3}',7,166,0,4,0,5,27,{"rally":27},'{\'fieldRepair\':3,\'flare\':2,\'ward\':1,\'mend\':1}','{\'pavise\':2,\'coil\':3}',7,144
59,river_ford,league,baseline,draw,round-limit,30,1,1,3,4,38,{"rally":38},'{\'fireburst\':1,\'ward\':1,\'mend\':1,\'fieldRepair\':2}','{\'leaguePike\':1,\'pavise\':2,\'coil\':1}',8,172,1,3,1,10,46,'{\'rally\':24,\'charge\':1,\'focusedShot\':13,\'brace\':8}','{\'fireburst\':1,\'ward\':2,\'mend\':5}','{\'pikeman\':7,\'archer\':3}',7,168
59,river_ford,baseline,league,draw,round-limit,30,1,0,0,7,41,'{\'rally\':31,\'brace\':9,\'secondWind\':1}','{\'fireburst\':1,\'ward\':4,\'mend\':2}','{\'pikeman\':5,\'cavalier\':1,\'archer\':1}',8,176,0,0,0,1,17,{"rally":17},'{\'fieldRepair\':3,\'ward\':3,\'flare\':2,\'mend\':1}',{"leaguePike":1},6,119
60,river_ford,league,baseline,draw,round-limit,30,2,8,2,8,42,{"rally":42},'{\'fireburst\':1,\'mend\':1,\'flare\':2}','{\'leaguePike\':2,\'pavise\':2,\'coil\':4}',6,133,1,2,8,9,52,'{\'rally\':27,\'brace\':10,\'secondWind\':5,\'focusedShot\':7,\'charge\':3}','{\'ward\':1,\'fireburst\':1,\'mend\':4}','{\'pikeman\':6,\'cavalier\':1,\'archer\':2}',7,159
60,river_ford,baseline,league,draw,round-limit,30,1,0,3,7,48,'{\'rally\':27,\'brace\':13,\'secondWind\':8}','{\'ward\':4,\'fireburst\':3,\'mend\':1}','{\'pikeman\':6,\'archer\':1}',8,177,0,3,0,4,25,{"rally":25},'{\'fieldRepair\':4,\'mend\':1,\'ward\':2,\'fireburst\':1}','{\'pavise\':2,\'coil\':2}',7,165
61,river_ford,league,baseline,draw,round-limit,30,1,7,0,6,22,{"rally":22},'{\'fireburst\':2,\'flare\':2,\'mend\':1}','{\'leaguePike\':2,\'coil\':3,\'pavise\':1}',5,115,0,0,7,8,25,'{\'rally\':13,\'brace\':5,\'focusedShot\':7}','{\'ward\':3,\'fireburst\':1,\'mend\':2}','{\'pikeman\':5,\'archer\':2,\'cavalier\':1}',7,152
61,river_ford,baseline,league,draw,round-limit,30,1,0,2,7,39,'{\'rally\':22,\'brace\':12,\'secondWind\':5}','{\'ward\':4,\'fireburst\':1,\'mend\':2}','{\'pikeman\':6,\'archer\':1}',8,186,0,2,0,3,20,{"rally":20},'{\'flare\':3,\'fieldRepair\':1,\'ward\':1,\'mend\':2}','{\'pavise\':2,\'coil\':1}',7,163
62,river_ford,league,baseline,draw,round-limit,30,0,0,0,3,20,{"rally":20},'{\'fireburst\':1,\'ward\':1}','{\'leaguePike\':1,\'pavise\':1,\'coil\':1}',8,174,0,0,0,7,29,'{\'rally\':22,\'brace\':7}','{\'ward\':3,\'mend\':1}',{"pikeman":7},8,186
62,river_ford,baseline,league,draw,round-limit,30,1,5,8,13,45,'{\'rally\':26,\'brace\':10,\'secondWind\':5,\'charge\':4}',{"ward":3},'{\'pikeman\':6,\'archer\':3,\'cavalier\':4}',7,164,0,8,5,7,28,{"rally":28},'{\'fireburst\':2,\'mend\':1,\'fieldRepair\':4,\'ward\':1}','{\'leaguePike\':2,\'pavise\':2,\'coil\':3}',6,120
63,river_ford,league,baseline,draw,round-limit,30,1,2,2,4,33,{"rally":33},'{\'fireburst\':2,\'mend\':2}','{\'leaguePike\':2,\'pavise\':1,\'coil\':1}',7,140,0,2,2,9,26,'{\'rally\':19,\'brace\':5,\'charge\':1,\'secondWind\':1}','{\'fireburst\':4,\'mend\':4,\'ward\':2}','{\'cavalier\':1,\'pikeman\':6,\'archer\':2}',7,176
63,river_ford,baseline,league,draw,round-limit,30,1,2,4,10,44,'{\'rally\':24,\'brace\':9,\'secondWind\':3,\'focusedShot\':8}','{\'ward\':2,\'fireburst\':1,\'mend\':1}','{\'pikeman\':7,\'archer\':3}',7,169,0,4,2,4,20,{"rally":20},'{\'fieldRepair\':2,\'ward\':2,\'mend\':2}','{\'pavise\':2,\'coil\':2}',6,135
64,river_ford,league,baseline,draw,round-limit,30,1,3,0,5,27,{"rally":27},'{\'fireburst\':2,\'fieldRepair\':3,\'ward\':1,\'flare\':3}','{\'leaguePike\':3,\'coil\':2}',7,149,0,0,3,8,29,'{\'rally\':20,\'brace\':9}','{\'ward\':5,\'mend\':6,\'fireburst\':2}','{\'pikeman\':6,\'archer\':2}',7,166
64,river_ford,baseline,league,draw,round-limit,30,1,0,7,7,33,'{\'rally\':26,\'brace\':5,\'charge\':2}','{\'ward\':2,\'mend\':2}','{\'pikeman\':6,\'archer\':1}',8,187,0,7,0,7,20,{"rally":20},'{\'fireburst\':1,\'flare\':2,\'mend\':2,\'fieldRepair\':2,\'ward\':2}','{\'leaguePike\':2,\'coil\':4,\'pavise\':1}',6,104
65,river_ford,league,baseline,draw,round-limit,30,2,2,3,4,48,{"rally":48},'{\'fireburst\':3,\'ward\':1,\'flare\':3,\'mend\':1}','{\'leaguePike\':3,\'coil\':1}',7,132,0,3,2,9,50,'{\'rally\':23,\'secondWind\':3,\'focusedShot\':11,\'brace\':12,\'charge\':1}','{\'fireburst\':2,\'ward\':5,\'mend\':4}','{\'pikeman\':7,\'archer\':2}',7,180
65,river_ford,baseline,league,draw,round-limit,30,2,1,2,8,20,'{\'rally\':12,\'focusedShot\':1,\'brace\':1,\'secondWind\':6}','{\'ward\':1,\'mend\':4,\'fireburst\':2}','{\'pikeman\':6,\'archer\':2}',8,174,0,2,1,3,13,{"rally":13},'{\'fireburst\':3,\'ward\':1,\'flare\':3,\'fieldRepair\':1}','{\'pavise\':2,\'coil\':1}',7,147
66,river_ford,league,baseline,draw,round-limit,30,1,8,1,8,32,{"rally":32},'{\'mend\':4,\'fieldRepair\':1,\'flare\':2,\'ward\':1}','{\'leaguePike\':3,\'coil\':3,\'pavise\':2}',6,118,0,1,8,8,34,'{\'rally\':18,\'focusedShot\':6,\'secondWind\':7,\'brace\':3}','{\'fireburst\':3,\'ward\':2}','{\'pikeman\':7,\'cavalier\':1}',9,195
66,river_ford,baseline,league,draw,round-limit,30,1,1,7,10,51,'{\'rally\':28,\'brace\':13,\'secondWind\':6,\'focusedShot\':3,\'charge\':1}','{\'ward\':3,\'mend\':1,\'fireburst\':1}','{\'archer\':4,\'pikeman\':6}',8,152,0,7,1,7,22,{"rally":22},'{\'fireburst\':3,\'flare\':3,\'fieldRepair\':1,\'mend\':1}','{\'leaguePike\':1,\'coil\':4,\'pavise\':2}',7,153
67,river_ford,league,baseline,draw,round-limit,30,1,7,2,7,27,{"rally":27},'{\'mend\':2,\'fireburst\':1,\'flare\':2,\'ward\':1}','{\'leaguePike\':2,\'pavise\':2,\'coil\':3}',6,123,0,2,7,9,29,'{\'rally\':21,\'brace\':8}','{\'mend\':2,\'ward\':1,\'fireburst\':1}','{\'pikeman\':7,\'archer\':2}',7,171
67,river_ford,baseline,league,draw,round-limit,30,1,1,2,9,27,'{\'rally\':16,\'brace\':5,\'secondWind\':5,\'charge\':1}','{\'ward\':3,\'fireburst\':3,\'mend\':1}','{\'archer\':3,\'pikeman\':6}',8,194,0,2,1,3,23,{"rally":23},'{\'fireburst\':1,\'fieldRepair\':3,\'mend\':1}','{\'leaguePike\':1,\'pavise\':1,\'relicWalker\':1}',7,152
68,river_ford,league,baseline,draw,round-limit,30,0,1,4,4,30,{"rally":30},'{\'fireburst\':1,\'mend\':1,\'fieldRepair\':1,\'flare\':2}','{\'leaguePike\':2,\'pavise\':1,\'relicWalker\':1}',8,153,0,4,1,10,18,'{\'rally\':15,\'secondWind\':1,\'brace\':2}','{\'ward\':6,\'fireburst\':1,\'mend\':1}','{\'pikeman\':7,\'archer\':3}',7,152
68,river_ford,baseline,league,draw,round-limit,30,1,2,3,10,36,'{\'rally\':24,\'brace\':8,\'secondWind\':3,\'charge\':1}','{\'fireburst\':3,\'ward\':2,\'mend\':2}','{\'pikeman\':6,\'archer\':4}',7,179,0,3,2,3,28,{"rally":28},'{\'fireburst\':2,\'fieldRepair\':1,\'mend\':2}','{\'leaguePike\':1,\'pavise\':1,\'coil\':1}',6,122
69,river_ford,league,baseline,draw,round-limit,30,1,4,4,4,35,{"rally":35},'{\'fireburst\':1,\'ward\':3,\'fieldRepair\':1,\'mend\':1}','{\'leaguePike\':1,\'pavise\':2,\'coil\':1}',6,104,0,4,3,14,29,'{\'rally\':14,\'brace\':4,\'charge\':2,\'secondWind\':7,\'focusedShot\':2}','{\'fireburst\':3,\'ward\':6,\'mend\':3}','{\'pikeman\':8,\'archer\':5,\'cavalier\':1}',9,193
69,river_ford,baseline,league,draw,round-limit,30,1,0,2,7,40,'{\'rally\':25,\'brace\':12,\'secondWind\':3}',{"fireburst":3},'{\'pikeman\':6,\'archer\':1}',8,177,0,2,0,3,20,{"rally":20},'{\'fireburst\':2,\'fieldRepair\':2,\'mend\':2}','{\'leaguePike\':1,\'pavise\':1,\'coil\':1}',7,140
70,river_ford,league,baseline,draw,round-limit,30,1,4,3,5,22,{"rally":22},'{\'ward\':1,\'mend\':1,\'fieldRepair\':3,\'flare\':2}','{\'leaguePike\':2,\'pavise\':1,\'coil\':2}',7,157,0,3,4,11,18,'{\'rally\':12,\'brace\':2,\'focusedShot\':4}','{\'fireburst\':1,\'ward\':6,\'mend\':4}','{\'pikeman\':8,\'archer\':3}',8,192
70,river_ford,baseline,league,draw,round-limit,30,1,4,2,12,37,'{\'rally\':20,\'secondWind\':7,\'charge\':4,\'focusedShot\':2,\'brace\':4}','{\'ward\':2,\'fireburst\':2,\'mend\':4}','{\'archer\':1,\'pikeman\':8,\'cavalier\':3}',8,166,0,2,4,3,24,{"rally":24},'{\'fireburst\':2,\'ward\':2,\'flare\':2,\'fieldRepair\':4}','{\'pavise\':2,\'coil\':1}',7,131
71,river_ford,league,baseline,draw,round-limit,30,1,2,3,4,39,{"rally":39},'{\'fieldRepair\':4,\'ward\':3,\'mend\':1,\'flare\':2}','{\'leaguePike\':3,\'coil\':1}',7,148,0,3,2,9,47,'{\'rally\':28,\'charge\':1,\'secondWind\':1,\'brace\':17}','{\'fireburst\':2,\'ward\':5,\'mend\':5}','{\'pikeman\':7,\'cavalier\':1,\'archer\':1}',6,151
71,river_ford,baseline,league,draw,round-limit,30,1,1,2,8,26,'{\'rally\':20,\'brace\':5,\'secondWind\':1}','{\'fireburst\':8,\'ward\':4,\'mend\':1}','{\'pikeman\':7,\'archer\':1}',8,188,0,4,1,5,23,{"rally":23},'{\'fireburst\':1,\'fieldRepair\':2,\'mend\':2,\'ward\':3,\'flare\':1}','{\'pavise\':2,\'coil\':3}',7,165
72,river_ford,league,baseline,draw,round-limit,30,1,2,2,4,42,{"rally":42},'{\'ward\':2,\'fieldRepair\':3,\'flare\':2,\'fireburst\':1}','{\'leaguePike\':3,\'coil\':1}',7,146,0,2,2,8,41,'{\'rally\':20,\'brace\':3,\'focusedShot\':12,\'secondWind\':6}','{\'fireburst\':5,\'ward\':4,\'mend\':3}','{\'pikeman\':7,\'cavalier\':1}',8,185
72,river_ford,baseline,league,draw,round-limit,30,1,3,4,10,38,'{\'rally\':23,\'brace\':6,\'charge\':3,\'secondWind\':6}','{\'ward\':4,\'fireburst\':2,\'mend\':3}','{\'pikeman\':6,\'archer\':1,\'cavalier\':3}',8,167,0,4,3,4,27,{"rally":27},'{\'fireburst\':1,\'ward\':4,\'fieldRepair\':3,\'flare\':1,\'mend\':5}','{\'pavise\':3,\'coil\':1}',6,128
73,river_ford,league,baseline,draw,round-limit,30,1,7,1,7,33,{"rally":33},'{\'fieldRepair\':2,\'mend\':1,\'ward\':1}','{\'leaguePike\':3,\'coil\':3,\'pavise\':1}',6,109,0,1,7,9,23,'{\'rally\':15,\'focusedShot\':5,\'brace\':3}','{\'fireburst\':4,\'ward\':2}','{\'pikeman\':7,\'archer\':2}',8,187
73,river_ford,baseline,league,draw,round-limit,30,2,0,2,7,26,'{\'rally\':14,\'brace\':3,\'secondWind\':9}','{\'fireburst\':2,\'mend\':1,\'ward\':1}','{\'pikeman\':6,\'archer\':1}',8,169,0,2,0,3,14,{"rally":14},'{\'fireburst\':2,\'ward\':1,\'fieldRepair\':2,\'mend\':2}','{\'pavise\':2,\'coil\':1}',7,165
74,river_ford,league,baseline,draw,round-limit,30,1,4,2,5,25,{"rally":25},'{\'fieldRepair\':1,\'mend\':2,\'ward\':1}','{\'leaguePike\':3,\'coil\':1,\'pavise\':1}',6,113,0,2,4,9,18,'{\'rally\':17,\'charge\':1}','{\'fireburst\':2,\'ward\':2}','{\'pikeman\':7,\'cavalier\':1,\'archer\':1}',7,185
74,river_ford,baseline,league,draw,round-limit,30,1,0,5,8,31,'{\'rally\':22,\'brace\':5,\'secondWind\':3,\'focusedShot\':1}','{\'fireburst\':2,\'ward\':1,\'mend\':3}','{\'pikeman\':5,\'archer\':3}',7,169,0,5,0,4,20,{"rally":20},'{\'fireburst\':1,\'fieldRepair\':3,\'ward\':1,\'mend\':1}','{\'leaguePike\':1,\'pavise\':1,\'coil\':2}',6,126
75,river_ford,league,baseline,draw,round-limit,30,1,4,1,5,33,{"rally":33},'{\'mend\':3,\'ward\':1}','{\'leaguePike\':3,\'coil\':2}',6,93,0,1,4,9,31,'{\'rally\':21,\'brace\':9,\'focusedShot\':1}','{\'fireburst\':6,\'ward\':4,\'mend\':1}','{\'pikeman\':7,\'archer\':2}',8,198
75,river_ford,baseline,league,draw,round-limit,30,2,1,4,8,54,'{\'rally\':35,\'brace\':15,\'secondWind\':4}','{\'fireburst\':1,\'ward\':2,\'mend\':2}','{\'pikeman\':7,\'archer\':1}',8,165,0,4,1,4,18,{"rally":18},'{\'fieldRepair\':2,\'ward\':4,\'flare\':3,\'fireburst\':1}','{\'pavise\':2,\'coil\':2}',6,128
76,river_ford,league,baseline,draw,round-limit,30,1,7,2,9,29,{"rally":29},'{\'mend\':4,\'ward\':1,\'fireburst\':3,\'fieldRepair\':1,\'flare\':1}','{\'leaguePike\':2,\'pavise\':5,\'coil\':2}',8,197,0,2,7,9,30,'{\'rally\':20,\'focusedShot\':8,\'brace\':2}','{\'fireburst\':3,\'mend\':3,\'ward\':1}','{\'pikeman\':6,\'cavalier\':1,\'archer\':2}',8,178
76,river_ford,baseline,league,draw,round-limit,30,1,2,3,9,37,'{\'rally\':23,\'brace\':11,\'secondWind\':2,\'focusedShot\':1}','{\'ward\':5,\'fireburst\':5}','{\'archer\':1,\'pikeman\':7,\'cavalier\':1}',9,189,0,4,2,4,29,{"rally":29},'{\'fireburst\':1,\'ward\':1,\'flare\':1,\'fieldRepair\':1,\'mend\':1}','{\'leaguePike\':1,\'coil\':2,\'pavise\':1}',6,116
77,river_ford,league,baseline,draw,round-limit,30,1,4,1,6,35,{"rally":35},'{\'fireburst\':1,\'fieldRepair\':1,\'mend\':1,\'flare\':1}','{\'leaguePike\':3,\'pavise\':1,\'coil\':2}',8,173,0,1,4,9,22,'{\'rally\':13,\'focusedShot\':8,\'brace\':1}','{\'ward\':4,\'fireburst\':3,\'mend\':4}','{\'archer\':2,\'pikeman\':7}',8,193
77,river_ford,baseline,league,draw,round-limit,30,1,2,4,10,48,'{\'rally\':25,\'brace\':12,\'focusedShot\':8,\'secondWind\':2,\'charge\':1}','{\'mend\':1,\'fireburst\':2}','{\'pikeman\':7,\'archer\':3}',7,150,0,4,2,4,25,{"rally":25},'{\'fireburst\':2,\'flare\':2,\'mend\':3,\'fieldRepair\':1}','{\'pavise\':2,\'coil\':2}',7,129
78,river_ford,league,baseline,draw,round-limit,30,1,4,2,5,26,{"rally":26},'{\'fireburst\':2,\'ward\':2,\'fieldRepair\':1}','{\'leaguePike\':3,\'coil\':2}',6,114,0,2,4,8,20,'{\'rally\':15,\'brace\':5}','{\'fireburst\':4,\'ward\':2,\'mend\':2}','{\'pikeman\':7,\'cavalier\':1}',8,181
78,river_ford,baseline,league,draw,round-limit,30,2,0,2,7,23,'{\'rally\':12,\'brace\':4,\'secondWind\':7}','{\'fireburst\':2,\'ward\':2,\'mend\':1}','{\'pikeman\':6,\'archer\':1}',8,173,0,2,0,3,12,{"rally":12},'{\'fireburst\':1,\'ward\':6,\'fieldRepair\':2,\'mend\':1,\'flare\':1}','{\'leaguePike\':1,\'coil\':1,\'pavise\':1}',7,162
79,river_ford,league,baseline,draw,round-limit,30,1,10,3,9,35,{"rally":35},{"ward":1},'{\'leaguePike\':3,\'coil\':2,\'pavise\':4}',6,132,0,3,10,11,30,'{\'rally\':18,\'charge\':3,\'secondWind\':2,\'focusedShot\':4,\'brace\':3}','{\'ward\':4,\'mend\':4,\'fireburst\':1}','{\'cavalier\':2,\'pikeman\':7,\'archer\':2}',8,181
79,river_ford,baseline,league,draw,round-limit,30,1,1,2,9,41,'{\'rally\':20,\'focusedShot\':11,\'brace\':9,\'secondWind\':1}','{\'ward\':1,\'mend\':1,\'fireburst\':2}','{\'archer\':3,\'pikeman\':6}',7,171,0,2,1,3,20,{"rally":20},'{\'flare\':2,\'mend\':1,\'fieldRepair\':1}','{\'pavise\':2,\'coil\':1}',7,153
80,river_ford,league,baseline,draw,round-limit,30,0,4,3,5,44,{"rally":44},'{\'fireburst\':1,\'fieldRepair\':1,\'ward\':2}','{\'leaguePike\':3,\'pavise\':1,\'coil\':1}',7,128,0,3,4,12,37,'{\'rally\':19,\'charge\':1,\'secondWind\':1,\'focusedShot\':11,\'brace\':5}','{\'fireburst\':3,\'mend\':1,\'ward\':4}','{\'pikeman\':9,\'cavalier\':1,\'archer\':2}',7,174
80,river_ford,baseline,league,draw,round-limit,30,1,1,4,9,30,'{\'rally\':20,\'brace\':10}','{\'fireburst\':2,\'mend\':4,\'ward\':1}','{\'pikeman\':6,\'archer\':3}',7,151,0,4,1,5,24,{"rally":24},'{\'mend\':4,\'fieldRepair\':3,\'flare\':1}','{\'pavise\':3,\'leaguePike\':1,\'coil\':1}',7,165
81,river_ford,league,baseline,draw,round-limit,30,0,6,1,6,38,{"rally":38},'{\'ward\':2,\'mend\':1}','{\'leaguePike\':1,\'pavise\':2,\'coil\':3}',6,125,1,1,6,8,30,'{\'rally\':24,\'brace\':6}','{\'fireburst\':5,\'ward\':5,\'mend\':3}','{\'pikeman\':7,\'archer\':1}',7,189
81,river_ford,baseline,league,draw,round-limit,30,1,3,2,10,32,'{\'rally\':20,\'focusedShot\':1,\'brace\':6,\'secondWind\':3,\'charge\':2}','{\'fireburst\':2,\'mend\':1}','{\'archer\':3,\'pikeman\':6,\'cavalier\':1}',8,181,0,2,3,3,29,{"rally":29},'{\'ward\':1,\'mend\':2,\'fieldRepair\':4,\'flare\':1}','{\'leaguePike\':1,\'coil\':1,\'pavise\':1}',7,133
82,river_ford,league,baseline,draw,round-limit,30,1,3,5,4,33,{"rally":33},'{\'fireburst\':2,\'ward\':1,\'fieldRepair\':1}','{\'leaguePike\':2,\'pavise\':1,\'coil\':1}',6,123,0,5,3,13,38,'{\'rally\':20,\'brace\':6,\'secondWind\':7,\'focusedShot\':5}','{\'fireburst\':2,\'ward\':2,\'mend\':2}','{\'pikeman\':10,\'cavalier\':1,\'archer\':2}',8,181
82,river_ford,baseline,league,draw,round-limit,30,1,0,6,8,45,'{\'rally\':25,\'brace\':11,\'secondWind\':6,\'charge\':3}','{\'fireburst\':4,\'mend\':3,\'ward\':2}','{\'pikeman\':5,\'archer\':3}',7,154,0,6,0,6,28,{"rally":28},'{\'fieldRepair\':2,\'ward\':1}','{\'pavise\':3,\'coil\':3}',6,109
83,river_ford,league,baseline,draw,round-limit,30,1,2,2,5,37,{"rally":37},'{\'mend\':1,\'fieldRepair\':2,\'ward\':2,\'flare\':1}','{\'leaguePike\':3,\'coil\':2}',8,186,0,2,2,10,30,'{\'rally\':19,\'secondWind\':5,\'brace\':5,\'focusedShot\':1}','{\'fireburst\':3,\'ward\':5,\'mend\':6}','{\'pikeman\':9,\'cavalier\':1}',8,175
83,river_ford,baseline,league,draw,round-limit,30,1,4,4,11,45,'{\'rally\':34,\'secondWind\':4,\'brace\':7}','{\'ward\':2,\'fireburst\':2,\'mend\':1}','{\'archer\':3,\'pikeman\':8}',8,195,0,4,3,3,22,{"rally":22},'{\'fireburst\':2,\'ward\':2,\'mend\':1,\'fieldRepair\':2}','{\'leaguePike\':1,\'coil\':1,\'pavise\':1}',5,122
84,river_ford,league,baseline,draw,round-limit,30,1,1,1,4,36,{"rally":36},'{\'fireburst\':1,\'mend\':4,\'flare\':2,\'ward\':1}','{\'leaguePike\':2,\'pavise\':1,\'coil\':1}',8,164,0,1,1,9,40,'{\'rally\':23,\'secondWind\':6,\'brace\':11}','{\'fireburst\':3,\'ward\':3,\'mend\':6}','{\'pikeman\':7,\'archer\':2}',8,185
84,river_ford,baseline,league,draw,round-limit,30,1,1,3,9,36,'{\'rally\':21,\'brace\':6,\'secondWind\':5,\'focusedShot\':3,\'charge\':1}','{\'ward\':3,\'fireburst\':3,\'mend\':3}','{\'pikeman\':6,\'archer\':3}',8,179,0,3,1,3,21,{"rally":21},'{\'fireburst\':3,\'ward\':3,\'flare\':2,\'fieldRepair\':2}','{\'leaguePike\':1,\'pavise\':1,\'coil\':1}',6,112
85,river_ford,league,baseline,draw,round-limit,30,1,5,5,5,39,{"rally":39},'{\'fireburst\':5,\'ward\':1,\'mend\':1,\'fieldRepair\':1}','{\'leaguePike\':2,\'pavise\':1,\'coil\':2}',6,129,0,5,5,14,39,'{\'rally\':26,\'charge\':1,\'secondWind\':1,\'brace\':6,\'focusedShot\':5}','{\'fireburst\':5,\'mend\':3,\'ward\':1}','{\'pikeman\':10,\'cavalier\':1,\'archer\':3}',8,193
85,river_ford,baseline,league,draw,round-limit,30,1,1,2,9,29,'{\'rally\':18,\'focusedShot\':3,\'brace\':2,\'secondWind\':5,\'charge\':1}','{\'ward\':3,\'fireburst\':2,\'mend\':1}','{\'pikeman\':6,\'archer\':3}',7,171,0,2,1,3,17,{"rally":17},'{\'fireburst\':2,\'ward\':3,\'flare\':3,\'mend\':1,\'fieldRepair\':2}','{\'leaguePike\':1,\'coil\':1,\'pavise\':1}',7,156
86,river_ford,league,baseline,draw,round-limit,30,0,7,6,11,53,{"rally":53},'{\'flare\':1,\'fieldRepair\':1,\'fireburst\':1,\'ward\':2}','{\'leaguePike\':1,\'pavise\':6,\'coil\':4}',9,181,1,6,7,19,52,'{\'rally\':33,\'charge\':2,\'secondWind\':2,\'brace\':10,\'focusedShot\':5}','{\'fireburst\':5,\'ward\':3,\'mend\':1}','{\'pikeman\':13,\'archer\':5,\'cavalier\':1}',7,173
86,river_ford,baseline,league,draw,round-limit,30,1,3,4,11,31,'{\'rally\':20,\'brace\':4,\'secondWind\':3,\'charge\':1,\'focusedShot\':3}','{\'fireburst\':2,\'ward\':1}','{\'archer\':3,\'pikeman\':8}',8,195,0,4,3,7,25,{"rally":25},'{\'fireburst\':1,\'fieldRepair\':3,\'ward\':2}','{\'pavise\':5,\'coil\':2}',9,201
87,river_ford,league,baseline,draw,round-limit,30,0,10,5,10,43,{"rally":43},'{\'fireburst\':2,\'fieldRepair\':2,\'flare\':3}','{\'leaguePike\':2,\'pavise\':3,\'coil\':5}',6,100,1,5,9,12,41,'{\'rally\':23,\'brace\':12,\'charge\':4,\'secondWind\':2}','{\'fireburst\':3,\'ward\':2,\'mend\':4}','{\'pikeman\':4,\'archer\':5,\'cavalier\':3}',7,146
87,river_ford,baseline,league,draw,round-limit,30,1,0,0,8,33,'{\'rally\':22,\'focusedShot\':1,\'brace\':8,\'secondWind\':2}','{\'ward\':5,\'mend\':6,\'fireburst\':4}','{\'archer\':3,\'pikeman\':5}',7,164,0,0,0,1,26,{"rally":26},'{\'fireburst\':2,\'ward\':2,\'flare\':1,\'fieldRepair\':2,\'mend\':1}',{"leaguePike":1},6,111
88,river_ford,league,baseline,draw,round-limit,30,0,4,1,4,36,{"rally":36},'{\'ward\':2,\'fireburst\':2,\'fieldRepair\':2,\'flare\':1}','{\'leaguePike\':1,\'pavise\':2,\'coil\':1}',5,108,0,1,4,8,44,'{\'rally\':22,\'charge\':4,\'secondWind\':8,\'brace\':8,\'focusedShot\':2}','{\'ward\':6,\'fireburst\':2,\'mend\':4}','{\'pikeman\':7,\'cavalier\':1}',9,163
88,river_ford,baseline,league,draw,round-limit,30,1,0,2,7,28,'{\'rally\':16,\'focusedShot\':4,\'brace\':5,\'secondWind\':2,\'charge\':1}','{\'fireburst\':2,\'mend\':4,\'ward\':1}','{\'archer\':1,\'pikeman\':6}',8,186,0,2,0,3,12,{"rally":12},'{\'fireburst\':1,\'fieldRepair\':2,\'flare\':1,\'mend\':2,\'ward\':1}','{\'leaguePike\':1,\'pavise\':1,\'coil\':1}',7,158
89,river_ford,league,baseline,draw,round-limit,30,1,2,0,4,19,{"rally":19},'{\'fireburst\':3,\'flare\':3,\'ward\':1,\'mend\':1,\'fieldRepair\':1}','{\'leaguePike\':2,\'pavise\':1,\'coil\':1}',7,149,0,0,2,7,24,'{\'rally\':19,\'secondWind\':4,\'charge\':1}','{\'ward\':7,\'mend\':1}','{\'pikeman\':4,\'cavalier\':1,\'archer\':2}',8,150
89,river_ford,baseline,league,draw,round-limit,30,1,3,4,11,43,'{\'rally\':23,\'brace\':13,\'focusedShot\':4,\'secondWind\':2,\'charge\':1}','{\'ward\':5,\'mend\':4,\'fireburst\':2}','{\'archer\':3,\'pikeman\':7,\'cavalier\':1}',7,150,0,4,3,3,22,{"rally":22},'{\'fireburst\':1,\'flare\':2,\'mend\':2,\'fieldRepair\':1}','{\'leaguePike\':1,\'pavise\':1,\'coil\':1}',6,122
90,river_ford,league,baseline,draw,round-limit,30,1,6,3,6,37,{"rally":37},'{\'ward\':2,\'fireburst\':1,\'fieldRepair\':1,\'mend\':1,\'flare\':1}','{\'leaguePike\':2,\'pavise\':2,\'coil\':2}',6,114,0,3,6,9,34,'{\'rally\':22,\'brace\':4,\'focusedShot\':5,\'secondWind\':3}','{\'fireburst\':4,\'ward\':4}','{\'pikeman\':7,\'cavalier\':2}',8,161
90,river_ford,baseline,league,draw,round-limit,30,1,2,5,10,38,'{\'rally\':29,\'brace\':7,\'secondWind\':2}','{\'ward\':5,\'mend\':2,\'fireburst\':1}','{\'pikeman\':7,\'archer\':3}',7,182,0,5,2,7,21,{"rally":21},'{\'ward\':1,\'mend\':1,\'fieldRepair\':2,\'flare\':1}','{\'leaguePike\':1,\'pavise\':4,\'coil\':2}',8,196
91,river_ford,league,baseline,draw,round-limit,30,0,8,2,10,42,{"rally":42},'{\'fireburst\':2,\'mend\':1,\'flare\':1}','{\'leaguePike\':3,\'pavise\':5,\'coil\':2}',8,181,0,2,6,9,32,'{\'rally\':21,\'charge\':1,\'secondWind\':2,\'focusedShot\':1,\'brace\':7}','{\'fireburst\':7,\'ward\':3,\'mend\':1}','{\'pikeman\':7,\'archer\':2}',8,176
91,river_ford,baseline,league,draw,round-limit,30,1,1,2,8,48,'{\'rally\':28,\'brace\':11,\'secondWind\':7,\'focusedShot\':2}','{\'fireburst\':3,\'ward\':1,\'mend\':2}','{\'pikeman\':7,\'archer\':1}',8,168,0,2,1,5,26,{"rally":26},'{\'fireburst\':2,\'fieldRepair\':4,\'ward\':3,\'flare\':3,\'mend\':1}','{\'pavise\':3,\'leaguePike\':1,\'coil\':1}',9,206
92,river_ford,league,baseline,draw,round-limit,30,1,3,1,5,31,{"rally":31},'{\'mend\':1,\'flare\':2}','{\'leaguePike\':2,\'pavise\':1,\'coil\':2}',7,142,0,1,3,9,15,'{\'rally\':13,\'focusedShot\':1,\'brace\':1}','{\'fireburst\':4,\'ward\':6}','{\'pikeman\':6,\'archer\':3}',8,197
92,river_ford,baseline,league,draw,round-limit,30,1,2,3,10,34,'{\'rally\':23,\'brace\':10,\'secondWind\':1}','{\'ward\':7,\'mend\':4,\'fireburst\':2}','{\'archer\':4,\'pikeman\':6}',8,172,0,3,2,4,23,{"rally":23},'{\'flare\':4,\'fireburst\':1,\'fieldRepair\':1,\'mend\':1}','{\'pavise\':2,\'coil\':2}',7,143
93,river_ford,league,baseline,draw,round-limit,30,1,0,0,4,21,{"rally":21},{"fieldRepair":2},'{\'leaguePike\':2,\'pavise\':1,\'coil\':1}',9,200,0,0,0,7,23,'{\'rally\':19,\'brace\':4}','{\'fireburst\':1,\'ward\':4}','{\'pikeman\':6,\'cavalier\':1}',8,194
93,river_ford,baseline,league,draw,round-limit,30,1,2,3,9,23,'{\'rally\':18,\'brace\':3,\'charge\':2}','{\'ward\':1,\'mend\':3}','{\'archer\':4,\'pikeman\':5}',8,187,0,3,2,3,19,{"rally":19},'{\'fireburst\':1,\'ward\':3,\'fieldRepair\':1,\'flare\':2}','{\'pavise\':2,\'coil\':1}',6,140
94,river_ford,league,baseline,draw,round-limit,30,1,3,3,4,28,{"rally":28},'{\'ward\':2,\'mend\':2,\'flare\':1}','{\'leaguePike\':2,\'pavise\':1,\'coil\':1}',6,131,0,3,3,11,25,'{\'rally\':20,\'brace\':5}','{\'fireburst\':3,\'mend\':3}','{\'pikeman\':10,\'cavalier\':1}',9,221
94,river_ford,baseline,league,draw,round-limit,30,1,1,2,8,41,'{\'rally\':24,\'brace\':12,\'secondWind\':4,\'charge\':1}','{\'fireburst\':2,\'ward\':2,\'mend\':4}','{\'archer\':1,\'pikeman\':7}',8,183,0,2,1,5,22,{"rally":22},'{\'fieldRepair\':2,\'ward\':1,\'flare\':1}','{\'pavise\':3,\'leaguePike\':1,\'coil\':1}',9,202
95,river_ford,league,baseline,draw,round-limit,30,0,6,3,7,34,{"rally":34},'{\'mend\':2,\'flare\':1,\'ward\':2}','{\'leaguePike\':1,\'pavise\':3,\'coil\':3}',6,130,1,3,5,10,40,'{\'rally\':26,\'charge\':1,\'brace\':5,\'focusedShot\':4,\'secondWind\':4}','{\'ward\':2,\'mend\':1,\'fireburst\':1}','{\'pikeman\':7,\'archer\':2,\'cavalier\':1}',8,181
95,river_ford,baseline,league,draw,round-limit,30,1,1,2,8,39,'{\'rally\':22,\'brace\':9,\'secondWind\':4,\'charge\':1,\'focusedShot\':3}','{\'ward\':6,\'fireburst\':1,\'mend\':1}','{\'archer\':1,\'pikeman\':7}',8,184,0,2,1,3,19,{"rally":19},'{\'fieldRepair\':1,\'flare\':1}','{\'pavise\':2,\'coil\':1}',7,145
96,river_ford,league,baseline,draw,round-limit,30,1,1,1,5,32,{"rally":32},'{\'ward\':1,\'fireburst\':1,\'mend\':2,\'fieldRepair\':4}','{\'leaguePike\':2,\'pavise\':1,\'coil\':1,\'relicWalker\':1}',9,216,0,1,1,9,20,'{\'rally\':15,\'focusedShot\':1,\'brace\':4}','{\'ward\':3,\'fireburst\':4,\'mend\':1}','{\'pikeman\':7,\'archer\':2}',8,189
96,river_ford,baseline,league,draw,round-limit,30,1,2,2,14,32,'{\'rally\':19,\'brace\':4,\'secondWind\':5,\'charge\':2,\'focusedShot\':2}','{\'ward\':7,\'fireburst\':2,\'mend\':5}','{\'pikeman\':9,\'archer\':4,\'cavalier\':1}',7,167,1,2,2,3,17,{"rally":17},'{\'fireburst\':1,\'flare\':1,\'mend\':3,\'fieldRepair\':1,\'ward\':1}','{\'pavise\':2,\'coil\':1}',7,161
97,river_ford,league,baseline,draw,round-limit,30,1,3,3,5,36,{"rally":36},'{\'fireburst\':3,\'mend\':1,\'ward\':1}','{\'leaguePike\':2,\'pavise\':1,\'coil\':2}',8,161,0,3,3,12,40,'{\'rally\':20,\'charge\':3,\'brace\':9,\'secondWind\':3,\'focusedShot\':5}','{\'fireburst\':3,\'ward\':4,\'mend\':2}','{\'pikeman\':8,\'archer\':2,\'cavalier\':2}',7,155
97,river_ford,baseline,league,draw,round-limit,30,1,1,4,8,37,'{\'rally\':22,\'brace\':6,\'secondWind\':7,\'charge\':2}','{\'fireburst\':2,\'mend\':2,\'ward\':1}','{\'pikeman\':7,\'archer\':1}',8,161,0,4,1,4,24,{"rally":24},'{\'mend\':2,\'fieldRepair\':4,\'ward\':1,\'fireburst\':1,\'flare\':1}','{\'pavise\':2,\'coil\':2}',6,108
98,river_ford,league,baseline,draw,round-limit,30,1,7,1,6,28,{"rally":28},'{\'fireburst\':3,\'fieldRepair\':1,\'flare\':3}','{\'leaguePike\':2,\'pavise\':2,\'coil\':2}',5,123,0,1,7,8,44,'{\'rally\':22,\'focusedShot\':5,\'brace\':3,\'secondWind\':11,\'charge\':3}','{\'ward\':3,\'fireburst\':3,\'mend\':2}','{\'cavalier\':1,\'archer\':2,\'pikeman\':5}',7,139
98,river_ford,baseline,league,draw,round-limit,30,1,1,3,9,30,'{\'rally\':20,\'brace\':3,\'secondWind\':4,\'focusedShot\':2,\'charge\':1}','{\'ward\':3,\'fireburst\':1,\'mend\':1}','{\'archer\':3,\'pikeman\':5,\'cavalier\':1}',7,168,0,3,1,3,20,{"rally":20},'{\'fieldRepair\':2,\'flare\':3,\'ward\':1,\'mend\':1}','{\'pavise\':2,\'coil\':1}',6,104
99,river_ford,league,baseline,draw,round-limit,30,1,5,5,6,33,{"rally":33},'{\'mend\':1,\'fieldRepair\':2,\'ward\':1,\'flare\':2,\'fireburst\':1}','{\'leaguePike\':2,\'pavise\':2,\'coil\':2}',7,146,0,5,5,11,32,'{\'rally\':18,\'charge\':1,\'secondWind\':4,\'brace\':7,\'focusedShot\':2}','{\'fireburst\':2,\'ward\':4,\'mend\':4}','{\'pikeman\':7,\'archer\':3,\'cavalier\':1}',7,156
99,river_ford,baseline,league,draw,round-limit,30,1,1,2,8,32,'{\'rally\':19,\'brace\':9,\'secondWind\':3,\'charge\':1}','{\'fireburst\':3,\'mend\':2}','{\'pikeman\':6,\'archer\':1,\'cavalier\':1}',8,173,0,2,1,3,24,{"rally":24},'{\'fieldRepair\':2,\'ward\':2,\'mend\':1}','{\'pavise\':2,\'coil\':1}',7,153
100,river_ford,league,baseline,draw,round-limit,30,0,1,3,4,35,{"rally":35},'{\'fireburst\':2,\'mend\':2,\'fieldRepair\':1,\'ward\':1}','{\'leaguePike\':2,\'pavise\':1,\'coil\':1}',9,181,0,3,1,11,25,'{\'rally\':15,\'charge\':1,\'brace\':6,\'focusedShot\':1,\'secondWind\':2}','{\'ward\':1,\'mend\':5,\'fireburst\':3}','{\'cavalier\':1,\'pikeman\':8,\'archer\':2}',8,185
100,river_ford,baseline,league,draw,round-limit,30,2,2,2,11,14,'{\'rally\':11,\'brace\':1,\'secondWind\':1,\'focusedShot\':1}','{\'fireburst\':3,\'mend\':4,\'ward\':1}','{\'pikeman\':7,\'archer\':1,\'cavalier\':3}',8,185,0,2,2,3,14,{"rally":14},'{\'fireburst\':1,\'fieldRepair\':2,\'mend\':1,\'ward\':1,\'flare\':1}','{\'pavise\':2,\'coil\':1}',7,159
1,choke_gap1,league,baseline,draw,round-limit,30,1,2,1,5,40,{"rally":40},'{\'fieldRepair\':2,\'flare\':1,\'ward\':1,\'mend\':1}','{\'leaguePike\':3,\'coil\':2}',8,174,0,1,1,9,19,'{\'rally\':17,\'brace\':2}','{\'fireburst\':7,\'ward\':7,\'mend\':2}','{\'pikeman\':7,\'archer\':2}',8,205
1,choke_gap1,baseline,league,draw,round-limit,30,2,1,4,8,34,'{\'rally\':25,\'brace\':9}','{\'fireburst\':2,\'ward\':3,\'mend\':1}','{\'pikeman\':6,\'archer\':1,\'cavalier\':1}',9,209,0,4,1,6,25,{"rally":25},'{\'ward\':2,\'fieldRepair\':1,\'flare\':1,\'fireburst\':1,\'mend\':6}','{\'pavise\':2,\'leaguePike\':1,\'coil\':3}',8,151
2,choke_gap1,league,baseline,draw,round-limit,30,1,3,2,7,39,{"rally":39},'{\'ward\':2,\'fireburst\':2,\'fieldRepair\':1}','{\'leaguePike\':5,\'coil\':1,\'relicWalker\':1}',9,205,0,2,2,9,17,'{\'rally\':16,\'charge\':1}','{\'ward\':8,\'fireburst\':5,\'mend\':3}','{\'pikeman\':7,\'archer\':2}',7,159
2,choke_gap1,baseline,league,draw,round-limit,30,1,1,2,8,27,'{\'rally\':21,\'brace\':6}','{\'fireburst\':2,\'ward\':2}','{\'pikeman\':6,\'archer\':1,\'cavalier\':1}',9,196,0,2,1,4,20,{"rally":20},'{\'fireburst\':3,\'fieldRepair\':1,\'ward\':3,\'mend\':3}','{\'leaguePike\':1,\'pavise\':1,\'coil\':2}',8,163
3,choke_gap1,league,baseline,draw,round-limit,30,1,8,3,9,38,{"rally":38},'{\'mend\':3,\'flare\':3}','{\'leaguePike\':3,\'pavise\':2,\'coil\':4}',7,161,0,3,8,11,31,'{\'rally\':15,\'brace\':6,\'charge\':7,\'secondWind\':2,\'focusedShot\':1}','{\'fireburst\':2,\'mend\':6,\'ward\':2}','{\'pikeman\':6,\'archer\':3,\'cavalier\':2}',8,145
3,choke_gap1,baseline,league,draw,round-limit,30,1,0,2,7,40,'{\'rally\':24,\'brace\':13,\'focusedShot\':3}','{\'fireburst\':3,\'ward\':3,\'mend\':2}','{\'archer\':1,\'pikeman\':6}',8,179,0,2,0,4,23,{"rally":23},'{\'fireburst\':3,\'fieldRepair\':1,\'flare\':2,\'mend\':1,\'ward\':1}','{\'leaguePike\':2,\'coil\':2}',8,153
4,choke_gap1,league,baseline,draw,round-limit,30,1,4,3,7,28,{"rally":28},'{\'mend\':3,\'flare\':2,\'ward\':1,\'fireburst\':1}','{\'leaguePike\':2,\'pavise\':1,\'coil\':4}',8,157,0,3,3,12,31,'{\'rally\':21,\'charge\':2,\'secondWind\':3,\'brace\':4,\'focusedShot\':1}','{\'ward\':2,\'fireburst\':3,\'mend\':2}','{\'pikeman\':9,\'archer\':3}',7,171
4,choke_gap1,baseline,league,draw,round-limit,30,1,1,2,8,37,'{\'rally\':24,\'brace\':12,\'focusedShot\':1}','{\'ward\':4,\'fireburst\':2,\'mend\':1}','{\'archer\':2,\'pikeman\':6}',7,177,0,2,1,3,22,{"rally":22},'{\'fireburst\':3,\'fieldRepair\':3,\'mend\':2}','{\'pavise\':1,\'coil\':2}',7,133
5,choke_gap1,league,baseline,draw,round-limit,30,1,5,1,5,33,{"rally":33},'{\'ward\':2,\'mend\':3}','{\'leaguePike\':3,\'coil\':2}',6,127,0,1,5,8,20,'{\'rally\':11,\'focusedShot\':9}','{\'fireburst\':5,\'ward\':2,\'mend\':4}','{\'pikeman\':7,\'cavalier\':1}',9,223
5,choke_gap1,baseline,league,draw,round-limit,30,1,1,3,8,29,'{\'rally\':20,\'brace\':9}','{\'fireburst\':4,\'mend\':1,\'ward\':1}','{\'pikeman\':6,\'archer\':2}',7,168,0,3,1,4,23,{"rally":23},'{\'fieldRepair\':4,\'ward\':4,\'flare\':2}','{\'leaguePike\':1,\'pavise\':1,\'coil\':2}',7,142
6,choke_gap1,league,baseline,draw,round-limit,30,1,3,2,6,30,{"rally":30},'{\'mend\':2,\'flare\':1}','{\'leaguePike\':3,\'coil\':3}',8,153,0,2,3,9,23,'{\'rally\':14,\'focusedShot\':7,\'brace\':2}','{\'fireburst\':3,\'mend\':2,\'ward\':1}','{\'pikeman\':7,\'archer\':1,\'cavalier\':1}',9,216
6,choke_gap1,baseline,league,draw,round-limit,30,1,0,3,7,35,'{\'rally\':25,\'brace\':10}','{\'fireburst\':2,\'mend\':1}','{\'archer\':1,\'pikeman\':6}',8,200,0,3,0,5,24,{"rally":24},'{\'ward\':3,\'fieldRepair\':3,\'mend\':2}','{\'leaguePike\':2,\'pavise\':1,\'coil\':2}',8,175
7,choke_gap1,league,baseline,draw,round-limit,30,1,3,1,6,33,{"rally":33},'{\'ward\':2,\'fieldRepair\':1,\'mend\':1}','{\'leaguePike\':3,\'coil\':3}',9,185,0,1,2,9,10,'{\'rally\':9,\'brace\':1}','{\'fireburst\':4,\'ward\':1,\'mend\':2}','{\'pikeman\':7,\'archer\':2}',8,204
7,choke_gap1,baseline,league,draw,round-limit,30,2,4,3,10,21,'{\'rally\':17,\'brace\':4}','{\'ward\':4,\'fireburst\':2}','{\'pikeman\':6,\'archer\':4}',8,186,0,3,4,6,24,{"rally":24},'{\'fireburst\':4,\'ward\':1,\'fieldRepair\':3,\'mend\':1,\'flare\':1}','{\'leaguePike\':3,\'coil\':3}',9,185
8,choke_gap1,league,baseline,draw,round-limit,30,1,3,2,6,35,{"rally":35},'{\'fireburst\':2,\'fieldRepair\':1,\'ward\':2,\'mend\':2,\'flare\':1}','{\'leaguePike\':3,\'coil\':3}',8,166,0,2,3,9,21,'{\'rally\':17,\'charge\':1,\'secondWind\':1,\'brace\':2}','{\'fireburst\':5,\'mend\':3}','{\'pikeman\':7,\'archer\':2}',7,183
8,choke_gap1,baseline,league,draw,round-limit,30,1,0,1,12,40,'{\'rally\':30,\'brace\':10}','{\'fireburst\':5,\'ward\':2,\'mend\':3}','{\'pikeman\':11,\'cavalier\':1}',7,179,0,1,0,4,30,{"rally":30},'{\'fieldRepair\':3,\'ward\':6,\'flare\':2,\'fireburst\':1}','{\'pavise\':2,\'leaguePike\':1,\'coil\':1}',9,147
9,choke_gap1,league,baseline,draw,round-limit,30,1,0,1,5,25,{"rally":25},'{\'ward\':2,\'fireburst\':2,\'flare\':1,\'mend\':4,\'fieldRepair\':1}','{\'leaguePike\':3,\'coil\':2}',10,225,0,1,0,9,20,'{\'rally\':17,\'brace\':3}','{\'ward\':6,\'fireburst\':1,\'mend\':3}','{\'pikeman\':7,\'archer\':2}',8,190
9,choke_gap1,baseline,league,draw,round-limit,30,2,1,3,8,27,'{\'rally\':23,\'brace\':4}','{\'fireburst\':3,\'ward\':3}','{\'pikeman\':6,\'archer\':1,\'cavalier\':1}',9,221,0,3,1,5,26,{"rally":26},'{\'fieldRepair\':2,\'flare\':2,\'fireburst\':1,\'mend\':3}','{\'pavise\':1,\'leaguePike\':2,\'coil\':2}',8,163
10,choke_gap1,league,baseline,draw,round-limit,30,0,2,3,5,34,{"rally":34},'{\'fireburst\':3,\'fieldRepair\':1,\'ward\':1,\'mend\':1}','{\'leaguePike\':2,\'pavise\':1,\'coil\':2}',9,184,0,3,2,12,18,'{\'rally\':14,\'brace\':4}','{\'fireburst\':5,\'mend\':4,\'ward\':2}','{\'archer\':4,\'pikeman\':8}',8,196
10,choke_gap1,baseline,league,draw,round-limit,30,1,2,2,9,34,'{\'rally\':24,\'brace\':10}','{\'fireburst\':3,\'mend\':3}','{\'pikeman\':7,\'archer\':1,\'cavalier\':1}',9,207,0,2,2,5,32,{"rally":32},'{\'ward\':2,\'flare\':1,\'fieldRepair\':2}','{\'pavise\':2,\'leaguePike\':1,\'coil\':2}',9,176
11,choke_gap1,league,baseline,draw,round-limit,30,0,2,1,5,27,{"rally":27},'{\'fireburst\':2,\'fieldRepair\':2,\'mend\':1,\'flare\':2}','{\'leaguePike\':2,\'pavise\':1,\'coil\':2}',8,150,0,1,2,8,31,'{\'rally\':20,\'secondWind\':1,\'brace\':10}','{\'fireburst\':4,\'ward\':5,\'mend\':3}','{\'pikeman\':7,\'cavalier\':1}',9,203
11,choke_gap1,baseline,league,draw,round-limit,30,1,1,2,8,37,'{\'rally\':26,\'brace\':11}','{\'ward\':3,\'fireburst\':2}','{\'pikeman\':7,\'archer\':1}',8,168,0,2,1,5,24,{"rally":24},'{\'ward\':5,\'flare\':3,\'fieldRepair\':4,\'fireburst\':2,\'mend\':1}','{\'leaguePike\':2,\'pavise\':1,\'coil\':2}',9,193
12,choke_gap1,league,baseline,draw,round-limit,30,0,2,2,5,24,{"rally":24},'{\'fireburst\':4,\'mend\':1,\'ward\':1,\'flare\':1}','{\'leaguePike\':2,\'pavise\':1,\'coil\':2}',8,166,0,2,2,10,26,'{\'rally\':21,\'charge\':1,\'brace\':4}','{\'fireburst\':2,\'ward\':3,\'mend\':4}','{\'archer\':3,\'pikeman\':7}',8,172
12,choke_gap1,baseline,league,draw,round-limit,30,1,2,4,8,27,'{\'rally\':12,\'focusedShot\':8,\'charge\':4,\'brace\':2,\'secondWind\':1}','{\'ward\':2,\'mend\':2}','{\'pikeman\':6,\'archer\':1,\'cavalier\':1}',8,184,0,4,2,6,14,{"rally":14},'{\'flare\':2,\'fireburst\':1,\'mend\':2,\'fieldRepair\':2}','{\'pavise\':2,\'leaguePike\':1,\'coil\':2,\'relicWalker\':1}',8,195
13,choke_gap1,league,baseline,draw,round-limit,30,2,6,5,9,53,{"rally":53},'{\'ward\':3,\'fieldRepair\':1,\'flare\':3,\'mend\':1}','{\'leaguePike\':3,\'pavise\':2,\'coil\':4}',9,191,0,5,5,16,44,'{\'rally\':25,\'focusedShot\':3,\'charge\':4,\'brace\':8,\'secondWind\':4}','{\'ward\':5,\'fireburst\':6,\'mend\':4}','{\'pikeman\':9,\'archer\':4,\'cavalier\':3}',9,154
13,choke_gap1,baseline,league,draw,round-limit,30,2,0,0,8,33,'{\'rally\':22,\'brace\':11}','{\'fireburst\':2,\'mend\':4,\'ward\':4}','{\'archer\':2,\'pikeman\':6}',7,175,0,0,0,4,25,{"rally":25},'{\'fireburst\':1,\'ward\':2,\'flare\':1,\'fieldRepair\':2}','{\'leaguePike\':2,\'pavise\':1,\'coil\':1}',9,192
14,choke_gap1,league,baseline,draw,round-limit,30,1,5,2,5,22,{"rally":22},'{\'ward\':6,\'flare\':1,\'fireburst\':1}','{\'leaguePike\':3,\'coil\':2}',5,102,0,2,5,11,27,'{\'rally\':18,\'brace\':4,\'focusedShot\':4,\'charge\':1}','{\'fireburst\':1,\'ward\':4,\'mend\':6}','{\'pikeman\':9,\'archer\':2}',7,155
14,choke_gap1,baseline,league,draw,round-limit,30,2,1,3,8,30,'{\'rally\':22,\'brace\':8}','{\'fireburst\':4,\'ward\':1,\'mend\':3}','{\'pikeman\':7,\'archer\':1}',8,177,0,3,1,6,24,{"rally":24},'{\'fieldRepair\':1,\'ward\':1,\'fireburst\':1,\'mend\':1}','{\'leaguePike\':2,\'pavise\':1,\'coil\':3}',9,201
15,choke_gap1,league,baseline,draw,round-limit,30,1,1,0,5,24,{"rally":24},'{\'fireburst\':3,\'fieldRepair\':3}','{\'leaguePike\':3,\'coil\':2}',9,191,0,0,1,8,23,'{\'rally\':18,\'brace\':5}','{\'ward\':5,\'mend\':2,\'fireburst\':1}','{\'pikeman\':5,\'archer\':2,\'cavalier\':1}',7,161
15,choke_gap1,baseline,league,draw,round-limit,30,1,1,3,8,43,'{\'rally\':29,\'brace\':13,\'focusedShot\':1}','{\'ward\':3,\'mend\':2}','{\'pikeman\':6,\'archer\':1,\'cavalier\':1}',9,175,0,3,1,5,27,{"rally":27},'{\'fireburst\':3,\'mend\':1,\'fieldRepair\':3,\'flare\':1}','{\'leaguePike\':1,\'pavise\':2,\'coil\':2}',8,153
16,choke_gap1,league,baseline,draw,round-limit,30,1,7,1,5,31,{"rally":31},'{\'fireburst\':1,\'mend\':2,\'flare\':1,\'fieldRepair\':1}','{\'leaguePike\':3,\'coil\':2}',6,107,0,1,7,9,31,'{\'rally\':15,\'focusedShot\':14,\'brace\':2}','{\'fireburst\':3,\'ward\':4,\'mend\':2}','{\'pikeman\':7,\'archer\':2}',8,196
16,choke_gap1,baseline,league,draw,round-limit,30,1,1,1,8,23,'{\'rally\':17,\'brace\':6}','{\'ward\':3,\'mend\':1}','{\'pikeman\':6,\'archer\':2}',7,187,0,1,1,4,19,{"rally":19},'{\'fireburst\':1,\'ward\':1,\'flare\':1,\'mend\':2,\'fieldRepair\':1}','{\'leaguePike\':2,\'pavise\':1,\'coil\':1}',9,189
17,choke_gap1,league,baseline,draw,round-limit,30,1,8,3,8,27,{"rally":27},'{\'ward\':3,\'mend\':1,\'fieldRepair\':1}','{\'leaguePike\':3,\'coil\':4,\'pavise\':1}',6,93,0,3,8,10,25,'{\'rally\':11,\'focusedShot\':12,\'charge\':2}','{\'ward\':2,\'fireburst\':2,\'mend\':3}','{\'pikeman\':7,\'archer\':2,\'cavalier\':1}',7,161
17,choke_gap1,baseline,league,draw,round-limit,30,2,1,4,9,35,'{\'rally\':23,\'focusedShot\':1,\'brace\':11}',{"fireburst":4},'{\'archer\':3,\'pikeman\':6}',8,198,0,4,1,5,26,{"rally":26},'{\'fieldRepair\':2,\'fireburst\':2,\'mend\':3,\'flare\':2,\'ward\':2}','{\'leaguePike\':2,\'pavise\':1,\'coil\':2}',7,131
18,choke_gap1,league,baseline,draw,round-limit,30,0,3,2,6,30,{"rally":30},'{\'ward\':1,\'fireburst\':1,\'mend\':1,\'fieldRepair\':2}','{\'leaguePike\':1,\'pavise\':2,\'coil\':3}',8,157,0,2,3,10,19,'{\'rally\':11,\'brace\':2,\'focusedShot\':5,\'charge\':1}','{\'ward\':2,\'mend\':3,\'fireburst\':3}','{\'pikeman\':6,\'archer\':3,\'cavalier\':1}',8,180
18,choke_gap1,baseline,league,draw,round-limit,30,0,2,2,9,28,'{\'rally\':19,\'brace\':9}','{\'fireburst\':3,\'mend\':4,\'ward\':1}','{\'pikeman\':6,\'archer\':3}',7,182,0,2,2,5,24,{"rally":24},'{\'fieldRepair\':1,\'ward\':1,\'flare\':1}','{\'leaguePike\':2,\'pavise\':1,\'coil\':2}',9,190
19,choke_gap1,league,baseline,draw,round-limit,30,1,1,0,6,20,{"rally":20},'{\'mend\':1,\'fieldRepair\':1,\'flare\':1}','{\'leaguePike\':2,\'pavise\':1,\'coil\':3}',10,218,0,0,1,7,32,'{\'rally\':20,\'focusedShot\':1,\'brace\':11}','{\'ward\':3,\'mend\':4}','{\'pikeman\':4,\'archer\':2,\'cavalier\':1}',8,194
19,choke_gap1,baseline,league,draw,round-limit,30,2,0,3,8,39,'{\'rally\':26,\'brace\':13}','{\'ward\':3,\'fireburst\':2,\'mend\':2}','{\'archer\':2,\'pikeman\':6}',7,182,0,3,0,5,24,{"rally":24},'{\'fireburst\':1,\'fieldRepair\':2}','{\'leaguePike\':2,\'pavise\':1,\'coil\':2}',8,153
20,choke_gap1,league,baseline,draw,round-limit,30,1,1,0,5,20,{"rally":20},'{\'ward\':1,\'fieldRepair\':1,\'flare\':1}','{\'leaguePike\':3,\'coil\':2}',9,187,0,0,1,8,23,'{\'rally\':20,\'brace\':3}','{\'fireburst\':1,\'ward\':2}','{\'pikeman\':6,\'archer\':2}',7,177
20,choke_gap1,baseline,league,draw,round-limit,30,1,2,3,8,32,'{\'rally\':23,\'brace\':9}','{\'fireburst\':2,\'ward\':3,\'mend\':2}','{\'pikeman\':6,\'archer\':1,\'cavalier\':1}',8,161,0,3,2,5,23,{"rally":23},'{\'fieldRepair\':2,\'fireburst\':3,\'ward\':1,\'flare\':2}','{\'leaguePike\':3,\'coil\':2}',8,164
21,choke_gap1,league,baseline,draw,round-limit,30,0,4,2,6,33,{"rally":33},'{\'fireburst\':2,\'mend\':2,\'fieldRepair\':2,\'flare\':2}','{\'leaguePike\':2,\'pavise\':1,\'coil\':3}',8,169,0,2,3,14,19,'{\'rally\':17,\'charge\':1,\'secondWind\':1}','{\'fireburst\':5,\'ward\':4,\'mend\':4}','{\'pikeman\':13,\'archer\':1}',6,170
21,choke_gap1,baseline,league,draw,round-limit,30,1,2,2,13,30,'{\'rally\':24,\'brace\':6}','{\'ward\':6,\'mend\':3,\'fireburst\':1}','{\'pikeman\':12,\'archer\':1}',7,172,0,2,2,4,21,{"rally":21},'{\'fireburst\':1,\'ward\':1,\'mend\':2,\'fieldRepair\':1}','{\'leaguePike\':2,\'pavise\':1,\'coil\':1}',8,170
22,choke_gap1,league,baseline,draw,round-limit,30,1,4,2,7,31,{"rally":31},'{\'fireburst\':2,\'ward\':1,\'flare\':2}','{\'leaguePike\':5,\'coil\':2}',8,165,0,2,4,10,31,'{\'rally\':21,\'brace\':6,\'secondWind\':3,\'focusedShot\':1}','{\'ward\':8,\'fireburst\':1}','{\'pikeman\':9,\'cavalier\':1}',8,169
22,choke_gap1,baseline,league,draw,round-limit,30,1,2,1,9,43,'{\'rally\':28,\'focusedShot\':1,\'brace\':14}','{\'fireburst\':2,\'ward\':2}','{\'archer\':3,\'pikeman\':6}',8,207,0,1,2,4,32,{"rally":32},'{\'fieldRepair\':3,\'ward\':1,\'fireburst\':3,\'mend\':2,\'flare\':1}','{\'leaguePike\':3,\'coil\':1}',9,152
23,choke_gap1,league,baseline,draw,round-limit,30,0,2,1,6,30,{"rally":30},'{\'fireburst\':2,\'ward\':1,\'flare\':2}','{\'leaguePike\':2,\'pavise\':1,\'coil\':3}',9,182,1,1,2,8,26,'{\'rally\':24,\'brace\':2}','{\'fireburst\':1,\'ward\':5}','{\'pikeman\':7,\'archer\':1}',7,164
23,choke_gap1,baseline,league,draw,round-limit,30,2,2,4,9,20,'{\'rally\':14,\'focusedShot\':3,\'charge\':1,\'brace\':2}','{\'ward\':4,\'mend\':2}','{\'archer\':3,\'pikeman\':6}',8,189,0,4,2,6,13,{"rally":13},'{\'mend\':1,\'fieldRepair\':2,\'flare\':1,\'ward\':1}','{\'leaguePike\':1,\'pavise\':2,\'coil\':3}',8,183
24,choke_gap1,league,baseline,draw,round-limit,30,1,2,0,5,22,{"rally":22},'{\'fireburst\':2,\'fieldRepair\':1}','{\'leaguePike\':2,\'pavise\':1,\'coil\':2}',8,175,0,0,2,8,20,{"rally":20},'{\'ward\':5,\'fireburst\':1,\'mend\':1}','{\'pikeman\':5,\'cavalier\':1,\'archer\':2}',7,169
24,choke_gap1,baseline,league,draw,round-limit,30,2,2,3,9,34,'{\'rally\':22,\'brace\':9,\'focusedShot\':1,\'charge\':2}','{\'fireburst\':3,\'mend\':2}','{\'archer\':3,\'pikeman\':6}',8,190,0,3,2,6,27,{"rally":27},'{\'fireburst\':2,\'ward\':2,\'fieldRepair\':2,\'mend\':3}','{\'leaguePike\':2,\'pavise\':1,\'coil\':3}',9,192
25,choke_gap1,league,baseline,draw,round-limit,30,1,4,2,7,25,{"rally":25},'{\'fireburst\':1,\'fieldRepair\':2,\'mend\':1,\'ward\':1}','{\'leaguePike\':2,\'pavise\':1,\'coil\':4}',8,172,0,2,2,9,19,'{\'rally\':17,\'charge\':1,\'secondWind\':1}','{\'ward\':4,\'fireburst\':3,\'mend\':1}','{\'pikeman\':7,\'archer\':2}',7,174
25,choke_gap1,baseline,league,draw,round-limit,30,2,2,3,8,31,'{\'rally\':23,\'brace\':8}','{\'ward\':1,\'fireburst\':1}','{\'pikeman\':6,\'cavalier\':1,\'archer\':1}',8,170,0,3,2,5,22,{"rally":22},'{\'flare\':2,\'fieldRepair\':1,\'mend\':1,\'fireburst\':1}','{\'leaguePike\':3,\'coil\':1,\'relicWalker\':1}',8,173
26,choke_gap1,league,baseline,draw,round-limit,30,0,5,4,7,37,{"rally":37},'{\'fireburst\':2,\'flare\':1,\'fieldRepair\':1}','{\'leaguePike\':2,\'coil\':5}',7,144,0,4,4,13,32,'{\'rally\':22,\'charge\':1,\'brace\':9}','{\'ward\':8,\'mend\':3,\'fireburst\':4}','{\'pikeman\':9,\'archer\':4}',6,155
26,choke_gap1,baseline,league,draw,round-limit,30,1,1,0,8,35,'{\'rally\':23,\'brace\':12}','{\'mend\':5,\'ward\':3,\'fireburst\':1}','{\'pikeman\':7,\'archer\':1}',8,156,0,0,1,3,22,{"rally":22},'{\'fireburst\':4,\'flare\':3,\'fieldRepair\':2,\'mend\':1}','{\'leaguePike\':2,\'coil\':1}',8,173
27,choke_gap1,league,baseline,draw,round-limit,30,0,4,0,5,27,{"rally":27},'{\'fireburst\':1,\'ward\':1,\'mend\':3,\'fieldRepair\':1}','{\'leaguePike\':2,\'pavise\':1,\'coil\':2}',7,146,0,0,4,8,12,'{\'rally\':7,\'focusedShot\':5}','{\'ward\':2,\'fireburst\':1,\'mend\':3}','{\'pikeman\':5,\'archer\':3}',7,149
27,choke_gap1,baseline,league,draw,round-limit,30,1,1,3,8,25,'{\'rally\':19,\'brace\':6}','{\'fireburst\':6,\'ward\':3,\'mend\':3}','{\'pikeman\':6,\'archer\':1,\'cavalier\':1}',9,202,0,3,1,5,32,{"rally":32},'{\'fireburst\':2,\'fieldRepair\':2,\'mend\':1}','{\'leaguePike\':2,\'pavise\':1,\'coil\':2}',8,165
28,choke_gap1,league,baseline,draw,round-limit,30,0,2,1,6,24,{"rally":24},'{\'fireburst\':1,\'mend\':1,\'fieldRepair\':2,\'ward\':1}','{\'leaguePike\':3,\'pavise\':1,\'coil\':2}',9,204,0,1,2,8,19,'{\'rally\':17,\'brace\':2}','{\'fireburst\':1,\'mend\':3,\'ward\':3}','{\'pikeman\':7,\'cavalier\':1}',9,209
28,choke_gap1,baseline,league,draw,round-limit,30,2,1,2,10,28,'{\'rally\':19,\'focusedShot\':2,\'brace\':7}',{"ward":2},'{\'archer\':4,\'pikeman\':6}',8,194,0,2,1,5,14,{"rally":14},'{\'ward\':1,\'fireburst\':1,\'fieldRepair\':3}','{\'leaguePike\':1,\'pavise\':2,\'coil\':2}',9,207
29,choke_gap1,league,baseline,draw,round-limit,30,1,4,4,4,34,{"rally":34},'{\'fireburst\':1,\'ward\':5,\'fieldRepair\':3,\'mend\':2,\'flare\':1}','{\'leaguePike\':2,\'coil\':1,\'relicWalker\':1}',6,129,0,4,4,14,26,'{\'rally\':18,\'brace\':3,\'charge\':1,\'focusedShot\':4}','{\'fireburst\':4,\'mend\':3,\'ward\':1}','{\'pikeman\':9,\'archer\':3,\'cavalier\':2}',8,178
29,choke_gap1,baseline,league,draw,round-limit,30,0,1,1,8,28,'{\'rally\':21,\'brace\':7}','{\'fireburst\':7,\'mend\':3,\'ward\':2}','{\'pikeman\':6,\'archer\':1,\'cavalier\':1}',9,223,0,2,1,5,33,{"rally":33},'{\'fieldRepair\':2,\'mend\':2,\'flare\':2}','{\'leaguePike\':2,\'pavise\':1,\'coil\':2}',9,173
30,choke_gap1,league,baseline,draw,round-limit,30,1,6,1,9,35,{"rally":35},'{\'ward\':3,\'mend\':4,\'flare\':3}','{\'leaguePike\':3,\'pavise\':1,\'coil\':5}',9,198,0,1,5,8,25,'{\'rally\':16,\'brace\':4,\'focusedShot\':5}','{\'fireburst\':6,\'ward\':1,\'mend\':2}',{"pikeman":8},8,177
30,choke_gap1,baseline,league,draw,round-limit,30,1,2,6,9,32,'{\'rally\':23,\'brace\':9}','{\'ward\':2,\'fireburst\':4,\'mend\':1}','{\'archer\':3,\'pikeman\':6}',8,195,0,7,2,8,32,{"rally":32},'{\'ward\':5,\'flare\':1,\'fieldRepair\':2,\'mend\':2}','{\'leaguePike\':2,\'pavise\':1,\'coil\':4,\'relicWalker\':1}',7,145
31,choke_gap1,league,baseline,draw,round-limit,30,0,5,1,8,30,{"rally":30},'{\'ward\':2,\'mend\':1,\'flare\':1,\'fireburst\':1}','{\'leaguePike\':2,\'pavise\':2,\'coil\':4}',8,165,0,1,4,8,16,'{\'rally\':10,\'focusedShot\':4,\'brace\':2}','{\'fireburst\':3,\'mend\':7,\'ward\':1}','{\'pikeman\':6,\'cavalier\':1,\'archer\':1}',8,182
31,choke_gap1,baseline,league,draw,round-limit,30,1,1,2,9,25,'{\'rally\':20,\'brace\':5}','{\'fireburst\':4,\'mend\':1,\'ward\':1}','{\'archer\':3,\'pikeman\':6}',8,208,0,4,1,6,27,{"rally":27},'{\'fieldRepair\':4,\'mend\':1,\'flare\':1}','{\'leaguePike\':3,\'coil\':3}',8,151
32,choke_gap1,league,baseline,draw,round-limit,30,0,5,2,6,33,{"rally":33},'{\'ward\':2,\'fieldRepair\':2,\'mend\':2}','{\'leaguePike\':2,\'pavise\':1,\'coil\':3}',7,143,0,2,5,8,22,'{\'rally\':12,\'focusedShot\':8,\'brace\':2}','{\'fireburst\':4,\'mend\':1}','{\'pikeman\':7,\'cavalier\':1}',8,187
32,choke_gap1,baseline,league,draw,round-limit,30,2,3,2,15,38,'{\'rally\':29,\'focusedShot\':1,\'brace\':8}','{\'fireburst\':2,\'ward\':3,\'mend\':3}','{\'pikeman\':11,\'archer\':4}',6,161,0,2,3,5,21,{"rally":21},'{\'fireburst\':2,\'mend\':1,\'fieldRepair\':2,\'ward\':1}','{\'leaguePike\':1,\'pavise\':2,\'coil\':2}',9,176
33,choke_gap1,league,baseline,draw,round-limit,30,0,2,1,5,26,{"rally":26},'{\'ward\':1,\'flare\':2}','{\'leaguePike\':1,\'pavise\':2,\'coil\':2}',8,183,0,1,2,8,27,'{\'rally\':20,\'charge\':1,\'focusedShot\':2,\'brace\':4}',{"fireburst":1},'{\'pikeman\':7,\'cavalier\':1}',8,179
33,choke_gap1,baseline,league,draw,round-limit,30,1,2,3,8,35,'{\'rally\':23,\'brace\':12}','{\'mend\':2,\'ward\':1}','{\'pikeman\':6,\'archer\':1,\'cavalier\':1}',8,190,0,3,2,4,20,{"rally":20},'{\'fireburst\':2,\'flare\':2,\'fieldRepair\':2}','{\'leaguePike\':2,\'coil\':2}',7,149
34,choke_gap1,league,baseline,draw,round-limit,30,1,6,4,6,32,{"rally":32},'{\'fireburst\':1,\'flare\':1,\'mend\':2}','{\'leaguePike\':2,\'pavise\':1,\'coil\':3}',6,103,0,4,6,13,36,'{\'rally\':17,\'charge\':4,\'secondWind\':3,\'focusedShot\':7,\'brace\':5}','{\'fireburst\':3,\'ward\':2,\'mend\':1}','{\'pikeman\':10,\'archer\':2,\'cavalier\':1}',7,135
34,choke_gap1,baseline,league,draw,round-limit,30,1,2,3,9,31,'{\'rally\':23,\'brace\':8}','{\'ward\':2,\'fireburst\':2,\'mend\':3}','{\'pikeman\':7,\'archer\':1,\'cavalier\':1}',9,211,0,3,2,5,30,{"rally":30},'{\'fireburst\':1,\'ward\':2,\'fieldRepair\':1,\'mend\':1}','{\'pavise\':1,\'leaguePike\':3,\'coil\':1}',8,185
35,choke_gap1,league,baseline,draw,round-limit,30,1,6,1,9,30,{"rally":30},'{\'mend\':1,\'fieldRepair\':1}','{\'leaguePike\':4,\'coil\':3,\'relicWalker\':1,\'pavise\':1}',9,201,0,1,6,9,15,'{\'rally\':10,\'focusedShot\':5}','{\'fireburst\':3,\'ward\':3,\'mend\':2}','{\'pikeman\':7,\'archer\':2}',8,207
35,choke_gap1,baseline,league,draw,round-limit,30,1,1,6,8,28,'{\'rally\':20,\'brace\':7,\'focusedShot\':1}','{\'fireburst\':2,\'mend\':2}','{\'archer\':3,\'pikeman\':4,\'cavalier\':1}',7,178,0,6,1,7,21,{"rally":21},'{\'fireburst\':3,\'fieldRepair\':1,\'flare\':1,\'mend\':2,\'ward\':1}','{\'pavise\':2,\'leaguePike\':1,\'coil\':3,\'relicWalker\':1}',7,174
36,choke_gap1,league,baseline,draw,round-limit,30,0,2,2,5,27,{"rally":27},'{\'fireburst\':2,\'ward\':3,\'mend\':5,\'fieldRepair\':3,\'flare\':1}','{\'leaguePike\':3,\'coil\':2}',8,172,0,2,2,10,11,'{\'rally\':9,\'secondWind\':2}','{\'ward\':4,\'mend\':3,\'fireburst\':3}','{\'cavalier\':1,\'pikeman\':7,\'archer\':2}',8,195
36,choke_gap1,baseline,league,draw,round-limit,30,0,1,4,8,29,'{\'rally\':21,\'brace\':8}','{\'fireburst\':4,\'ward\':6,\'mend\':3}','{\'pikeman\':7,\'archer\':1}',8,189,0,4,1,5,24,{"rally":24},'{\'fieldRepair\':3,\'ward\':2,\'flare\':1,\'mend\':3}','{\'pavise\':3,\'coil\':2}',7,114
37,choke_gap1,league,baseline,draw,round-limit,30,0,3,2,6,36,{"rally":36},'{\'ward\':3,\'fireburst\':1,\'fieldRepair\':1}','{\'leaguePike\':4,\'pavise\':1,\'coil\':1}',9,201,0,2,3,8,15,'{\'rally\':14,\'charge\':1}','{\'fireburst\':4,\'ward\':3,\'mend\':1}','{\'pikeman\':4,\'archer\':3,\'cavalier\':1}',7,160
37,choke_gap1,baseline,league,draw,round-limit,30,0,1,4,8,33,'{\'rally\':23,\'brace\':8,\'focusedShot\':2}',{"fireburst":1},'{\'pikeman\':6,\'archer\':1,\'cavalier\':1}',9,220,0,4,1,5,20,{"rally":20},'{\'fieldRepair\':5,\'flare\':1,\'mend\':1}','{\'pavise\':1,\'leaguePike\':2,\'coil\':2}',7,113
38,choke_gap1,league,baseline,draw,round-limit,30,0,5,3,6,33,{"rally":33},'{\'fireburst\':3,\'ward\':3,\'fieldRepair\':2}','{\'leaguePike\':3,\'coil\':3}',7,157,0,3,4,10,24,'{\'rally\':17,\'focusedShot\':5,\'brace\':2}','{\'ward\':2,\'fireburst\':4,\'mend\':2}','{\'pikeman\':5,\'archer\':5}',6,152
38,choke_gap1,baseline,league,draw,round-limit,30,0,1,2,8,41,'{\'rally\':24,\'brace\':14,\'focusedShot\':2,\'charge\':1}','{\'mend\':4,\'fireburst\':4}','{\'pikeman\':6,\'archer\':1,\'cavalier\':1}',9,210,0,4,1,5,25,{"rally":25},'{\'fireburst\':2,\'ward\':4,\'flare\':2,\'fieldRepair\':1,\'mend\':1}','{\'pavise\':2,\'coil\':3}',6,125
39,choke_gap1,league,baseline,draw,round-limit,30,1,4,2,6,33,{"rally":33},'{\'mend\':2,\'fieldRepair\':2,\'ward\':1,\'flare\':1}','{\'leaguePike\':3,\'coil\':2,\'pavise\':1}',8,170,0,2,4,9,30,'{\'rally\':18,\'focusedShot\':9,\'brace\':3}','{\'fireburst\':4,\'ward\':2,\'mend\':2}','{\'pikeman\':7,\'archer\':2}',7,178
39,choke_gap1,baseline,league,draw,round-limit,30,1,1,1,8,39,'{\'rally\':23,\'focusedShot\':2,\'brace\':14}','{\'ward\':1,\'mend\':2}','{\'archer\':2,\'pikeman\':6}',8,165,0,1,1,4,20,{"rally":20},'{\'ward\':1,\'mend\':1,\'fieldRepair\':2}','{\'pavise\':1,\'leaguePike\':2,\'coil\':1}',8,176
40,choke_gap1,league,baseline,draw,round-limit,30,1,2,4,5,30,{"rally":30},'{\'fireburst\':3,\'mend\':4,\'fieldRepair\':2,\'flare\':2}','{\'leaguePike\':3,\'coil\':2}',8,157,0,4,2,12,23,'{\'rally\':16,\'charge\':2,\'secondWind\':3,\'brace\':2}','{\'ward\':7,\'fireburst\':2,\'mend\':2}','{\'cavalier\':2,\'pikeman\':7,\'archer\':3}',8,168
40,choke_gap1,baseline,league,draw,round-limit,30,1,2,3,9,40,'{\'rally\':28,\'brace\':12}','{\'ward\':8,\'fireburst\':3,\'mend\':1}','{\'pikeman\':7,\'archer\':2}',7,165,0,3,2,5,32,{"rally":32},'{\'fireburst\':2,\'flare\':1,\'mend\':1,\'fieldRepair\':3,\'ward\':1}','{\'pavise\':2,\'leaguePike\':1,\'coil\':2}',8,165
41,choke_gap1,league,baseline,draw,round-limit,30,1,8,4,9,37,{"rally":37},'{\'ward\':2,\'fieldRepair\':1,\'fireburst\':2,\'flare\':6,\'mend\':2}','{\'leaguePike\':2,\'pavise\':1,\'coil\':6}',6,108,0,4,8,12,42,'{\'rally\':25,\'brace\':9,\'charge\':2,\'focusedShot\':4,\'secondWind\':2}','{\'fireburst\':5,\'ward\':3,\'mend\':3}','{\'pikeman\':8,\'archer\':3,\'cavalier\':1}',6,151
41,choke_gap1,baseline,league,draw,round-limit,30,0,0,0,7,30,'{\'rally\':20,\'brace\':10}','{\'fireburst\':2,\'mend\':3,\'ward\':1}','{\'pikeman\':5,\'cavalier\':1,\'archer\':1}',8,157,0,0,0,4,25,{"rally":25},'{\'fieldRepair\':1,\'ward\':1,\'flare\':2,\'mend\':2,\'fireburst\':1}','{\'pavise\':1,\'leaguePike\':2,\'coil\':1}',9,194
42,choke_gap1,league,baseline,draw,round-limit,30,1,7,4,7,35,{"rally":35},'{\'ward\':3,\'fieldRepair\':4,\'flare\':3}','{\'leaguePike\':2,\'pavise\':1,\'coil\':4}',5,104,0,4,4,12,26,'{\'rally\':15,\'brace\':6,\'focusedShot\':4,\'charge\':1}','{\'fireburst\':8,\'ward\':7,\'mend\':5}','{\'archer\':4,\'pikeman\':7,\'cavalier\':1}',8,191
42,choke_gap1,baseline,league,draw,round-limit,30,2,2,3,9,30,'{\'rally\':23,\'brace\':7}','{\'fireburst\':4,\'ward\':6,\'mend\':2}','{\'pikeman\':7,\'archer\':1,\'cavalier\':1}',9,209,0,3,2,5,28,{"rally":28},'{\'fieldRepair\':6,\'ward\':2,\'mend\':3,\'flare\':1}','{\'pavise\':2,\'leaguePike\':1,\'coil\':2}',8,174
43,choke_gap1,league,baseline,draw,round-limit,30,1,3,1,7,31,{"rally":31},'{\'fireburst\':1,\'mend\':3}','{\'leaguePike\':2,\'pavise\':1,\'coil\':4}',9,183,0,1,3,9,17,'{\'rally\':16,\'focusedShot\':1}','{\'fireburst\':4,\'ward\':3,\'mend\':3}','{\'pikeman\':7,\'archer\':2}',8,202
43,choke_gap1,baseline,league,draw,round-limit,30,1,1,1,9,25,'{\'rally\':18,\'focusedShot\':1,\'brace\':6}','{\'fireburst\':3,\'ward\':3}','{\'archer\':3,\'pikeman\':6}',8,177,0,1,1,4,29,{"rally":29},'{\'fireburst\':3,\'fieldRepair\':1,\'ward\':2,\'flare\':1,\'mend\':3}','{\'pavise\':2,\'leaguePike\':1,\'coil\':1}',9,183
44,choke_gap1,league,baseline,draw,round-limit,30,1,0,0,5,31,{"rally":31},'{\'fireburst\':2,\'mend\':1,\'fieldRepair\':2,\'flare\':4}','{\'leaguePike\':2,\'pavise\':1,\'coil\':2}',10,206,0,0,0,8,26,'{\'rally\':11,\'focusedShot\':15}','{\'fireburst\':4,\'ward\':3}','{\'pikeman\':6,\'archer\':2}',7,168
44,choke_gap1,baseline,league,draw,round-limit,30,1,1,2,8,37,'{\'rally\':22,\'brace\':11,\'focusedShot\':4}','{\'ward\':5,\'mend\':4}','{\'archer\':1,\'pikeman\':7}',8,196,0,2,1,5,22,{"rally":22},'{\'ward\':1,\'mend\':2,\'fieldRepair\':1}','{\'pavise\':2,\'leaguePike\':1,\'coil\':2}',9,192
45,choke_gap1,league,baseline,draw,round-limit,30,1,2,0,6,23,{"rally":23},'{\'fireburst\':1,\'ward\':2,\'mend\':2,\'flare\':3}','{\'leaguePike\':1,\'pavise\':2,\'coil\':3}',9,203,0,0,2,7,25,'{\'rally\':14,\'focusedShot\':2,\'brace\':9}','{\'fireburst\':1,\'mend\':4,\'ward\':1}','{\'pikeman\':4,\'cavalier\':1,\'archer\':2}',8,177
45,choke_gap1,baseline,league,draw,round-limit,30,1,0,5,7,29,'{\'rally\':21,\'brace\':8}','{\'fireburst\':2,\'ward\':6,\'mend\':2}','{\'pikeman\':5,\'cavalier\':1,\'archer\':1}',8,187,0,5,0,5,26,{"rally":26},'{\'fireburst\':1,\'fieldRepair\':4,\'ward\':1,\'mend\':1}','{\'leaguePike\':2,\'pavise\':1,\'coil\':2}',6,126
46,choke_gap1,league,baseline,draw,round-limit,30,0,3,4,4,35,{"rally":35},'{\'fireburst\':1,\'ward\':1,\'mend\':2,\'flare\':1,\'fieldRepair\':1}','{\'leaguePike\':1,\'pavise\':1,\'coil\':2}',6,79,0,4,2,13,24,'{\'rally\':21,\'charge\':1,\'brace\':2}','{\'fireburst\':7,\'ward\':3,\'mend\':1}','{\'pikeman\':9,\'archer\':3,\'cavalier\':1}',7,171
46,choke_gap1,baseline,league,draw,round-limit,30,2,0,3,7,38,'{\'rally\':23,\'focusedShot\':4,\'brace\':11}','{\'ward\':2,\'fireburst\':3}','{\'archer\':1,\'pikeman\':6}',8,192,0,4,0,6,26,{"rally":26},'{\'flare\':1,\'mend\':4,\'fieldRepair\':2}','{\'pavise\':2,\'leaguePike\':1,\'coil\':2,\'relicWalker\':1}',8,195
47,choke_gap1,league,baseline,draw,round-limit,30,1,7,5,9,41,{"rally":41},'{\'fireburst\':4,\'ward\':2,\'mend\':3,\'flare\':2,\'fieldRepair\':2}','{\'leaguePike\':3,\'coil\':6}',7,123,0,6,3,15,26,'{\'rally\':17,\'brace\':4,\'charge\':2,\'secondWind\':2,\'focusedShot\':1}','{\'fireburst\':9,\'ward\':5,\'mend\':5}','{\'pikeman\':7,\'cavalier\':3,\'archer\':5}',7,151
47,choke_gap1,baseline,league,draw,round-limit,30,1,1,1,8,24,'{\'rally\':17,\'brace\':7}','{\'fireburst\':3,\'ward\':4,\'mend\':3}','{\'pikeman\':6,\'archer\':1,\'cavalier\':1}',9,208,0,1,1,4,26,{"rally":26},'{\'fieldRepair\':3,\'ward\':3,\'mend\':1,\'flare\':3}','{\'pavise\':2,\'leaguePike\':1,\'coil\':1}',9,185
48,choke_gap1,league,baseline,draw,round-limit,30,0,2,4,5,36,{"rally":36},'{\'ward\':1,\'fireburst\':2,\'mend\':1,\'flare\':1}','{\'leaguePike\':1,\'pavise\':2,\'coil\':2}',8,172,0,4,2,9,28,'{\'rally\':15,\'brace\':4,\'focusedShot\':7,\'charge\':1,\'secondWind\':1}','{\'fireburst\':4,\'ward\':4,\'mend\':1}','{\'pikeman\':7,\'cavalier\':1,\'archer\':1}',8,172
48,choke_gap1,baseline,league,draw,round-limit,30,2,3,3,9,45,'{\'rally\':30,\'brace\':11,\'focusedShot\':4}','{\'fireburst\':2,\'ward\':6,\'mend\':6}','{\'archer\':2,\'pikeman\':7}',6,162,0,3,3,5,30,{"rally":30},'{\'fireburst\':2,\'fieldRepair\':3,\'mend\':3,\'flare\':1}','{\'leaguePike\':2,\'pavise\':1,\'coil\':2}',8,144
49,choke_gap1,league,baseline,draw,round-limit,30,1,4,0,6,32,{"rally":32},{"mend":3},'{\'leaguePike\':3,\'coil\':3}',7,150,0,0,4,8,19,'{\'rally\':18,\'brace\':1}','{\'ward\':5,\'fireburst\':4}','{\'pikeman\':5,\'archer\':3}',7,171
49,choke_gap1,baseline,league,draw,round-limit,30,1,2,4,9,31,'{\'rally\':20,\'brace\':7,\'focusedShot\':4}','{\'fireburst\':2,\'ward\':2,\'mend\':1}','{\'pikeman\':6,\'archer\':3}',7,184,0,6,2,6,20,{"rally":20},'{\'fireburst\':1,\'fieldRepair\':2,\'flare\':2,\'mend\':3}','{\'leaguePike\':1,\'pavise\':2,\'coil\':3}',7,165
50,choke_gap1,league,baseline,draw,round-limit,30,0,0,0,5,31,{"rally":31},'{\'ward\':2,\'fireburst\':2,\'fieldRepair\':2,\'mend\':3}','{\'leaguePike\':2,\'pavise\':1,\'coil\':2}',10,208,0,0,0,8,32,'{\'rally\':21,\'brace\':11}','{\'fireburst\':4,\'ward\':6,\'mend\':1}','{\'pikeman\':6,\'archer\':2}',7,160
50,choke_gap1,baseline,league,draw,round-limit,30,1,0,9,7,46,'{\'rally\':30,\'focusedShot\':3,\'brace\':13}','{\'fireburst\':2,\'ward\':4,\'mend\':2}','{\'archer\':1,\'pikeman\':6}',8,178,0,9,0,8,31,{"rally":31},'{\'fieldRepair\':2,\'ward\':2,\'flare\':2}','{\'pavise\':2,\'leaguePike\':2,\'coil\':4}',5,80
51,choke_gap1,league,baseline,draw,round-limit,30,0,0,0,4,22,{"rally":22},'{\'fireburst\':3,\'mend\':3,\'fieldRepair\':1}','{\'leaguePike\':2,\'coil\':2}',9,183,0,0,0,8,28,'{\'rally\':21,\'brace\':7}','{\'ward\':2,\'mend\':2,\'fireburst\':1}','{\'pikeman\':5,\'archer\':2,\'cavalier\':1}',7,159
51,choke_gap1,baseline,league,draw,round-limit,30,2,1,4,8,31,'{\'rally\':24,\'brace\':7}','{\'fireburst\':5,\'ward\':3,\'mend\':2}','{\'pikeman\':6,\'archer\':2}',7,184,0,6,1,7,27,{"rally":27},'{\'fieldRepair\':3,\'fireburst\':3,\'mend\':2,\'flare\':1,\'ward\':1}','{\'leaguePike\':2,\'pavise\':1,\'coil\':4}',7,137
52,choke_gap1,league,baseline,draw,round-limit,30,1,3,0,5,26,{"rally":26},'{\'fireburst\':1,\'ward\':2,\'mend\':3,\'fieldRepair\':2}','{\'leaguePike\':2,\'coil\':3}',8,175,0,0,3,8,8,'{\'rally\':7,\'focusedShot\':1}','{\'ward\':3,\'fireburst\':2,\'mend\':9}','{\'pikeman\':5,\'archer\':2,\'cavalier\':1}',7,169
52,choke_gap1,baseline,league,draw,round-limit,30,2,1,3,8,29,'{\'rally\':21,\'brace\':8}','{\'fireburst\':4,\'mend\':1,\'ward\':5}','{\'pikeman\':6,\'archer\':1,\'cavalier\':1}',9,217,0,3,1,6,27,{"rally":27},'{\'fireburst\':2,\'fieldRepair\':1,\'mend\':1,\'flare\':3}','{\'leaguePike\':1,\'pavise\':2,\'coil\':3}',9,179
53,choke_gap1,league,baseline,draw,round-limit,30,0,6,4,7,27,{"rally":27},'{\'fireburst\':3,\'ward\':5,\'mend\':4,\'fieldRepair\':3,\'flare\':1}','{\'leaguePike\':3,\'coil\':2,\'relicWalker\':2}',6,102,1,4,6,15,26,'{\'rally\':17,\'charge\':3,\'secondWind\':2,\'brace\':3,\'focusedShot\':1}','{\'fireburst\':3,\'ward\':9,\'mend\':7}','{\'pikeman\':9,\'archer\':5,\'cavalier\':1}',5,97
53,choke_gap1,baseline,league,draw,round-limit,30,1,0,1,11,32,'{\'rally\':23,\'brace\':9}','{\'fireburst\':7,\'mend\':9,\'ward\':3}','{\'pikeman\':9,\'cavalier\':1,\'archer\':1}',8,181,0,1,0,4,34,{"rally":34},'{\'fireburst\':1,\'fieldRepair\':3,\'ward\':2,\'flare\':2}','{\'pavise\':2,\'leaguePike\':1,\'coil\':1}',9,152
54,choke_gap1,league,baseline,draw,round-limit,30,1,5,1,8,26,{"rally":26},'{\'ward\':2,\'fieldRepair\':2,\'fireburst\':1}','{\'leaguePike\':2,\'pavise\':1,\'coil\':4,\'relicWalker\':1}',9,199,0,1,4,8,20,'{\'rally\':16,\'focusedShot\':1,\'brace\':3}','{\'fireburst\':5,\'ward\':1,\'mend\':1}','{\'pikeman\':5,\'cavalier\':1,\'archer\':2}',7,172
54,choke_gap1,baseline,league,draw,round-limit,30,1,1,2,8,33,'{\'rally\':24,\'brace\':9}','{\'fireburst\':2,\'mend\':1}','{\'pikeman\':6,\'cavalier\':1,\'archer\':1}',9,218,0,2,1,5,21,{"rally":21},'{\'fieldRepair\':2,\'ward\':2,\'flare\':1,\'fireburst\':1,\'mend\':2}','{\'pavise\':3,\'coil\':2}',9,201
55,choke_gap1,league,baseline,draw,round-limit,30,1,4,2,6,22,{"rally":22},'{\'fireburst\':2,\'ward\':1,\'mend\':1,\'fieldRepair\':1}','{\'leaguePike\':3,\'coil\':3}',7,144,0,2,4,9,25,'{\'rally\':17,\'charge\':2,\'brace\':5,\'secondWind\':1}','{\'ward\':5,\'mend\':3}','{\'pikeman\':4,\'archer\':3,\'cavalier\':2}',9,186
55,choke_gap1,baseline,league,draw,round-limit,30,2,1,3,7,29,'{\'rally\':21,\'brace\':8}','{\'fireburst\':1,\'ward\':1,\'mend\':1}','{\'pikeman\':5,\'cavalier\':1,\'archer\':1}',7,160,0,3,1,4,17,{"rally":17},'{\'fireburst\':1,\'fieldRepair\':3,\'flare\':2}','{\'leaguePike\':1,\'pavise\':1,\'coil\':2}',7,129
56,choke_gap1,league,baseline,draw,round-limit,30,1,4,5,6,33,{"rally":33},'{\'fireburst\':3,\'ward\':5,\'mend\':2,\'flare\':2}','{\'leaguePike\':2,\'pavise\':1,\'coil\':3}',7,151,0,5,4,15,33,'{\'rally\':22,\'charge\':2,\'focusedShot\':2,\'brace\':5,\'secondWind\':2}','{\'fireburst\':2,\'ward\':3,\'mend\':4}','{\'pikeman\':10,\'cavalier\':1,\'archer\':4}',8,185
56,choke_gap1,baseline,league,draw,round-limit,30,1,1,2,8,23,'{\'rally\':19,\'brace\':4}','{\'fireburst\':5,\'mend\':3,\'ward\':1}','{\'pikeman\':6,\'archer\':1,\'cavalier\':1}',9,224,0,2,1,4,29,{"rally":29},'{\'fireburst\':1,\'fieldRepair\':3,\'mend\':1,\'ward\':1,\'flare\':1}','{\'pavise\':2,\'leaguePike\':1,\'coil\':1}',8,167
57,choke_gap1,league,baseline,draw,round-limit,30,0,7,4,9,45,{"rally":45},'{\'fireburst\':3,\'ward\':2,\'mend\':1,\'fieldRepair\':3,\'flare\':1}','{\'leaguePike\':3,\'pavise\':2,\'coil\':3,\'relicWalker\':1}',8,195,0,4,6,18,31,'{\'rally\':22,\'charge\':1,\'brace\':3,\'focusedShot\':4,\'secondWind\':1}','{\'fireburst\':8,\'ward\':4}','{\'pikeman\':14,\'archer\':2,\'cavalier\':2}',6,147
57,choke_gap1,baseline,league,draw,round-limit,30,2,1,3,10,35,'{\'rally\':27,\'brace\':6,\'focusedShot\':2}','{\'fireburst\':2,\'ward\':3,\'mend\':2}','{\'pikeman\':8,\'cavalier\':1,\'archer\':1}',8,178,0,3,1,5,22,{"rally":22},'{\'fieldRepair\':2,\'fireburst\':1,\'ward\':3,\'flare\':2,\'mend\':1}','{\'leaguePike\':3,\'coil\':2}',8,179
58,choke_gap1,league,baseline,draw,round-limit,30,0,1,1,4,24,{"rally":24},'{\'fireburst\':1,\'ward\':2,\'mend\':3,\'fieldRepair\':1}','{\'leaguePike\':1,\'pavise\':1,\'coil\':2}',8,156,0,1,1,9,22,'{\'rally\':15,\'charge\':1,\'secondWind\':2,\'brace\':4}','{\'ward\':3,\'fireburst\':2,\'mend\':1}','{\'pikeman\':7,\'archer\':2}',8,188
58,choke_gap1,baseline,league,draw,round-limit,30,2,1,3,8,16,'{\'rally\':14,\'brace\':2}','{\'fireburst\':6,\'ward\':2,\'mend\':4}','{\'pikeman\':6,\'archer\':1,\'cavalier\':1}',9,224,0,3,1,4,36,{"rally":36},'{\'fieldRepair\':3,\'mend\':1,\'ward\':1,\'flare\':1}','{\'pavise\':1,\'leaguePike\':2,\'coil\':1}',7,140
59,choke_gap1,league,baseline,draw,round-limit,30,0,4,3,8,38,{"rally":38},'{\'fireburst\':1,\'ward\':1,\'mend\':1,\'fieldRepair\':3,\'flare\':1}','{\'leaguePike\':2,\'pavise\':3,\'coil\':3}',9,159,0,3,4,11,31,'{\'rally\':16,\'charge\':3,\'brace\':6,\'secondWind\':1,\'focusedShot\':5}','{\'fireburst\':2,\'ward\':2,\'mend\':5}','{\'pikeman\':7,\'archer\':3,\'cavalier\':1}',8,157
59,choke_gap1,baseline,league,draw,round-limit,30,1,0,3,7,31,'{\'rally\':22,\'brace\':9}','{\'fireburst\':1,\'ward\':4,\'mend\':2}','{\'pikeman\':5,\'cavalier\':1,\'archer\':1}',8,194,0,3,0,4,17,{"rally":17},'{\'fieldRepair\':3,\'ward\':3,\'flare\':2,\'mend\':1}','{\'leaguePike\':1,\'pavise\':1,\'coil\':2}',7,149
60,choke_gap1,league,baseline,draw,round-limit,30,0,2,1,5,22,{"rally":22},'{\'fireburst\':1,\'mend\':2,\'flare\':2}','{\'leaguePike\':2,\'pavise\':1,\'coil\':2}',8,152,0,1,2,9,20,'{\'rally\':15,\'brace\':5}','{\'ward\':1,\'fireburst\':1,\'mend\':4}','{\'pikeman\':6,\'cavalier\':1,\'archer\':2}',8,191
60,choke_gap1,baseline,league,draw,round-limit,30,1,1,5,8,23,'{\'rally\':17,\'brace\':6}','{\'ward\':5,\'fireburst\':3,\'mend\':1}','{\'pikeman\':6,\'archer\':2}',7,183,0,6,1,7,28,{"rally":28},'{\'fieldRepair\':3,\'ward\':1}','{\'leaguePike\':2,\'pavise\':1,\'coil\':4}',8,164
61,choke_gap1,league,baseline,draw,round-limit,30,0,5,1,6,23,{"rally":23},'{\'fireburst\':2,\'ward\':1,\'fieldRepair\':2,\'flare\':2}','{\'leaguePike\':2,\'coil\':3,\'pavise\':1}',6,114,0,1,5,8,20,'{\'rally\':12,\'brace\':4,\'focusedShot\':4}','{\'ward\':3,\'fireburst\':1,\'mend\':3}','{\'pikeman\':5,\'archer\':3}',8,168
61,choke_gap1,baseline,league,draw,round-limit,30,2,2,3,8,25,'{\'rally\':20,\'brace\':5}','{\'ward\':4,\'fireburst\':1,\'mend\':2}','{\'pikeman\':6,\'archer\':1,\'cavalier\':1}',8,190,0,3,2,5,21,{"rally":21},'{\'fireburst\':1,\'ward\':3,\'flare\':3,\'fieldRepair\':1,\'mend\':1}','{\'leaguePike\':2,\'pavise\':1,\'coil\':2}',8,156
62,choke_gap1,league,baseline,draw,round-limit,30,0,0,0,4,19,{"rally":19},'{\'fireburst\':1,\'ward\':1}','{\'leaguePike\':1,\'pavise\':1,\'coil\':2}',9,204,0,0,0,7,28,'{\'rally\':22,\'brace\':6}','{\'ward\':3,\'mend\':1}',{"pikeman":7},8,182
62,choke_gap1,baseline,league,draw,round-limit,30,2,1,2,8,17,'{\'rally\':11,\'brace\':1,\'charge\':4,\'secondWind\':1}',{"ward":3},'{\'pikeman\':4,\'archer\':3,\'cavalier\':1}',7,166,0,2,1,5,13,{"rally":13},'{\'fireburst\':2,\'mend\':2,\'fieldRepair\':4}','{\'leaguePike\':2,\'pavise\':1,\'coil\':2}',9,206
63,choke_gap1,league,baseline,draw,round-limit,30,0,0,0,5,27,{"rally":27},'{\'fireburst\':2,\'mend\':1}','{\'leaguePike\':2,\'pavise\':1,\'coil\':2}',10,200,0,0,0,7,32,'{\'rally\':18,\'focusedShot\':1,\'brace\':13}','{\'fireburst\':2,\'mend\':2,\'ward\':2}','{\'cavalier\':1,\'pikeman\':3,\'archer\':3}',8,180
63,choke_gap1,baseline,league,draw,round-limit,30,1,4,8,11,40,'{\'rally\':27,\'brace\':11,\'focusedShot\':2}','{\'ward\':2,\'fireburst\':1,\'mend\':1}','{\'pikeman\':7,\'archer\':4}',7,174,0,8,4,11,27,{"rally":27},'{\'ward\':1,\'mend\':3,\'fieldRepair\':2,\'fireburst\':1,\'flare\':1}','{\'leaguePike\':4,\'pavise\':1,\'coil\':5,\'relicWalker\':1}',9,212
64,choke_gap1,league,baseline,draw,round-limit,30,1,2,0,5,26,{"rally":26},'{\'fireburst\':2,\'fieldRepair\':4,\'ward\':1,\'flare\':3}','{\'leaguePike\':3,\'coil\':2}',8,167,0,0,2,8,28,'{\'rally\':20,\'brace\':8}','{\'ward\':5,\'mend\':4,\'fireburst\':2}','{\'pikeman\':6,\'archer\':2}',7,163
64,choke_gap1,baseline,league,draw,round-limit,30,1,4,4,10,31,'{\'rally\':21,\'brace\':6,\'focusedShot\':4}','{\'ward\':4,\'mend\':2}','{\'pikeman\':7,\'archer\':2,\'cavalier\':1}',8,182,0,4,4,7,21,{"rally":21},'{\'fireburst\':2,\'mend\':1,\'fieldRepair\':3,\'flare\':1}','{\'leaguePike\':3,\'coil\':4}',9,180
65,choke_gap1,league,baseline,draw,round-limit,30,1,3,2,5,24,{"rally":24},'{\'fireburst\':2,\'ward\':1,\'flare\':3,\'mend\':1}','{\'leaguePike\':3,\'coil\':2}',7,137,0,2,3,9,28,'{\'rally\':19,\'brace\':8,\'charge\':1}','{\'fireburst\':2,\'ward\':5,\'mend\':4}','{\'pikeman\':7,\'archer\':2}',7,161
65,choke_gap1,baseline,league,draw,round-limit,30,2,4,5,10,36,'{\'rally\':20,\'focusedShot\':5,\'brace\':6,\'charge\':4,\'secondWind\':1}','{\'ward\':2,\'fireburst\':1,\'mend\':4}','{\'pikeman\':6,\'archer\':2,\'cavalier\':2}',8,178,0,5,4,6,25,{"rally":25},'{\'fireburst\':1,\'ward\':1,\'fieldRepair\':1,\'flare\':2}','{\'pavise\':2,\'coil\':4}',7,145
66,choke_gap1,league,baseline,draw,round-limit,30,1,2,0,5,30,{"rally":30},'{\'mend\':2,\'fieldRepair\':1}','{\'leaguePike\':3,\'coil\':2}',8,169,0,0,2,7,24,'{\'rally\':21,\'brace\':3}','{\'fireburst\':3,\'ward\':2}',{"pikeman":7},8,189
66,choke_gap1,baseline,league,draw,round-limit,30,2,3,3,11,24,'{\'rally\':16,\'brace\':5,\'charge\':1,\'focusedShot\':2}','{\'ward\':4,\'mend\':1,\'fireburst\':1}','{\'archer\':4,\'pikeman\':6,\'cavalier\':1}',9,213,0,3,3,4,22,{"rally":22},'{\'fireburst\':2,\'flare\':1,\'fieldRepair\':2}','{\'leaguePike\':2,\'coil\':2}',7,142
67,choke_gap1,league,baseline,draw,round-limit,30,1,4,2,7,22,{"rally":22},'{\'mend\':2,\'fireburst\':1,\'flare\':3}','{\'leaguePike\':2,\'pavise\':1,\'coil\':4}',8,176,0,2,4,9,13,'{\'rally\':10,\'secondWind\':3}','{\'mend\':2,\'ward\':1,\'fireburst\':1}','{\'pikeman\':7,\'archer\':2}',8,183
67,choke_gap1,baseline,league,draw,round-limit,30,2,5,5,14,33,'{\'rally\':20,\'focusedShot\':5,\'brace\':5,\'charge\':3}','{\'ward\':3,\'fireburst\':4,\'mend\':3}','{\'archer\':6,\'pikeman\':7,\'cavalier\':1}',6,160,0,6,5,8,40,{"rally":40},'{\'fireburst\':1,\'fieldRepair\':3}','{\'leaguePike\':4,\'coil\':2,\'relicWalker\':1,\'pavise\':1}',8,176
68,choke_gap1,league,baseline,draw,round-limit,30,0,2,3,5,27,{"rally":27},'{\'fireburst\':2,\'flare\':2,\'mend\':1,\'fieldRepair\':1}','{\'leaguePike\':2,\'pavise\':1,\'relicWalker\':2}',9,196,0,3,2,10,14,'{\'rally\':12,\'charge\':1,\'secondWind\':1}','{\'ward\':5,\'fireburst\':1,\'mend\':1}','{\'pikeman\':7,\'archer\':3}',8,189
68,choke_gap1,baseline,league,draw,round-limit,30,2,1,5,7,36,'{\'rally\':23,\'brace\':10,\'charge\':1,\'focusedShot\':2}','{\'fireburst\':3,\'ward\':1,\'mend\':2}','{\'pikeman\':6,\'archer\':1}',8,165,0,5,1,7,33,{"rally":33},'{\'fireburst\':2,\'ward\':3,\'fieldRepair\':3,\'mend\':2}','{\'leaguePike\':2,\'pavise\':1,\'coil\':4}',8,163
69,choke_gap1,league,baseline,draw,round-limit,30,0,0,1,4,24,{"rally":24},'{\'fireburst\':1,\'ward\':4,\'fieldRepair\':1,\'mend\':1}','{\'leaguePike\':1,\'pavise\':1,\'coil\':2}',9,186,0,1,0,8,24,'{\'rally\':16,\'brace\':8}','{\'fireburst\':2,\'ward\':3,\'mend\':2}','{\'pikeman\':5,\'archer\':2,\'cavalier\':1}',7,166
69,choke_gap1,baseline,league,draw,round-limit,30,2,1,6,7,29,'{\'rally\':20,\'brace\':2,\'charge\':3,\'secondWind\':1,\'focusedShot\':3}',{"fireburst":3},'{\'pikeman\':6,\'archer\':1}',8,180,0,6,1,8,22,{"rally":22},'{\'fireburst\':3,\'fieldRepair\':2,\'mend\':3,\'flare\':3}','{\'leaguePike\':2,\'pavise\':1,\'coil\':5}',8,167
70,choke_gap1,league,baseline,draw,round-limit,30,1,2,1,5,24,{"rally":24},'{\'ward\':1,\'flare\':2,\'mend\':1,\'fieldRepair\':2}','{\'leaguePike\':2,\'pavise\':1,\'coil\':2}',8,170,0,1,2,9,11,{"rally":11},'{\'fireburst\':3,\'ward\':6,\'mend\':3}','{\'pikeman\':7,\'archer\':2}',8,204
70,choke_gap1,baseline,league,draw,round-limit,30,1,2,3,10,34,'{\'rally\':25,\'brace\':9}','{\'ward\':2,\'mend\':4,\'fireburst\':2}','{\'archer\':2,\'pikeman\':6,\'cavalier\':2}',7,154,0,3,1,5,29,{"rally":29},'{\'fireburst\':2,\'ward\':1,\'flare\':2,\'fieldRepair\':3}','{\'pavise\':2,\'leaguePike\':1,\'coil\':2}',8,168
71,choke_gap1,league,baseline,draw,round-limit,30,1,5,5,6,29,{"rally":29},'{\'fieldRepair\':4,\'ward\':3,\'mend\':1,\'flare\':2}','{\'leaguePike\':3,\'coil\':3}',7,135,0,5,5,12,31,'{\'rally\':14,\'charge\':3,\'focusedShot\':10,\'brace\':2,\'secondWind\':2}','{\'fireburst\':2,\'ward\':6,\'mend\':4}','{\'pikeman\':7,\'cavalier\':1,\'archer\':4}',7,175
71,choke_gap1,baseline,league,draw,round-limit,30,2,1,4,8,28,'{\'rally\':21,\'brace\':7}','{\'fireburst\':8,\'ward\':4,\'mend\':1}','{\'pikeman\':6,\'archer\':1,\'cavalier\':1}',9,219,0,6,1,7,31,{"rally":31},'{\'fireburst\':1,\'fieldRepair\':2,\'mend\':2,\'ward\':3,\'flare\':1}','{\'leaguePike\':1,\'pavise\':1,\'coil\':5}',7,139
72,choke_gap1,league,baseline,draw,round-limit,30,1,2,2,5,35,{"rally":35},'{\'fieldRepair\':3,\'ward\':3}','{\'leaguePike\':3,\'coil\':2}',8,170,0,2,2,9,18,'{\'rally\':11,\'focusedShot\':5,\'brace\':2}','{\'fireburst\':5,\'ward\':4,\'mend\':4}','{\'pikeman\':7,\'archer\':1,\'cavalier\':1}',9,222
72,choke_gap1,baseline,league,draw,round-limit,30,2,1,2,8,21,'{\'rally\':15,\'brace\':5,\'focusedShot\':1}','{\'ward\':2,\'fireburst\':1,\'mend\':1}','{\'pikeman\':5,\'archer\':2,\'cavalier\':1}',8,194,0,2,1,3,13,{"rally":13},'{\'fireburst\':1,\'ward\':4,\'fieldRepair\':3,\'mend\':5}','{\'pavise\':1,\'coil\':2}',7,156
73,choke_gap1,league,baseline,draw,round-limit,30,1,5,2,7,35,{"rally":35},'{\'mend\':1,\'fieldRepair\':3,\'ward\':2}','{\'leaguePike\':3,\'coil\':4}',8,166,0,2,5,9,36,'{\'rally\':21,\'focusedShot\':7,\'brace\':8}','{\'fireburst\':4,\'ward\':2}','{\'pikeman\':7,\'archer\':2}',7,189
73,choke_gap1,baseline,league,draw,round-limit,30,1,1,5,8,46,'{\'rally\':36,\'brace\':9,\'charge\':1}','{\'fireburst\':2,\'mend\':1,\'ward\':1}','{\'pikeman\':6,\'archer\':2}',7,146,0,5,0,7,33,{"rally":33},'{\'fireburst\':6,\'ward\':3,\'mend\':4,\'fieldRepair\':2,\'flare\':1}','{\'leaguePike\':4,\'coil\':2,\'pavise\':1}',8,155
74,choke_gap1,league,baseline,draw,round-limit,30,1,3,2,5,24,{"rally":24},'{\'fieldRepair\':1,\'mend\':2,\'ward\':1}','{\'leaguePike\':3,\'coil\':2}',7,151,0,2,3,9,18,'{\'rally\':17,\'charge\':1}','{\'fireburst\':2,\'ward\':2}','{\'pikeman\':7,\'cavalier\':2}',9,201
74,choke_gap1,baseline,league,draw,round-limit,30,1,0,3,7,39,'{\'rally\':32,\'brace\':7}','{\'fireburst\':2,\'ward\':1,\'mend\':3}','{\'pikeman\':6,\'archer\':1}',8,171,0,3,0,5,28,{"rally":28},'{\'fireburst\':1,\'fieldRepair\':3,\'ward\':2,\'mend\':1}','{\'leaguePike\':2,\'pavise\':1,\'coil\':2}',8,133
75,choke_gap1,league,baseline,draw,round-limit,30,1,5,2,6,36,{"rally":36},{"mend":3},'{\'leaguePike\':3,\'coil\':3}',7,153,0,2,5,9,31,'{\'rally\':17,\'brace\':5,\'charge\':1,\'secondWind\':2,\'focusedShot\':6}','{\'fireburst\':6,\'ward\':4,\'mend\':1}','{\'pikeman\':7,\'archer\':2}',7,178
75,choke_gap1,baseline,league,draw,round-limit,30,1,1,6,9,44,'{\'rally\':28,\'brace\':13,\'focusedShot\':3}','{\'fireburst\':1,\'ward\':2,\'mend\':2}','{\'pikeman\':6,\'archer\':3}',8,188,0,6,1,6,25,{"rally":25},'{\'fieldRepair\':3,\'ward\':4,\'fireburst\':1,\'flare\':2,\'mend\':1}','{\'leaguePike\':1,\'pavise\':2,\'coil\':3}',7,136
76,choke_gap1,league,baseline,draw,round-limit,30,1,2,1,6,27,{"rally":27},'{\'mend\':4,\'ward\':1,\'fireburst\':2,\'fieldRepair\':1,\'flare\':1}','{\'leaguePike\':2,\'pavise\':2,\'coil\':2}',9,191,0,1,2,8,21,'{\'rally\':16,\'focusedShot\':2,\'brace\':3}','{\'fireburst\':3,\'mend\':2,\'ward\':1}','{\'pikeman\':5,\'cavalier\':1,\'archer\':2}',7,175
76,choke_gap1,baseline,league,draw,round-limit,30,2,2,7,8,43,'{\'rally\':28,\'focusedShot\':3,\'brace\':12}','{\'ward\':5,\'fireburst\':4}','{\'archer\':1,\'pikeman\':6,\'cavalier\':1}',8,161,0,7,2,8,35,{"rally":35},'{\'fireburst\':3,\'ward\':1,\'fieldRepair\':1,\'flare\':1,\'mend\':1}','{\'leaguePike\':2,\'pavise\':1,\'coil\':5}',7,140
77,choke_gap1,league,baseline,draw,round-limit,30,1,2,1,7,30,{"rally":30},'{\'fireburst\':2,\'fieldRepair\':1,\'flare\':2,\'ward\':2}','{\'leaguePike\':3,\'coil\':3,\'pavise\':1}',10,206,0,1,2,9,15,'{\'rally\':14,\'brace\':1}','{\'ward\':4,\'fireburst\':3,\'mend\':4}','{\'archer\':2,\'pikeman\':7}',8,180
77,choke_gap1,baseline,league,draw,round-limit,30,1,1,3,10,31,'{\'rally\':19,\'focusedShot\':4,\'charge\':1,\'brace\':7}','{\'mend\':1,\'fireburst\':1}','{\'pikeman\':6,\'archer\':4}',8,187,0,3,1,6,24,{"rally":24},'{\'fireburst\':2,\'flare\':3,\'mend\':4,\'fieldRepair\':1,\'ward\':1}','{\'leaguePike\':2,\'pavise\':1,\'coil\':2,\'relicWalker\':1}',9,188
78,choke_gap1,league,baseline,draw,round-limit,30,0,3,1,5,31,{"rally":31},'{\'fireburst\':2,\'ward\':2,\'fieldRepair\':1,\'flare\':1}','{\'leaguePike\':3,\'coil\':2}',7,149,0,1,3,8,18,'{\'rally\':16,\'brace\':1,\'secondWind\':1}','{\'fireburst\':4,\'ward\':2,\'mend\':2}','{\'pikeman\':7,\'cavalier\':1}',9,207
78,choke_gap1,baseline,league,draw,round-limit,30,1,1,5,8,33,'{\'rally\':20,\'brace\':7,\'focusedShot\':5,\'charge\':1}','{\'fireburst\':2,\'ward\':2,\'mend\':1}','{\'pikeman\':6,\'archer\':2}',7,147,0,5,1,6,20,{"rally":20},'{\'fireburst\':1,\'ward\':5,\'fieldRepair\':2,\'mend\':1,\'flare\':1}','{\'leaguePike\':2,\'coil\':4}',7,156
79,choke_gap1,league,baseline,draw,round-limit,30,1,2,2,5,29,{"rally":29},{"ward":1},'{\'leaguePike\':3,\'coil\':2}',8,129,0,2,2,8,24,'{\'rally\':14,\'brace\':8,\'secondWind\':2}','{\'ward\':4,\'mend\':4,\'fireburst\':1}','{\'cavalier\':1,\'pikeman\':4,\'archer\':3}',8,165
79,choke_gap1,baseline,league,draw,round-limit,30,2,1,8,9,44,'{\'rally\':34,\'brace\':10}','{\'ward\':1,\'mend\':1,\'fireburst\':2}','{\'archer\':3,\'pikeman\':6}',8,190,0,8,1,8,30,{"rally":30},'{\'mend\':2,\'fieldRepair\':1,\'flare\':2}','{\'leaguePike\':1,\'pavise\':3,\'coil\':4}',7,123
80,choke_gap1,league,baseline,draw,round-limit,30,0,6,4,7,36,{"rally":36},'{\'fireburst\':2,\'fieldRepair\':2,\'ward\':3,\'mend\':1}','{\'leaguePike\':3,\'pavise\':1,\'coil\':3}',6,133,0,4,6,14,32,'{\'rally\':17,\'charge\':3,\'secondWind\':3,\'brace\':4,\'focusedShot\':5}','{\'fireburst\':4,\'mend\':2,\'ward\':4}','{\'pikeman\':10,\'archer\':3,\'cavalier\':1}',8,179
80,choke_gap1,baseline,league,draw,round-limit,30,0,0,3,7,29,'{\'rally\':22,\'brace\':7}','{\'fireburst\':2,\'mend\':1}','{\'pikeman\':6,\'archer\':1}',8,177,0,3,0,5,30,{"rally":30},'{\'ward\':1,\'fieldRepair\':1,\'mend\':2,\'flare\':1,\'fireburst\':1}','{\'leaguePike\':2,\'pavise\':1,\'coil\':2}',8,125
81,choke_gap1,league,baseline,draw,round-limit,30,1,7,4,7,41,{"rally":41},'{\'ward\':3,\'mend\':2,\'fireburst\':1}','{\'leaguePike\':1,\'pavise\':2,\'coil\':4}',7,145,0,4,7,17,25,'{\'rally\':20,\'charge\':1,\'secondWind\':1,\'focusedShot\':3}','{\'fireburst\':6,\'ward\':5,\'mend\':5}','{\'pikeman\':13,\'archer\':3,\'cavalier\':1}',8,201
81,choke_gap1,baseline,league,draw,round-limit,30,2,1,3,9,32,'{\'rally\':21,\'charge\':1,\'focusedShot\':1,\'brace\':9}','{\'fireburst\':2,\'mend\':1,\'ward\':1}','{\'archer\':3,\'pikeman\':6}',8,193,0,3,1,5,25,{"rally":25},'{\'ward\':2,\'fieldRepair\':5,\'flare\':1,\'mend\':2,\'fireburst\':1}','{\'leaguePike\':3,\'coil\':2}',8,169
82,choke_gap1,league,baseline,draw,round-limit,30,0,1,2,5,30,{"rally":30},'{\'fireburst\':2,\'ward\':1,\'fieldRepair\':1}','{\'leaguePike\':2,\'pavise\':1,\'coil\':2}',9,190,0,2,1,9,22,'{\'rally\':20,\'secondWind\':1,\'focusedShot\':1}','{\'fireburst\':2,\'ward\':2,\'mend\':2}','{\'pikeman\':7,\'archer\':2}',7,180
82,choke_gap1,baseline,league,draw,round-limit,30,1,2,0,9,29,'{\'rally\':20,\'brace\':9}','{\'fireburst\':4,\'mend\':3,\'ward\':3}','{\'pikeman\':8,\'archer\':1}',8,167,0,0,2,4,29,{"rally":29},'{\'fieldRepair\':2,\'ward\':3}','{\'leaguePike\':3,\'coil\':1}',9,177
83,choke_gap1,league,baseline,draw,round-limit,30,1,4,4,7,34,{"rally":34},'{\'mend\':1,\'fieldRepair\':2,\'ward\':1}','{\'leaguePike\':4,\'coil\':3}',9,154,0,4,4,14,24,'{\'rally\':15,\'focusedShot\':5,\'charge\':1,\'brace\':3}','{\'fireburst\':4,\'ward\':7,\'mend\':5}','{\'pikeman\':11,\'cavalier\':1,\'archer\':2}',8,187
83,choke_gap1,baseline,league,draw,round-limit,30,2,1,5,11,42,'{\'rally\':30,\'brace\':12}','{\'ward\':2,\'fireburst\':2,\'mend\':1}','{\'archer\':3,\'pikeman\':8}',7,143,0,5,1,7,28,{"rally":28},'{\'fireburst\':3,\'ward\':3,\'fieldRepair\':3,\'mend\':1}','{\'leaguePike\':2,\'pavise\':1,\'coil\':4}',8,174
84,choke_gap1,league,baseline,draw,round-limit,30,1,1,4,6,29,{"rally":29},'{\'fireburst\':1,\'mend\':4,\'flare\':3,\'ward\':1}','{\'leaguePike\':2,\'pavise\':1,\'coil\':3}',10,199,0,4,1,14,21,'{\'rally\':15,\'charge\':1,\'brace\':3,\'focusedShot\':2}','{\'fireburst\':3,\'ward\':2,\'mend\':7}','{\'pikeman\':10,\'cavalier\':1,\'archer\':3}',8,172
84,choke_gap1,baseline,league,draw,round-limit,30,1,1,2,9,38,'{\'rally\':25,\'brace\':13}','{\'ward\':3,\'fireburst\':3,\'mend\':3}','{\'pikeman\':6,\'archer\':3}',8,199,0,2,1,5,27,{"rally":27},'{\'fireburst\':4,\'ward\':5,\'fieldRepair\':2,\'flare\':3,\'mend\':1}','{\'leaguePike\':3,\'coil\':2}',9,181
85,choke_gap1,league,baseline,draw,round-limit,30,0,5,1,7,30,{"rally":30},'{\'fireburst\':5,\'ward\':1,\'mend\':1,\'fieldRepair\':1}','{\'leaguePike\':2,\'pavise\':1,\'coil\':4}',7,151,0,2,5,14,27,'{\'rally\':18,\'brace\':2,\'secondWind\':5,\'focusedShot\':2}','{\'fireburst\':5,\'mend\':3}','{\'pikeman\':10,\'archer\':3,\'cavalier\':1}',7,175
85,choke_gap1,baseline,league,draw,round-limit,30,1,2,2,8,28,'{\'rally\':20,\'focusedShot\':3,\'charge\':1,\'brace\':4}','{\'ward\':3,\'fireburst\':2,\'mend\':1}','{\'pikeman\':6,\'archer\':2}',8,192,0,2,1,5,25,{"rally":25},'{\'fireburst\':2,\'ward\':3,\'flare\':2,\'mend\':2,\'fieldRepair\':2}','{\'leaguePike\':2,\'pavise\':1,\'coil\':2}',9,165
86,choke_gap1,league,baseline,draw,round-limit,30,0,11,5,11,54,{"rally":54},'{\'flare\':1,\'mend\':1}','{\'leaguePike\':1,\'pavise\':5,\'coil\':5}',7,127,0,5,11,16,56,'{\'rally\':32,\'charge\':5,\'focusedShot\':8,\'brace\':6,\'secondWind\':5}','{\'fireburst\':4,\'ward\':2,\'mend\':1}','{\'pikeman\':13,\'archer\':2,\'cavalier\':1}',7,159
86,choke_gap1,baseline,league,draw,round-limit,30,1,1,4,9,39,'{\'rally\':27,\'brace\':12}','{\'fireburst\':2,\'ward\':1}','{\'archer\':3,\'pikeman\':6}',7,164,0,4,1,6,28,{"rally":28},'{\'fireburst\':1,\'fieldRepair\':2,\'mend\':1,\'ward\':1,\'flare\':1}','{\'leaguePike\':3,\'pavise\':1,\'coil\':2}',8,177
87,choke_gap1,league,baseline,draw,round-limit,30,0,1,2,5,34,{"rally":34},'{\'fireburst\':1,\'fieldRepair\':3,\'flare\':2}','{\'leaguePike\':2,\'pavise\':1,\'coil\':2}',9,182,0,2,1,9,18,'{\'rally\':14,\'charge\':1,\'secondWind\':1,\'brace\':2}','{\'fireburst\':3,\'ward\':2,\'mend\':3}','{\'pikeman\':4,\'archer\':3,\'cavalier\':2}',9,206
87,choke_gap1,baseline,league,draw,round-limit,30,1,0,2,8,18,'{\'rally\':13,\'focusedShot\':1,\'brace\':4}','{\'ward\':5,\'mend\':6,\'fireburst\':4}','{\'archer\':3,\'pikeman\':5}',7,166,0,2,0,5,30,{"rally":30},'{\'fireburst\':1,\'ward\':2,\'flare\':1,\'fieldRepair\':3,\'mend\':1}','{\'leaguePike\':3,\'coil\':2}',9,180
88,choke_gap1,league,baseline,draw,round-limit,30,0,1,2,5,30,{"rally":30},'{\'ward\':2,\'fireburst\':2,\'fieldRepair\':2}','{\'leaguePike\':1,\'pavise\':2,\'coil\':2}',9,199,0,2,1,9,21,'{\'rally\':17,\'charge\':1,\'brace\':3}','{\'ward\':6,\'fireburst\':2,\'mend\':4}','{\'pikeman\':7,\'cavalier\':1,\'archer\':1}',7,178
88,choke_gap1,baseline,league,draw,round-limit,30,1,2,1,14,35,'{\'rally\':25,\'focusedShot\':2,\'brace\':8}','{\'fireburst\':1,\'mend\':6,\'ward\':1}','{\'archer\':3,\'pikeman\':11}',7,167,0,1,2,5,22,{"rally":22},'{\'fireburst\':1,\'fieldRepair\':2,\'mend\':3}','{\'leaguePike\':2,\'pavise\':1,\'coil\':2}',9,192
89,choke_gap1,league,baseline,draw,round-limit,30,1,2,0,5,19,{"rally":19},'{\'fireburst\':5,\'mend\':1,\'fieldRepair\':1,\'flare\':3}','{\'leaguePike\':2,\'pavise\':1,\'coil\':2}',8,174,0,0,2,7,30,'{\'rally\':20,\'brace\':9,\'secondWind\':1}','{\'ward\':7,\'mend\':1}','{\'pikeman\':4,\'cavalier\':1,\'archer\':2}',8,156
89,choke_gap1,baseline,league,draw,round-limit,30,1,0,3,7,41,'{\'rally\':24,\'brace\':12,\'focusedShot\':5}','{\'ward\':4,\'mend\':2,\'fireburst\':2}','{\'archer\':1,\'pikeman\':6}',8,191,0,3,0,5,23,{"rally":23},'{\'fireburst\':1,\'flare\':2,\'mend\':2,\'fieldRepair\':2}','{\'leaguePike\':3,\'coil\':2}',8,157
90,choke_gap1,league,baseline,draw,round-limit,30,1,2,1,5,25,{"rally":25},'{\'ward\':1,\'fireburst\':1,\'mend\':2,\'fieldRepair\':2,\'flare\':2}','{\'leaguePike\':2,\'pavise\':1,\'coil\':2}',8,168,0,1,2,8,21,'{\'rally\':14,\'focusedShot\':3,\'brace\':4}','{\'fireburst\':3,\'ward\':5,\'mend\':1}','{\'pikeman\':7,\'archer\':1}',8,178
90,choke_gap1,baseline,league,draw,round-limit,30,1,2,1,10,31,'{\'rally\':21,\'brace\':10}','{\'ward\':5,\'mend\':2,\'fireburst\':1}','{\'pikeman\':7,\'archer\':3}',7,174,0,1,2,4,21,{"rally":21},'{\'ward\':2,\'fireburst\':1,\'flare\':2,\'mend\':1,\'fieldRepair\':2}','{\'leaguePike\':2,\'pavise\':1,\'coil\':1}',9,181
91,choke_gap1,league,baseline,draw,round-limit,30,0,4,2,6,37,{"rally":37},'{\'fireburst\':2,\'mend\':1,\'flare\':1,\'ward\':1}','{\'leaguePike\':2,\'pavise\':1,\'coil\':3}',8,166,0,2,2,10,24,'{\'rally\':18,\'charge\':1,\'secondWind\':1,\'brace\':4}','{\'fireburst\':6,\'ward\':3,\'mend\':1}','{\'pikeman\':7,\'archer\':2,\'cavalier\':1}',8,193
91,choke_gap1,baseline,league,draw,round-limit,30,1,3,6,9,31,'{\'rally\':19,\'brace\':8,\'focusedShot\':2,\'charge\':1,\'secondWind\':1}','{\'fireburst\':1,\'ward\':1,\'mend\':2}','{\'pikeman\':6,\'archer\':2,\'cavalier\':1}',8,171,0,6,3,7,16,{"rally":16},'{\'fireburst\':3,\'fieldRepair\':4,\'ward\':2,\'flare\':2,\'mend\':3}','{\'leaguePike\':2,\'pavise\':1,\'coil\':3,\'relicWalker\':1}',7,170
92,choke_gap1,league,baseline,draw,round-limit,30,0,4,0,8,36,{"rally":36},'{\'mend\':3,\'fieldRepair\':2,\'flare\':3,\'ward\':1}','{\'leaguePike\':2,\'pavise\':4,\'coil\':2}',10,223,0,0,3,8,18,'{\'rally\':14,\'focusedShot\':4}','{\'fireburst\':4,\'ward\':6}','{\'pikeman\':5,\'archer\':3}',7,152
92,choke_gap1,baseline,league,draw,round-limit,30,1,3,4,9,32,'{\'rally\':23,\'focusedShot\':2,\'brace\':7}','{\'ward\':6,\'mend\':4,\'fireburst\':1}','{\'archer\':1,\'pikeman\':7,\'cavalier\':1}',8,154,0,4,3,5,24,{"rally":24},'{\'fireburst\':1,\'fieldRepair\':1,\'flare\':3,\'ward\':2}','{\'leaguePike\':1,\'pavise\':2,\'coil\':2}',8,163
93,choke_gap1,league,baseline,draw,round-limit,30,1,4,0,7,23,{"rally":23},'{\'fieldRepair\':2,\'flare\':1}','{\'leaguePike\':2,\'pavise\':1,\'coil\':4}',9,193,0,0,4,8,26,'{\'rally\':15,\'brace\':7,\'focusedShot\':4}','{\'fireburst\':2,\'ward\':2,\'mend\':1}','{\'pikeman\':6,\'archer\':2}',7,160
93,choke_gap1,baseline,league,draw,round-limit,30,1,3,6,10,39,'{\'rally\':25,\'brace\':8,\'focusedShot\':6}','{\'ward\':2,\'mend\':3}','{\'archer\':4,\'pikeman\':5,\'cavalier\':1}',7,169,0,6,3,7,24,{"rally":24},'{\'fireburst\':2,\'ward\':3,\'fieldRepair\':1,\'flare\':2}','{\'leaguePike\':2,\'pavise\':1,\'coil\':4}',7,123
94,choke_gap1,league,baseline,draw,round-limit,30,0,1,1,5,28,{"rally":28},'{\'ward\':1,\'mend\':2}','{\'leaguePike\':2,\'pavise\':1,\'coil\':2}',9,192,0,1,1,8,22,'{\'rally\':13,\'focusedShot\':4,\'brace\':5}','{\'fireburst\':3,\'ward\':1}','{\'pikeman\':7,\'archer\':1}',8,173
94,choke_gap1,baseline,league,draw,round-limit,30,1,1,3,8,21,'{\'rally\':15,\'focusedShot\':3,\'brace\':3}','{\'fireburst\':3,\'ward\':2,\'mend\':4}','{\'archer\':1,\'pikeman\':6,\'cavalier\':1}',9,219,0,3,1,5,26,{"rally":26},'{\'fieldRepair\':2,\'ward\':1}','{\'leaguePike\':2,\'pavise\':1,\'coil\':2}',8,152
95,choke_gap1,league,baseline,red,keep-captured,27,1,7,3,9,36,{"rally":36},'{\'mend\':2,\'ward\':1,\'flare\':1,\'fieldRepair\':2}','{\'leaguePike\':1,\'pavise\':2,\'coil\':6}',7,136,0,3,7,10,57,'{\'rally\':28,\'charge\':7,\'focusedShot\':2,\'secondWind\':6,\'brace\':14}','{\'ward\':3,\'fireburst\':1}','{\'pikeman\':7,\'cavalier\':2,\'archer\':1}',9,180
95,choke_gap1,baseline,league,draw,round-limit,30,2,2,3,9,25,'{\'rally\':17,\'focusedShot\':3,\'brace\':5}','{\'ward\':8,\'fireburst\':2,\'mend\':1}','{\'archer\':2,\'pikeman\':7}',8,200,0,3,2,5,19,{"rally":19},'{\'fieldRepair\':1,\'flare\':1}','{\'leaguePike\':3,\'coil\':2}',8,173
96,choke_gap1,league,baseline,draw,round-limit,30,0,1,0,4,30,{"rally":30},'{\'ward\':2,\'fireburst\':1,\'fieldRepair\':3,\'mend\':1}','{\'leaguePike\':2,\'pavise\':1,\'relicWalker\':1}',8,191,0,0,1,8,24,'{\'rally\':17,\'brace\':7}','{\'ward\':3,\'fireburst\':4,\'mend\':1}','{\'pikeman\':6,\'archer\':2}',7,166
96,choke_gap1,baseline,league,draw,round-limit,30,1,1,2,13,28,'{\'rally\':23,\'brace\':5}','{\'ward\':11,\'fireburst\':2,\'mend\':5}','{\'pikeman\':12,\'archer\':1}',8,202,0,2,1,4,26,{"rally":26},'{\'fireburst\':1,\'mend\':4,\'fieldRepair\':1,\'flare\':1,\'ward\':1}','{\'leaguePike\':2,\'pavise\':1,\'coil\':1}',8,154
97,choke_gap1,league,baseline,draw,round-limit,30,0,7,3,7,27,{"rally":27},'{\'fireburst\':5,\'ward\':1,\'mend\':2,\'flare\':1}','{\'leaguePike\':2,\'pavise\':3,\'coil\':2}',7,146,0,3,7,10,31,'{\'rally\':17,\'brace\':5,\'focusedShot\':6,\'charge\':2,\'secondWind\':1}','{\'fireburst\':2,\'ward\':4,\'mend\':1}','{\'pikeman\':6,\'archer\':2,\'cavalier\':2}',8,179
97,choke_gap1,baseline,league,draw,round-limit,30,1,2,3,9,41,'{\'rally\':28,\'brace\':13}','{\'fireburst\':2,\'mend\':2,\'ward\':3}','{\'pikeman\':6,\'archer\':3}',7,179,0,3,2,5,25,{"rally":25},'{\'fireburst\':2,\'ward\':1,\'mend\':2,\'fieldRepair\':4}','{\'leaguePike\':1,\'pavise\':2,\'coil\':2}',9,185
98,choke_gap1,league,baseline,draw,round-limit,30,0,3,3,5,33,{"rally":33},'{\'fireburst\':2,\'fieldRepair\':2,\'flare\':3}','{\'leaguePike\':2,\'pavise\':1,\'coil\':2}',7,121,0,3,3,11,14,'{\'rally\':11,\'charge\':1,\'secondWind\':1,\'brace\':1}','{\'ward\':5,\'fireburst\':4,\'mend\':3}','{\'cavalier\':2,\'archer\':2,\'pikeman\':7}',8,192
98,choke_gap1,baseline,league,draw,round-limit,30,2,1,5,8,22,'{\'rally\':16,\'focusedShot\':1,\'brace\':5}','{\'ward\':3,\'fireburst\':1,\'mend\':1}','{\'archer\':4,\'pikeman\':4}',7,157,0,5,1,7,20,{"rally":20},'{\'fieldRepair\':2,\'flare\':3,\'fireburst\':2,\'mend\':1,\'ward\':1}','{\'leaguePike\':1,\'pavise\':2,\'coil\':4}',8,170
99,choke_gap1,league,baseline,draw,round-limit,30,1,3,1,5,25,{"rally":25},'{\'mend\':1,\'fieldRepair\':2,\'ward\':1,\'flare\':2,\'fireburst\':1}','{\'leaguePike\':2,\'pavise\':1,\'coil\':2}',8,175,0,1,3,9,11,'{\'rally\':9,\'charge\':1,\'secondWind\':1}','{\'fireburst\':2,\'ward\':3,\'mend\':3}','{\'pikeman\':7,\'archer\':2}',7,156
99,choke_gap1,baseline,league,draw,round-limit,30,0,2,7,8,34,'{\'rally\':24,\'brace\':7,\'focusedShot\':3}','{\'fireburst\':3,\'mend\':2}','{\'pikeman\':6,\'archer\':1,\'cavalier\':1}',8,182,0,7,2,6,26,{"rally":26},'{\'fieldRepair\':3,\'ward\':3,\'mend\':1,\'fireburst\':1}','{\'pavise\':1,\'leaguePike\':2,\'coil\':3}',6,139
100,choke_gap1,league,baseline,draw,round-limit,30,0,3,1,7,31,{"rally":31},'{\'fireburst\':2,\'mend\':2,\'fieldRepair\':1,\'ward\':1}','{\'leaguePike\':2,\'pavise\':1,\'coil\':4}',10,218,0,1,1,9,19,'{\'rally\':13,\'charge\':1,\'brace\':4,\'focusedShot\':1}','{\'ward\':2,\'mend\':5,\'fireburst\':3}','{\'cavalier\':1,\'pikeman\':6,\'archer\':2}',7,161
100,choke_gap1,baseline,league,draw,round-limit,30,1,2,4,9,34,'{\'rally\':18,\'brace\':8,\'focusedShot\':5,\'charge\':2,\'secondWind\':1}','{\'fireburst\':3,\'mend\':4,\'ward\':1}','{\'pikeman\':5,\'archer\':2,\'cavalier\':2}',7,170,0,4,2,6,32,{"rally":32},'{\'fireburst\':1,\'fieldRepair\':2,\'mend\':1,\'ward\':1,\'flare\':1}','{\'pavise\':3,\'leaguePike\':1,\'coil\':2}',8,143
