cell,aSide,seed,winner,reason,rounds,villageCaptures,aLost,bLost,aSpells,aAbilities,bAbilities,aRespawns,bRespawns
crown-vs-base,blue,1,draw,round-limit,30,2,5,9,6,192,64,1,3
crown-vs-base,blue,2,draw,round-limit,30,5,3,7,8,169,57,1,4
crown-vs-base,blue,3,draw,round-limit,30,2,6,9,7,143,49,1,3
crown-vs-base,blue,4,draw,round-limit,30,3,2,7,7,165,47,1,4
crown-vs-base,blue,5,draw,round-limit,30,3,6,12,12,186,71,2,2
crown-vs-base,blue,6,draw,round-limit,30,2,6,7,6,160,77,2,2
crown-vs-base,blue,7,draw,round-limit,30,1,4,4,11,162,78,1,2
crown-vs-base,blue,8,draw,round-limit,30,2,3,7,8,170,52,2,3
crown-vs-base,blue,9,draw,round-limit,30,2,7,5,11,153,82,2,3
crown-vs-base,blue,10,draw,round-limit,30,0,7,9,17,159,72,1,2
crown-vs-base,blue,11,draw,round-limit,30,1,5,4,10,141,59,2,2
crown-vs-base,blue,12,draw,round-limit,30,3,5,10,9,189,61,1,3
crown-vs-base,blue,13,draw,round-limit,30,2,6,7,11,172,60,2,3
crown-vs-base,blue,14,draw,round-limit,30,1,4,10,8,164,57,1,4
crown-vs-base,blue,15,draw,round-limit,30,2,6,6,5,191,71,1,3
crown-vs-base,blue,16,draw,round-limit,30,2,4,5,10,134,41,2,3
crown-vs-base,blue,17,draw,round-limit,30,2,2,5,4,193,76,1,2
crown-vs-base,blue,18,draw,round-limit,30,1,5,9,7,167,55,1,2
crown-vs-base,blue,19,draw,round-limit,30,2,7,5,5,189,53,2,1
crown-vs-base,blue,20,b,keep-captured,6,1,0,2,1,35,11,0,0
crown-vs-base,blue,21,draw,round-limit,30,2,3,9,8,193,75,1,2
crown-vs-base,blue,22,draw,round-limit,30,3,3,6,10,181,54,0,2
crown-vs-base,blue,23,draw,round-limit,30,1,7,7,6,168,60,1,3
crown-vs-base,blue,24,draw,round-limit,30,3,5,11,12,163,68,2,3
crown-vs-base,blue,25,draw,round-limit,30,2,7,8,5,173,62,1,2
crown-vs-base,blue,26,draw,round-limit,30,3,4,8,6,200,53,1,3
crown-vs-base,blue,27,draw,round-limit,30,1,2,7,13,190,62,0,2
crown-vs-base,blue,28,draw,round-limit,30,2,5,11,6,198,63,2,4
crown-vs-base,blue,29,draw,round-limit,30,1,5,10,8,196,65,1,3
crown-vs-base,blue,30,draw,round-limit,30,2,5,9,9,177,65,2,2
crown-vs-base,blue,31,draw,round-limit,30,2,4,7,10,188,64,1,3
crown-vs-base,blue,32,draw,round-limit,30,1,5,8,11,154,71,2,2
crown-vs-base,blue,33,draw,round-limit,30,1,10,10,11,130,75,2,2
crown-vs-base,blue,34,draw,round-limit,30,1,2,3,4,189,61,0,1
crown-vs-base,blue,35,draw,round-limit,30,2,6,10,5,172,89,1,3
crown-vs-base,blue,36,draw,round-limit,30,4,8,9,14,163,75,2,2
crown-vs-base,blue,37,draw,round-limit,30,1,3,9,8,194,82,1,2
crown-vs-base,blue,38,draw,round-limit,30,3,9,8,9,178,69,2,4
crown-vs-base,blue,39,draw,round-limit,30,1,5,6,2,170,58,2,3
crown-vs-base,blue,40,draw,round-limit,30,1,7,7,12,147,64,1,3
crown-vs-base,blue,41,draw,round-limit,30,1,7,3,6,161,60,2,1
crown-vs-base,blue,42,draw,round-limit,30,1,5,10,13,195,63,2,2
crown-vs-base,blue,43,draw,round-limit,30,2,6,7,11,197,73,1,3
crown-vs-base,blue,44,draw,round-limit,30,2,6,12,8,177,75,1,3
crown-vs-base,blue,45,draw,round-limit,30,3,2,7,13,157,59,0,3
crown-vs-base,blue,46,draw,round-limit,30,2,6,9,5,221,76,2,5
crown-vs-base,blue,47,draw,round-limit,30,2,5,6,16,169,58,2,2
crown-vs-base,blue,48,draw,round-limit,30,2,7,12,12,162,78,1,3
crown-vs-base,blue,49,draw,round-limit,30,1,6,10,8,151,54,2,3
crown-vs-base,blue,50,draw,round-limit,30,2,2,10,12,178,44,0,3
crown-vs-base,blue,51,draw,round-limit,30,3,6,5,16,178,78,1,3
crown-vs-base,blue,52,draw,round-limit,30,2,8,9,19,170,67,2,2
crown-vs-base,blue,53,b,keep-captured,6,1,0,2,11,31,10,0,0
crown-vs-base,blue,54,draw,round-limit,30,4,6,9,16,144,67,1,3
crown-vs-base,blue,55,draw,round-limit,30,2,6,7,10,177,70,1,2
crown-vs-base,blue,56,draw,round-limit,30,1,4,8,12,166,63,2,3
crown-vs-base,blue,57,draw,round-limit,30,4,2,9,12,181,57,1,4
crown-vs-base,blue,58,draw,round-limit,30,4,4,8,9,204,82,2,3
crown-vs-base,blue,59,draw,round-limit,30,4,4,10,14,181,64,1,2
crown-vs-base,blue,60,draw,round-limit,30,3,7,9,15,164,70,2,2
crown-vs-base,blue,61,draw,round-limit,30,2,7,8,9,170,74,2,2
crown-vs-base,blue,62,draw,round-limit,30,2,7,9,8,166,65,1,3
crown-vs-base,blue,63,draw,round-limit,30,1,6,9,7,173,63,2,3
crown-vs-base,blue,64,draw,round-limit,30,1,5,9,10,186,67,2,2
crown-vs-base,blue,65,draw,round-limit,30,3,7,6,9,188,57,2,3
crown-vs-base,blue,66,draw,round-limit,30,2,3,7,5,182,63,0,2
crown-vs-base,blue,67,draw,round-limit,30,2,5,7,12,187,76,2,4
crown-vs-base,blue,68,draw,round-limit,30,3,5,8,18,177,72,3,3
crown-vs-base,blue,69,draw,round-limit,30,1,6,7,9,185,76,2,3
crown-vs-base,blue,70,draw,round-limit,30,1,4,8,6,176,55,1,2
crown-vs-base,blue,71,draw,round-limit,30,3,6,9,18,172,72,1,2
crown-vs-base,blue,72,draw,round-limit,30,2,4,12,8,195,62,1,4
crown-vs-base,blue,73,draw,round-limit,30,2,7,11,10,167,62,1,4
crown-vs-base,blue,74,draw,round-limit,30,2,3,11,4,176,65,1,3
crown-vs-base,blue,75,draw,round-limit,30,2,9,9,7,162,55,1,3
crown-vs-base,blue,76,b,keep-captured,28,2,4,9,20,142,62,1,2
crown-vs-base,blue,77,draw,round-limit,30,2,3,7,7,175,68,1,3
crown-vs-base,blue,78,draw,round-limit,30,1,4,7,11,191,68,2,2
crown-vs-base,blue,79,draw,round-limit,30,2,4,11,11,164,70,1,3
crown-vs-base,blue,80,draw,round-limit,30,1,5,4,14,181,82,1,3
crown-vs-base,blue,81,draw,round-limit,30,3,2,8,6,142,58,1,2
crown-vs-base,blue,82,draw,round-limit,30,3,6,7,9,163,82,2,3
crown-vs-base,blue,83,draw,round-limit,30,2,3,6,4,203,67,2,3
crown-vs-base,blue,84,draw,round-limit,30,0,7,6,12,165,44,2,2
crown-vs-base,blue,85,draw,round-limit,30,2,4,6,13,191,66,2,3
crown-vs-base,blue,86,draw,round-limit,30,1,4,6,3,199,82,1,3
crown-vs-base,blue,87,draw,round-limit,30,2,12,7,11,148,68,2,3
crown-vs-base,blue,88,draw,round-limit,30,3,3,8,12,171,59,1,2
crown-vs-base,blue,89,draw,round-limit,30,1,2,4,16,186,63,1,1
crown-vs-base,blue,90,draw,round-limit,30,2,4,4,7,201,62,1,2
crown-vs-base,blue,91,draw,round-limit,30,1,7,7,8,217,65,2,2
crown-vs-base,blue,92,draw,round-limit,30,3,5,10,8,183,57,3,3
crown-vs-base,blue,93,draw,round-limit,30,1,7,5,3,165,66,1,3
crown-vs-base,blue,94,draw,round-limit,30,0,7,13,11,171,68,2,3
crown-vs-base,blue,95,draw,round-limit,30,1,5,6,8,169,73,1,3
crown-vs-base,blue,96,draw,round-limit,30,2,5,7,15,160,79,0,3
crown-vs-base,blue,97,draw,round-limit,30,2,6,10,11,200,73,1,3
crown-vs-base,blue,98,draw,round-limit,30,2,5,5,5,180,56,1,2
crown-vs-base,blue,99,draw,round-limit,30,2,7,6,6,163,72,2,2
crown-vs-base,blue,100,draw,round-limit,30,1,6,6,6,165,55,1,2
crown-vs-base,blue,101,draw,round-limit,30,1,6,7,13,155,66,1,4
crown-vs-base,blue,102,draw,round-limit,30,4,4,6,11,194,78,1,2
crown-vs-base,blue,103,draw,round-limit,30,2,6,10,11,180,66,2,3
crown-vs-base,blue,104,draw,round-limit,30,2,8,7,3,146,57,2,2
crown-vs-base,blue,105,draw,round-limit,30,3,5,11,5,174,58,1,4
crown-vs-base,blue,106,draw,round-limit,30,4,6,9,10,171,67,2,3
crown-vs-base,blue,107,draw,round-limit,30,0,3,9,11,166,70,1,2
crown-vs-base,blue,108,draw,round-limit,30,2,4,8,3,220,70,1,3
crown-vs-base,blue,109,draw,round-limit,30,1,2,5,5,167,64,0,3
crown-vs-base,blue,110,draw,round-limit,30,1,4,7,4,134,66,3,3
crown-vs-base,blue,111,draw,round-limit,30,1,6,5,15,156,70,0,3
crown-vs-base,blue,112,draw,round-limit,30,1,10,10,16,139,61,1,3
crown-vs-base,blue,113,draw,round-limit,30,2,6,8,10,175,75,2,3
crown-vs-base,blue,114,draw,round-limit,30,1,8,13,13,181,77,1,3
crown-vs-base,blue,115,draw,round-limit,30,2,4,8,14,171,68,2,2
crown-vs-base,blue,116,draw,round-limit,30,3,5,7,11,194,64,1,3
crown-vs-base,blue,117,draw,round-limit,30,0,3,1,13,196,56,1,1
crown-vs-base,blue,118,draw,round-limit,30,3,5,10,15,181,71,1,4
crown-vs-base,blue,119,draw,round-limit,30,2,4,9,16,170,63,1,3
crown-vs-base,blue,120,draw,round-limit,30,2,7,6,7,164,71,2,3
crown-vs-base,blue,121,draw,round-limit,30,1,7,9,13,173,67,1,2
crown-vs-base,blue,122,draw,round-limit,30,2,9,8,11,157,65,2,2
crown-vs-base,blue,123,draw,round-limit,30,1,8,7,13,170,56,1,1
crown-vs-base,blue,124,draw,round-limit,30,2,4,7,12,178,75,1,3
crown-vs-base,blue,125,draw,round-limit,30,3,6,7,4,187,68,3,2
crown-vs-base,blue,126,draw,round-limit,30,3,2,8,5,205,68,0,2
crown-vs-base,blue,127,draw,round-limit,30,3,3,14,10,176,73,2,4
crown-vs-base,blue,128,draw,round-limit,30,1,7,8,8,194,53,2,2
crown-vs-base,blue,129,draw,round-limit,30,2,5,5,9,136,76,2,2
crown-vs-base,blue,130,draw,round-limit,30,2,6,8,9,209,70,1,3
crown-vs-base,blue,131,draw,round-limit,30,0,3,4,15,158,45,1,2
crown-vs-base,blue,132,draw,round-limit,30,0,4,4,8,162,55,2,2
crown-vs-base,blue,133,draw,round-limit,30,1,5,8,14,171,72,1,2
crown-vs-base,blue,134,draw,round-limit,30,1,6,7,8,205,65,2,2
crown-vs-base,blue,135,draw,round-limit,30,2,5,7,11,179,56,1,2
crown-vs-base,blue,136,draw,round-limit,30,1,3,6,10,166,67,1,2
crown-vs-base,blue,137,draw,round-limit,30,2,6,5,11,176,65,2,2
crown-vs-base,blue,138,draw,round-limit,30,0,8,10,6,160,51,2,2
crown-vs-base,blue,139,draw,round-limit,30,1,5,8,9,174,47,2,2
crown-vs-base,blue,140,b,keep-captured,4,0,1,2,3,20,6,0,0
crown-vs-base,blue,141,draw,round-limit,30,4,6,10,8,171,77,1,3
crown-vs-base,blue,142,b,keep-captured,24,2,5,5,5,134,53,1,3
crown-vs-base,blue,143,draw,round-limit,30,0,5,5,18,167,69,1,3
crown-vs-base,blue,144,draw,round-limit,30,2,2,7,5,218,87,0,3
crown-vs-base,blue,145,draw,round-limit,30,2,7,5,2,171,64,2,2
crown-vs-base,blue,146,draw,round-limit,30,2,6,9,4,168,67,2,2
crown-vs-base,blue,147,draw,round-limit,30,2,9,7,10,185,62,2,3
crown-vs-base,blue,148,draw,round-limit,30,1,4,6,8,188,69,0,1
crown-vs-base,blue,149,draw,round-limit,30,3,6,12,14,155,64,1,3
crown-vs-base,blue,150,draw,round-limit,30,0,9,5,15,143,73,2,2
crown-vs-base,blue,151,draw,round-limit,30,1,4,8,13,194,72,2,3
crown-vs-base,blue,152,draw,round-limit,30,1,5,8,10,176,57,2,4
crown-vs-base,blue,153,b,keep-captured,14,2,3,5,7,92,21,0,1
crown-vs-base,blue,154,draw,round-limit,30,2,8,10,8,152,80,3,2
crown-vs-base,blue,155,draw,round-limit,30,2,4,7,14,181,67,1,3
crown-vs-base,blue,156,draw,round-limit,30,1,8,7,10,151,64,3,3
crown-vs-base,blue,157,draw,round-limit,30,2,4,6,10,216,52,1,2
crown-vs-base,blue,158,draw,round-limit,30,3,5,5,8,205,60,1,3
crown-vs-base,blue,159,draw,round-limit,30,1,4,8,7,187,69,1,2
crown-vs-base,blue,160,draw,round-limit,30,3,8,11,13,174,73,2,2
crown-vs-base,blue,161,draw,round-limit,30,1,4,8,3,181,86,1,3
crown-vs-base,blue,162,draw,round-limit,30,2,10,8,7,146,58,2,3
crown-vs-base,blue,163,draw,round-limit,30,2,11,9,5,188,55,2,3
crown-vs-base,blue,164,draw,round-limit,30,2,3,8,6,184,83,1,2
crown-vs-base,blue,165,draw,round-limit,30,1,3,9,13,173,62,1,2
crown-vs-base,blue,166,draw,round-limit,30,2,8,8,9,168,71,1,3
crown-vs-base,blue,167,draw,round-limit,30,2,5,7,13,188,71,2,3
crown-vs-base,blue,168,draw,round-limit,30,2,3,8,4,195,57,1,3
crown-vs-base,blue,169,draw,round-limit,30,2,5,10,5,168,71,2,4
crown-vs-base,blue,170,draw,round-limit,30,2,4,12,10,180,75,1,3
crown-vs-base,blue,171,draw,round-limit,30,4,6,8,10,175,61,1,3
crown-vs-base,blue,172,draw,round-limit,30,1,5,9,9,174,58,1,2
crown-vs-base,blue,173,draw,round-limit,30,1,5,8,6,178,67,1,3
crown-vs-base,blue,174,draw,round-limit,30,2,3,7,18,157,73,0,2
crown-vs-base,blue,175,draw,round-limit,30,1,8,8,17,129,58,1,3
crown-vs-base,blue,176,draw,round-limit,30,2,8,6,14,175,77,2,3
crown-vs-base,blue,177,b,keep-captured,9,3,2,3,9,52,22,0,1
crown-vs-base,blue,178,draw,round-limit,30,1,5,6,6,148,71,1,3
crown-vs-base,blue,179,draw,round-limit,30,4,4,8,7,199,69,1,3
crown-vs-base,blue,180,draw,round-limit,30,1,6,9,8,173,66,1,3
crown-vs-base,blue,181,draw,round-limit,30,2,5,8,6,132,58,2,2
crown-vs-base,blue,182,draw,round-limit,30,2,6,7,7,177,60,2,2
crown-vs-base,blue,183,draw,round-limit,30,2,5,12,10,198,60,2,4
crown-vs-base,blue,184,draw,round-limit,30,2,10,7,18,156,78,2,3
crown-vs-base,blue,185,draw,round-limit,30,2,6,9,14,163,75,2,3
crown-vs-base,blue,186,draw,round-limit,30,2,3,9,11,149,61,1,3
crown-vs-base,blue,187,draw,round-limit,30,1,8,5,11,159,50,1,3
crown-vs-base,blue,188,draw,round-limit,30,2,7,8,8,151,65,2,2
crown-vs-base,blue,189,draw,round-limit,30,2,4,7,9,166,64,1,3
crown-vs-base,blue,190,draw,round-limit,30,2,5,7,14,193,64,1,3
crown-vs-base,blue,191,draw,round-limit,30,1,3,9,7,182,89,1,3
crown-vs-base,blue,192,draw,round-limit,30,2,5,7,8,162,62,2,3
crown-vs-base,blue,193,draw,round-limit,30,3,3,8,8,164,78,1,3
crown-vs-base,blue,194,draw,round-limit,30,1,6,8,10,163,73,1,3
crown-vs-base,blue,195,draw,round-limit,30,1,5,7,4,155,58,1,3
crown-vs-base,blue,196,draw,round-limit,30,3,8,8,15,163,83,1,2
crown-vs-base,blue,197,draw,round-limit,30,2,4,12,10,206,79,2,4
crown-vs-base,blue,198,draw,round-limit,30,1,4,8,15,135,51,2,2
crown-vs-base,blue,199,draw,round-limit,30,3,9,10,10,164,54,3,3
crown-vs-base,blue,200,draw,round-limit,30,3,7,7,16,188,68,1,4
crown-vs-base,red,1,draw,round-limit,30,3,8,8,14,131,83,2,1
crown-vs-base,red,2,draw,round-limit,30,2,4,7,17,173,93,1,2
crown-vs-base,red,3,draw,round-limit,30,7,9,8,11,159,74,2,2
crown-vs-base,red,4,draw,round-limit,30,3,8,5,8,178,83,3,2
crown-vs-base,red,5,draw,round-limit,30,2,7,5,10,166,85,1,3
crown-vs-base,red,6,draw,round-limit,30,2,9,7,10,173,94,2,1
crown-vs-base,red,7,draw,round-limit,30,3,10,7,11,174,78,2,2
crown-vs-base,red,8,draw,round-limit,30,2,9,7,12,140,72,2,2
crown-vs-base,red,9,draw,round-limit,30,3,5,8,11,172,80,2,2
crown-vs-base,red,10,draw,round-limit,30,2,12,6,8,150,78,3,2
crown-vs-base,red,11,draw,round-limit,30,2,7,7,13,144,57,3,3
crown-vs-base,red,12,draw,round-limit,30,2,6,6,9,189,72,2,1
crown-vs-base,red,13,draw,round-limit,30,2,7,4,8,193,72,2,2
crown-vs-base,red,14,draw,round-limit,30,1,7,5,5,180,67,3,2
crown-vs-base,red,15,draw,round-limit,30,4,5,7,11,196,84,3,2
crown-vs-base,red,16,draw,round-limit,30,2,6,5,9,157,66,3,2
crown-vs-base,red,17,draw,round-limit,30,3,5,13,10,152,64,2,2
crown-vs-base,red,18,draw,round-limit,30,1,5,5,5,170,61,1,2
crown-vs-base,red,19,draw,round-limit,30,2,5,8,2,165,65,2,2
crown-vs-base,red,20,draw,round-limit,30,3,6,7,9,138,73,2,3
crown-vs-base,red,21,draw,round-limit,30,1,6,2,16,148,68,2,1
crown-vs-base,red,22,draw,round-limit,30,4,10,8,13,140,74,3,2
crown-vs-base,red,23,draw,round-limit,30,2,2,2,5,168,48,0,1
crown-vs-base,red,24,draw,round-limit,30,2,6,7,10,166,65,2,3
crown-vs-base,red,25,draw,round-limit,30,1,5,8,8,174,60,2,2
crown-vs-base,red,26,draw,round-limit,30,3,8,6,17,157,58,2,1
crown-vs-base,red,27,draw,round-limit,30,3,8,3,11,172,68,3,2
crown-vs-base,red,28,draw,round-limit,30,2,5,8,8,188,83,1,1
crown-vs-base,red,29,draw,round-limit,30,2,7,11,6,177,56,3,2
crown-vs-base,red,30,draw,round-limit,30,3,6,7,14,187,56,2,4
crown-vs-base,red,31,draw,round-limit,30,2,9,4,2,131,75,1,2
crown-vs-base,red,32,draw,round-limit,30,2,7,10,7,149,62,3,3
crown-vs-base,red,33,draw,round-limit,30,4,4,7,3,174,77,1,1
crown-vs-base,red,34,draw,round-limit,30,7,6,8,5,129,75,4,2
crown-vs-base,red,35,draw,round-limit,30,5,5,5,7,167,54,2,3
crown-vs-base,red,36,draw,round-limit,30,2,5,3,11,154,91,2,1
crown-vs-base,red,37,draw,round-limit,30,2,6,5,8,176,88,2,2
crown-vs-base,red,38,draw,round-limit,30,2,7,7,10,151,64,3,4
crown-vs-base,red,39,draw,round-limit,30,2,7,2,6,175,78,2,0
crown-vs-base,red,40,draw,round-limit,30,2,6,6,11,166,74,3,1
crown-vs-base,red,41,draw,round-limit,30,1,6,7,8,161,75,3,3
crown-vs-base,red,42,draw,round-limit,30,2,5,6,7,155,46,2,2
crown-vs-base,red,43,draw,round-limit,30,2,5,10,9,193,65,2,3
crown-vs-base,red,44,draw,round-limit,30,4,5,7,6,197,67,2,2
crown-vs-base,red,45,draw,round-limit,30,2,9,9,7,169,64,3,1
crown-vs-base,red,46,draw,round-limit,30,2,4,7,7,192,79,2,2
crown-vs-base,red,47,draw,round-limit,30,3,10,3,13,148,80,2,1
crown-vs-base,red,48,draw,round-limit,30,2,8,5,11,147,81,3,1
crown-vs-base,red,49,draw,round-limit,30,3,4,4,6,120,62,1,2
crown-vs-base,red,50,draw,round-limit,30,2,6,8,8,190,72,2,1
crown-vs-base,red,51,draw,round-limit,30,1,6,5,8,203,68,2,2
crown-vs-base,red,52,draw,round-limit,30,2,8,9,4,148,87,3,2
crown-vs-base,red,53,draw,round-limit,30,3,6,11,18,172,66,1,2
crown-vs-base,red,54,draw,round-limit,30,2,8,9,10,176,55,2,0
crown-vs-base,red,55,draw,round-limit,30,2,9,9,12,166,84,3,2
crown-vs-base,red,56,draw,round-limit,30,2,5,5,5,171,77,2,2
crown-vs-base,red,57,draw,round-limit,30,3,6,6,15,140,65,2,2
crown-vs-base,red,58,draw,round-limit,30,5,5,7,5,165,61,3,2
crown-vs-base,red,59,draw,round-limit,30,3,7,10,9,177,73,2,2
crown-vs-base,red,60,draw,round-limit,30,1,8,8,6,166,71,2,3
crown-vs-base,red,61,draw,round-limit,30,3,8,13,8,194,73,3,2
crown-vs-base,red,62,draw,round-limit,30,1,4,11,7,142,76,2,2
crown-vs-base,red,63,draw,round-limit,30,2,6,6,9,162,85,2,2
crown-vs-base,red,64,draw,round-limit,30,2,7,6,7,185,78,2,1
crown-vs-base,red,65,draw,round-limit,30,2,5,3,11,166,67,1,2
crown-vs-base,red,66,draw,round-limit,30,3,4,10,6,151,58,2,4
crown-vs-base,red,67,draw,round-limit,30,2,6,7,5,176,53,3,3
crown-vs-base,red,68,draw,round-limit,30,7,5,5,9,168,57,3,2
crown-vs-base,red,69,draw,round-limit,30,2,10,6,11,168,66,4,2
crown-vs-base,red,70,draw,round-limit,30,2,7,8,12,132,72,4,1
crown-vs-base,red,71,draw,round-limit,30,4,7,8,9,200,85,3,3
crown-vs-base,red,72,draw,round-limit,30,3,10,6,12,156,78,3,1
crown-vs-base,red,73,draw,round-limit,30,4,6,11,14,178,69,2,1
crown-vs-base,red,74,draw,round-limit,30,2,7,12,5,213,79,3,2
crown-vs-base,red,75,draw,round-limit,30,3,5,9,9,172,94,2,1
crown-vs-base,red,76,draw,round-limit,30,2,4,5,6,177,58,2,2
crown-vs-base,red,77,draw,round-limit,30,3,7,9,12,189,69,3,3
crown-vs-base,red,78,draw,round-limit,30,2,7,4,16,164,52,4,3
crown-vs-base,red,79,draw,round-limit,30,2,5,6,4,156,79,2,2
crown-vs-base,red,80,draw,round-limit,30,1,4,5,8,162,52,2,2
crown-vs-base,red,81,draw,round-limit,30,3,6,17,15,131,69,1,2
crown-vs-base,red,82,draw,round-limit,30,2,3,8,3,189,77,0,3
crown-vs-base,red,83,draw,round-limit,30,2,4,9,9,148,58,1,5
crown-vs-base,red,84,draw,round-limit,30,5,8,7,19,171,77,1,2
crown-vs-base,red,85,draw,round-limit,30,3,8,9,15,153,74,3,2
crown-vs-base,red,86,draw,round-limit,30,2,5,12,6,166,66,3,1
crown-vs-base,red,87,draw,round-limit,30,2,7,8,8,168,74,2,3
crown-vs-base,red,88,draw,round-limit,30,2,3,5,13,170,57,0,3
crown-vs-base,red,89,draw,round-limit,30,2,4,5,10,170,71,3,1
crown-vs-base,red,90,draw,round-limit,30,3,8,6,16,167,79,2,3
crown-vs-base,red,91,draw,round-limit,30,2,7,9,14,167,100,3,1
crown-vs-base,red,92,draw,round-limit,30,6,5,6,7,179,75,1,2
crown-vs-base,red,93,draw,round-limit,30,4,8,10,14,164,64,2,3
crown-vs-base,red,94,draw,round-limit,30,3,3,6,3,159,72,2,2
crown-vs-base,red,95,draw,round-limit,30,2,5,5,1,161,51,2,1
crown-vs-base,red,96,draw,round-limit,30,3,6,3,12,185,72,1,0
crown-vs-base,red,97,draw,round-limit,30,7,6,9,6,181,70,1,1
crown-vs-base,red,98,draw,round-limit,30,2,6,10,12,172,75,3,2
crown-vs-base,red,99,draw,round-limit,30,2,6,7,8,198,59,3,3
crown-vs-base,red,100,draw,round-limit,30,2,7,11,16,171,78,2,3
crown-vs-base,red,101,draw,round-limit,30,3,9,7,4,159,66,4,1
crown-vs-base,red,102,draw,round-limit,30,1,4,6,9,151,69,2,1
crown-vs-base,red,103,draw,round-limit,30,2,10,5,7,167,77,3,0
crown-vs-base,red,104,draw,round-limit,30,2,3,11,16,155,82,1,1
crown-vs-base,red,105,draw,round-limit,30,2,5,7,9,153,67,2,2
crown-vs-base,red,106,draw,round-limit,30,2,3,5,7,177,91,1,2
crown-vs-base,red,107,draw,round-limit,30,3,8,7,3,148,77,3,3
crown-vs-base,red,108,draw,round-limit,30,2,5,8,3,167,68,2,2
crown-vs-base,red,109,draw,round-limit,30,2,4,13,5,190,66,2,3
crown-vs-base,red,110,draw,round-limit,30,2,5,6,5,155,65,1,2
crown-vs-base,red,111,draw,round-limit,30,1,6,7,6,195,60,3,1
crown-vs-base,red,112,draw,round-limit,30,2,7,10,13,153,62,2,3
crown-vs-base,red,113,draw,round-limit,30,3,7,9,8,150,55,2,1
crown-vs-base,red,114,draw,round-limit,30,2,4,7,7,159,61,2,3
crown-vs-base,red,115,draw,round-limit,30,3,7,12,15,179,70,2,3
crown-vs-base,red,116,draw,round-limit,30,1,10,11,17,151,69,2,0
crown-vs-base,red,117,draw,round-limit,30,1,3,12,5,201,45,1,1
crown-vs-base,red,118,draw,round-limit,30,4,3,10,6,167,61,1,2
crown-vs-base,red,119,draw,round-limit,30,1,6,5,5,190,62,3,2
crown-vs-base,red,120,draw,round-limit,30,3,8,11,2,191,72,3,2
crown-vs-base,red,121,draw,round-limit,30,1,5,7,6,174,79,2,1
crown-vs-base,red,122,draw,round-limit,30,2,4,7,6,186,65,2,2
crown-vs-base,red,123,draw,round-limit,30,3,6,7,12,167,73,2,3
crown-vs-base,red,124,draw,round-limit,30,1,4,3,8,162,66,1,2
crown-vs-base,red,125,draw,round-limit,30,2,6,10,12,164,66,2,3
crown-vs-base,red,126,draw,round-limit,30,3,5,7,6,153,73,2,2
crown-vs-base,red,127,draw,round-limit,30,2,6,7,3,154,81,3,2
crown-vs-base,red,128,draw,round-limit,30,3,11,6,11,157,76,2,2
crown-vs-base,red,129,draw,round-limit,30,3,8,7,17,164,88,3,3
crown-vs-base,red,130,draw,round-limit,30,3,6,7,7,168,67,2,2
crown-vs-base,red,131,draw,round-limit,30,3,7,3,17,141,63,2,1
crown-vs-base,red,132,draw,round-limit,30,5,5,13,16,184,100,2,2
crown-vs-base,red,133,draw,round-limit,30,2,7,5,5,158,70,2,3
crown-vs-base,red,134,draw,round-limit,30,2,6,10,16,162,74,3,2
crown-vs-base,red,135,draw,round-limit,30,2,5,3,12,166,91,3,2
crown-vs-base,red,136,draw,round-limit,30,2,6,6,13,162,57,2,2
crown-vs-base,red,137,draw,round-limit,30,1,7,7,13,157,61,3,3
crown-vs-base,red,138,draw,round-limit,30,2,8,7,9,177,76,2,3
crown-vs-base,red,139,draw,round-limit,30,2,9,6,12,180,85,4,1
crown-vs-base,red,140,draw,round-limit,30,2,6,10,9,164,73,2,2
crown-vs-base,red,141,draw,round-limit,30,3,5,10,14,188,82,2,3
crown-vs-base,red,142,draw,round-limit,30,3,4,4,14,138,86,2,2
crown-vs-base,red,143,draw,round-limit,30,3,7,7,11,158,92,3,1
crown-vs-base,red,144,draw,round-limit,30,2,5,7,9,196,64,2,2
crown-vs-base,red,145,draw,round-limit,30,2,3,9,13,187,78,2,2
crown-vs-base,red,146,draw,round-limit,30,2,7,3,8,189,83,3,1
crown-vs-base,red,147,draw,round-limit,30,4,6,6,15,182,66,2,3
crown-vs-base,red,148,draw,round-limit,30,2,4,5,11,185,57,2,2
crown-vs-base,red,149,draw,round-limit,30,2,8,10,7,177,60,3,2
crown-vs-base,red,150,draw,round-limit,30,2,6,7,21,172,72,2,3
crown-vs-base,red,151,draw,round-limit,30,2,6,8,13,135,75,2,3
crown-vs-base,red,152,draw,round-limit,30,2,6,9,11,161,65,2,3
crown-vs-base,red,153,draw,round-limit,30,2,7,10,11,153,63,2,2
crown-vs-base,red,154,draw,round-limit,30,3,6,3,8,152,70,1,2
crown-vs-base,red,155,draw,round-limit,30,2,5,7,6,193,55,2,2
crown-vs-base,red,156,draw,round-limit,30,2,9,4,15,164,83,3,2
crown-vs-base,red,157,draw,round-limit,30,3,4,4,9,148,75,2,3
crown-vs-base,red,158,draw,round-limit,30,3,7,8,23,169,70,2,3
crown-vs-base,red,159,draw,round-limit,30,3,5,8,10,184,83,1,3
crown-vs-base,red,160,draw,round-limit,30,2,6,7,14,182,79,3,2
crown-vs-base,red,161,draw,round-limit,30,3,8,10,7,164,82,3,2
crown-vs-base,red,162,draw,round-limit,30,2,5,8,8,155,76,2,3
crown-vs-base,red,163,draw,round-limit,30,3,6,11,12,148,84,3,1
crown-vs-base,red,164,draw,round-limit,30,2,6,8,10,150,68,1,2
crown-vs-base,red,165,draw,round-limit,30,3,3,9,5,197,66,1,2
crown-vs-base,red,166,draw,round-limit,30,3,3,5,7,146,56,2,1
crown-vs-base,red,167,draw,round-limit,30,1,7,6,9,172,65,1,2
crown-vs-base,red,168,draw,round-limit,30,2,8,8,6,138,39,1,2
crown-vs-base,red,169,draw,round-limit,30,2,10,6,9,161,70,3,2
crown-vs-base,red,170,draw,round-limit,30,2,11,9,4,137,56,3,3
crown-vs-base,red,171,draw,round-limit,30,2,8,11,10,146,73,1,3
crown-vs-base,red,172,draw,round-limit,30,2,7,9,14,145,77,3,3
crown-vs-base,red,173,draw,round-limit,30,3,5,4,10,155,86,3,1
crown-vs-base,red,174,draw,round-limit,30,2,6,5,3,191,53,3,2
crown-vs-base,red,175,draw,round-limit,30,2,6,6,11,169,72,2,2
crown-vs-base,red,176,draw,round-limit,30,2,8,8,14,185,64,3,3
crown-vs-base,red,177,draw,round-limit,30,3,7,6,7,182,78,2,1
crown-vs-base,red,178,draw,round-limit,30,1,10,7,11,142,64,3,3
crown-vs-base,red,179,draw,round-limit,30,4,3,8,13,194,83,2,2
crown-vs-base,red,180,draw,round-limit,30,2,7,10,7,179,72,3,3
crown-vs-base,red,181,draw,round-limit,30,4,4,13,6,182,56,1,3
crown-vs-base,red,182,draw,round-limit,30,2,7,6,10,208,76,3,2
crown-vs-base,red,183,draw,round-limit,30,3,7,5,16,163,105,2,2
crown-vs-base,red,184,draw,round-limit,30,1,7,7,6,187,68,3,2
crown-vs-base,red,185,draw,round-limit,30,2,8,3,5,165,65,4,0
crown-vs-base,red,186,draw,round-limit,30,2,6,6,6,161,73,2,1
crown-vs-base,red,187,draw,round-limit,30,4,6,7,10,187,70,3,2
crown-vs-base,red,188,draw,round-limit,30,2,3,6,4,133,53,1,2
crown-vs-base,red,189,draw,round-limit,30,1,3,15,12,159,45,1,2
crown-vs-base,red,190,draw,round-limit,30,1,7,4,7,176,75,2,1
crown-vs-base,red,191,draw,round-limit,30,1,6,10,4,154,63,2,3
crown-vs-base,red,192,draw,round-limit,30,3,6,7,8,182,70,2,3
crown-vs-base,red,193,draw,round-limit,30,2,4,3,12,132,63,1,1
crown-vs-base,red,194,draw,round-limit,30,3,6,8,11,166,60,2,3
crown-vs-base,red,195,draw,round-limit,30,1,5,10,17,173,76,2,4
crown-vs-base,red,196,draw,round-limit,30,3,8,7,7,171,78,3,2
crown-vs-base,red,197,draw,round-limit,30,2,9,6,7,167,77,1,1
crown-vs-base,red,198,draw,round-limit,30,2,13,14,12,176,67,3,2
crown-vs-base,red,199,draw,round-limit,30,2,8,9,10,177,72,3,2
crown-vs-base,red,200,draw,round-limit,30,2,6,5,13,154,60,3,3
crownplain-vs-base,blue,1,draw,round-limit,30,2,7,12,4,80,66,1,3
crownplain-vs-base,blue,2,draw,round-limit,30,3,7,7,5,92,75,2,3
crownplain-vs-base,blue,3,draw,round-limit,30,2,8,10,7,63,61,1,3
crownplain-vs-base,blue,4,draw,round-limit,30,2,3,9,8,62,71,0,3
crownplain-vs-base,blue,5,draw,round-limit,30,1,5,8,7,71,75,1,2
crownplain-vs-base,blue,6,draw,round-limit,30,3,6,7,2,54,56,1,2
crownplain-vs-base,blue,7,draw,round-limit,30,2,4,4,6,68,51,1,2
crownplain-vs-base,blue,8,draw,round-limit,30,2,8,12,4,71,60,2,3
crownplain-vs-base,blue,9,draw,round-limit,30,2,8,7,5,62,70,2,3
crownplain-vs-base,blue,10,draw,round-limit,30,2,2,13,4,67,50,2,3
crownplain-vs-base,blue,11,draw,round-limit,30,2,5,7,2,92,59,1,4
crownplain-vs-base,blue,12,draw,round-limit,30,3,4,9,3,80,61,1,4
crownplain-vs-base,blue,13,draw,round-limit,30,2,8,4,9,87,81,2,2
crownplain-vs-base,blue,14,draw,round-limit,30,2,4,12,7,84,62,1,3
crownplain-vs-base,blue,15,draw,round-limit,30,2,10,6,1,58,80,1,3
crownplain-vs-base,blue,16,draw,round-limit,30,2,7,12,4,75,60,2,4
crownplain-vs-base,blue,17,b,keep-captured,9,2,2,4,5,25,23,0,1
crownplain-vs-base,blue,18,draw,round-limit,30,2,10,10,5,87,57,1,3
crownplain-vs-base,blue,19,draw,round-limit,30,2,12,7,8,62,83,3,3
crownplain-vs-base,blue,20,draw,round-limit,30,3,4,8,2,62,67,1,3
crownplain-vs-base,blue,21,draw,round-limit,30,2,8,6,6,69,70,1,3
crownplain-vs-base,blue,22,draw,round-limit,30,3,6,6,4,54,69,2,2
crownplain-vs-base,blue,23,draw,round-limit,30,2,10,6,5,73,64,2,2
crownplain-vs-base,blue,24,draw,round-limit,30,1,10,12,5,71,76,1,3
crownplain-vs-base,blue,25,draw,round-limit,30,2,7,5,4,68,58,3,3
crownplain-vs-base,blue,26,draw,round-limit,30,2,5,10,5,75,80,2,4
crownplain-vs-base,blue,27,draw,round-limit,30,2,3,5,8,66,77,1,3
crownplain-vs-base,blue,28,draw,round-limit,30,2,8,7,7,68,74,1,3
crownplain-vs-base,blue,29,draw,round-limit,30,1,6,9,9,67,71,3,3
crownplain-vs-base,blue,30,draw,round-limit,30,2,4,8,8,79,71,1,4
crownplain-vs-base,blue,31,draw,round-limit,30,2,8,6,6,62,59,2,2
crownplain-vs-base,blue,32,draw,round-limit,30,2,7,9,6,64,79,2,3
crownplain-vs-base,blue,33,draw,round-limit,30,2,8,7,7,53,76,1,3
crownplain-vs-base,blue,34,draw,round-limit,30,4,7,11,4,69,62,1,3
crownplain-vs-base,blue,35,draw,round-limit,30,2,7,5,2,49,61,2,2
crownplain-vs-base,blue,36,b,keep-captured,7,2,2,4,7,13,17,0,0
crownplain-vs-base,blue,37,draw,round-limit,30,1,6,8,3,94,76,1,3
crownplain-vs-base,blue,38,draw,round-limit,30,2,3,7,4,63,67,1,3
crownplain-vs-base,blue,39,draw,round-limit,30,2,5,4,1,46,63,1,1
crownplain-vs-base,blue,40,draw,round-limit,30,2,7,14,7,88,75,1,3
crownplain-vs-base,blue,41,draw,round-limit,30,2,8,9,3,101,72,1,3
crownplain-vs-base,blue,42,draw,round-limit,30,1,4,8,13,71,56,1,4
crownplain-vs-base,blue,43,draw,round-limit,30,2,10,5,8,51,75,1,2
crownplain-vs-base,blue,44,draw,round-limit,30,2,8,6,10,62,73,1,2
crownplain-vs-base,blue,45,draw,round-limit,30,2,6,6,12,58,62,0,3
crownplain-vs-base,blue,46,draw,round-limit,30,3,6,8,5,61,55,2,3
crownplain-vs-base,blue,47,draw,round-limit,30,3,8,9,10,61,62,1,3
crownplain-vs-base,blue,48,draw,round-limit,30,3,6,10,7,76,79,1,4
crownplain-vs-base,blue,49,draw,round-limit,30,3,9,5,4,59,52,2,3
crownplain-vs-base,blue,50,draw,round-limit,30,2,4,4,8,81,78,1,2
crownplain-vs-base,blue,51,draw,round-limit,30,2,5,9,5,81,70,1,3
crownplain-vs-base,blue,52,draw,round-limit,30,2,5,7,11,68,56,2,2
crownplain-vs-base,blue,53,draw,round-limit,30,1,4,8,7,60,64,2,4
crownplain-vs-base,blue,54,draw,round-limit,30,1,8,10,5,69,64,3,4
crownplain-vs-base,blue,55,draw,round-limit,30,1,10,9,4,78,87,1,3
crownplain-vs-base,blue,56,draw,round-limit,30,1,6,9,8,51,63,1,4
crownplain-vs-base,blue,57,draw,round-limit,30,1,5,10,11,76,77,1,4
crownplain-vs-base,blue,58,draw,round-limit,30,1,7,7,8,89,93,2,3
crownplain-vs-base,blue,59,draw,round-limit,30,2,5,7,9,78,69,0,2
crownplain-vs-base,blue,60,draw,round-limit,30,2,12,8,8,70,85,3,2
crownplain-vs-base,blue,61,b,keep-captured,18,3,5,4,5,24,39,0,1
crownplain-vs-base,blue,62,draw,round-limit,30,4,9,7,4,68,71,1,3
crownplain-vs-base,blue,63,draw,round-limit,30,2,10,5,5,76,58,2,2
crownplain-vs-base,blue,64,draw,round-limit,30,1,12,5,8,43,54,0,2
crownplain-vs-base,blue,65,draw,round-limit,30,1,4,7,6,41,63,0,3
crownplain-vs-base,blue,66,draw,round-limit,30,2,2,4,3,62,68,0,1
crownplain-vs-base,blue,67,draw,round-limit,30,3,3,9,10,71,67,1,3
crownplain-vs-base,blue,68,draw,round-limit,30,3,2,4,4,78,72,0,2
crownplain-vs-base,blue,69,draw,round-limit,30,2,4,9,5,70,76,2,3
crownplain-vs-base,blue,70,draw,round-limit,30,1,10,9,3,61,58,3,3
crownplain-vs-base,blue,71,draw,round-limit,30,2,6,8,11,59,56,1,2
crownplain-vs-base,blue,72,draw,round-limit,30,0,1,3,5,30,42,0,1
crownplain-vs-base,blue,73,draw,round-limit,30,2,6,7,4,69,73,2,2
crownplain-vs-base,blue,74,draw,round-limit,30,2,12,7,8,70,82,1,3
crownplain-vs-base,blue,75,draw,round-limit,30,2,11,7,5,65,75,1,3
crownplain-vs-base,blue,76,draw,round-limit,30,3,7,11,8,69,65,1,2
crownplain-vs-base,blue,77,draw,round-limit,30,3,5,7,2,82,74,1,3
crownplain-vs-base,blue,78,draw,round-limit,30,1,5,8,7,88,54,1,3
crownplain-vs-base,blue,79,draw,round-limit,30,2,7,11,8,76,78,1,3
crownplain-vs-base,blue,80,draw,round-limit,30,2,10,10,9,70,81,1,3
crownplain-vs-base,blue,81,draw,round-limit,30,2,6,7,3,72,51,1,2
crownplain-vs-base,blue,82,draw,round-limit,30,1,9,9,5,65,77,1,3
crownplain-vs-base,blue,83,draw,round-limit,30,3,7,10,3,78,87,1,2
crownplain-vs-base,blue,84,draw,round-limit,30,2,8,7,10,67,63,1,3
crownplain-vs-base,blue,85,draw,round-limit,30,3,5,10,6,71,66,2,4
crownplain-vs-base,blue,86,draw,round-limit,30,2,10,6,3,53,70,3,2
crownplain-vs-base,blue,87,draw,round-limit,30,1,4,11,4,61,55,1,3
crownplain-vs-base,blue,88,draw,round-limit,30,2,7,9,6,69,61,2,4
crownplain-vs-base,blue,89,draw,round-limit,30,2,4,7,5,86,81,2,3
crownplain-vs-base,blue,90,draw,round-limit,30,3,3,7,9,73,69,1,3
crownplain-vs-base,blue,91,draw,round-limit,30,2,6,10,3,75,61,1,2
crownplain-vs-base,blue,92,draw,round-limit,30,2,9,7,6,86,71,1,2
crownplain-vs-base,blue,93,draw,round-limit,30,4,11,5,3,31,73,2,3
crownplain-vs-base,blue,94,draw,round-limit,30,2,4,11,8,56,70,2,3
crownplain-vs-base,blue,95,draw,round-limit,30,2,5,6,7,56,83,1,2
crownplain-vs-base,blue,96,draw,round-limit,30,2,6,5,8,43,63,1,2
crownplain-vs-base,blue,97,draw,round-limit,30,3,10,7,6,63,68,3,3
crownplain-vs-base,blue,98,draw,round-limit,30,2,7,11,4,71,70,1,2
crownplain-vs-base,blue,99,draw,round-limit,30,2,9,7,6,62,74,1,3
crownplain-vs-base,blue,100,draw,round-limit,30,2,12,12,5,61,68,2,4
crownplain-vs-base,blue,101,draw,round-limit,30,1,8,6,7,58,85,2,3
crownplain-vs-base,blue,102,draw,round-limit,30,2,3,8,5,62,64,0,3
crownplain-vs-base,blue,103,draw,round-limit,30,3,6,9,7,59,75,1,3
crownplain-vs-base,blue,104,draw,round-limit,30,2,10,5,2,70,80,1,3
crownplain-vs-base,blue,105,draw,round-limit,30,1,6,11,1,61,69,2,3
crownplain-vs-base,blue,106,draw,round-limit,30,2,8,9,5,79,71,1,3
crownplain-vs-base,blue,107,draw,round-limit,30,2,9,10,8,72,75,1,2
crownplain-vs-base,blue,108,draw,round-limit,30,2,7,4,1,55,76,1,2
crownplain-vs-base,blue,109,draw,round-limit,30,1,9,6,8,61,64,2,3
crownplain-vs-base,blue,110,draw,round-limit,30,3,4,9,3,76,71,2,2
crownplain-vs-base,blue,111,draw,round-limit,30,2,6,9,7,60,64,0,3
crownplain-vs-base,blue,112,draw,round-limit,30,2,6,7,7,73,75,1,3
crownplain-vs-base,blue,113,draw,round-limit,30,2,9,8,6,72,78,1,3
crownplain-vs-base,blue,114,draw,round-limit,30,1,10,7,10,67,77,2,2
crownplain-vs-base,blue,115,draw,round-limit,30,2,10,5,7,71,61,2,3
crownplain-vs-base,blue,116,draw,round-limit,30,2,7,6,5,60,59,2,3
crownplain-vs-base,blue,117,draw,round-limit,30,2,4,8,4,66,61,0,4
crownplain-vs-base,blue,118,draw,round-limit,30,3,6,9,9,76,60,1,2
crownplain-vs-base,blue,119,draw,round-limit,30,1,9,6,10,71,67,2,3
crownplain-vs-base,blue,120,draw,round-limit,30,2,6,9,6,77,81,1,2
crownplain-vs-base,blue,121,draw,round-limit,30,1,9,10,8,63,65,2,3
crownplain-vs-base,blue,122,draw,round-limit,30,1,8,8,5,54,43,1,2
crownplain-vs-base,blue,123,draw,round-limit,30,3,5,6,4,71,53,1,3
crownplain-vs-base,blue,124,draw,round-limit,30,3,6,10,7,70,63,1,3
crownplain-vs-base,blue,125,draw,round-limit,30,3,5,6,1,88,59,2,3
crownplain-vs-base,blue,126,draw,round-limit,30,3,10,8,9,71,68,1,3
crownplain-vs-base,blue,127,draw,round-limit,30,2,14,7,6,64,75,2,2
crownplain-vs-base,blue,128,draw,round-limit,30,2,7,5,10,45,57,1,2
crownplain-vs-base,blue,129,draw,round-limit,30,1,4,7,5,61,48,2,2
crownplain-vs-base,blue,130,draw,round-limit,30,2,8,7,6,79,77,1,3
crownplain-vs-base,blue,131,draw,round-limit,30,1,5,8,9,62,57,2,3
crownplain-vs-base,blue,132,draw,round-limit,30,2,10,6,8,38,55,2,3
crownplain-vs-base,blue,133,draw,round-limit,30,1,10,6,7,43,57,2,2
crownplain-vs-base,blue,134,draw,round-limit,30,1,6,9,4,86,57,2,3
crownplain-vs-base,blue,135,draw,round-limit,30,3,9,6,7,61,85,2,2
crownplain-vs-base,blue,136,draw,round-limit,30,3,3,10,6,72,74,1,3
crownplain-vs-base,blue,137,draw,round-limit,30,1,7,7,9,70,71,1,2
crownplain-vs-base,blue,138,draw,round-limit,30,1,3,9,2,78,62,2,4
crownplain-vs-base,blue,139,draw,round-limit,30,2,11,6,2,66,63,2,2
crownplain-vs-base,blue,140,draw,round-limit,30,2,6,7,8,74,61,1,2
crownplain-vs-base,blue,141,draw,round-limit,30,2,5,12,1,76,58,1,3
crownplain-vs-base,blue,142,draw,round-limit,30,2,6,10,3,84,70,1,3
crownplain-vs-base,blue,143,draw,round-limit,30,2,1,5,10,73,71,0,2
crownplain-vs-base,blue,144,draw,round-limit,30,3,11,5,5,44,64,0,2
crownplain-vs-base,blue,145,draw,round-limit,30,2,4,4,1,48,53,1,2
crownplain-vs-base,blue,146,draw,round-limit,30,2,9,10,2,64,79,2,2
crownplain-vs-base,blue,147,draw,round-limit,30,3,12,8,8,73,80,2,2
crownplain-vs-base,blue,148,draw,round-limit,30,2,9,6,7,62,77,2,2
crownplain-vs-base,blue,149,draw,round-limit,30,4,3,10,7,64,79,0,3
crownplain-vs-base,blue,150,draw,round-limit,30,1,6,10,11,66,58,1,3
crownplain-vs-base,blue,151,draw,round-limit,30,1,6,4,10,64,83,0,2
crownplain-vs-base,blue,152,draw,round-limit,30,1,4,6,4,60,55,2,3
crownplain-vs-base,blue,153,draw,round-limit,30,2,4,7,3,99,54,1,3
crownplain-vs-base,blue,154,draw,round-limit,30,3,11,7,2,65,64,2,2
crownplain-vs-base,blue,155,draw,round-limit,30,2,6,10,11,65,75,2,3
crownplain-vs-base,blue,156,draw,round-limit,30,2,7,8,3,78,57,1,3
crownplain-vs-base,blue,157,draw,round-limit,30,4,9,6,6,69,63,1,3
crownplain-vs-base,blue,158,draw,round-limit,30,2,8,5,8,81,71,1,2
crownplain-vs-base,blue,159,draw,round-limit,30,2,8,7,8,76,78,2,3
crownplain-vs-base,blue,160,draw,round-limit,30,2,4,4,8,67,72,2,1
crownplain-vs-base,blue,161,draw,round-limit,30,2,8,7,6,68,87,2,3
crownplain-vs-base,blue,162,b,keep-captured,10,2,0,7,4,23,18,0,1
crownplain-vs-base,blue,163,draw,round-limit,30,2,8,10,2,51,58,3,3
crownplain-vs-base,blue,164,draw,round-limit,30,1,7,9,8,79,59,2,4
crownplain-vs-base,blue,165,draw,round-limit,30,1,8,9,11,70,74,2,3
crownplain-vs-base,blue,166,draw,round-limit,30,2,4,6,3,65,53,1,3
crownplain-vs-base,blue,167,draw,round-limit,30,1,10,6,8,58,93,1,2
crownplain-vs-base,blue,168,draw,round-limit,30,2,5,9,5,55,61,2,2
crownplain-vs-base,blue,169,draw,round-limit,30,1,10,9,5,52,53,3,2
crownplain-vs-base,blue,170,draw,round-limit,30,2,9,10,8,70,74,3,2
crownplain-vs-base,blue,171,draw,round-limit,30,2,11,9,6,53,77,3,2
crownplain-vs-base,blue,172,draw,round-limit,30,3,7,6,8,62,61,0,2
crownplain-vs-base,blue,173,draw,round-limit,30,2,11,6,5,61,70,1,3
crownplain-vs-base,blue,174,draw,round-limit,30,2,6,5,7,52,61,2,3
crownplain-vs-base,blue,175,draw,round-limit,30,2,10,5,8,61,62,1,2
crownplain-vs-base,blue,176,draw,round-limit,30,3,4,14,8,84,60,3,4
crownplain-vs-base,blue,177,draw,round-limit,30,2,5,7,8,73,81,1,3
crownplain-vs-base,blue,178,draw,round-limit,30,2,6,9,1,80,63,2,3
crownplain-vs-base,blue,179,draw,round-limit,30,2,6,10,7,75,63,2,2
crownplain-vs-base,blue,180,draw,round-limit,30,1,7,5,9,47,63,2,2
crownplain-vs-base,blue,181,draw,round-limit,30,3,11,8,2,50,55,2,3
crownplain-vs-base,blue,182,draw,round-limit,30,2,6,9,6,87,69,1,2
crownplain-vs-base,blue,183,draw,round-limit,30,2,5,9,3,61,60,3,3
crownplain-vs-base,blue,184,draw,round-limit,30,1,7,8,11,83,71,1,3
crownplain-vs-base,blue,185,draw,round-limit,30,2,3,7,8,65,64,2,2
crownplain-vs-base,blue,186,b,keep-captured,30,3,5,10,5,62,61,1,3
crownplain-vs-base,blue,187,draw,round-limit,30,1,4,6,6,64,59,1,3
crownplain-vs-base,blue,188,draw,round-limit,30,4,8,8,6,51,49,1,2
crownplain-vs-base,blue,189,draw,round-limit,30,2,8,4,5,78,51,0,2
crownplain-vs-base,blue,190,draw,round-limit,30,3,6,6,8,49,61,1,2
crownplain-vs-base,blue,191,draw,round-limit,30,2,6,8,5,57,59,1,4
crownplain-vs-base,blue,192,draw,round-limit,30,2,7,7,3,69,46,1,3
crownplain-vs-base,blue,193,draw,round-limit,30,2,8,7,4,79,80,3,3
crownplain-vs-base,blue,194,draw,round-limit,30,3,10,7,5,73,58,1,3
crownplain-vs-base,blue,195,draw,round-limit,30,2,11,3,3,43,63,1,1
crownplain-vs-base,blue,196,draw,round-limit,30,2,5,4,6,67,63,1,2
crownplain-vs-base,blue,197,draw,round-limit,30,2,12,5,9,65,72,2,2
crownplain-vs-base,blue,198,draw,round-limit,30,3,7,4,9,62,69,2,2
crownplain-vs-base,blue,199,draw,round-limit,30,2,6,7,4,61,71,1,1
crownplain-vs-base,blue,200,draw,round-limit,30,2,6,5,5,63,67,1,3
crownplain-vs-base,red,1,draw,round-limit,30,2,7,4,9,58,71,3,2
crownplain-vs-base,red,2,draw,round-limit,30,2,6,6,10,62,72,2,1
crownplain-vs-base,red,3,draw,round-limit,30,2,6,5,3,62,61,2,1
crownplain-vs-base,red,4,draw,round-limit,30,2,10,5,3,67,80,2,1
crownplain-vs-base,red,5,draw,round-limit,30,3,8,7,7,84,86,3,4
crownplain-vs-base,red,6,a,keep-captured,15,3,3,7,4,46,46,1,1
crownplain-vs-base,red,7,draw,round-limit,30,2,12,5,4,69,86,3,2
crownplain-vs-base,red,8,draw,round-limit,30,2,8,8,9,76,69,4,2
crownplain-vs-base,red,9,draw,round-limit,30,2,9,7,7,70,61,3,2
crownplain-vs-base,red,10,draw,round-limit,30,3,6,4,8,76,70,2,1
crownplain-vs-base,red,11,draw,round-limit,30,2,10,8,11,68,87,2,3
crownplain-vs-base,red,12,draw,round-limit,30,2,8,5,9,59,81,2,1
crownplain-vs-base,red,13,draw,round-limit,30,2,6,9,4,70,57,2,3
crownplain-vs-base,red,14,draw,round-limit,30,1,7,5,4,68,60,2,2
crownplain-vs-base,red,15,draw,round-limit,30,5,11,11,7,65,64,2,1
crownplain-vs-base,red,16,draw,round-limit,30,2,5,7,7,48,56,2,2
crownplain-vs-base,red,17,draw,round-limit,30,2,11,9,9,89,78,2,3
crownplain-vs-base,red,18,draw,round-limit,30,1,11,4,4,91,79,2,2
crownplain-vs-base,red,19,draw,round-limit,30,3,10,8,2,60,73,3,1
crownplain-vs-base,red,20,draw,round-limit,30,3,7,7,4,68,73,2,2
crownplain-vs-base,red,21,draw,round-limit,30,1,8,5,6,66,66,3,2
crownplain-vs-base,red,22,draw,round-limit,30,4,9,8,8,57,65,3,2
crownplain-vs-base,red,23,draw,round-limit,30,2,4,10,4,62,62,2,1
crownplain-vs-base,red,24,draw,round-limit,30,2,11,10,7,58,65,2,2
crownplain-vs-base,red,25,draw,round-limit,30,2,7,6,8,86,58,3,1
crownplain-vs-base,red,26,draw,round-limit,30,1,6,5,10,65,64,2,1
crownplain-vs-base,red,27,draw,round-limit,30,2,9,6,3,51,75,1,2
crownplain-vs-base,red,28,draw,round-limit,30,2,7,10,5,78,66,2,2
crownplain-vs-base,red,29,draw,round-limit,30,4,12,5,6,58,59,4,1
crownplain-vs-base,red,30,draw,round-limit,30,5,9,8,7,79,72,2,3
crownplain-vs-base,red,31,draw,round-limit,30,5,10,11,1,63,67,3,3
crownplain-vs-base,red,32,a,keep-captured,6,2,3,3,3,10,17,0,0
crownplain-vs-base,red,33,draw,round-limit,30,2,9,10,2,90,68,2,2
crownplain-vs-base,red,34,draw,round-limit,30,1,10,7,4,43,65,2,3
crownplain-vs-base,red,35,draw,round-limit,30,2,11,10,5,51,60,3,2
crownplain-vs-base,red,36,draw,round-limit,30,1,6,7,10,63,68,2,1
crownplain-vs-base,red,37,draw,round-limit,30,2,10,7,6,67,66,3,1
crownplain-vs-base,red,38,draw,round-limit,30,2,8,6,4,61,69,3,2
crownplain-vs-base,red,39,draw,round-limit,30,2,5,6,5,80,72,3,1
crownplain-vs-base,red,40,draw,round-limit,30,2,5,5,8,59,48,2,2
crownplain-vs-base,red,41,draw,round-limit,30,2,8,6,7,68,66,4,2
crownplain-vs-base,red,42,draw,round-limit,30,2,13,9,12,76,69,3,1
crownplain-vs-base,red,43,draw,round-limit,30,2,14,10,9,87,79,3,2
crownplain-vs-base,red,44,draw,round-limit,30,2,10,6,6,61,75,2,1
crownplain-vs-base,red,45,draw,round-limit,30,2,11,8,8,66,68,1,2
crownplain-vs-base,red,46,draw,round-limit,30,3,10,10,7,56,86,2,2
crownplain-vs-base,red,47,draw,round-limit,30,1,10,8,12,49,74,2,2
crownplain-vs-base,red,48,draw,round-limit,30,2,5,9,7,56,65,3,2
crownplain-vs-base,red,49,draw,round-limit,30,2,8,7,7,52,70,2,2
crownplain-vs-base,red,50,draw,round-limit,30,2,4,9,8,63,67,2,2
crownplain-vs-base,red,51,draw,round-limit,30,1,5,11,5,69,68,2,2
crownplain-vs-base,red,52,draw,round-limit,30,3,11,10,5,85,70,3,1
crownplain-vs-base,red,53,draw,round-limit,30,2,6,4,9,75,62,2,2
crownplain-vs-base,red,54,draw,round-limit,30,2,14,10,7,73,86,3,2
crownplain-vs-base,red,55,draw,round-limit,30,1,12,7,9,56,70,2,1
crownplain-vs-base,red,56,draw,round-limit,30,2,9,6,3,70,74,3,2
crownplain-vs-base,red,57,draw,round-limit,30,2,8,2,10,76,89,2,1
crownplain-vs-base,red,58,draw,round-limit,30,2,6,10,5,68,64,2,2
crownplain-vs-base,red,59,draw,round-limit,30,2,11,7,5,71,73,2,1
crownplain-vs-base,red,60,draw,round-limit,30,2,8,11,5,67,74,2,2
crownplain-vs-base,red,61,draw,round-limit,30,1,8,5,7,73,80,2,2
crownplain-vs-base,red,62,draw,round-limit,30,3,9,9,4,79,91,3,2
crownplain-vs-base,red,63,draw,round-limit,30,3,9,8,7,43,58,3,1
crownplain-vs-base,red,64,draw,round-limit,30,3,15,8,8,53,65,2,1
crownplain-vs-base,red,65,draw,round-limit,30,3,7,11,6,47,53,3,2
crownplain-vs-base,red,66,a,keep-captured,6,2,2,2,2,14,11,0,0
crownplain-vs-base,red,67,draw,round-limit,30,3,6,13,1,85,79,2,1
crownplain-vs-base,red,68,draw,round-limit,30,1,11,5,7,75,92,3,1
crownplain-vs-base,red,69,draw,round-limit,30,2,10,6,6,73,65,2,2
crownplain-vs-base,red,70,b,keep-captured,24,3,10,7,5,59,63,3,1
crownplain-vs-base,red,71,draw,round-limit,30,3,8,4,8,69,69,2,1
crownplain-vs-base,red,72,draw,round-limit,30,3,10,10,11,75,78,2,1
crownplain-vs-base,red,73,draw,round-limit,30,3,9,11,8,80,78,2,3
crownplain-vs-base,red,74,draw,round-limit,30,2,11,3,2,60,76,3,2
crownplain-vs-base,red,75,draw,round-limit,30,2,6,11,8,74,84,1,4
crownplain-vs-base,red,76,draw,round-limit,30,2,12,7,8,69,80,3,1
crownplain-vs-base,red,77,draw,round-limit,30,2,8,7,6,86,79,2,0
crownplain-vs-base,red,78,draw,round-limit,30,1,4,3,11,49,69,2,2
crownplain-vs-base,red,79,draw,round-limit,30,2,16,5,6,52,66,3,2
crownplain-vs-base,red,80,draw,round-limit,30,2,6,5,8,52,59,2,1
crownplain-vs-base,red,81,draw,round-limit,30,3,10,7,14,61,72,2,1
crownplain-vs-base,red,82,draw,round-limit,30,1,9,5,3,60,64,3,1
crownplain-vs-base,red,83,draw,round-limit,30,2,5,9,5,67,73,2,2
crownplain-vs-base,red,84,draw,round-limit,30,2,7,3,8,68,64,3,2
crownplain-vs-base,red,85,draw,round-limit,30,2,9,10,11,64,64,2,1
crownplain-vs-base,red,86,draw,round-limit,30,2,11,6,6,63,71,4,3
crownplain-vs-base,red,87,a,keep-captured,8,2,3,2,4,18,23,0,0
crownplain-vs-base,red,88,draw,round-limit,30,2,5,9,10,60,82,1,2
crownplain-vs-base,red,89,draw,round-limit,30,2,10,10,8,73,63,2,3
crownplain-vs-base,red,90,draw,round-limit,30,3,7,7,8,78,68,2,2
crownplain-vs-base,red,91,draw,round-limit,30,2,3,12,10,63,68,2,2
crownplain-vs-base,red,92,draw,round-limit,30,4,8,11,8,60,75,3,2
crownplain-vs-base,red,93,draw,round-limit,30,2,5,14,5,76,71,2,3
crownplain-vs-base,red,94,draw,round-limit,30,2,7,10,3,77,72,2,2
crownplain-vs-base,red,95,draw,round-limit,30,2,8,9,3,60,73,2,2
crownplain-vs-base,red,96,draw,round-limit,30,3,7,7,6,51,71,2,2
crownplain-vs-base,red,97,draw,round-limit,30,2,11,9,7,75,78,2,1
crownplain-vs-base,red,98,draw,round-limit,30,2,7,7,9,57,62,1,1
crownplain-vs-base,red,99,draw,round-limit,30,2,4,7,5,73,64,3,2
crownplain-vs-base,red,100,draw,round-limit,30,1,9,8,9,75,60,3,1
crownplain-vs-base,red,101,draw,round-limit,30,1,8,7,3,69,76,3,1
crownplain-vs-base,red,102,draw,round-limit,30,2,6,5,8,42,55,1,0
crownplain-vs-base,red,103,draw,round-limit,30,2,6,7,4,73,72,2,2
crownplain-vs-base,red,104,draw,round-limit,30,2,7,13,8,81,85,2,1
crownplain-vs-base,red,105,draw,round-limit,30,2,11,7,8,77,71,3,1
crownplain-vs-base,red,106,draw,round-limit,30,3,7,10,4,58,66,2,2
crownplain-vs-base,red,107,draw,round-limit,30,2,10,10,2,47,66,2,2
crownplain-vs-base,red,108,draw,round-limit,30,4,9,8,2,49,57,3,2
crownplain-vs-base,red,109,draw,round-limit,30,5,10,9,6,60,73,3,3
crownplain-vs-base,red,110,draw,round-limit,30,2,13,8,8,72,83,1,2
crownplain-vs-base,red,111,draw,round-limit,30,3,6,13,3,56,57,1,2
crownplain-vs-base,red,112,draw,round-limit,30,2,13,4,11,63,71,3,1
crownplain-vs-base,red,113,draw,round-limit,30,2,12,4,3,54,61,2,2
crownplain-vs-base,red,114,draw,round-limit,30,3,8,11,5,54,72,2,2
crownplain-vs-base,red,115,draw,round-limit,30,1,8,9,12,59,80,3,2
crownplain-vs-base,red,116,draw,round-limit,30,2,6,4,7,38,66,1,2
crownplain-vs-base,red,117,draw,round-limit,30,2,6,10,1,68,60,2,3
crownplain-vs-base,red,118,draw,round-limit,30,1,6,6,5,66,78,2,3
crownplain-vs-base,red,119,draw,round-limit,30,3,8,6,5,84,79,2,1
crownplain-vs-base,red,120,draw,round-limit,30,1,7,6,2,47,48,0,2
crownplain-vs-base,red,121,draw,round-limit,30,3,11,6,5,67,64,2,2
crownplain-vs-base,red,122,draw,round-limit,30,1,8,6,3,65,61,2,1
crownplain-vs-base,red,123,draw,round-limit,30,1,8,8,5,73,89,1,1
crownplain-vs-base,red,124,draw,round-limit,30,3,6,7,4,65,86,2,0
crownplain-vs-base,red,125,draw,round-limit,30,2,7,5,12,54,66,1,0
crownplain-vs-base,red,126,draw,round-limit,30,2,7,5,5,59,79,1,3
crownplain-vs-base,red,127,a,keep-captured,4,1,3,2,2,9,12,0,0
crownplain-vs-base,red,128,draw,round-limit,30,2,7,8,7,56,64,1,2
crownplain-vs-base,red,129,draw,round-limit,30,2,9,11,7,70,82,3,2
crownplain-vs-base,red,130,draw,round-limit,30,2,7,9,4,67,63,3,2
crownplain-vs-base,red,131,draw,round-limit,30,2,8,9,14,55,60,1,4
crownplain-vs-base,red,132,draw,round-limit,30,2,8,10,3,68,74,2,1
crownplain-vs-base,red,133,draw,round-limit,30,2,8,7,0,71,70,2,1
crownplain-vs-base,red,134,draw,round-limit,30,2,9,10,13,63,91,3,2
crownplain-vs-base,red,135,draw,round-limit,30,2,6,10,8,88,74,3,3
crownplain-vs-base,red,136,draw,round-limit,30,1,5,7,3,61,59,1,2
crownplain-vs-base,red,137,draw,round-limit,30,2,12,4,8,72,61,3,1
crownplain-vs-base,red,138,draw,round-limit,30,4,10,6,8,64,77,3,3
crownplain-vs-base,red,139,draw,round-limit,30,2,8,6,8,62,68,2,2
crownplain-vs-base,red,140,draw,round-limit,30,2,9,5,7,60,76,3,2
crownplain-vs-base,red,141,draw,round-limit,30,5,8,8,7,55,61,2,1
crownplain-vs-base,red,142,draw,round-limit,30,2,6,5,5,57,58,2,1
crownplain-vs-base,red,143,draw,round-limit,30,2,8,8,6,74,79,2,1
crownplain-vs-base,red,144,draw,round-limit,30,2,11,4,3,51,92,2,3
crownplain-vs-base,red,145,draw,round-limit,30,3,9,10,8,43,58,1,1
crownplain-vs-base,red,146,draw,round-limit,30,2,8,7,8,51,68,2,2
crownplain-vs-base,red,147,draw,round-limit,30,2,9,8,7,64,90,3,2
crownplain-vs-base,red,148,draw,round-limit,30,2,8,5,8,50,68,3,0
crownplain-vs-base,red,149,draw,round-limit,30,2,10,9,4,68,55,2,3
crownplain-vs-base,red,150,draw,round-limit,30,1,12,11,15,74,86,2,2
crownplain-vs-base,red,151,draw,round-limit,30,3,10,8,8,71,86,3,1
crownplain-vs-base,red,152,draw,round-limit,30,2,9,6,4,59,70,4,2
crownplain-vs-base,red,153,draw,round-limit,30,1,12,5,8,59,67,4,1
crownplain-vs-base,red,154,draw,round-limit,30,3,13,5,15,58,95,3,1
crownplain-vs-base,red,155,draw,round-limit,30,2,7,11,6,70,64,2,1
crownplain-vs-base,red,156,draw,round-limit,30,4,11,7,5,66,64,3,1
crownplain-vs-base,red,157,draw,round-limit,30,2,7,8,3,84,82,2,2
crownplain-vs-base,red,158,draw,round-limit,30,1,7,3,15,65,74,1,0
crownplain-vs-base,red,159,draw,round-limit,30,2,4,6,4,60,63,2,2
crownplain-vs-base,red,160,draw,round-limit,30,1,10,9,14,66,76,2,3
crownplain-vs-base,red,161,draw,round-limit,30,1,12,8,6,58,69,2,2
crownplain-vs-base,red,162,draw,round-limit,30,3,7,9,8,51,56,4,3
crownplain-vs-base,red,163,draw,round-limit,30,2,12,9,12,66,91,3,1
crownplain-vs-base,red,164,draw,round-limit,30,2,13,13,15,72,71,2,2
crownplain-vs-base,red,165,draw,round-limit,30,2,11,5,4,88,78,3,1
crownplain-vs-base,red,166,draw,round-limit,30,2,9,8,5,75,80,3,3
crownplain-vs-base,red,167,draw,round-limit,30,3,7,7,4,80,93,3,2
crownplain-vs-base,red,168,draw,round-limit,30,2,9,11,2,59,58,3,2
crownplain-vs-base,red,169,draw,round-limit,30,2,9,9,8,62,86,3,3
crownplain-vs-base,red,170,draw,round-limit,30,2,7,8,3,56,73,2,1
crownplain-vs-base,red,171,draw,round-limit,30,2,7,5,3,60,69,2,1
crownplain-vs-base,red,172,draw,round-limit,30,2,6,8,5,76,61,2,2
crownplain-vs-base,red,173,draw,round-limit,30,2,6,7,4,66,75,2,3
crownplain-vs-base,red,174,draw,round-limit,30,6,7,7,2,50,74,3,1
crownplain-vs-base,red,175,draw,round-limit,30,2,10,5,8,41,75,2,1
crownplain-vs-base,red,176,draw,round-limit,30,2,9,6,8,73,66,2,1
crownplain-vs-base,red,177,draw,round-limit,30,2,10,6,7,71,56,1,2
crownplain-vs-base,red,178,draw,round-limit,30,2,9,9,10,57,89,2,1
crownplain-vs-base,red,179,draw,round-limit,30,2,9,9,9,61,66,2,3
crownplain-vs-base,red,180,draw,round-limit,30,2,11,7,6,68,67,3,2
crownplain-vs-base,red,181,draw,round-limit,30,1,4,5,6,80,60,3,1
crownplain-vs-base,red,182,draw,round-limit,30,2,8,9,8,67,78,2,3
crownplain-vs-base,red,183,draw,round-limit,30,2,5,7,8,57,65,2,3
crownplain-vs-base,red,184,draw,round-limit,30,1,8,10,5,63,74,3,3
crownplain-vs-base,red,185,draw,round-limit,30,1,14,7,2,66,66,3,2
crownplain-vs-base,red,186,a,keep-captured,4,1,1,1,1,10,9,0,0
crownplain-vs-base,red,187,draw,round-limit,30,2,7,6,7,71,70,2,2
crownplain-vs-base,red,188,a,keep-captured,4,1,3,3,1,10,11,0,0
crownplain-vs-base,red,189,draw,round-limit,30,2,8,10,8,47,65,2,4
crownplain-vs-base,red,190,draw,round-limit,30,2,12,8,2,70,73,2,1
crownplain-vs-base,red,191,draw,round-limit,30,1,7,7,4,68,69,3,2
crownplain-vs-base,red,192,draw,round-limit,30,2,9,13,6,65,69,3,2
crownplain-vs-base,red,193,draw,round-limit,30,3,9,10,9,59,79,2,2
crownplain-vs-base,red,194,a,keep-captured,5,3,1,1,5,9,9,0,0
crownplain-vs-base,red,195,draw,round-limit,30,2,6,11,10,68,75,1,2
crownplain-vs-base,red,196,draw,round-limit,30,2,6,5,7,58,66,1,1
crownplain-vs-base,red,197,draw,round-limit,30,2,8,11,3,47,67,1,3
crownplain-vs-base,red,198,draw,round-limit,30,1,12,9,6,50,83,2,1
crownplain-vs-base,red,199,draw,round-limit,30,3,11,10,6,61,58,3,2
crownplain-vs-base,red,200,draw,round-limit,30,2,6,10,11,44,54,2,1
crown-vs-crownplain,blue,1,draw,round-limit,30,2,5,7,6,170,62,1,1
crown-vs-crownplain,blue,2,draw,round-limit,30,2,3,8,8,172,63,1,2
crown-vs-crownplain,blue,3,draw,round-limit,30,3,5,9,7,149,54,1,3
crown-vs-crownplain,blue,4,draw,round-limit,30,2,3,4,8,194,76,0,2
crown-vs-crownplain,blue,5,draw,round-limit,30,1,5,9,12,178,72,1,3
crown-vs-crownplain,blue,6,draw,round-limit,30,1,7,8,7,180,68,1,2
crown-vs-crownplain,blue,7,draw,round-limit,30,2,3,6,12,175,67,1,2
crown-vs-crownplain,blue,8,b,keep-captured,4,0,0,1,4,22,6,0,0
crown-vs-crownplain,blue,9,draw,round-limit,30,4,5,12,10,156,65,1,3
crown-vs-crownplain,blue,10,draw,round-limit,30,1,5,9,17,167,76,1,3
crown-vs-crownplain,blue,11,draw,round-limit,30,1,5,4,10,161,58,1,3
crown-vs-crownplain,blue,12,draw,round-limit,30,3,3,10,13,177,59,1,3
crown-vs-crownplain,blue,13,draw,round-limit,30,3,8,10,11,165,60,1,3
crown-vs-crownplain,blue,14,draw,round-limit,30,4,4,6,8,174,62,1,3
crown-vs-crownplain,blue,15,draw,round-limit,30,0,6,8,5,199,54,2,2
crown-vs-crownplain,blue,16,draw,round-limit,30,4,2,9,10,133,81,1,3
crown-vs-crownplain,blue,17,draw,round-limit,30,1,5,9,4,199,70,3,3
crown-vs-crownplain,blue,18,draw,round-limit,30,1,6,6,7,190,72,1,2
crown-vs-crownplain,blue,19,draw,round-limit,30,2,5,6,5,171,57,1,2
crown-vs-crownplain,blue,20,draw,round-limit,30,1,2,3,4,174,47,0,2
crown-vs-crownplain,blue,21,draw,round-limit,30,2,4,5,8,189,65,1,2
crown-vs-crownplain,blue,22,draw,round-limit,30,2,5,7,8,185,78,2,2
crown-vs-crownplain,blue,23,draw,round-limit,30,1,5,8,4,185,55,2,3
crown-vs-crownplain,blue,24,draw,round-limit,30,2,5,6,13,177,59,1,2
crown-vs-crownplain,blue,25,draw,round-limit,30,3,6,8,3,181,54,1,2
crown-vs-crownplain,blue,26,draw,round-limit,30,2,4,6,6,175,79,0,3
crown-vs-crownplain,blue,27,draw,round-limit,30,1,3,8,12,198,56,1,3
crown-vs-crownplain,blue,28,draw,round-limit,30,1,2,8,4,172,49,2,2
crown-vs-crownplain,blue,29,draw,round-limit,30,2,5,12,8,194,61,2,4
crown-vs-crownplain,blue,30,draw,round-limit,30,2,3,12,9,171,46,1,2
crown-vs-crownplain,blue,31,draw,round-limit,30,2,4,8,6,172,37,2,2
crown-vs-crownplain,blue,32,draw,round-limit,30,2,5,9,10,140,51,1,3
crown-vs-crownplain,blue,33,draw,round-limit,30,3,4,9,10,161,59,0,2
crown-vs-crownplain,blue,34,draw,round-limit,30,3,6,7,6,174,52,2,2
crown-vs-crownplain,blue,35,b,keep-captured,13,3,1,7,2,75,23,0,1
crown-vs-crownplain,blue,36,draw,round-limit,30,1,9,6,15,147,65,2,2
crown-vs-crownplain,blue,37,draw,round-limit,30,1,3,7,4,210,65,0,2
crown-vs-crownplain,blue,38,draw,round-limit,30,2,1,9,6,185,50,0,2
crown-vs-crownplain,blue,39,draw,round-limit,30,2,7,10,7,167,69,2,2
crown-vs-crownplain,blue,40,b,keep-captured,25,2,4,8,12,123,47,1,2
crown-vs-crownplain,blue,41,draw,round-limit,30,2,6,9,10,159,42,1,2
crown-vs-crownplain,blue,42,draw,round-limit,30,3,4,11,10,167,47,0,2
crown-vs-crownplain,blue,43,draw,round-limit,30,3,4,8,8,183,63,2,2
crown-vs-crownplain,blue,44,draw,round-limit,30,1,4,7,8,165,61,1,3
crown-vs-crownplain,blue,45,draw,round-limit,30,2,2,10,13,179,45,1,3
crown-vs-crownplain,blue,46,draw,round-limit,30,2,3,6,5,205,58,0,3
crown-vs-crownplain,blue,47,draw,round-limit,30,2,4,8,14,163,52,0,2
crown-vs-crownplain,blue,48,draw,round-limit,30,2,6,9,13,186,76,2,3
crown-vs-crownplain,blue,49,draw,round-limit,30,2,5,5,8,167,68,1,2
crown-vs-crownplain,blue,50,draw,round-limit,30,2,6,10,13,172,50,2,2
crown-vs-crownplain,blue,51,draw,round-limit,30,1,3,8,13,160,48,1,3
crown-vs-crownplain,blue,52,draw,round-limit,30,1,6,9,16,179,56,0,2
crown-vs-crownplain,blue,53,draw,round-limit,30,1,4,10,18,159,58,1,3
crown-vs-crownplain,blue,54,draw,round-limit,30,3,5,8,15,161,61,2,2
crown-vs-crownplain,blue,55,draw,round-limit,30,1,5,8,8,151,43,1,3
crown-vs-crownplain,blue,56,draw,round-limit,30,0,6,10,11,175,59,3,2
crown-vs-crownplain,blue,57,draw,round-limit,30,2,4,8,13,183,54,0,3
crown-vs-crownplain,blue,58,draw,round-limit,30,1,3,6,10,180,54,1,2
crown-vs-crownplain,blue,59,draw,round-limit,30,1,5,14,18,194,47,1,3
crown-vs-crownplain,blue,60,draw,round-limit,30,2,3,13,11,177,62,0,3
crown-vs-crownplain,blue,61,draw,round-limit,30,2,4,6,6,188,65,1,3
crown-vs-crownplain,blue,62,draw,round-limit,30,3,5,7,7,181,80,1,2
crown-vs-crownplain,blue,63,draw,round-limit,30,1,4,8,7,178,49,0,3
crown-vs-crownplain,blue,64,draw,round-limit,30,0,7,7,11,174,43,1,1
crown-vs-crownplain,blue,65,draw,round-limit,30,2,3,5,9,174,57,1,3
crown-vs-crownplain,blue,66,draw,round-limit,30,2,4,3,5,178,75,1,2
crown-vs-crownplain,blue,67,draw,round-limit,30,2,4,5,12,212,68,1,2
crown-vs-crownplain,blue,68,draw,round-limit,30,1,5,11,21,191,79,1,3
crown-vs-crownplain,blue,69,draw,round-limit,30,2,6,7,6,203,65,1,3
crown-vs-crownplain,blue,70,draw,round-limit,30,3,2,9,3,206,90,2,3
crown-vs-crownplain,blue,71,draw,round-limit,30,1,4,5,19,162,70,0,1
crown-vs-crownplain,blue,72,draw,round-limit,30,2,7,4,8,174,51,1,2
crown-vs-crownplain,blue,73,draw,round-limit,30,1,5,5,9,148,55,1,2
crown-vs-crownplain,blue,74,draw,round-limit,30,2,1,7,4,170,45,1,1
crown-vs-crownplain,blue,75,draw,round-limit,30,1,3,5,4,160,68,1,2
crown-vs-crownplain,blue,76,draw,round-limit,30,1,1,5,13,165,54,1,1
crown-vs-crownplain,blue,77,draw,round-limit,30,2,3,9,2,184,72,1,3
crown-vs-crownplain,blue,78,draw,round-limit,30,2,4,8,11,201,65,2,2
crown-vs-crownplain,blue,79,draw,round-limit,30,2,6,7,12,152,57,1,2
crown-vs-crownplain,blue,80,draw,round-limit,30,2,5,4,14,181,66,1,1
crown-vs-crownplain,blue,81,draw,round-limit,30,2,3,7,7,156,55,2,2
crown-vs-crownplain,blue,82,draw,round-limit,30,2,4,12,9,167,47,1,3
crown-vs-crownplain,blue,83,draw,round-limit,30,2,9,8,5,183,66,2,3
crown-vs-crownplain,blue,84,draw,round-limit,30,0,1,6,13,144,39,0,2
crown-vs-crownplain,blue,85,draw,round-limit,30,2,3,11,10,179,46,1,3
crown-vs-crownplain,blue,86,draw,round-limit,30,2,6,7,3,173,60,1,2
crown-vs-crownplain,blue,87,draw,round-limit,30,1,5,6,8,168,64,3,2
crown-vs-crownplain,blue,88,draw,round-limit,30,2,5,8,12,184,63,1,3
crown-vs-crownplain,blue,89,draw,round-limit,30,2,2,6,19,161,56,0,2
crown-vs-crownplain,blue,90,draw,round-limit,30,3,4,9,7,196,81,1,2
crown-vs-crownplain,blue,91,draw,round-limit,30,1,2,5,5,212,63,1,1
crown-vs-crownplain,blue,92,draw,round-limit,30,2,4,10,10,164,60,1,3
crown-vs-crownplain,blue,93,b,keep-captured,20,2,3,7,0,113,29,0,1
crown-vs-crownplain,blue,94,draw,round-limit,30,2,3,8,11,166,61,2,2
crown-vs-crownplain,blue,95,draw,round-limit,30,2,6,8,10,168,76,1,3
crown-vs-crownplain,blue,96,draw,round-limit,30,2,5,10,13,197,72,1,2
crown-vs-crownplain,blue,97,draw,round-limit,30,2,2,7,6,173,60,0,2
crown-vs-crownplain,blue,98,draw,round-limit,30,2,3,5,5,171,55,1,2
crown-vs-crownplain,blue,99,draw,round-limit,30,2,4,7,5,128,47,1,2
crown-vs-crownplain,blue,100,draw,round-limit,30,2,3,9,6,178,57,1,2
crown-vs-crownplain,blue,101,draw,round-limit,30,2,7,5,13,173,67,1,2
crown-vs-crownplain,blue,102,draw,round-limit,30,1,5,8,10,187,43,2,2
crown-vs-crownplain,blue,103,draw,round-limit,30,3,4,11,11,156,59,2,3
crown-vs-crownplain,blue,104,b,keep-captured,12,2,4,3,2,62,27,1,1
crown-vs-crownplain,blue,105,draw,round-limit,30,2,8,7,8,160,65,1,4
crown-vs-crownplain,blue,106,draw,round-limit,30,2,0,4,4,182,56,0,3
crown-vs-crownplain,blue,107,draw,round-limit,30,0,3,6,11,169,63,0,3
crown-vs-crownplain,blue,108,draw,round-limit,30,2,3,10,3,182,64,1,2
crown-vs-crownplain,blue,109,draw,round-limit,30,2,7,4,7,163,69,1,2
crown-vs-crownplain,blue,110,draw,round-limit,30,2,7,7,7,187,61,2,2
crown-vs-crownplain,blue,111,draw,round-limit,30,1,5,7,14,176,59,0,2
crown-vs-crownplain,blue,112,draw,round-limit,30,2,5,11,12,137,37,1,3
crown-vs-crownplain,blue,113,draw,round-limit,30,2,3,8,10,153,42,1,2
crown-vs-crownplain,blue,114,draw,round-limit,30,1,5,5,14,166,67,2,2
crown-vs-crownplain,blue,115,draw,round-limit,30,1,5,7,13,177,62,2,3
crown-vs-crownplain,blue,116,draw,round-limit,30,1,3,9,10,177,56,1,4
crown-vs-crownplain,blue,117,draw,round-limit,30,2,4,10,16,195,62,1,2
crown-vs-crownplain,blue,118,draw,round-limit,30,2,8,9,18,152,57,2,2
crown-vs-crownplain,blue,119,draw,round-limit,30,4,7,9,17,156,58,0,3
crown-vs-crownplain,blue,120,draw,round-limit,30,2,1,6,7,202,39,0,2
crown-vs-crownplain,blue,121,draw,round-limit,30,2,5,9,13,136,72,0,2
crown-vs-crownplain,blue,122,draw,round-limit,30,2,10,8,11,177,61,1,3
crown-vs-crownplain,blue,123,draw,round-limit,30,1,3,4,8,160,55,1,1
crown-vs-crownplain,blue,124,draw,round-limit,30,1,6,7,10,170,64,2,3
crown-vs-crownplain,blue,125,draw,round-limit,30,3,3,9,4,191,45,1,2
crown-vs-crownplain,blue,126,draw,round-limit,30,2,4,3,10,163,42,1,1
crown-vs-crownplain,blue,127,draw,round-limit,30,1,3,9,13,164,58,1,2
crown-vs-crownplain,blue,128,draw,round-limit,30,2,5,8,7,197,37,1,1
crown-vs-crownplain,blue,129,b,keep-captured,19,2,4,4,9,99,42,1,2
crown-vs-crownplain,blue,130,draw,round-limit,30,0,5,4,9,165,55,1,1
crown-vs-crownplain,blue,131,draw,round-limit,30,1,4,9,12,159,63,2,2
crown-vs-crownplain,blue,132,draw,round-limit,30,2,4,7,8,170,60,2,3
crown-vs-crownplain,blue,133,draw,round-limit,30,0,2,8,12,140,43,1,2
crown-vs-crownplain,blue,134,draw,round-limit,30,2,4,10,7,179,58,2,2
crown-vs-crownplain,blue,135,draw,round-limit,30,2,5,12,10,187,56,2,3
crown-vs-crownplain,blue,136,draw,round-limit,30,1,3,7,11,196,55,1,2
crown-vs-crownplain,blue,137,draw,round-limit,30,5,2,13,9,207,56,0,3
crown-vs-crownplain,blue,138,draw,round-limit,30,2,6,7,6,159,50,2,2
crown-vs-crownplain,blue,139,draw,round-limit,30,3,4,8,8,157,55,2,2
crown-vs-crownplain,blue,140,b,keep-captured,4,0,1,2,3,20,8,0,0
crown-vs-crownplain,blue,141,draw,round-limit,30,2,3,7,7,179,53,1,3
crown-vs-crownplain,blue,142,draw,round-limit,30,3,7,7,6,179,75,1,3
crown-vs-crownplain,blue,143,draw,round-limit,30,0,5,10,20,147,46,1,2
crown-vs-crownplain,blue,144,b,keep-captured,23,3,12,6,7,137,58,0,2
crown-vs-crownplain,blue,145,draw,round-limit,30,2,4,10,1,181,57,1,3
crown-vs-crownplain,blue,146,draw,round-limit,30,2,6,6,4,171,47,1,3
crown-vs-crownplain,blue,147,draw,round-limit,30,0,6,11,8,179,71,1,3
crown-vs-crownplain,blue,148,draw,round-limit,30,2,4,6,8,166,51,1,3
crown-vs-crownplain,blue,149,draw,round-limit,30,2,3,5,13,182,50,0,2
crown-vs-crownplain,blue,150,draw,round-limit,30,0,7,9,13,138,49,1,2
crown-vs-crownplain,blue,151,draw,round-limit,30,1,4,6,14,184,47,1,3
crown-vs-crownplain,blue,152,draw,round-limit,30,2,5,7,11,164,52,1,2
crown-vs-crownplain,blue,153,draw,round-limit,30,2,6,10,13,201,67,1,2
crown-vs-crownplain,blue,154,draw,round-limit,30,2,7,6,8,138,30,1,2
crown-vs-crownplain,blue,155,draw,round-limit,30,2,7,5,16,171,49,1,1
crown-vs-crownplain,blue,156,draw,round-limit,30,2,7,11,14,124,48,2,2
crown-vs-crownplain,blue,157,draw,round-limit,30,2,3,8,10,197,67,2,3
crown-vs-crownplain,blue,158,draw,round-limit,30,1,3,9,7,191,66,1,2
crown-vs-crownplain,blue,159,draw,round-limit,30,2,3,5,7,183,51,0,1
crown-vs-crownplain,blue,160,b,keep-captured,5,1,1,1,6,19,9,0,0
crown-vs-crownplain,blue,161,draw,round-limit,30,1,5,6,3,186,73,2,2
crown-vs-crownplain,blue,162,draw,round-limit,30,1,7,11,7,169,48,1,2
crown-vs-crownplain,blue,163,draw,round-limit,30,2,6,4,3,194,46,2,3
crown-vs-crownplain,blue,164,draw,round-limit,30,4,9,10,10,160,59,1,2
crown-vs-crownplain,blue,165,draw,round-limit,30,2,5,10,17,181,66,1,2
crown-vs-crownplain,blue,166,draw,round-limit,30,1,3,4,8,134,64,1,2
crown-vs-crownplain,blue,167,draw,round-limit,30,2,3,6,10,170,50,1,3
crown-vs-crownplain,blue,168,draw,round-limit,30,2,4,5,4,174,45,0,2
crown-vs-crownplain,blue,169,draw,round-limit,30,2,6,9,6,160,39,1,2
crown-vs-crownplain,blue,170,draw,round-limit,30,1,5,9,10,127,43,1,3
crown-vs-crownplain,blue,171,draw,round-limit,30,2,1,7,8,214,58,0,2
crown-vs-crownplain,blue,172,draw,round-limit,30,1,6,5,13,177,54,0,2
crown-vs-crownplain,blue,173,draw,round-limit,30,1,8,6,6,157,68,2,2
crown-vs-crownplain,blue,174,draw,round-limit,30,2,3,7,11,192,65,1,3
crown-vs-crownplain,blue,175,draw,round-limit,30,2,6,5,17,139,39,1,1
crown-vs-crownplain,blue,176,draw,round-limit,30,2,7,8,14,164,63,2,3
crown-vs-crownplain,blue,177,draw,round-limit,30,1,2,10,11,137,61,0,3
crown-vs-crownplain,blue,178,draw,round-limit,30,1,3,7,5,145,51,1,2
crown-vs-crownplain,blue,179,draw,round-limit,30,3,7,6,10,140,59,0,2
crown-vs-crownplain,blue,180,draw,round-limit,30,2,3,7,6,157,53,2,2
crown-vs-crownplain,blue,181,draw,round-limit,30,3,4,3,6,162,62,1,2
crown-vs-crownplain,blue,182,draw,round-limit,30,1,4,11,7,171,45,1,3
crown-vs-crownplain,blue,183,draw,round-limit,30,1,4,10,8,193,42,1,3
crown-vs-crownplain,blue,184,draw,round-limit,30,2,4,11,16,160,60,1,3
crown-vs-crownplain,blue,185,draw,round-limit,30,2,4,7,10,135,51,0,2
crown-vs-crownplain,blue,186,b,keep-captured,18,1,2,7,12,82,27,0,1
crown-vs-crownplain,blue,187,draw,round-limit,30,3,5,12,14,156,54,2,2
crown-vs-crownplain,blue,188,b,keep-captured,7,1,1,3,6,37,14,0,1
crown-vs-crownplain,blue,189,draw,round-limit,30,3,3,9,9,165,45,1,3
crown-vs-crownplain,blue,190,draw,round-limit,30,2,4,4,14,157,56,1,2
crown-vs-crownplain,blue,191,draw,round-limit,30,2,4,8,7,204,70,1,1
crown-vs-crownplain,blue,192,draw,round-limit,30,1,3,4,6,203,66,0,1
crown-vs-crownplain,blue,193,draw,round-limit,30,3,3,9,8,157,62,0,2
crown-vs-crownplain,blue,194,draw,round-limit,30,1,2,8,8,147,43,1,3
crown-vs-crownplain,blue,195,draw,round-limit,30,1,6,12,4,140,34,3,2
crown-vs-crownplain,blue,196,draw,round-limit,30,1,4,7,11,146,39,1,2
crown-vs-crownplain,blue,197,draw,round-limit,30,2,4,6,11,197,58,1,2
crown-vs-crownplain,blue,198,b,keep-captured,7,0,1,4,8,34,17,0,1
crown-vs-crownplain,blue,199,draw,round-limit,30,2,7,11,12,177,47,1,2
crown-vs-crownplain,blue,200,draw,round-limit,30,2,8,11,16,162,46,2,3
crown-vs-crownplain,red,1,draw,round-limit,30,2,3,9,11,144,70,2,1
crown-vs-crownplain,red,2,draw,round-limit,30,2,4,7,19,166,68,1,1
crown-vs-crownplain,red,3,draw,round-limit,30,3,6,9,11,142,63,3,2
crown-vs-crownplain,red,4,draw,round-limit,30,2,4,1,7,150,71,3,1
crown-vs-crownplain,red,5,draw,round-limit,30,2,7,8,9,179,73,2,1
crown-vs-crownplain,red,6,draw,round-limit,30,1,8,10,9,182,86,2,1
crown-vs-crownplain,red,7,draw,round-limit,30,1,7,6,11,158,50,2,2
crown-vs-crownplain,red,8,draw,round-limit,30,1,5,11,10,200,70,1,3
crown-vs-crownplain,red,9,draw,round-limit,30,2,5,6,13,168,57,1,0
crown-vs-crownplain,red,10,draw,round-limit,30,1,7,4,8,144,67,2,2
crown-vs-crownplain,red,11,draw,round-limit,30,3,6,9,12,165,74,1,2
crown-vs-crownplain,red,12,draw,round-limit,30,3,6,6,10,165,73,2,1
crown-vs-crownplain,red,13,draw,round-limit,30,2,5,5,10,170,80,2,2
crown-vs-crownplain,red,14,draw,round-limit,30,1,8,5,10,152,64,2,1
crown-vs-crownplain,red,15,draw,round-limit,30,2,6,8,11,165,49,2,2
crown-vs-crownplain,red,16,draw,round-limit,30,1,5,6,9,173,61,1,2
crown-vs-crownplain,red,17,draw,round-limit,30,2,7,12,9,187,58,3,2
crown-vs-crownplain,red,18,draw,round-limit,30,1,8,5,5,174,61,2,2
crown-vs-crownplain,red,19,draw,round-limit,30,2,10,7,3,168,55,2,1
crown-vs-crownplain,red,20,draw,round-limit,30,3,8,5,9,154,63,3,1
crown-vs-crownplain,red,21,draw,round-limit,30,2,1,4,13,155,51,0,1
crown-vs-crownplain,red,22,draw,round-limit,30,2,6,5,13,119,50,3,2
crown-vs-crownplain,red,23,draw,round-limit,30,1,6,8,8,180,40,2,2
crown-vs-crownplain,red,24,draw,round-limit,30,2,4,10,8,168,60,2,2
crown-vs-crownplain,red,25,draw,round-limit,30,2,3,7,4,170,57,1,3
crown-vs-crownplain,red,26,draw,round-limit,30,2,6,3,15,182,71,1,1
crown-vs-crownplain,red,27,draw,round-limit,30,3,6,4,8,179,66,2,2
crown-vs-crownplain,red,28,draw,round-limit,30,2,6,5,7,156,56,1,1
crown-vs-crownplain,red,29,draw,round-limit,30,1,3,4,3,175,40,1,1
crown-vs-crownplain,red,30,draw,round-limit,30,3,4,4,14,152,86,1,1
crown-vs-crownplain,red,31,draw,round-limit,30,2,8,7,2,156,59,3,2
crown-vs-crownplain,red,32,draw,round-limit,30,4,6,8,6,144,60,2,2
crown-vs-crownplain,red,33,draw,round-limit,30,3,7,7,4,168,65,3,2
crown-vs-crownplain,red,34,draw,round-limit,30,2,6,10,6,149,70,1,2
crown-vs-crownplain,red,35,draw,round-limit,30,3,5,5,7,171,61,2,0
crown-vs-crownplain,red,36,draw,round-limit,30,3,5,2,13,171,79,1,1
crown-vs-crownplain,red,37,draw,round-limit,30,2,4,5,7,171,91,2,2
crown-vs-crownplain,red,38,draw,round-limit,30,4,4,3,7,154,73,1,0
crown-vs-crownplain,red,39,draw,round-limit,30,2,8,9,6,171,64,3,2
crown-vs-crownplain,red,40,draw,round-limit,30,3,7,8,10,147,52,3,4
crown-vs-crownplain,red,41,draw,round-limit,30,1,5,6,7,149,88,2,2
crown-vs-crownplain,red,42,draw,round-limit,30,1,9,12,8,150,69,4,2
crown-vs-crownplain,red,43,draw,round-limit,30,3,5,6,10,191,48,2,3
crown-vs-crownplain,red,44,draw,round-limit,30,2,3,10,6,168,54,1,2
crown-vs-crownplain,red,45,draw,round-limit,30,2,6,4,4,165,56,2,1
crown-vs-crownplain,red,46,draw,round-limit,30,3,3,9,6,189,66,1,2
crown-vs-crownplain,red,47,draw,round-limit,30,2,6,15,14,143,71,2,3
crown-vs-crownplain,red,48,draw,round-limit,30,2,5,5,11,153,79,1,1
crown-vs-crownplain,red,49,draw,round-limit,30,3,8,5,12,126,42,3,1
crown-vs-crownplain,red,50,draw,round-limit,30,3,6,6,8,186,60,2,2
crown-vs-crownplain,red,51,draw,round-limit,30,2,3,4,8,187,58,1,1
crown-vs-crownplain,red,52,draw,round-limit,30,2,9,9,6,171,68,2,2
crown-vs-crownplain,red,53,draw,round-limit,30,1,5,11,21,165,56,1,3
crown-vs-crownplain,red,54,draw,round-limit,30,2,7,6,10,183,57,3,1
crown-vs-crownplain,red,55,draw,round-limit,30,2,7,5,10,169,55,2,1
crown-vs-crownplain,red,56,draw,round-limit,30,2,6,9,7,177,57,3,1
crown-vs-crownplain,red,57,draw,round-limit,30,2,5,6,14,126,51,1,2
crown-vs-crownplain,red,58,draw,round-limit,30,2,7,3,6,173,52,2,1
crown-vs-crownplain,red,59,draw,round-limit,30,5,8,10,9,163,65,2,3
crown-vs-crownplain,red,60,draw,round-limit,30,2,4,5,3,165,56,2,2
crown-vs-crownplain,red,61,draw,round-limit,30,3,6,1,8,174,78,2,0
crown-vs-crownplain,red,62,draw,round-limit,30,2,5,5,8,138,69,3,2
crown-vs-crownplain,red,63,draw,round-limit,30,3,9,8,10,157,73,3,2
crown-vs-crownplain,red,64,draw,round-limit,30,2,7,7,7,185,58,3,2
crown-vs-crownplain,red,65,draw,round-limit,30,1,6,6,11,181,51,1,1
crown-vs-crownplain,red,66,draw,round-limit,30,3,8,4,6,158,60,2,1
crown-vs-crownplain,red,67,draw,round-limit,30,2,5,3,5,170,52,3,1
crown-vs-crownplain,red,68,draw,round-limit,30,5,6,5,9,175,55,2,2
crown-vs-crownplain,red,69,draw,round-limit,30,1,4,6,8,170,66,3,3
crown-vs-crownplain,red,70,draw,round-limit,30,1,6,11,14,154,69,1,2
crown-vs-crownplain,red,71,draw,round-limit,30,2,5,2,9,193,63,2,0
crown-vs-crownplain,red,72,draw,round-limit,30,2,5,9,13,153,55,2,2
crown-vs-crownplain,red,73,draw,round-limit,30,1,6,7,14,157,54,1,2
crown-vs-crownplain,red,74,draw,round-limit,30,2,4,7,5,154,68,2,1
crown-vs-crownplain,red,75,draw,round-limit,30,3,4,7,9,189,63,2,0
crown-vs-crownplain,red,76,draw,round-limit,30,5,5,9,6,171,64,2,2
crown-vs-crownplain,red,77,draw,round-limit,30,4,6,4,11,181,59,3,0
crown-vs-crownplain,red,78,draw,round-limit,30,1,7,3,15,180,58,2,2
crown-vs-crownplain,red,79,draw,round-limit,30,2,5,9,4,193,70,3,2
crown-vs-crownplain,red,80,draw,round-limit,30,2,6,9,10,171,64,2,2
crown-vs-crownplain,red,81,draw,round-limit,30,2,8,6,15,160,68,2,2
crown-vs-crownplain,red,82,draw,round-limit,30,1,5,4,3,162,66,1,2
crown-vs-crownplain,red,83,draw,round-limit,30,2,5,5,12,169,69,2,2
crown-vs-crownplain,red,84,draw,round-limit,30,4,6,7,10,184,51,1,1
crown-vs-crownplain,red,85,draw,round-limit,30,2,8,5,13,169,59,2,1
crown-vs-crownplain,red,86,draw,round-limit,30,2,2,6,7,176,59,1,2
crown-vs-crownplain,red,87,draw,round-limit,30,2,7,11,8,168,53,2,1
crown-vs-crownplain,red,88,draw,round-limit,30,2,4,5,12,158,64,1,1
crown-vs-crownplain,red,89,draw,round-limit,30,2,5,3,12,164,55,2,2
crown-vs-crownplain,red,90,draw,round-limit,30,3,6,4,16,162,92,0,2
crown-vs-crownplain,red,91,draw,round-limit,30,3,10,5,14,141,85,3,2
crown-vs-crownplain,red,92,draw,round-limit,30,4,6,4,7,130,59,2,1
crown-vs-crownplain,red,93,draw,round-limit,30,4,6,4,12,166,84,2,0
crown-vs-crownplain,red,94,draw,round-limit,30,3,6,5,3,181,41,1,2
crown-vs-crownplain,red,95,draw,round-limit,30,2,3,3,1,143,59,2,1
crown-vs-crownplain,red,96,draw,round-limit,30,2,5,4,12,151,53,1,1
crown-vs-crownplain,red,97,draw,round-limit,30,5,4,6,6,166,52,2,1
crown-vs-crownplain,red,98,draw,round-limit,30,2,6,3,12,159,69,2,1
crown-vs-crownplain,red,99,draw,round-limit,30,2,5,10,10,150,40,1,2
crown-vs-crownplain,red,100,draw,round-limit,30,2,5,11,13,171,64,2,2
crown-vs-crownplain,red,101,draw,round-limit,30,1,4,4,2,193,67,2,1
crown-vs-crownplain,red,102,draw,round-limit,30,2,3,4,9,164,60,0,1
crown-vs-crownplain,red,103,draw,round-limit,30,1,9,5,6,183,62,2,1
crown-vs-crownplain,red,104,draw,round-limit,30,1,5,5,16,148,53,2,2
crown-vs-crownplain,red,105,draw,round-limit,30,2,9,7,10,158,38,3,1
crown-vs-crownplain,red,106,b,keep-captured,21,2,3,5,7,112,49,1,1
crown-vs-crownplain,red,107,draw,round-limit,30,2,6,6,2,156,65,3,2
crown-vs-crownplain,red,108,draw,round-limit,30,5,8,4,5,171,70,2,2
crown-vs-crownplain,red,109,draw,round-limit,30,1,3,3,5,171,63,1,1
crown-vs-crownplain,red,110,draw,round-limit,30,2,4,9,4,150,62,2,2
crown-vs-crownplain,red,111,draw,round-limit,30,3,4,9,5,183,47,1,3
crown-vs-crownplain,red,112,draw,round-limit,30,4,5,7,13,141,44,2,1
crown-vs-crownplain,red,113,draw,round-limit,30,2,11,5,12,183,84,4,2
crown-vs-crownplain,red,114,draw,round-limit,30,4,3,3,7,162,68,2,1
crown-vs-crownplain,red,115,draw,round-limit,30,3,6,16,15,165,64,2,3
crown-vs-crownplain,red,116,draw,round-limit,30,3,7,5,13,158,59,2,1
crown-vs-crownplain,red,117,draw,round-limit,30,1,4,6,7,166,62,1,2
crown-vs-crownplain,red,118,draw,round-limit,30,2,6,8,7,175,60,2,2
crown-vs-crownplain,red,119,draw,round-limit,30,2,2,8,2,181,44,1,2
crown-vs-crownplain,red,120,draw,round-limit,30,1,5,6,2,159,48,2,1
crown-vs-crownplain,red,121,draw,round-limit,30,5,7,7,6,157,67,3,2
crown-vs-crownplain,red,122,draw,round-limit,30,1,2,6,6,161,75,1,2
crown-vs-crownplain,red,123,draw,round-limit,30,4,5,8,8,171,61,1,1
crown-vs-crownplain,red,124,draw,round-limit,30,1,6,6,7,183,64,4,1
crown-vs-crownplain,red,125,draw,round-limit,30,2,3,4,8,183,73,1,2
crown-vs-crownplain,red,126,draw,round-limit,30,3,5,7,8,138,40,0,2
crown-vs-crownplain,red,127,draw,round-limit,30,1,7,6,3,152,50,3,1
crown-vs-crownplain,red,128,draw,round-limit,30,3,9,7,11,168,50,3,2
crown-vs-crownplain,red,129,draw,round-limit,30,2,7,6,17,157,69,2,2
crown-vs-crownplain,red,130,draw,round-limit,30,3,10,9,12,145,61,3,1
crown-vs-crownplain,red,131,draw,round-limit,30,1,7,4,13,177,56,2,2
crown-vs-crownplain,red,132,draw,round-limit,30,2,7,8,17,170,80,3,1
crown-vs-crownplain,red,133,draw,round-limit,30,2,10,6,7,144,49,3,1
crown-vs-crownplain,red,134,draw,round-limit,30,2,5,7,21,154,80,2,2
crown-vs-crownplain,red,135,draw,round-limit,30,3,4,7,9,174,80,2,1
crown-vs-crownplain,red,136,draw,round-limit,30,2,6,3,11,168,57,2,1
crown-vs-crownplain,red,137,draw,round-limit,30,2,5,3,15,141,52,3,0
crown-vs-crownplain,red,138,draw,round-limit,30,1,4,6,7,187,45,1,2
crown-vs-crownplain,red,139,draw,round-limit,30,3,5,4,12,139,45,2,2
crown-vs-crownplain,red,140,draw,round-limit,30,3,7,9,9,186,70,2,2
crown-vs-crownplain,red,141,draw,round-limit,30,2,6,9,14,171,78,2,3
crown-vs-crownplain,red,142,draw,round-limit,30,2,4,7,10,174,68,2,2
crown-vs-crownplain,red,143,draw,round-limit,30,3,4,4,9,156,63,1,3
crown-vs-crownplain,red,144,draw,round-limit,30,1,4,14,8,155,31,1,1
crown-vs-crownplain,red,145,draw,round-limit,30,3,7,6,13,171,61,2,2
crown-vs-crownplain,red,146,draw,round-limit,30,2,2,6,8,171,43,0,1
crown-vs-crownplain,red,147,draw,round-limit,30,1,4,5,12,172,41,1,0
crown-vs-crownplain,red,148,draw,round-limit,30,2,2,1,9,181,62,0,1
crown-vs-crownplain,red,149,draw,round-limit,30,3,6,3,7,141,45,2,1
crown-vs-crownplain,red,150,draw,round-limit,30,2,5,2,22,156,69,1,1
crown-vs-crownplain,red,151,draw,round-limit,30,1,8,4,11,142,80,2,1
crown-vs-crownplain,red,152,draw,round-limit,30,1,7,5,11,159,45,1,3
crown-vs-crownplain,red,153,draw,round-limit,30,1,6,9,13,146,40,2,2
crown-vs-crownplain,red,154,draw,round-limit,30,4,5,9,7,163,52,2,2
crown-vs-crownplain,red,155,draw,round-limit,30,1,4,6,12,151,54,1,1
crown-vs-crownplain,red,156,draw,round-limit,30,3,4,6,12,177,59,1,1
crown-vs-crownplain,red,157,draw,round-limit,30,5,4,6,6,184,55,2,3
crown-vs-crownplain,red,158,draw,round-limit,30,2,4,4,22,167,60,1,2
crown-vs-crownplain,red,159,draw,round-limit,30,2,3,10,10,184,66,1,3
crown-vs-crownplain,red,160,draw,round-limit,30,3,6,10,13,171,60,2,2
crown-vs-crownplain,red,161,draw,round-limit,30,3,9,5,7,165,65,3,1
crown-vs-crownplain,red,162,draw,round-limit,30,2,6,6,12,177,92,2,1
crown-vs-crownplain,red,163,draw,round-limit,30,4,5,9,15,171,61,2,4
crown-vs-crownplain,red,164,draw,round-limit,30,2,5,8,10,130,56,2,1
crown-vs-crownplain,red,165,draw,round-limit,30,2,5,6,8,180,56,2,2
crown-vs-crownplain,red,166,draw,round-limit,30,1,10,7,9,160,56,3,2
crown-vs-crownplain,red,167,draw,round-limit,30,1,5,4,9,168,46,1,1
crown-vs-crownplain,red,168,draw,round-limit,30,1,5,5,4,164,52,1,1
crown-vs-crownplain,red,169,draw,round-limit,30,2,7,14,9,161,47,3,2
crown-vs-crownplain,red,170,draw,round-limit,30,2,6,9,4,143,44,1,3
crown-vs-crownplain,red,171,draw,round-limit,30,2,5,10,10,151,55,1,2
crown-vs-crownplain,red,172,draw,round-limit,30,3,2,6,12,133,63,1,1
crown-vs-crownplain,red,173,draw,round-limit,30,2,5,7,7,178,58,1,3
crown-vs-crownplain,red,174,draw,round-limit,30,2,5,4,3,170,75,3,2
crown-vs-crownplain,red,175,draw,round-limit,30,2,6,8,9,165,55,2,1
crown-vs-crownplain,red,176,draw,round-limit,30,3,6,3,14,188,65,3,1
crown-vs-crownplain,red,177,draw,round-limit,30,2,6,4,8,195,66,3,1
crown-vs-crownplain,red,178,draw,round-limit,30,3,5,6,12,129,85,0,2
crown-vs-crownplain,red,179,draw,round-limit,30,2,4,10,11,181,55,2,3
crown-vs-crownplain,red,180,draw,round-limit,30,1,5,4,6,173,62,3,1
crown-vs-crownplain,red,181,draw,round-limit,30,4,5,12,6,176,50,2,2
crown-vs-crownplain,red,182,draw,round-limit,30,1,1,5,10,130,41,0,1
crown-vs-crownplain,red,183,draw,round-limit,30,1,6,4,14,180,73,3,2
crown-vs-crownplain,red,184,draw,round-limit,30,1,7,5,6,201,79,2,2
crown-vs-crownplain,red,185,draw,round-limit,30,2,8,8,5,171,74,2,3
crown-vs-crownplain,red,186,draw,round-limit,30,3,11,8,9,154,60,2,2
crown-vs-crownplain,red,187,draw,round-limit,30,2,5,4,10,199,78,3,1
crown-vs-crownplain,red,188,draw,round-limit,30,2,4,9,5,189,69,2,2
crown-vs-crownplain,red,189,draw,round-limit,30,6,7,8,13,163,65,2,2
crown-vs-crownplain,red,190,draw,round-limit,30,2,5,12,5,195,74,2,2
crown-vs-crownplain,red,191,draw,round-limit,30,3,6,7,4,152,53,1,4
crown-vs-crownplain,red,192,draw,round-limit,30,3,5,12,8,170,70,1,2
crown-vs-crownplain,red,193,draw,round-limit,30,2,9,8,16,151,58,1,1
crown-vs-crownplain,red,194,draw,round-limit,30,3,7,3,12,154,51,2,1
crown-vs-crownplain,red,195,draw,round-limit,30,3,4,6,16,165,69,1,2
crown-vs-crownplain,red,196,draw,round-limit,30,2,8,8,8,168,75,3,1
crown-vs-crownplain,red,197,draw,round-limit,30,2,7,7,4,154,75,3,2
crown-vs-crownplain,red,198,draw,round-limit,30,2,5,10,10,178,50,2,1
crown-vs-crownplain,red,199,draw,round-limit,30,3,6,8,10,172,67,2,1
crown-vs-crownplain,red,200,draw,round-limit,30,2,4,10,13,185,63,2,2
line-vs-noline,blue,1,draw,round-limit,30,2,6,13,7,161,145,2,3
line-vs-noline,blue,2,draw,round-limit,30,3,3,10,9,193,154,1,4
line-vs-noline,blue,3,draw,round-limit,30,1,3,8,9,132,155,1,4
line-vs-noline,blue,4,draw,round-limit,30,2,4,4,14,202,184,1,2
line-vs-noline,blue,5,draw,round-limit,30,1,6,4,12,179,162,2,2
line-vs-noline,blue,6,draw,round-limit,30,0,6,11,7,168,164,1,4
line-vs-noline,blue,7,draw,round-limit,30,1,10,7,12,144,167,2,3
line-vs-noline,blue,8,draw,round-limit,30,2,6,5,10,175,176,3,2
line-vs-noline,blue,9,draw,round-limit,30,1,4,6,9,158,152,2,4
line-vs-noline,blue,10,draw,round-limit,30,3,6,8,18,145,169,1,3
line-vs-noline,blue,11,draw,round-limit,30,2,5,7,10,143,173,3,3
line-vs-noline,blue,12,draw,round-limit,30,2,6,8,10,167,168,2,3
line-vs-noline,blue,13,draw,round-limit,30,2,3,10,12,165,168,1,4
line-vs-noline,blue,14,draw,round-limit,30,1,5,8,8,168,173,1,3
line-vs-noline,blue,15,draw,round-limit,30,1,4,8,5,185,154,1,4
line-vs-noline,blue,16,draw,round-limit,30,4,8,7,9,126,180,1,2
line-vs-noline,blue,17,draw,round-limit,30,7,3,4,4,175,139,1,2
line-vs-noline,blue,18,draw,round-limit,30,2,4,5,7,165,170,1,2
line-vs-noline,blue,19,draw,round-limit,30,2,4,8,5,175,141,1,1
line-vs-noline,blue,20,draw,round-limit,30,4,3,10,4,188,129,1,2
line-vs-noline,blue,21,draw,round-limit,30,2,5,5,9,158,127,2,2
line-vs-noline,blue,22,draw,round-limit,30,2,4,8,8,181,129,1,4
line-vs-noline,blue,23,draw,round-limit,30,1,3,10,6,167,170,0,4
line-vs-noline,blue,24,draw,round-limit,30,3,6,9,13,190,177,1,4
line-vs-noline,blue,25,draw,round-limit,30,4,5,4,3,156,150,1,1
line-vs-noline,blue,26,draw,round-limit,30,1,5,9,6,169,155,2,3
line-vs-noline,blue,27,draw,round-limit,30,1,4,4,13,164,198,0,2
line-vs-noline,blue,28,draw,round-limit,30,6,4,5,7,174,138,1,2
line-vs-noline,blue,29,draw,round-limit,30,1,4,9,8,198,171,1,3
line-vs-noline,blue,30,draw,round-limit,30,1,8,7,9,179,152,2,4
line-vs-noline,blue,31,draw,round-limit,30,2,4,6,9,180,131,1,2
line-vs-noline,blue,32,draw,round-limit,30,2,2,9,10,131,187,0,3
line-vs-noline,blue,33,draw,round-limit,30,3,11,8,11,130,127,2,3
line-vs-noline,blue,34,draw,round-limit,30,2,7,7,6,134,157,3,3
line-vs-noline,blue,35,draw,round-limit,30,1,6,3,4,151,185,1,2
line-vs-noline,blue,36,b,keep-captured,15,2,4,6,15,69,73,0,2
line-vs-noline,blue,37,draw,round-limit,30,3,3,9,8,181,135,1,2
line-vs-noline,blue,38,draw,round-limit,30,1,3,6,6,195,158,0,3
line-vs-noline,blue,39,draw,round-limit,30,2,4,5,2,187,169,1,3
line-vs-noline,blue,40,draw,round-limit,30,1,6,7,12,157,156,1,2
line-vs-noline,blue,41,draw,round-limit,30,3,3,5,6,187,118,1,2
line-vs-noline,blue,42,draw,round-limit,30,1,7,5,11,167,131,1,1
line-vs-noline,blue,43,draw,round-limit,30,2,9,5,11,182,171,2,3
line-vs-noline,blue,44,draw,round-limit,30,4,5,7,8,166,165,2,2
line-vs-noline,blue,45,draw,round-limit,30,1,6,7,16,169,191,1,2
line-vs-noline,blue,46,draw,round-limit,30,1,5,7,8,153,164,2,3
line-vs-noline,blue,47,draw,round-limit,30,2,5,8,15,155,146,0,2
line-vs-noline,blue,48,draw,round-limit,30,2,4,6,13,160,147,2,2
line-vs-noline,blue,49,draw,round-limit,30,1,3,6,7,135,134,1,3
line-vs-noline,blue,50,draw,round-limit,30,2,3,7,12,189,199,1,2
line-vs-noline,blue,51,draw,round-limit,30,1,2,5,12,170,189,0,2
line-vs-noline,blue,52,draw,round-limit,30,3,3,9,16,185,159,1,3
line-vs-noline,blue,53,draw,round-limit,30,5,6,8,16,171,160,3,3
line-vs-noline,blue,54,draw,round-limit,30,1,7,4,10,135,170,2,1
line-vs-noline,blue,55,draw,round-limit,30,2,3,5,7,178,172,1,2
line-vs-noline,blue,56,draw,round-limit,30,1,2,7,11,179,152,0,3
line-vs-noline,blue,57,draw,round-limit,30,2,5,7,13,168,161,2,2
line-vs-noline,blue,58,draw,round-limit,30,1,4,7,8,172,199,1,3
line-vs-noline,blue,59,draw,round-limit,30,2,6,10,13,178,174,3,4
line-vs-noline,blue,60,draw,round-limit,30,3,5,7,15,136,166,2,4
line-vs-noline,blue,61,draw,round-limit,30,2,9,5,8,185,170,1,2
line-vs-noline,blue,62,draw,round-limit,30,1,1,8,6,194,141,0,2
line-vs-noline,blue,63,draw,round-limit,30,4,4,6,7,163,134,2,3
line-vs-noline,blue,64,draw,round-limit,30,2,5,6,10,154,165,1,1
line-vs-noline,blue,65,draw,round-limit,30,2,5,7,10,165,166,1,4
line-vs-noline,blue,66,draw,round-limit,30,1,3,7,5,187,197,0,3
line-vs-noline,blue,67,draw,round-limit,30,4,4,7,12,188,151,1,3
line-vs-noline,blue,68,draw,round-limit,30,3,5,7,19,165,167,1,2
line-vs-noline,blue,69,draw,round-limit,30,2,3,11,6,193,151,2,4
line-vs-noline,blue,70,draw,round-limit,30,2,8,7,6,138,143,2,2
line-vs-noline,blue,71,draw,round-limit,30,1,5,5,16,164,201,2,2
line-vs-noline,blue,72,draw,round-limit,30,4,6,7,7,181,163,2,2
line-vs-noline,blue,73,draw,round-limit,30,2,6,6,11,151,169,1,3
line-vs-noline,blue,74,draw,round-limit,30,2,6,10,5,149,163,1,2
line-vs-noline,blue,75,draw,round-limit,30,2,5,5,7,173,192,3,3
line-vs-noline,blue,76,draw,round-limit,30,2,6,6,18,170,164,2,2
line-vs-noline,blue,77,draw,round-limit,30,3,6,10,7,178,129,2,3
line-vs-noline,blue,78,draw,round-limit,30,0,3,6,11,178,157,0,2
line-vs-noline,blue,79,draw,round-limit,30,4,5,6,10,184,160,1,1
line-vs-noline,blue,80,draw,round-limit,30,2,6,7,14,179,136,2,1
line-vs-noline,blue,81,draw,round-limit,30,3,5,6,8,148,132,1,3
line-vs-noline,blue,82,draw,round-limit,30,3,2,5,8,136,179,0,3
line-vs-noline,blue,83,draw,round-limit,30,2,4,6,4,196,151,1,3
line-vs-noline,blue,84,draw,round-limit,30,2,4,7,11,150,181,2,2
line-vs-noline,blue,85,draw,round-limit,30,2,3,7,12,178,150,2,3
line-vs-noline,blue,86,draw,round-limit,30,2,7,7,3,174,154,1,3
line-vs-noline,blue,87,draw,round-limit,30,1,6,10,10,151,154,2,2
line-vs-noline,blue,88,draw,round-limit,30,3,4,8,12,173,155,1,3
line-vs-noline,blue,89,draw,round-limit,30,2,3,3,15,159,179,0,2
line-vs-noline,blue,90,draw,round-limit,30,2,7,9,12,175,178,2,3
line-vs-noline,blue,91,draw,round-limit,30,2,7,8,8,198,154,1,3
line-vs-noline,blue,92,draw,round-limit,30,3,9,9,18,166,135,1,2
line-vs-noline,blue,93,draw,round-limit,30,2,4,7,0,176,147,2,4
line-vs-noline,blue,94,draw,round-limit,30,2,7,5,10,158,167,1,3
line-vs-noline,blue,95,draw,round-limit,30,2,4,5,5,132,155,2,3
line-vs-noline,blue,96,draw,round-limit,30,1,4,6,16,161,176,2,3
line-vs-noline,blue,97,draw,round-limit,30,1,6,7,11,189,151,2,3
line-vs-noline,blue,98,draw,round-limit,30,2,7,6,7,152,142,3,2
line-vs-noline,blue,99,draw,round-limit,30,2,8,7,6,159,163,1,3
line-vs-noline,blue,100,draw,round-limit,30,2,8,9,6,173,166,2,1
line-vs-noline,blue,101,draw,round-limit,30,1,2,6,8,178,188,0,3
line-vs-noline,blue,102,draw,round-limit,30,1,6,5,12,204,165,2,1
line-vs-noline,blue,103,draw,round-limit,30,2,4,8,11,134,140,1,3
line-vs-noline,blue,104,draw,round-limit,30,1,7,5,4,152,134,1,2
line-vs-noline,blue,105,draw,round-limit,30,2,5,6,5,170,154,0,1
line-vs-noline,blue,106,draw,round-limit,30,1,1,3,5,204,153,0,1
line-vs-noline,blue,107,draw,round-limit,30,1,6,7,13,172,166,1,3
line-vs-noline,blue,108,draw,round-limit,30,3,2,10,2,198,169,1,2
line-vs-noline,blue,109,draw,round-limit,30,1,3,8,5,166,155,1,3
line-vs-noline,blue,110,draw,round-limit,30,2,6,6,6,145,148,1,3
line-vs-noline,blue,111,draw,round-limit,30,2,7,8,14,160,187,0,4
line-vs-noline,blue,112,draw,round-limit,30,1,8,9,11,143,124,3,3
line-vs-noline,blue,113,draw,round-limit,30,2,4,9,10,169,138,1,2
line-vs-noline,blue,114,draw,round-limit,30,1,6,6,11,180,174,2,3
line-vs-noline,blue,115,draw,round-limit,30,2,5,7,17,174,173,2,2
line-vs-noline,blue,116,draw,round-limit,30,2,4,5,12,186,146,0,1
line-vs-noline,blue,117,draw,round-limit,30,3,4,9,13,186,176,1,3
line-vs-noline,blue,118,draw,round-limit,30,1,4,8,14,173,148,1,3
line-vs-noline,blue,119,draw,round-limit,30,2,3,5,19,168,172,0,2
line-vs-noline,blue,120,draw,round-limit,30,1,2,4,7,177,139,0,1
line-vs-noline,blue,121,draw,round-limit,30,1,5,7,12,176,141,2,3
line-vs-noline,blue,122,draw,round-limit,30,1,5,6,9,164,195,1,3
line-vs-noline,blue,123,draw,round-limit,30,2,5,9,8,183,150,1,1
line-vs-noline,blue,124,draw,round-limit,30,3,5,9,11,166,163,0,2
line-vs-noline,blue,125,draw,round-limit,30,1,4,6,4,179,156,1,2
line-vs-noline,blue,126,draw,round-limit,30,8,5,9,8,186,137,1,3
line-vs-noline,blue,127,draw,round-limit,30,1,5,6,12,172,160,1,4
line-vs-noline,blue,128,draw,round-limit,30,2,6,11,9,185,151,1,3
line-vs-noline,blue,129,draw,round-limit,30,1,7,7,10,133,166,3,2
line-vs-noline,blue,130,draw,round-limit,30,1,4,6,9,164,158,1,2
line-vs-noline,blue,131,draw,round-limit,30,1,6,9,12,160,152,2,3
line-vs-noline,blue,132,draw,round-limit,30,2,4,5,7,163,180,1,2
line-vs-noline,blue,133,draw,round-limit,30,1,8,6,13,154,187,1,2
line-vs-noline,blue,134,draw,round-limit,30,1,4,4,6,177,171,2,1
line-vs-noline,blue,135,draw,round-limit,30,2,2,6,11,190,154,0,3
line-vs-noline,blue,136,draw,round-limit,30,2,5,8,10,151,157,2,3
line-vs-noline,blue,137,draw,round-limit,30,1,3,5,11,166,142,1,2
line-vs-noline,blue,138,draw,round-limit,30,4,10,6,6,177,188,2,1
line-vs-noline,blue,139,draw,round-limit,30,2,5,8,9,152,158,2,3
line-vs-noline,blue,140,draw,round-limit,30,1,9,9,11,182,160,2,2
line-vs-noline,blue,141,draw,round-limit,30,2,7,8,9,134,181,1,3
line-vs-noline,blue,142,draw,round-limit,30,2,3,3,5,157,119,0,2
line-vs-noline,blue,143,draw,round-limit,30,1,5,6,17,156,138,1,3
line-vs-noline,blue,144,draw,round-limit,30,2,3,11,5,189,164,1,4
line-vs-noline,blue,145,draw,round-limit,30,2,6,7,1,181,167,2,2
line-vs-noline,blue,146,draw,round-limit,30,2,6,2,4,145,150,2,1
line-vs-noline,blue,147,draw,round-limit,30,1,5,5,5,190,167,2,1
line-vs-noline,blue,148,draw,round-limit,30,3,5,5,8,160,184,1,1
line-vs-noline,blue,149,draw,round-limit,30,2,5,5,13,158,166,1,2
line-vs-noline,blue,150,draw,round-limit,30,1,7,3,13,190,143,1,2
line-vs-noline,blue,151,draw,round-limit,30,3,4,7,13,196,137,1,3
line-vs-noline,blue,152,draw,round-limit,30,1,6,10,11,169,160,1,4
line-vs-noline,blue,153,draw,round-limit,30,5,6,9,14,162,160,1,2
line-vs-noline,blue,154,draw,round-limit,30,1,8,5,8,129,164,2,3
line-vs-noline,blue,155,draw,round-limit,30,1,4,7,11,133,145,1,2
line-vs-noline,blue,156,draw,round-limit,30,1,10,5,8,153,139,1,1
line-vs-noline,blue,157,draw,round-limit,30,1,3,7,11,184,150,0,4
line-vs-noline,blue,158,draw,round-limit,30,1,5,5,8,173,189,1,2
line-vs-noline,blue,159,draw,round-limit,30,1,3,8,7,201,177,1,4
line-vs-noline,blue,160,draw,round-limit,30,2,5,11,11,148,169,2,3
line-vs-noline,blue,161,draw,round-limit,30,2,3,7,3,186,142,1,2
line-vs-noline,blue,162,draw,round-limit,30,2,4,6,7,155,155,0,2
line-vs-noline,blue,163,draw,round-limit,30,1,5,5,5,174,153,1,2
line-vs-noline,blue,164,draw,round-limit,30,2,4,10,8,187,154,1,2
line-vs-noline,blue,165,draw,round-limit,30,1,3,7,12,173,182,1,3
line-vs-noline,blue,166,draw,round-limit,30,1,8,10,9,177,153,1,4
line-vs-noline,blue,167,draw,round-limit,30,2,4,7,13,178,148,1,3
line-vs-noline,blue,168,draw,round-limit,30,4,7,11,4,177,153,1,3
line-vs-noline,blue,169,draw,round-limit,30,1,10,6,5,168,151,2,3
line-vs-noline,blue,170,draw,round-limit,30,1,8,11,10,154,166,1,2
line-vs-noline,blue,171,draw,round-limit,30,1,2,5,9,156,166,1,2
line-vs-noline,blue,172,draw,round-limit,30,1,6,5,15,143,176,1,2
line-vs-noline,blue,173,draw,round-limit,30,3,5,4,6,141,142,3,2
line-vs-noline,blue,174,draw,round-limit,30,4,4,7,13,160,174,1,2
line-vs-noline,blue,175,draw,round-limit,30,1,6,5,17,135,170,2,2
line-vs-noline,blue,176,draw,round-limit,30,3,6,7,13,163,174,2,3
line-vs-noline,blue,177,draw,round-limit,30,2,7,9,13,178,184,3,3
line-vs-noline,blue,178,draw,round-limit,30,1,7,6,7,136,144,2,2
line-vs-noline,blue,179,draw,round-limit,30,2,5,8,9,130,162,1,4
line-vs-noline,blue,180,draw,round-limit,30,2,5,7,8,150,191,1,2
line-vs-noline,blue,181,draw,round-limit,30,1,4,4,6,123,154,1,2
line-vs-noline,blue,182,draw,round-limit,30,1,4,5,7,174,173,2,2
line-vs-noline,blue,183,draw,round-limit,30,1,7,7,7,198,153,2,2
line-vs-noline,blue,184,draw,round-limit,30,1,5,8,16,141,186,2,3
line-vs-noline,blue,185,draw,round-limit,30,1,4,3,12,147,134,0,1
line-vs-noline,blue,186,draw,round-limit,30,1,6,8,14,139,150,1,1
line-vs-noline,blue,187,draw,round-limit,30,1,8,5,10,134,221,0,2
line-vs-noline,blue,188,draw,round-limit,30,1,2,3,7,183,180,0,1
line-vs-noline,blue,189,draw,round-limit,30,2,8,8,10,158,171,1,2
line-vs-noline,blue,190,draw,round-limit,30,4,6,9,13,174,182,1,4
line-vs-noline,blue,191,draw,round-limit,30,2,5,6,7,158,151,2,3
line-vs-noline,blue,192,draw,round-limit,30,2,7,7,8,146,185,2,2
line-vs-noline,blue,193,draw,round-limit,30,2,5,7,8,177,148,1,1
line-vs-noline,blue,194,draw,round-limit,30,4,6,10,9,171,148,1,3
line-vs-noline,blue,195,draw,round-limit,30,2,10,8,5,138,156,3,2
line-vs-noline,blue,196,draw,round-limit,30,1,7,5,15,147,178,1,3
line-vs-noline,blue,197,draw,round-limit,30,2,8,4,10,174,140,2,1
line-vs-noline,blue,198,draw,round-limit,30,1,6,8,15,158,202,2,3
line-vs-noline,blue,199,draw,round-limit,30,4,7,5,9,180,165,3,2
line-vs-noline,blue,200,draw,round-limit,30,2,7,5,17,164,151,2,2
line-vs-noline,red,1,draw,round-limit,30,3,6,3,13,130,177,3,1
line-vs-noline,red,2,draw,round-limit,30,3,7,5,17,158,195,1,2
line-vs-noline,red,3,draw,round-limit,30,2,5,7,10,147,169,2,1
line-vs-noline,red,4,draw,round-limit,30,2,1,3,5,176,188,1,0
line-vs-noline,red,5,draw,round-limit,30,2,5,10,16,173,166,2,3
line-vs-noline,red,6,draw,round-limit,30,1,6,5,9,158,183,2,2
line-vs-noline,red,7,draw,round-limit,30,1,6,8,10,163,132,1,1
line-vs-noline,red,8,draw,round-limit,30,1,4,9,9,185,185,1,3
line-vs-noline,red,9,draw,round-limit,30,2,5,11,11,147,157,2,2
line-vs-noline,red,10,draw,round-limit,30,1,9,6,9,160,139,2,1
line-vs-noline,red,11,draw,round-limit,30,1,5,6,12,171,173,3,2
line-vs-noline,red,12,draw,round-limit,30,4,6,8,10,173,172,2,2
line-vs-noline,red,13,draw,round-limit,30,1,3,4,6,168,170,2,1
line-vs-noline,red,14,draw,round-limit,30,1,5,6,9,130,153,1,2
line-vs-noline,red,15,draw,round-limit,30,1,8,4,12,149,182,2,0
line-vs-noline,red,16,draw,round-limit,30,4,6,9,10,170,139,2,1
line-vs-noline,red,17,draw,round-limit,30,2,3,1,10,138,213,0,0
line-vs-noline,red,18,draw,round-limit,30,2,8,7,5,153,182,3,3
line-vs-noline,red,19,draw,round-limit,30,2,8,3,3,163,172,2,1
line-vs-noline,red,20,draw,round-limit,30,5,6,4,9,147,186,2,1
line-vs-noline,red,21,draw,round-limit,30,1,4,5,15,136,172,2,1
line-vs-noline,red,22,draw,round-limit,30,2,6,4,13,132,183,3,1
line-vs-noline,red,23,draw,round-limit,30,1,4,5,6,179,180,1,1
line-vs-noline,red,24,draw,round-limit,30,3,9,5,10,190,194,3,1
line-vs-noline,red,25,draw,round-limit,30,2,4,6,8,157,167,2,1
line-vs-noline,red,26,draw,round-limit,30,1,7,6,19,140,170,2,2
line-vs-noline,red,27,draw,round-limit,30,1,5,5,7,196,183,3,1
line-vs-noline,red,28,draw,round-limit,30,2,3,5,5,161,176,1,1
line-vs-noline,red,29,draw,round-limit,30,2,4,7,6,162,173,1,2
line-vs-noline,red,30,draw,round-limit,30,1,6,9,11,170,178,2,2
line-vs-noline,red,31,draw,round-limit,30,2,7,4,3,128,167,2,1
line-vs-noline,red,32,draw,round-limit,30,4,7,3,7,137,159,3,1
line-vs-noline,red,33,draw,round-limit,30,4,5,5,10,143,138,3,2
line-vs-noline,red,34,draw,round-limit,30,2,5,6,6,172,194,2,3
line-vs-noline,red,35,draw,round-limit,30,1,2,7,7,176,154,1,2
line-vs-noline,red,36,draw,round-limit,30,2,6,6,12,158,147,2,2
line-vs-noline,red,37,draw,round-limit,30,2,7,5,8,160,161,3,3
line-vs-noline,red,38,draw,round-limit,30,2,7,9,10,156,177,2,1
line-vs-noline,red,39,draw,round-limit,30,2,6,3,5,172,190,4,0
line-vs-noline,red,40,draw,round-limit,30,1,5,3,11,157,173,2,1
line-vs-noline,red,41,draw,round-limit,30,2,6,4,8,148,182,2,2
line-vs-noline,red,42,draw,round-limit,30,2,8,9,8,149,156,3,2
line-vs-noline,red,43,draw,round-limit,30,2,3,2,9,189,193,1,1
line-vs-noline,red,44,draw,round-limit,30,2,6,5,8,170,185,2,1
line-vs-noline,red,45,draw,round-limit,30,1,5,4,4,187,170,1,0
line-vs-noline,red,46,draw,round-limit,30,1,7,8,8,169,158,3,3
line-vs-noline,red,47,draw,round-limit,30,2,9,8,16,133,173,1,2
line-vs-noline,red,48,draw,round-limit,30,4,6,6,11,140,164,3,2
line-vs-noline,red,49,draw,round-limit,30,0,6,9,9,111,148,2,2
line-vs-noline,red,50,draw,round-limit,30,2,5,4,9,139,180,2,1
line-vs-noline,red,51,draw,round-limit,30,1,6,6,8,191,170,3,1
line-vs-noline,red,52,draw,round-limit,30,3,9,5,7,166,184,3,2
line-vs-noline,red,53,draw,round-limit,30,1,5,6,13,170,197,2,2
line-vs-noline,red,54,draw,round-limit,30,1,5,9,10,186,157,2,2
line-vs-noline,red,55,draw,round-limit,30,2,5,4,7,172,183,2,2
line-vs-noline,red,56,draw,round-limit,30,1,2,4,5,180,191,1,2
line-vs-noline,red,57,draw,round-limit,30,1,3,6,11,144,173,2,2
line-vs-noline,red,58,draw,round-limit,30,3,8,3,6,178,185,3,2
line-vs-noline,red,59,draw,round-limit,30,1,6,7,9,155,165,4,3
line-vs-noline,red,60,draw,round-limit,30,1,5,7,3,164,160,2,1
line-vs-noline,red,61,draw,round-limit,30,2,5,7,8,129,168,2,1
line-vs-noline,red,62,draw,round-limit,30,1,5,8,5,152,174,2,1
line-vs-noline,red,63,draw,round-limit,30,3,8,6,11,152,180,2,1
line-vs-noline,red,64,draw,round-limit,30,2,5,5,6,186,167,3,2
line-vs-noline,red,65,draw,round-limit,30,2,8,6,10,180,171,2,1
line-vs-noline,red,66,draw,round-limit,30,1,8,3,6,182,169,3,1
line-vs-noline,red,67,draw,round-limit,30,2,6,4,5,148,175,2,1
line-vs-noline,red,68,draw,round-limit,30,4,8,5,8,145,147,2,3
line-vs-noline,red,69,draw,round-limit,30,1,6,6,10,179,196,2,1
line-vs-noline,red,70,draw,round-limit,30,2,7,6,13,152,142,3,1
line-vs-noline,red,71,draw,round-limit,30,3,7,9,9,172,134,2,3
line-vs-noline,red,72,draw,round-limit,30,3,8,6,12,168,188,3,2
line-vs-noline,red,73,draw,round-limit,30,1,5,5,13,147,142,2,1
line-vs-noline,red,74,draw,round-limit,30,2,6,5,5,204,163,2,0
line-vs-noline,red,75,draw,round-limit,30,1,5,5,9,189,190,3,2
line-vs-noline,red,76,draw,round-limit,30,1,7,4,6,155,178,2,1
line-vs-noline,red,77,draw,round-limit,30,1,7,7,16,165,175,2,2
line-vs-noline,red,78,draw,round-limit,30,2,5,4,13,154,198,2,1
line-vs-noline,red,79,draw,round-limit,30,5,9,7,5,151,147,4,3
line-vs-noline,red,80,draw,round-limit,30,2,4,4,9,147,177,1,0
line-vs-noline,red,81,draw,round-limit,30,3,9,4,17,143,163,3,1
line-vs-noline,red,82,draw,round-limit,30,3,6,7,4,163,161,3,2
line-vs-noline,red,83,draw,round-limit,30,1,6,3,13,144,178,3,1
line-vs-noline,red,84,draw,round-limit,30,1,5,8,11,143,150,3,1
line-vs-noline,red,85,draw,round-limit,30,2,5,8,15,140,177,1,3
line-vs-noline,red,86,draw,round-limit,30,2,3,9,7,141,168,1,1
line-vs-noline,red,87,draw,round-limit,30,1,8,8,8,161,158,2,2
line-vs-noline,red,88,draw,round-limit,30,4,8,5,10,154,178,4,1
line-vs-noline,red,89,draw,round-limit,30,2,3,5,9,174,156,1,2
line-vs-noline,red,90,draw,round-limit,30,1,7,5,16,158,194,3,2
line-vs-noline,red,91,draw,round-limit,30,2,6,7,12,142,181,2,2
line-vs-noline,red,92,draw,round-limit,30,2,9,11,10,122,203,2,4
line-vs-noline,red,93,draw,round-limit,30,4,3,6,9,131,152,2,1
line-vs-noline,red,94,draw,round-limit,30,1,5,3,3,168,157,3,2
line-vs-noline,red,95,draw,round-limit,30,2,6,6,6,142,120,3,2
line-vs-noline,red,96,draw,round-limit,30,1,6,4,12,187,160,3,0
line-vs-noline,red,97,draw,round-limit,30,3,5,7,7,157,147,2,0
line-vs-noline,red,98,draw,round-limit,30,2,8,8,9,179,165,3,3
line-vs-noline,red,99,draw,round-limit,30,1,6,10,10,147,133,2,2
line-vs-noline,red,100,draw,round-limit,30,2,4,11,13,165,170,2,1
line-vs-noline,red,101,draw,round-limit,30,3,5,6,3,190,173,3,1
line-vs-noline,red,102,draw,round-limit,30,1,5,4,9,156,200,2,1
line-vs-noline,red,103,draw,round-limit,30,1,7,7,6,151,148,2,1
line-vs-noline,red,104,draw,round-limit,30,1,4,8,15,143,154,2,3
line-vs-noline,red,105,draw,round-limit,30,2,5,8,9,147,160,1,1
line-vs-noline,red,106,draw,round-limit,30,2,8,5,7,137,191,3,2
line-vs-noline,red,107,draw,round-limit,30,2,4,3,2,148,168,1,1
line-vs-noline,red,108,draw,round-limit,30,2,9,8,5,159,211,2,3
line-vs-noline,red,109,draw,round-limit,30,1,1,2,5,139,162,0,0
line-vs-noline,red,110,draw,round-limit,30,1,6,9,5,151,149,2,2
line-vs-noline,red,111,draw,round-limit,30,2,4,8,5,184,156,2,1
line-vs-noline,red,112,draw,round-limit,30,1,3,12,14,123,143,1,2
line-vs-noline,red,113,draw,round-limit,30,2,8,6,10,159,170,2,1
line-vs-noline,red,114,draw,round-limit,30,3,5,7,9,154,167,1,1
line-vs-noline,red,115,draw,round-limit,30,1,8,8,15,155,179,2,4
line-vs-noline,red,116,draw,round-limit,30,1,6,3,17,159,208,2,1
line-vs-noline,red,117,draw,round-limit,30,1,5,6,3,194,199,2,2
line-vs-noline,red,118,draw,round-limit,30,3,4,4,6,177,182,1,1
line-vs-noline,red,119,draw,round-limit,30,1,4,5,9,170,167,2,2
line-vs-noline,red,120,draw,round-limit,30,1,4,7,2,140,168,1,1
line-vs-noline,red,121,draw,round-limit,30,1,4,7,6,115,166,1,0
line-vs-noline,red,122,draw,round-limit,30,1,7,12,6,176,179,2,2
line-vs-noline,red,123,draw,round-limit,30,2,8,9,13,141,196,2,2
line-vs-noline,red,124,draw,round-limit,30,2,5,2,7,165,173,1,0
line-vs-noline,red,125,draw,round-limit,30,2,6,4,14,147,196,2,2
line-vs-noline,red,126,draw,round-limit,30,1,3,9,6,142,160,1,2
line-vs-noline,red,127,draw,round-limit,30,1,4,3,3,140,180,1,1
line-vs-noline,red,128,draw,round-limit,30,3,5,6,12,146,181,1,2
line-vs-noline,red,129,draw,round-limit,30,1,8,9,18,158,148,2,3
line-vs-noline,red,130,draw,round-limit,30,3,5,8,6,148,170,2,3
line-vs-noline,red,131,draw,round-limit,30,2,9,6,17,150,173,2,2
line-vs-noline,red,132,draw,round-limit,30,4,3,7,14,177,147,1,3
line-vs-noline,red,133,draw,round-limit,30,1,7,6,5,180,170,3,1
line-vs-noline,red,134,draw,round-limit,30,1,6,8,18,150,167,3,2
line-vs-noline,red,135,draw,round-limit,30,2,5,5,12,147,167,2,1
line-vs-noline,red,136,draw,round-limit,30,2,5,3,10,150,167,3,2
line-vs-noline,red,137,draw,round-limit,30,1,5,6,16,143,169,2,1
line-vs-noline,red,138,draw,round-limit,30,1,5,11,9,170,138,1,3
line-vs-noline,red,139,draw,round-limit,30,2,6,7,12,184,183,2,2
line-vs-noline,red,140,draw,round-limit,30,1,4,8,11,152,198,1,2
line-vs-noline,red,141,draw,round-limit,30,2,7,7,14,173,171,3,1
line-vs-noline,red,142,draw,round-limit,30,4,6,5,11,153,166,2,2
line-vs-noline,red,143,draw,round-limit,30,1,6,9,9,147,170,3,1
line-vs-noline,red,144,draw,round-limit,30,4,7,6,7,163,184,2,3
line-vs-noline,red,145,draw,round-limit,30,2,5,8,13,170,179,2,2
line-vs-noline,red,146,draw,round-limit,30,1,3,5,7,160,157,2,2
line-vs-noline,red,147,draw,round-limit,30,1,6,6,7,179,184,2,1
line-vs-noline,red,148,draw,round-limit,30,1,2,3,10,181,175,0,1
line-vs-noline,red,149,draw,round-limit,30,2,6,7,6,170,155,3,1
line-vs-noline,red,150,draw,round-limit,30,1,3,7,22,141,178,1,1
line-vs-noline,red,151,draw,round-limit,30,2,8,5,14,145,176,3,1
line-vs-noline,red,152,draw,round-limit,30,1,9,5,11,159,187,2,1
line-vs-noline,red,153,draw,round-limit,30,1,7,6,15,166,183,3,1
line-vs-noline,red,154,draw,round-limit,30,1,5,9,7,142,130,2,2
line-vs-noline,red,155,draw,round-limit,30,1,7,5,12,137,156,3,1
line-vs-noline,red,156,draw,round-limit,30,0,6,9,16,173,142,2,2
line-vs-noline,red,157,draw,round-limit,30,1,6,4,9,151,198,2,3
line-vs-noline,red,158,draw,round-limit,30,4,4,7,22,165,179,1,2
line-vs-noline,red,159,draw,round-limit,30,1,5,3,10,176,178,1,1
line-vs-noline,red,160,draw,round-limit,30,1,2,9,11,159,164,0,1
line-vs-noline,red,161,draw,round-limit,30,3,5,7,7,154,199,2,2
line-vs-noline,red,162,draw,round-limit,30,2,5,6,11,162,165,1,2
line-vs-noline,red,163,draw,round-limit,30,2,5,6,13,169,194,1,1
line-vs-noline,red,164,draw,round-limit,30,2,8,11,13,155,170,2,3
line-vs-noline,red,165,draw,round-limit,30,1,5,8,6,165,162,3,1
line-vs-noline,red,166,draw,round-limit,30,1,7,8,8,144,181,3,1
line-vs-noline,red,167,draw,round-limit,30,2,6,6,8,179,174,2,2
line-vs-noline,red,168,draw,round-limit,30,4,6,5,4,164,192,2,1
line-vs-noline,red,169,draw,round-limit,30,1,3,8,8,147,156,2,2
line-vs-noline,red,170,draw,round-limit,30,2,9,8,4,149,150,3,0
line-vs-noline,red,171,draw,round-limit,30,1,6,4,7,146,173,2,1
line-vs-noline,red,172,draw,round-limit,30,1,5,8,11,168,150,2,2
line-vs-noline,red,173,draw,round-limit,30,5,3,6,5,151,161,1,1
line-vs-noline,red,174,draw,round-limit,30,2,2,4,4,182,155,1,1
line-vs-noline,red,175,draw,round-limit,30,1,4,7,16,147,148,1,1
line-vs-noline,red,176,draw,round-limit,30,3,7,4,14,169,168,3,1
line-vs-noline,red,177,draw,round-limit,30,2,7,3,7,161,193,1,1
line-vs-noline,red,178,draw,round-limit,30,1,7,7,10,132,154,1,2
line-vs-noline,red,179,draw,round-limit,30,1,5,5,16,159,142,3,1
line-vs-noline,red,180,draw,round-limit,30,3,4,7,8,185,157,2,1
line-vs-noline,red,181,draw,round-limit,30,1,5,7,6,177,157,1,2
line-vs-noline,red,182,draw,round-limit,30,1,7,4,10,188,180,3,2
line-vs-noline,red,183,draw,round-limit,30,1,7,7,13,129,203,1,2
line-vs-noline,red,184,draw,round-limit,30,1,7,9,6,172,173,2,1
line-vs-noline,red,185,draw,round-limit,30,3,8,7,5,172,157,3,2
line-vs-noline,red,186,draw,round-limit,30,1,9,9,7,152,169,2,2
line-vs-noline,red,187,draw,round-limit,30,1,5,8,10,193,179,3,0
line-vs-noline,red,188,draw,round-limit,30,1,4,6,4,181,170,3,2
line-vs-noline,red,189,draw,round-limit,30,1,4,5,13,174,153,2,4
line-vs-noline,red,190,draw,round-limit,30,2,6,9,6,170,176,1,2
line-vs-noline,red,191,draw,round-limit,30,2,2,4,3,157,162,1,2
line-vs-noline,red,192,draw,round-limit,30,1,7,7,9,163,159,3,2
line-vs-noline,red,193,draw,round-limit,30,2,7,5,13,147,158,1,1
line-vs-noline,red,194,draw,round-limit,30,4,9,7,11,139,182,3,2
line-vs-noline,red,195,draw,round-limit,30,2,5,10,17,138,137,1,3
line-vs-noline,red,196,draw,round-limit,30,2,6,5,5,191,154,2,1
line-vs-noline,red,197,draw,round-limit,30,2,9,6,6,171,176,2,2
line-vs-noline,red,198,draw,round-limit,30,1,7,5,11,192,176,4,1
line-vs-noline,red,199,draw,round-limit,30,2,4,4,10,144,141,1,1
line-vs-noline,red,200,draw,round-limit,30,2,5,6,20,158,175,2,1
mirror,blue,1,draw,round-limit,30,2,5,8,5,165,136,3,2
mirror,blue,2,draw,round-limit,30,3,5,8,10,185,160,2,2
mirror,blue,3,draw,round-limit,30,2,5,4,9,164,156,1,2
mirror,blue,4,draw,round-limit,30,2,3,1,12,182,176,0,1
mirror,blue,5,draw,round-limit,30,1,6,7,12,182,182,1,3
mirror,blue,6,draw,round-limit,30,0,6,6,6,161,148,1,2
mirror,blue,7,draw,round-limit,30,1,4,6,8,174,171,0,2
mirror,blue,8,draw,round-limit,30,2,3,5,8,175,156,1,1
mirror,blue,9,draw,round-limit,30,3,6,3,10,161,166,2,2
mirror,blue,10,draw,round-limit,30,1,3,10,15,152,154,0,2
mirror,blue,11,draw,round-limit,30,2,5,4,10,157,172,2,2
mirror,blue,12,draw,round-limit,30,4,4,8,15,152,174,1,3
mirror,blue,13,draw,round-limit,30,1,3,7,12,172,189,1,3
mirror,blue,14,draw,round-limit,30,1,2,4,8,160,174,1,1
mirror,blue,15,draw,round-limit,30,1,1,8,5,182,139,1,2
mirror,blue,16,draw,round-limit,30,4,9,5,13,142,184,2,2
mirror,blue,17,draw,round-limit,30,1,2,2,4,194,157,0,0
mirror,blue,18,draw,round-limit,30,2,5,4,7,168,148,2,1
mirror,blue,19,draw,round-limit,30,2,5,6,5,180,140,2,1
mirror,blue,20,draw,round-limit,30,5,4,7,4,175,149,1,2
mirror,blue,21,draw,round-limit,30,1,5,7,9,141,133,1,2
mirror,blue,22,draw,round-limit,30,3,3,6,8,186,126,1,2
mirror,blue,23,draw,round-limit,30,1,4,7,6,170,164,1,3
mirror,blue,24,draw,round-limit,30,3,2,5,8,203,175,1,2
mirror,blue,25,draw,round-limit,30,2,5,3,3,151,158,1,1
mirror,blue,26,draw,round-limit,30,1,5,4,6,174,150,2,1
mirror,blue,27,draw,round-limit,30,1,3,3,10,158,169,1,1
mirror,blue,28,draw,round-limit,30,3,4,6,8,170,117,0,2
mirror,blue,29,draw,round-limit,30,1,4,7,8,192,187,2,2
mirror,blue,30,draw,round-limit,30,1,5,6,9,198,185,1,3
mirror,blue,31,draw,round-limit,30,2,5,7,9,160,144,1,2
mirror,blue,32,draw,round-limit,30,2,8,5,12,152,139,1,2
mirror,blue,33,draw,round-limit,30,2,5,7,9,148,173,2,4
mirror,blue,34,draw,round-limit,30,4,5,5,6,172,154,2,2
mirror,blue,35,draw,round-limit,30,1,6,3,4,153,182,2,2
mirror,blue,36,draw,round-limit,30,3,7,3,15,126,180,1,2
mirror,blue,37,draw,round-limit,30,1,4,6,7,183,141,1,2
mirror,blue,38,draw,round-limit,30,3,5,7,11,178,137,2,2
mirror,blue,39,draw,round-limit,30,2,5,5,2,185,166,1,3
mirror,blue,40,draw,round-limit,30,1,7,3,12,153,162,2,2
mirror,blue,41,draw,round-limit,30,1,4,6,6,164,139,1,2
mirror,blue,42,draw,round-limit,30,3,5,8,10,155,144,0,3
mirror,blue,43,draw,round-limit,30,2,3,4,7,179,200,2,2
mirror,blue,44,draw,round-limit,30,2,4,4,8,164,176,1,2
mirror,blue,45,draw,round-limit,30,1,4,6,13,164,188,1,2
mirror,blue,46,draw,round-limit,30,1,6,7,8,159,161,2,3
mirror,blue,47,draw,round-limit,30,3,6,8,17,146,135,1,2
mirror,blue,48,draw,round-limit,30,2,3,6,13,165,155,1,3
mirror,blue,49,draw,round-limit,30,0,6,6,7,162,124,1,2
mirror,blue,50,draw,round-limit,30,4,5,10,13,173,144,1,3
mirror,blue,51,draw,round-limit,30,1,3,5,12,186,189,1,1
mirror,blue,52,draw,round-limit,30,1,3,5,16,185,155,0,3
mirror,blue,53,draw,round-limit,30,2,6,5,18,173,152,1,2
mirror,blue,54,draw,round-limit,30,1,7,7,11,154,181,2,3
mirror,blue,55,draw,round-limit,30,2,3,1,7,169,170,1,0
mirror,blue,56,draw,round-limit,30,3,3,6,11,177,175,1,3
mirror,blue,57,draw,round-limit,30,1,4,2,13,174,145,1,2
mirror,blue,58,draw,round-limit,30,1,5,10,10,167,189,1,3
mirror,blue,59,draw,round-limit,30,6,6,8,13,173,152,2,3
mirror,blue,60,draw,round-limit,30,3,6,5,11,156,138,2,3
mirror,blue,61,draw,round-limit,30,2,4,7,6,186,151,0,2
mirror,blue,62,draw,round-limit,30,2,7,8,9,155,151,1,3
mirror,blue,63,draw,round-limit,30,1,4,8,7,184,147,1,2
mirror,blue,64,draw,round-limit,30,2,6,4,11,165,171,1,1
mirror,blue,65,draw,round-limit,30,1,3,3,6,156,177,2,0
mirror,blue,66,draw,round-limit,30,1,3,7,5,187,193,0,3
mirror,blue,67,draw,round-limit,30,2,4,5,11,167,134,2,2
mirror,blue,68,draw,round-limit,30,3,4,6,19,167,156,2,2
mirror,blue,69,draw,round-limit,30,4,5,8,10,167,176,0,2
mirror,blue,70,draw,round-limit,30,2,7,7,7,149,132,1,3
mirror,blue,71,draw,round-limit,30,1,7,5,16,140,178,2,2
mirror,blue,72,draw,round-limit,30,1,3,7,6,202,165,1,2
mirror,blue,73,draw,round-limit,30,1,3,5,10,146,148,1,2
mirror,blue,74,draw,round-limit,30,2,4,6,5,147,199,1,1
mirror,blue,75,draw,round-limit,30,1,9,6,9,167,187,2,2
mirror,blue,76,draw,round-limit,30,2,4,7,20,181,169,1,3
mirror,blue,77,draw,round-limit,30,2,5,5,5,205,157,2,3
mirror,blue,78,draw,round-limit,30,2,4,7,11,191,159,1,3
mirror,blue,79,draw,round-limit,30,1,6,7,12,170,142,2,2
mirror,blue,80,draw,round-limit,30,2,6,7,17,162,150,1,2
mirror,blue,81,draw,round-limit,30,1,8,5,8,159,130,2,3
mirror,blue,82,draw,round-limit,30,3,2,5,8,136,169,0,3
mirror,blue,83,draw,round-limit,30,1,3,6,4,173,144,1,3
mirror,blue,84,draw,round-limit,30,1,10,8,11,162,155,2,3
mirror,blue,85,draw,round-limit,30,2,5,5,13,184,150,2,3
mirror,blue,86,draw,round-limit,30,2,4,5,3,163,155,2,2
mirror,blue,87,draw,round-limit,30,2,5,5,5,141,162,2,2
mirror,blue,88,draw,round-limit,30,2,4,7,11,185,152,1,4
mirror,blue,89,draw,round-limit,30,2,2,3,14,158,167,1,2
mirror,blue,90,draw,round-limit,30,1,5,4,7,196,132,2,1
mirror,blue,91,draw,round-limit,30,2,8,5,8,186,144,2,2
mirror,blue,92,draw,round-limit,30,2,9,9,16,161,138,3,2
mirror,blue,93,draw,round-limit,30,4,6,3,2,150,131,1,2
mirror,blue,94,draw,round-limit,30,2,2,4,10,149,151,1,2
mirror,blue,95,draw,round-limit,30,2,4,2,5,125,138,1,1
mirror,blue,96,draw,round-limit,30,1,4,4,15,157,176,2,2
mirror,blue,97,draw,round-limit,30,4,5,6,11,184,177,1,2
mirror,blue,98,draw,round-limit,30,2,4,4,7,153,169,3,1
mirror,blue,99,draw,round-limit,30,1,9,6,6,148,173,1,2
mirror,blue,100,draw,round-limit,30,1,6,3,6,179,162,0,1
mirror,blue,101,draw,round-limit,30,1,4,9,13,179,158,0,2
mirror,blue,102,draw,round-limit,30,1,9,5,12,188,153,3,1
mirror,blue,103,draw,round-limit,30,1,4,6,11,125,148,0,2
mirror,blue,104,draw,round-limit,30,1,5,5,4,144,144,1,2
mirror,blue,105,draw,round-limit,30,1,3,6,5,153,155,0,2
mirror,blue,106,draw,round-limit,30,1,1,3,5,204,150,0,1
mirror,blue,107,draw,round-limit,30,1,1,2,11,131,165,0,1
mirror,blue,108,draw,round-limit,30,2,5,8,3,180,189,2,2
mirror,blue,109,draw,round-limit,30,1,2,1,5,155,138,0,0
mirror,blue,110,draw,round-limit,30,3,7,7,6,165,145,1,3
mirror,blue,111,draw,round-limit,30,1,4,5,14,170,181,0,2
mirror,blue,112,draw,round-limit,30,1,8,5,13,130,127,1,2
mirror,blue,113,draw,round-limit,30,2,5,7,11,168,154,2,2
mirror,blue,114,draw,round-limit,30,1,7,5,11,162,159,2,2
mirror,blue,115,draw,round-limit,30,1,6,5,13,179,177,1,2
mirror,blue,116,draw,round-limit,30,1,3,6,9,188,159,1,2
mirror,blue,117,draw,round-limit,30,1,3,3,13,189,168,0,0
mirror,blue,118,draw,round-limit,30,3,4,7,10,179,174,1,2
mirror,blue,119,draw,round-limit,30,1,4,3,18,163,175,1,0
mirror,blue,120,draw,round-limit,30,1,2,7,7,194,173,0,3
mirror,blue,121,draw,round-limit,30,1,4,3,12,141,115,0,1
mirror,blue,122,draw,round-limit,30,1,3,7,7,162,176,2,3
mirror,blue,123,draw,round-limit,30,2,8,7,12,189,142,2,2
mirror,blue,124,draw,round-limit,30,2,4,7,11,169,163,0,2
mirror,blue,125,draw,round-limit,30,1,5,3,4,174,144,1,1
mirror,blue,126,draw,round-limit,30,1,6,6,11,185,143,2,2
mirror,blue,127,draw,round-limit,30,1,4,4,14,159,159,1,2
mirror,blue,128,draw,round-limit,30,4,5,9,12,189,150,1,2
mirror,blue,129,draw,round-limit,30,1,7,8,10,153,156,2,2
mirror,blue,130,draw,round-limit,30,1,4,5,9,160,144,0,2
mirror,blue,131,draw,round-limit,30,1,8,4,13,156,156,2,1
mirror,blue,132,draw,round-limit,30,2,8,4,8,162,174,1,2
mirror,blue,133,draw,round-limit,30,1,11,7,16,155,165,1,2
mirror,blue,134,draw,round-limit,30,1,5,6,8,147,160,1,3
mirror,blue,135,draw,round-limit,30,3,4,6,11,184,137,0,2
mirror,blue,136,draw,round-limit,30,2,5,6,10,162,144,1,2
mirror,blue,137,draw,round-limit,30,1,4,5,12,171,153,1,2
mirror,blue,138,draw,round-limit,30,1,3,4,6,195,171,1,0
mirror,blue,139,draw,round-limit,30,2,4,8,9,176,151,2,3
mirror,blue,140,draw,round-limit,30,1,6,7,10,180,155,2,2
mirror,blue,141,draw,round-limit,30,2,9,6,8,173,173,2,2
mirror,blue,142,draw,round-limit,30,3,4,4,5,174,150,1,2
mirror,blue,143,draw,round-limit,30,1,5,6,17,159,129,1,2
mirror,blue,144,draw,round-limit,30,2,4,7,5,177,175,1,2
mirror,blue,145,draw,round-limit,30,2,6,3,1,181,162,3,1
mirror,blue,146,draw,round-limit,30,2,8,2,4,153,137,2,1
mirror,blue,147,draw,round-limit,30,1,5,3,5,185,181,1,1
mirror,blue,148,draw,round-limit,30,3,3,2,8,173,181,1,0
mirror,blue,149,draw,round-limit,30,2,6,6,14,151,171,0,3
mirror,blue,150,draw,round-limit,30,1,5,5,12,198,147,1,2
mirror,blue,151,draw,round-limit,30,2,4,10,13,193,150,1,2
mirror,blue,152,draw,round-limit,30,2,2,6,11,173,158,0,1
mirror,blue,153,draw,round-limit,30,2,3,4,10,156,201,1,3
mirror,blue,154,draw,round-limit,30,1,8,6,8,123,146,2,2
mirror,blue,155,draw,round-limit,30,1,4,6,11,134,138,1,1
mirror,blue,156,draw,round-limit,30,1,4,6,10,143,153,1,1
mirror,blue,157,draw,round-limit,30,2,4,6,10,189,161,2,2
mirror,blue,158,draw,round-limit,30,1,5,6,8,183,170,1,1
mirror,blue,159,draw,round-limit,30,1,2,5,6,162,175,0,1
mirror,blue,160,draw,round-limit,30,2,8,3,13,157,159,2,1
mirror,blue,161,draw,round-limit,30,2,5,5,3,191,152,1,2
mirror,blue,162,draw,round-limit,30,2,5,6,7,154,150,0,2
mirror,blue,163,draw,round-limit,30,2,11,6,6,185,159,2,1
mirror,blue,164,draw,round-limit,30,2,9,8,11,165,172,3,3
mirror,blue,165,draw,round-limit,30,1,6,5,14,166,167,1,2
mirror,blue,166,draw,round-limit,30,1,5,9,8,171,150,1,3
mirror,blue,167,draw,round-limit,30,2,5,6,13,171,180,1,2
mirror,blue,168,draw,round-limit,30,2,8,6,4,188,168,1,2
mirror,blue,169,draw,round-limit,30,1,6,4,6,171,144,2,1
mirror,blue,170,draw,round-limit,30,1,7,11,10,141,160,2,2
mirror,blue,171,draw,round-limit,30,1,5,6,9,164,152,1,2
mirror,blue,172,draw,round-limit,30,1,5,3,14,149,173,1,2
mirror,blue,173,draw,round-limit,30,5,5,3,7,159,150,1,1
mirror,blue,174,draw,round-limit,30,4,5,4,11,199,175,2,2
mirror,blue,175,draw,round-limit,30,1,8,5,17,140,170,2,2
mirror,blue,176,draw,round-limit,30,3,4,5,13,169,168,1,2
mirror,blue,177,draw,round-limit,30,2,6,9,13,190,162,2,2
mirror,blue,178,draw,round-limit,30,1,7,8,8,149,137,2,2
mirror,blue,179,draw,round-limit,30,1,9,5,9,146,161,1,3
mirror,blue,180,draw,round-limit,30,3,6,4,9,158,191,1,2
mirror,blue,181,draw,round-limit,30,1,4,6,6,127,167,1,2
mirror,blue,182,draw,round-limit,30,1,5,6,7,168,202,2,2
mirror,blue,183,draw,round-limit,30,1,7,8,9,189,142,2,2
mirror,blue,184,draw,round-limit,30,1,6,7,17,147,162,2,1
mirror,blue,185,draw,round-limit,30,1,5,8,13,167,167,1,3
mirror,blue,186,draw,round-limit,30,1,6,5,13,143,159,1,1
mirror,blue,187,draw,round-limit,30,1,5,4,11,159,196,0,2
mirror,blue,188,draw,round-limit,30,1,0,3,6,194,173,0,1
mirror,blue,189,draw,round-limit,30,1,5,5,9,178,200,2,2
mirror,blue,190,draw,round-limit,30,2,7,5,13,169,171,2,1
mirror,blue,191,draw,round-limit,30,2,5,6,7,165,149,2,3
mirror,blue,192,draw,round-limit,30,3,7,5,8,163,174,1,1
mirror,blue,193,draw,round-limit,30,2,5,7,8,166,146,1,1
mirror,blue,194,draw,round-limit,30,2,7,7,9,173,129,1,2
mirror,blue,195,draw,round-limit,30,2,9,6,4,164,148,1,2
mirror,blue,196,draw,round-limit,30,0,4,8,11,151,161,1,3
mirror,blue,197,draw,round-limit,30,2,7,8,11,165,161,2,2
mirror,blue,198,draw,round-limit,30,2,5,11,15,171,195,1,4
mirror,blue,199,draw,round-limit,30,5,3,9,7,198,165,0,3
mirror,blue,200,draw,round-limit,30,7,6,5,17,169,158,2,1
base-mirror,blue,1,draw,round-limit,30,2,6,8,12,93,59,3,2
base-mirror,blue,2,draw,round-limit,30,2,7,5,7,56,70,2,2
base-mirror,blue,3,draw,round-limit,30,2,7,8,9,76,64,2,3
base-mirror,blue,4,draw,round-limit,30,2,8,9,21,57,70,1,3
base-mirror,blue,5,draw,round-limit,30,2,10,8,12,66,76,3,2
base-mirror,blue,6,draw,round-limit,30,5,10,10,10,71,85,2,3
base-mirror,blue,7,draw,round-limit,30,2,8,7,13,72,69,3,3
base-mirror,blue,8,draw,round-limit,30,3,5,8,14,82,67,1,4
base-mirror,blue,9,b,keep-captured,11,3,3,2,6,27,23,0,1
base-mirror,blue,10,draw,round-limit,30,2,7,9,7,71,53,2,3
base-mirror,blue,11,draw,round-limit,30,3,9,8,6,79,64,2,2
base-mirror,blue,12,draw,round-limit,30,1,5,5,7,67,72,2,2
base-mirror,blue,13,draw,round-limit,30,4,11,10,13,58,84,3,2
base-mirror,blue,14,draw,round-limit,30,5,6,10,9,88,59,2,3
base-mirror,blue,15,draw,round-limit,30,2,7,3,8,54,62,2,1
base-mirror,blue,16,draw,round-limit,30,4,6,9,7,79,57,1,3
base-mirror,blue,17,b,keep-captured,8,3,4,2,4,21,19,0,0
base-mirror,blue,18,draw,round-limit,30,3,5,10,13,67,64,2,3
base-mirror,blue,19,draw,round-limit,30,2,9,8,16,73,78,1,2
base-mirror,blue,20,draw,round-limit,30,5,6,9,9,79,59,2,3
base-mirror,blue,21,draw,round-limit,30,2,5,8,10,76,56,1,3
base-mirror,blue,22,draw,round-limit,30,2,6,10,8,75,66,3,4
base-mirror,blue,23,draw,round-limit,30,2,9,7,11,64,68,3,3
base-mirror,blue,24,draw,round-limit,30,2,10,11,8,82,72,2,3
base-mirror,blue,25,draw,round-limit,30,3,4,9,2,69,56,2,3
base-mirror,blue,26,draw,round-limit,30,3,8,9,13,77,59,2,4
base-mirror,blue,27,draw,round-limit,30,2,8,5,17,82,83,1,3
base-mirror,blue,28,draw,round-limit,30,2,6,6,7,70,67,3,2
base-mirror,blue,29,b,keep-captured,6,1,1,1,8,18,19,0,0
base-mirror,blue,30,draw,round-limit,30,2,9,12,10,76,79,2,3
base-mirror,blue,31,draw,round-limit,30,2,11,9,16,74,73,3,2
base-mirror,blue,32,draw,round-limit,30,2,10,8,11,73,61,2,4
base-mirror,blue,33,draw,round-limit,30,2,7,9,10,69,90,2,2
base-mirror,blue,34,draw,round-limit,30,1,8,7,9,72,85,3,2
base-mirror,blue,35,draw,round-limit,30,2,10,6,10,79,73,1,3
base-mirror,blue,36,draw,round-limit,30,2,6,9,14,74,66,3,2
base-mirror,blue,37,draw,round-limit,30,2,7,7,10,76,81,1,2
base-mirror,blue,38,draw,round-limit,30,2,4,8,10,69,61,2,3
base-mirror,blue,39,draw,round-limit,30,2,7,6,9,83,107,2,1
base-mirror,blue,40,draw,round-limit,30,2,8,7,14,70,90,2,3
base-mirror,blue,41,draw,round-limit,30,2,9,8,8,70,74,3,2
base-mirror,blue,42,draw,round-limit,30,3,11,10,16,77,64,3,3
base-mirror,blue,43,draw,round-limit,30,2,6,4,9,81,77,1,2
base-mirror,blue,44,draw,round-limit,30,4,5,12,16,76,76,1,3
base-mirror,blue,45,draw,round-limit,30,2,3,11,12,86,67,1,3
base-mirror,blue,46,draw,round-limit,30,2,11,7,9,89,85,2,2
base-mirror,blue,47,draw,round-limit,30,2,8,11,20,87,77,2,3
base-mirror,blue,48,draw,round-limit,30,2,7,10,16,88,75,3,3
base-mirror,blue,49,draw,round-limit,30,3,10,9,7,83,60,2,2
base-mirror,blue,50,draw,round-limit,30,3,10,8,12,88,84,2,3
base-mirror,blue,51,draw,round-limit,30,2,6,11,12,86,84,2,2
base-mirror,blue,52,draw,round-limit,30,1,4,6,11,95,69,1,2
base-mirror,blue,53,draw,round-limit,30,2,7,11,20,58,53,1,3
base-mirror,blue,54,draw,round-limit,30,3,14,12,16,77,80,2,3
base-mirror,blue,55,draw,round-limit,30,2,9,10,7,83,79,2,3
base-mirror,blue,56,draw,round-limit,30,1,9,14,16,65,71,3,4
base-mirror,blue,57,draw,round-limit,30,2,6,11,11,96,61,2,3
base-mirror,blue,58,draw,round-limit,30,1,6,7,15,87,81,2,2
base-mirror,blue,59,draw,round-limit,30,2,3,8,13,69,77,1,3
base-mirror,blue,60,draw,round-limit,30,1,10,10,10,77,84,3,2
base-mirror,blue,61,draw,round-limit,30,2,11,6,10,73,84,1,3
base-mirror,blue,62,draw,round-limit,30,2,9,8,3,71,68,2,2
base-mirror,blue,63,draw,round-limit,30,2,7,5,6,79,75,1,2
base-mirror,blue,64,draw,round-limit,30,3,8,6,9,59,60,1,2
base-mirror,blue,65,draw,round-limit,30,2,5,6,8,68,82,1,2
base-mirror,blue,66,draw,round-limit,30,2,11,13,11,90,72,1,3
base-mirror,blue,67,draw,round-limit,30,2,10,6,11,70,73,2,3
base-mirror,blue,68,draw,round-limit,30,3,6,8,18,70,75,2,4
base-mirror,blue,69,draw,round-limit,30,3,9,7,6,79,79,3,3
base-mirror,blue,70,draw,round-limit,30,3,9,10,8,58,61,4,2
base-mirror,blue,71,draw,round-limit,30,2,8,11,30,78,87,1,3
base-mirror,blue,72,draw,round-limit,30,3,6,12,10,85,67,1,4
base-mirror,blue,73,draw,round-limit,30,2,5,5,10,69,80,3,3
base-mirror,blue,74,draw,round-limit,30,2,8,11,14,74,75,3,3
base-mirror,blue,75,draw,round-limit,30,2,8,10,6,92,79,2,3
base-mirror,blue,76,draw,round-limit,30,3,3,5,13,72,80,1,3
base-mirror,blue,77,draw,round-limit,30,2,8,9,13,70,67,1,3
base-mirror,blue,78,draw,round-limit,30,2,5,4,8,71,70,2,2
base-mirror,blue,79,draw,round-limit,30,2,11,7,14,68,81,3,2
base-mirror,blue,80,draw,round-limit,30,5,3,9,10,75,79,2,2
base-mirror,blue,81,draw,round-limit,30,2,11,6,6,66,71,3,3
base-mirror,blue,82,draw,round-limit,30,2,5,11,16,79,79,2,2
base-mirror,blue,83,draw,round-limit,30,2,10,8,8,66,73,1,2
base-mirror,blue,84,draw,round-limit,30,2,7,6,10,79,86,2,2
base-mirror,blue,85,draw,round-limit,30,3,8,8,9,76,62,2,3
base-mirror,blue,86,draw,round-limit,30,3,6,11,7,85,73,1,3
base-mirror,blue,87,draw,round-limit,30,2,6,9,14,78,68,2,3
base-mirror,blue,88,draw,round-limit,30,2,6,7,11,79,69,2,3
base-mirror,blue,89,draw,round-limit,30,3,7,9,10,76,78,2,3
base-mirror,blue,90,draw,round-limit,30,2,8,6,8,68,72,2,3
base-mirror,blue,91,draw,round-limit,30,2,5,7,5,67,61,2,3
base-mirror,blue,92,draw,round-limit,30,2,5,5,13,71,73,1,3
base-mirror,blue,93,draw,round-limit,30,4,10,8,7,72,72,2,3
base-mirror,blue,94,draw,round-limit,30,3,8,6,18,70,78,2,3
base-mirror,blue,95,draw,round-limit,30,2,8,12,13,65,74,2,2
base-mirror,blue,96,draw,round-limit,30,2,4,9,18,74,60,0,3
base-mirror,blue,97,draw,round-limit,30,2,6,7,10,81,79,2,3
base-mirror,blue,98,draw,round-limit,30,2,12,14,8,73,69,3,3
base-mirror,blue,99,draw,round-limit,30,1,12,5,6,69,81,2,3
base-mirror,blue,100,draw,round-limit,30,2,10,5,13,64,77,1,2
base-mirror,blue,101,draw,round-limit,30,2,9,6,18,44,66,2,2
base-mirror,blue,102,draw,round-limit,30,3,12,5,23,56,67,2,2
base-mirror,blue,103,draw,round-limit,30,2,5,13,13,80,67,1,3
base-mirror,blue,104,draw,round-limit,30,2,10,8,8,73,67,3,2
base-mirror,blue,105,draw,round-limit,30,2,6,8,14,84,93,0,3
base-mirror,blue,106,draw,round-limit,30,2,7,6,6,70,79,2,3
base-mirror,blue,107,draw,round-limit,30,2,6,13,10,80,84,2,2
base-mirror,blue,108,draw,round-limit,30,2,8,8,4,69,72,3,3
base-mirror,blue,109,draw,round-limit,30,2,7,6,10,74,89,3,3
base-mirror,blue,110,draw,round-limit,30,4,5,11,6,70,68,1,3
base-mirror,blue,111,draw,round-limit,30,3,7,12,11,63,60,2,3
base-mirror,blue,112,draw,round-limit,30,3,4,10,15,83,69,1,3
base-mirror,blue,113,draw,round-limit,30,2,6,6,9,73,79,3,2
base-mirror,blue,114,draw,round-limit,30,2,10,9,14,66,77,4,3
base-mirror,blue,115,draw,round-limit,30,2,8,9,8,86,67,3,2
base-mirror,blue,116,draw,round-limit,30,3,10,10,15,71,66,2,2
base-mirror,blue,117,draw,round-limit,30,1,6,6,17,62,71,3,3
base-mirror,blue,118,draw,round-limit,30,2,8,5,9,66,62,2,2
base-mirror,blue,119,draw,round-limit,30,0,10,7,17,70,62,1,3
base-mirror,blue,120,draw,round-limit,30,2,8,9,5,75,89,1,2
base-mirror,blue,121,draw,round-limit,30,2,10,11,14,71,68,2,3
base-mirror,blue,122,draw,round-limit,30,2,6,9,7,79,56,1,3
base-mirror,blue,123,draw,round-limit,30,2,10,7,11,64,71,2,1
base-mirror,blue,124,draw,round-limit,30,2,10,5,13,72,77,2,2
base-mirror,blue,125,draw,round-limit,30,3,6,6,4,82,75,2,3
base-mirror,blue,126,draw,round-limit,30,2,9,10,10,83,81,3,3
base-mirror,blue,127,draw,round-limit,30,3,7,13,14,75,79,1,2
base-mirror,blue,128,draw,round-limit,30,2,9,4,13,83,87,0,2
base-mirror,blue,129,draw,round-limit,30,2,10,8,8,81,72,4,4
base-mirror,blue,130,draw,round-limit,30,2,7,8,10,70,80,1,3
base-mirror,blue,131,b,keep-captured,14,3,6,6,11,30,36,1,1
base-mirror,blue,132,draw,round-limit,30,5,12,9,10,62,66,3,4
base-mirror,blue,133,draw,round-limit,30,3,4,6,13,85,84,0,3
base-mirror,blue,134,draw,round-limit,30,3,8,6,6,78,71,2,2
base-mirror,blue,135,draw,round-limit,30,2,10,8,14,70,64,2,2
base-mirror,blue,136,draw,round-limit,30,2,10,6,17,88,74,3,2
base-mirror,blue,137,draw,round-limit,30,5,9,11,19,72,71,1,3
base-mirror,blue,138,draw,round-limit,30,2,7,9,10,77,79,2,3
base-mirror,blue,139,draw,round-limit,30,2,6,11,12,80,80,2,2
base-mirror,blue,140,draw,round-limit,30,2,5,14,15,94,84,0,3
base-mirror,blue,141,draw,round-limit,30,2,7,8,5,54,60,3,3
base-mirror,blue,142,draw,round-limit,30,2,7,7,8,78,70,2,3
base-mirror,blue,143,draw,round-limit,30,2,5,4,10,85,61,2,2
base-mirror,blue,144,draw,round-limit,30,1,3,4,12,81,61,1,2
base-mirror,blue,145,draw,round-limit,30,3,7,6,4,65,52,2,2
base-mirror,blue,146,draw,round-limit,30,2,8,9,4,83,67,3,2
base-mirror,blue,147,draw,round-limit,30,2,9,6,11,76,63,3,4
base-mirror,blue,148,draw,round-limit,30,3,7,10,11,89,75,1,2
base-mirror,blue,149,draw,round-limit,30,2,7,8,19,59,72,2,3
base-mirror,blue,150,a,keep-captured,7,1,2,6,7,25,15,0,0
base-mirror,blue,151,draw,round-limit,30,1,6,7,12,76,72,2,3
base-mirror,blue,152,draw,round-limit,30,2,5,7,5,71,66,1,3
base-mirror,blue,153,draw,round-limit,30,1,8,9,15,55,49,2,3
base-mirror,blue,154,draw,round-limit,30,2,8,14,9,82,72,0,2
base-mirror,blue,155,draw,round-limit,30,3,7,13,14,92,72,1,4
base-mirror,blue,156,draw,round-limit,30,3,11,7,23,75,72,2,2
base-mirror,blue,157,draw,round-limit,30,2,6,6,11,71,77,1,3
base-mirror,blue,158,draw,round-limit,30,2,10,7,20,83,86,3,3
base-mirror,blue,159,draw,round-limit,30,2,7,8,19,70,76,1,3
base-mirror,blue,160,draw,round-limit,30,2,6,4,10,61,62,2,2
base-mirror,blue,161,draw,round-limit,30,4,6,7,7,88,67,0,3
base-mirror,blue,162,draw,round-limit,30,3,12,14,10,78,69,2,2
base-mirror,blue,163,draw,round-limit,30,2,13,7,3,81,82,1,1
base-mirror,blue,164,draw,round-limit,30,2,8,7,14,73,81,2,3
base-mirror,blue,165,draw,round-limit,30,2,8,11,15,82,75,1,4
base-mirror,blue,166,draw,round-limit,30,2,7,7,5,77,68,2,4
base-mirror,blue,167,draw,round-limit,30,1,8,8,4,68,66,3,3
base-mirror,blue,168,draw,round-limit,30,2,9,10,12,65,55,2,2
base-mirror,blue,169,draw,round-limit,30,3,16,16,23,78,77,1,3
base-mirror,blue,170,draw,round-limit,30,4,10,9,12,76,67,2,3
base-mirror,blue,171,draw,round-limit,30,2,11,9,17,73,72,3,3
base-mirror,blue,172,draw,round-limit,30,2,8,6,9,63,71,1,1
base-mirror,blue,173,draw,round-limit,30,2,9,6,11,73,92,3,1
base-mirror,blue,174,draw,round-limit,30,2,6,7,15,64,73,2,1
base-mirror,blue,175,draw,round-limit,30,1,6,12,7,92,68,2,3
base-mirror,blue,176,draw,round-limit,30,3,7,6,16,72,60,1,3
base-mirror,blue,177,draw,round-limit,30,2,8,9,19,60,76,2,4
base-mirror,blue,178,draw,round-limit,30,2,9,4,6,87,92,2,1
base-mirror,blue,179,draw,round-limit,30,3,9,10,6,93,67,3,3
base-mirror,blue,180,draw,round-limit,30,3,13,11,16,81,79,1,2
base-mirror,blue,181,draw,round-limit,30,2,6,5,11,53,70,2,2
base-mirror,blue,182,draw,round-limit,30,3,7,11,11,77,57,1,4
base-mirror,blue,183,draw,round-limit,30,3,4,9,4,87,67,1,2
base-mirror,blue,184,draw,round-limit,30,1,9,6,17,69,79,2,3
base-mirror,blue,185,draw,round-limit,30,2,5,7,13,72,67,2,3
base-mirror,blue,186,draw,round-limit,30,2,7,6,14,67,72,3,2
base-mirror,blue,187,draw,round-limit,30,5,10,12,12,77,73,3,3
base-mirror,blue,188,draw,round-limit,30,1,8,11,14,81,59,3,2
base-mirror,blue,189,draw,round-limit,30,3,10,11,12,78,86,2,2
base-mirror,blue,190,draw,round-limit,30,2,10,8,12,67,76,3,3
base-mirror,blue,191,draw,round-limit,30,2,7,5,8,71,78,3,2
base-mirror,blue,192,draw,round-limit,30,2,5,9,4,78,56,2,3
base-mirror,blue,193,draw,round-limit,30,3,8,9,6,76,68,2,3
base-mirror,blue,194,draw,round-limit,30,2,10,9,13,78,72,2,3
base-mirror,blue,195,draw,round-limit,30,2,7,9,4,78,53,1,2
base-mirror,blue,196,draw,round-limit,30,2,6,8,10,64,60,1,2
base-mirror,blue,197,draw,round-limit,30,3,7,10,12,72,81,1,3
base-mirror,blue,198,draw,round-limit,30,2,8,9,14,67,60,2,3
base-mirror,blue,199,draw,round-limit,30,2,7,12,9,76,57,1,3
base-mirror,blue,200,draw,round-limit,30,3,4,7,13,66,61,1,3
