cell,aSide,seed,winner,reason,rounds,villageCaptures,aLost,bLost,aSpells,aAbilities,bAbilities,aRespawns,bRespawns
crown-vs-base,blue,1,draw,round-limit,30,1,4,8,5,172,27,1,3
crown-vs-base,blue,2,draw,round-limit,30,1,4,3,9,150,58,1,1
crown-vs-base,blue,3,draw,round-limit,30,1,4,7,7,135,44,0,1
crown-vs-base,blue,4,draw,round-limit,30,0,2,4,7,174,42,1,2
crown-vs-base,blue,5,draw,round-limit,30,1,3,4,7,156,43,1,2
crown-vs-base,blue,6,draw,round-limit,30,1,2,7,3,153,34,0,1
crown-vs-base,blue,7,draw,round-limit,30,1,3,3,10,137,55,1,1
crown-vs-base,blue,8,draw,round-limit,30,1,2,4,8,158,40,0,1
crown-vs-base,blue,9,draw,round-limit,30,1,5,4,9,139,37,1,2
crown-vs-base,blue,10,draw,round-limit,30,0,3,7,16,150,54,1,2
crown-vs-base,blue,11,draw,round-limit,30,1,5,8,10,147,48,2,3
crown-vs-base,blue,12,draw,round-limit,30,1,5,4,9,169,49,2,2
crown-vs-base,blue,13,draw,round-limit,30,1,3,5,10,155,51,2,2
crown-vs-base,blue,14,draw,round-limit,30,0,2,2,7,148,35,1,1
crown-vs-base,blue,15,draw,round-limit,30,1,3,5,5,209,59,3,1
crown-vs-base,blue,16,draw,round-limit,30,1,5,3,10,123,41,2,2
crown-vs-base,blue,17,draw,round-limit,30,1,1,5,4,165,44,0,2
crown-vs-base,blue,18,draw,round-limit,30,1,5,8,7,166,42,2,1
crown-vs-base,blue,19,draw,round-limit,30,1,2,4,4,181,51,1,2
crown-vs-base,blue,20,draw,round-limit,30,1,1,1,4,164,38,0,1
crown-vs-base,blue,21,draw,round-limit,30,1,3,4,8,168,42,1,2
crown-vs-base,blue,22,draw,round-limit,30,1,3,5,10,146,39,0,2
crown-vs-base,blue,23,draw,round-limit,30,1,5,4,7,173,42,1,2
crown-vs-base,blue,24,draw,round-limit,30,2,2,6,8,152,46,0,1
crown-vs-base,blue,25,draw,round-limit,30,1,4,4,4,131,59,0,1
crown-vs-base,blue,26,draw,round-limit,30,0,1,4,6,195,45,0,2
crown-vs-base,blue,27,draw,round-limit,30,1,1,4,10,171,53,0,2
crown-vs-base,blue,28,draw,round-limit,30,1,3,8,5,169,35,0,2
crown-vs-base,blue,29,draw,round-limit,30,1,5,5,8,192,53,2,2
crown-vs-base,blue,30,draw,round-limit,30,1,4,5,8,197,54,1,2
crown-vs-base,blue,31,draw,round-limit,30,1,5,4,9,187,58,2,2
crown-vs-base,blue,32,draw,round-limit,30,1,6,6,12,140,38,2,3
crown-vs-base,blue,33,draw,round-limit,30,1,3,4,8,137,65,0,2
crown-vs-base,blue,34,draw,round-limit,30,1,4,5,6,160,48,1,2
crown-vs-base,blue,35,draw,round-limit,30,1,4,5,4,148,77,1,2
crown-vs-base,blue,36,draw,round-limit,30,1,6,6,16,149,56,1,2
crown-vs-base,blue,37,draw,round-limit,30,2,3,7,8,147,33,1,1
crown-vs-base,blue,38,draw,round-limit,30,1,6,6,10,155,33,2,2
crown-vs-base,blue,39,draw,round-limit,30,1,3,5,2,174,43,2,2
crown-vs-base,blue,40,draw,round-limit,30,1,6,4,12,158,47,2,2
crown-vs-base,blue,41,draw,round-limit,30,1,5,3,6,168,31,1,1
crown-vs-base,blue,42,draw,round-limit,30,1,4,6,10,144,41,1,2
crown-vs-base,blue,43,draw,round-limit,30,1,6,4,11,181,43,1,2
crown-vs-base,blue,44,draw,round-limit,30,1,4,5,8,146,47,2,2
crown-vs-base,blue,45,draw,round-limit,30,1,4,6,12,172,66,2,2
crown-vs-base,blue,46,draw,round-limit,30,1,5,5,5,197,38,1,1
crown-vs-base,blue,47,draw,round-limit,30,0,3,7,12,158,47,1,2
crown-vs-base,blue,48,draw,round-limit,30,0,4,3,12,165,55,1,2
crown-vs-base,blue,49,draw,round-limit,30,2,4,5,8,150,42,1,3
crown-vs-base,blue,50,draw,round-limit,30,1,3,2,13,143,53,1,1
crown-vs-base,blue,51,draw,round-limit,30,2,3,4,12,175,53,0,2
crown-vs-base,blue,52,draw,round-limit,30,0,3,5,16,179,48,1,1
crown-vs-base,blue,53,draw,round-limit,30,1,4,5,19,143,35,2,2
crown-vs-base,blue,54,draw,round-limit,30,1,1,2,8,122,42,1,1
crown-vs-base,blue,55,draw,round-limit,30,1,5,8,8,157,45,0,2
crown-vs-base,blue,56,draw,round-limit,30,1,1,2,11,168,47,0,1
crown-vs-base,blue,57,draw,round-limit,30,0,3,5,15,161,48,1,2
crown-vs-base,blue,58,draw,round-limit,30,1,3,5,9,182,31,0,3
crown-vs-base,blue,59,draw,round-limit,30,0,1,1,13,156,25,0,1
crown-vs-base,blue,60,draw,round-limit,30,1,7,4,11,170,62,2,1
crown-vs-base,blue,61,draw,round-limit,30,2,2,6,6,173,42,0,1
crown-vs-base,blue,62,draw,round-limit,30,0,6,5,6,186,53,0,2
crown-vs-base,blue,63,draw,round-limit,30,1,4,6,7,179,45,2,2
crown-vs-base,blue,64,draw,round-limit,30,1,5,2,11,162,46,0,1
crown-vs-base,blue,65,draw,round-limit,30,1,4,5,7,159,49,1,1
crown-vs-base,blue,66,draw,round-limit,30,1,5,3,5,151,41,0,1
crown-vs-base,blue,67,draw,round-limit,30,1,3,3,7,180,45,1,1
crown-vs-base,blue,68,draw,round-limit,30,2,5,5,20,152,48,1,2
crown-vs-base,blue,69,draw,round-limit,30,1,3,6,6,185,31,2,1
crown-vs-base,blue,70,draw,round-limit,30,2,1,2,3,156,51,1,1
crown-vs-base,blue,71,draw,round-limit,30,1,9,5,17,152,55,1,2
crown-vs-base,blue,72,draw,round-limit,30,1,2,2,6,163,44,1,1
crown-vs-base,blue,73,draw,round-limit,30,1,2,5,6,133,42,1,2
crown-vs-base,blue,74,draw,round-limit,30,1,4,5,6,176,40,1,2
crown-vs-base,blue,75,draw,round-limit,30,1,4,2,7,168,59,2,1
crown-vs-base,blue,76,draw,round-limit,30,1,3,8,19,155,43,1,2
crown-vs-base,blue,77,draw,round-limit,30,1,4,4,7,157,46,1,2
crown-vs-base,blue,78,draw,round-limit,30,1,2,4,10,164,55,0,2
crown-vs-base,blue,79,draw,round-limit,30,1,2,5,8,159,53,1,2
crown-vs-base,blue,80,draw,round-limit,30,1,3,2,14,168,47,2,1
crown-vs-base,blue,81,draw,round-limit,30,1,7,9,9,146,42,2,2
crown-vs-base,blue,82,draw,round-limit,30,1,3,5,7,178,40,0,1
crown-vs-base,blue,83,draw,round-limit,30,1,4,2,4,186,31,2,1
crown-vs-base,blue,84,draw,round-limit,30,2,5,7,15,158,62,1,3
crown-vs-base,blue,85,b,keep-captured,23,1,2,6,12,130,28,1,2
crown-vs-base,blue,86,draw,round-limit,30,1,3,4,3,177,38,1,3
crown-vs-base,blue,87,draw,round-limit,30,1,4,5,5,125,33,1,1
crown-vs-base,blue,88,draw,round-limit,30,1,5,3,13,171,41,2,2
crown-vs-base,blue,89,draw,round-limit,30,1,2,5,15,159,43,1,3
crown-vs-base,blue,90,draw,round-limit,30,2,5,3,7,186,58,1,1
crown-vs-base,blue,91,draw,round-limit,30,1,8,5,7,172,45,2,2
crown-vs-base,blue,92,draw,round-limit,30,2,6,7,10,176,60,1,1
crown-vs-base,blue,93,draw,round-limit,30,2,6,5,2,163,46,0,2
crown-vs-base,blue,94,draw,round-limit,30,1,3,6,8,153,38,1,1
crown-vs-base,blue,95,draw,round-limit,30,1,3,4,6,139,65,1,1
crown-vs-base,blue,96,draw,round-limit,30,1,3,5,15,138,40,0,2
crown-vs-base,blue,97,draw,round-limit,30,1,6,3,8,178,51,3,2
crown-vs-base,blue,98,draw,round-limit,30,2,5,6,6,183,51,1,2
crown-vs-base,blue,99,draw,round-limit,30,1,8,3,6,131,53,2,1
crown-vs-base,blue,100,draw,round-limit,30,1,4,3,6,148,43,1,1
crown-vs-base,blue,101,draw,round-limit,30,1,2,3,9,162,31,1,1
crown-vs-base,blue,102,draw,round-limit,30,1,0,3,9,172,29,0,1
crown-vs-base,blue,103,draw,round-limit,30,2,7,9,12,152,42,1,2
crown-vs-base,blue,104,draw,round-limit,30,1,8,7,4,166,55,1,1
crown-vs-base,blue,105,draw,round-limit,30,1,3,6,5,164,50,0,1
crown-vs-base,blue,106,draw,round-limit,30,1,2,4,5,190,46,1,1
crown-vs-base,blue,107,b,keep-captured,11,1,2,3,10,45,18,0,1
crown-vs-base,blue,108,draw,round-limit,30,1,1,3,2,187,36,0,1
crown-vs-base,blue,109,draw,round-limit,30,0,3,4,5,154,38,1,2
crown-vs-base,blue,110,draw,round-limit,30,2,7,11,7,139,60,1,2
crown-vs-base,blue,111,draw,round-limit,30,1,5,4,15,167,44,2,2
crown-vs-base,blue,112,draw,round-limit,30,1,5,6,12,137,42,2,2
crown-vs-base,blue,113,draw,round-limit,30,1,2,2,10,141,33,1,1
crown-vs-base,blue,114,draw,round-limit,30,2,3,9,9,143,52,1,1
crown-vs-base,blue,115,draw,round-limit,30,0,5,6,14,169,30,1,2
crown-vs-base,blue,116,draw,round-limit,30,0,2,4,10,160,42,0,1
crown-vs-base,blue,117,draw,round-limit,30,1,3,4,13,162,27,1,2
crown-vs-base,blue,118,draw,round-limit,30,0,1,3,10,108,39,0,1
crown-vs-base,blue,119,draw,round-limit,30,1,7,5,16,145,41,1,2
crown-vs-base,blue,120,draw,round-limit,30,1,1,5,6,177,54,1,2
crown-vs-base,blue,121,draw,round-limit,30,0,4,6,11,166,47,1,3
crown-vs-base,blue,122,draw,round-limit,30,1,3,6,8,152,40,1,2
crown-vs-base,blue,123,draw,round-limit,30,1,0,3,5,143,28,0,2
crown-vs-base,blue,124,draw,round-limit,30,1,2,7,9,136,51,1,1
crown-vs-base,blue,125,draw,round-limit,30,1,3,8,4,171,24,1,3
crown-vs-base,blue,126,draw,round-limit,30,1,3,5,5,160,58,1,3
crown-vs-base,blue,127,draw,round-limit,30,1,1,2,9,172,57,0,1
crown-vs-base,blue,128,draw,round-limit,30,1,3,5,7,178,31,1,2
crown-vs-base,blue,129,draw,round-limit,30,1,4,5,10,122,32,1,1
crown-vs-base,blue,130,draw,round-limit,30,1,1,5,9,144,49,0,2
crown-vs-base,blue,131,draw,round-limit,30,1,3,4,13,131,46,1,1
crown-vs-base,blue,132,draw,round-limit,30,1,5,3,8,168,32,2,2
crown-vs-base,blue,133,draw,round-limit,30,2,4,4,12,112,29,0,3
crown-vs-base,blue,134,draw,round-limit,30,1,3,3,7,191,35,1,1
crown-vs-base,blue,135,draw,round-limit,30,1,1,3,8,147,36,1,2
crown-vs-base,blue,136,draw,round-limit,30,2,2,4,11,176,48,1,2
crown-vs-base,blue,137,draw,round-limit,30,1,4,6,9,168,44,1,2
crown-vs-base,blue,138,draw,round-limit,30,1,7,5,6,149,55,3,2
crown-vs-base,blue,139,draw,round-limit,30,1,5,5,9,136,48,1,3
crown-vs-base,blue,140,draw,round-limit,30,1,5,5,9,185,47,1,3
crown-vs-base,blue,141,draw,round-limit,30,1,2,7,8,173,48,1,1
crown-vs-base,blue,142,draw,round-limit,30,1,5,3,5,147,46,2,2
crown-vs-base,blue,143,draw,round-limit,30,1,5,2,18,152,55,0,1
crown-vs-base,blue,144,draw,round-limit,30,1,1,6,5,200,45,1,1
crown-vs-base,blue,145,draw,round-limit,30,1,2,4,1,156,47,1,2
crown-vs-base,blue,146,draw,round-limit,30,1,6,7,4,162,46,2,3
crown-vs-base,blue,147,draw,round-limit,30,1,3,3,5,165,36,0,1
crown-vs-base,blue,148,draw,round-limit,30,2,4,5,8,146,58,2,1
crown-vs-base,blue,149,draw,round-limit,30,1,2,5,11,175,52,0,2
crown-vs-base,blue,150,draw,round-limit,30,1,2,5,11,147,31,0,2
crown-vs-base,blue,151,draw,round-limit,30,2,0,2,8,119,21,0,1
crown-vs-base,blue,152,draw,round-limit,30,0,1,2,10,140,46,0,1
crown-vs-base,blue,153,draw,round-limit,30,2,6,5,13,175,32,1,3
crown-vs-base,blue,154,draw,round-limit,30,1,8,8,8,146,52,2,3
crown-vs-base,blue,155,draw,round-limit,30,1,4,5,16,144,49,1,3
crown-vs-base,blue,156,draw,round-limit,30,1,5,7,9,138,45,1,3
crown-vs-base,blue,157,draw,round-limit,30,0,3,2,9,216,60,1,1
crown-vs-base,blue,158,draw,round-limit,30,1,3,4,7,217,38,2,3
crown-vs-base,blue,159,draw,round-limit,30,1,2,8,6,160,46,1,3
crown-vs-base,blue,160,draw,round-limit,30,0,3,5,12,142,30,0,1
crown-vs-base,blue,161,draw,round-limit,30,1,2,6,3,166,46,1,3
crown-vs-base,blue,162,draw,round-limit,30,1,5,8,6,114,30,1,2
crown-vs-base,blue,163,draw,round-limit,30,1,2,3,3,177,34,1,1
crown-vs-base,blue,164,draw,round-limit,30,2,6,9,8,196,63,2,2
crown-vs-base,blue,165,draw,round-limit,30,1,4,6,15,135,54,1,2
crown-vs-base,blue,166,draw,round-limit,30,1,7,6,9,148,41,2,2
crown-vs-base,blue,167,draw,round-limit,30,1,2,2,9,172,39,0,1
crown-vs-base,blue,168,draw,round-limit,30,1,6,3,4,167,32,1,1
crown-vs-base,blue,169,draw,round-limit,30,1,1,2,4,172,43,0,1
crown-vs-base,blue,170,draw,round-limit,30,1,4,4,10,138,52,1,1
crown-vs-base,blue,171,draw,round-limit,30,1,6,2,9,176,49,2,2
crown-vs-base,blue,172,draw,round-limit,30,1,3,4,8,132,54,2,2
crown-vs-base,blue,173,draw,round-limit,30,1,4,5,8,152,44,1,2
crown-vs-base,blue,174,draw,round-limit,30,1,0,2,11,173,42,0,1
crown-vs-base,blue,175,draw,round-limit,30,1,9,7,16,165,45,1,3
crown-vs-base,blue,176,draw,round-limit,30,1,6,7,13,174,56,2,3
crown-vs-base,blue,177,draw,round-limit,30,1,2,2,10,166,60,0,1
crown-vs-base,blue,178,draw,round-limit,30,1,5,5,6,170,36,1,2
crown-vs-base,blue,179,draw,round-limit,30,1,6,8,9,147,40,0,2
crown-vs-base,blue,180,draw,round-limit,30,2,5,4,9,164,45,1,1
crown-vs-base,blue,181,draw,round-limit,30,0,6,2,6,163,43,1,1
crown-vs-base,blue,182,draw,round-limit,30,1,3,1,7,157,34,1,1
crown-vs-base,blue,183,draw,round-limit,30,2,3,5,8,189,44,1,1
crown-vs-base,blue,184,draw,round-limit,30,2,5,5,16,145,39,1,1
crown-vs-base,blue,185,draw,round-limit,30,0,5,4,13,162,62,0,1
crown-vs-base,blue,186,draw,round-limit,30,1,4,5,9,127,35,1,3
crown-vs-base,blue,187,draw,round-limit,30,1,3,7,12,126,35,1,2
crown-vs-base,blue,188,draw,round-limit,30,1,5,6,8,161,47,1,2
crown-vs-base,blue,189,draw,round-limit,30,1,3,4,9,150,50,0,2
crown-vs-base,blue,190,draw,round-limit,30,1,1,5,14,141,43,0,2
crown-vs-base,blue,191,draw,round-limit,30,1,2,3,6,150,45,1,1
crown-vs-base,blue,192,draw,round-limit,30,0,1,3,6,208,40,0,1
crown-vs-base,blue,193,draw,round-limit,30,1,6,6,8,136,50,2,2
crown-vs-base,blue,194,draw,round-limit,30,1,5,4,11,144,34,1,2
crown-vs-base,blue,195,draw,round-limit,30,1,5,4,4,131,46,1,2
crown-vs-base,blue,196,draw,round-limit,30,1,4,3,10,145,45,1,2
crown-vs-base,blue,197,draw,round-limit,30,1,7,3,12,159,32,1,1
crown-vs-base,blue,198,draw,round-limit,30,1,3,4,16,157,45,1,1
crown-vs-base,blue,199,draw,round-limit,30,1,4,5,7,191,53,1,2
crown-vs-base,blue,200,draw,round-limit,30,1,6,6,18,150,52,2,3
crown-vs-base,red,1,draw,round-limit,30,1,4,9,13,137,66,2,2
crown-vs-base,red,2,draw,round-limit,30,1,0,0,4,115,9,0,0
crown-vs-base,red,3,draw,round-limit,30,1,4,3,8,117,39,1,0
crown-vs-base,red,4,draw,round-limit,30,2,3,3,5,154,45,2,1
crown-vs-base,red,5,draw,round-limit,30,1,2,2,8,126,35,1,1
crown-vs-base,red,6,draw,round-limit,30,1,3,8,7,137,35,1,2
crown-vs-base,red,7,draw,round-limit,30,1,4,4,10,152,41,1,2
crown-vs-base,red,8,draw,round-limit,30,1,3,3,10,155,34,0,2
crown-vs-base,red,9,draw,round-limit,30,2,5,6,12,149,45,1,1
crown-vs-base,red,10,draw,round-limit,30,1,7,4,8,129,68,2,0
crown-vs-base,red,11,draw,round-limit,30,1,5,5,13,140,51,1,3
crown-vs-base,red,12,draw,round-limit,30,1,3,5,10,145,37,1,1
crown-vs-base,red,13,draw,round-limit,30,2,4,2,7,161,42,1,1
crown-vs-base,red,14,draw,round-limit,30,2,5,2,6,148,38,2,0
crown-vs-base,red,15,draw,round-limit,30,1,3,4,7,164,40,2,2
crown-vs-base,red,16,draw,round-limit,30,1,4,4,9,156,47,1,2
crown-vs-base,red,17,draw,round-limit,30,3,7,6,11,120,58,2,1
crown-vs-base,red,18,draw,round-limit,30,1,5,2,4,149,61,1,1
crown-vs-base,red,19,draw,round-limit,30,2,4,1,3,132,25,1,0
crown-vs-base,red,20,draw,round-limit,30,2,5,4,9,137,43,1,2
crown-vs-base,red,21,draw,round-limit,30,1,0,0,6,92,10,0,0
crown-vs-base,red,22,draw,round-limit,30,1,3,3,10,130,29,2,2
crown-vs-base,red,23,draw,round-limit,30,1,4,3,5,164,42,1,1
crown-vs-base,red,24,draw,round-limit,30,1,3,4,8,165,36,1,0
crown-vs-base,red,25,draw,round-limit,30,2,4,4,7,170,34,1,1
crown-vs-base,red,26,draw,round-limit,30,1,1,4,12,131,39,0,2
crown-vs-base,red,27,draw,round-limit,30,1,3,0,7,195,34,1,0
crown-vs-base,red,28,draw,round-limit,30,2,3,2,6,128,28,1,1
crown-vs-base,red,29,draw,round-limit,30,1,4,4,6,147,42,1,1
crown-vs-base,red,30,draw,round-limit,30,1,3,3,13,133,47,1,1
crown-vs-base,red,31,draw,round-limit,30,1,8,4,2,130,44,3,2
crown-vs-base,red,32,draw,round-limit,30,2,2,3,6,99,29,1,1
crown-vs-base,red,33,draw,round-limit,30,2,4,2,8,126,43,1,0
crown-vs-base,red,34,draw,round-limit,30,2,4,4,6,136,45,2,1
crown-vs-base,red,35,draw,round-limit,30,2,4,9,8,145,56,1,1
crown-vs-base,red,36,draw,round-limit,30,1,0,0,5,90,11,0,0
crown-vs-base,red,37,draw,round-limit,30,1,5,4,8,156,41,1,2
crown-vs-base,red,38,draw,round-limit,30,1,6,5,9,138,39,1,2
crown-vs-base,red,39,draw,round-limit,30,2,4,4,5,181,51,1,1
crown-vs-base,red,40,draw,round-limit,30,1,3,2,11,120,41,0,1
crown-vs-base,red,41,draw,round-limit,30,1,5,1,8,131,38,1,1
crown-vs-base,red,42,draw,round-limit,30,1,3,0,4,108,29,1,0
crown-vs-base,red,43,draw,round-limit,30,1,4,1,9,141,35,1,0
crown-vs-base,red,44,draw,round-limit,30,2,2,0,6,128,13,1,0
crown-vs-base,red,45,draw,round-limit,30,1,4,4,4,183,53,2,2
crown-vs-base,red,46,draw,round-limit,30,2,3,0,7,167,45,0,0
crown-vs-base,red,47,draw,round-limit,30,2,1,3,12,81,29,0,0
crown-vs-base,red,48,draw,round-limit,30,2,2,0,11,126,49,0,0
crown-vs-base,red,49,draw,round-limit,30,1,5,3,8,113,44,0,0
crown-vs-base,red,50,draw,round-limit,30,1,4,4,8,171,35,2,1
crown-vs-base,red,51,draw,round-limit,30,1,4,1,8,173,52,1,0
crown-vs-base,red,52,draw,round-limit,30,1,4,0,5,118,49,1,0
crown-vs-base,red,53,draw,round-limit,30,1,5,2,12,148,44,1,0
crown-vs-base,red,54,draw,round-limit,30,2,5,5,10,140,38,2,1
crown-vs-base,red,55,draw,round-limit,30,1,4,4,7,169,54,2,0
crown-vs-base,red,56,draw,round-limit,30,1,0,2,4,134,17,0,0
crown-vs-base,red,57,draw,round-limit,30,2,3,3,15,153,58,2,1
crown-vs-base,red,58,draw,round-limit,30,2,5,3,6,158,51,2,1
crown-vs-base,red,59,draw,round-limit,30,1,5,3,8,139,42,2,2
crown-vs-base,red,60,draw,round-limit,30,2,5,4,3,161,39,2,1
crown-vs-base,red,61,draw,round-limit,30,1,3,0,8,145,39,1,0
crown-vs-base,red,62,draw,round-limit,30,2,4,2,8,115,34,1,0
crown-vs-base,red,63,draw,round-limit,30,1,2,3,6,101,16,1,1
crown-vs-base,red,64,draw,round-limit,30,1,5,4,7,182,40,2,1
crown-vs-base,red,65,draw,round-limit,30,2,3,1,11,146,19,0,0
crown-vs-base,red,66,draw,round-limit,30,2,3,0,8,158,26,1,0
crown-vs-base,red,67,draw,round-limit,30,1,6,2,5,144,45,2,0
crown-vs-base,red,68,draw,round-limit,30,1,1,1,9,132,45,1,0
crown-vs-base,red,69,draw,round-limit,30,1,3,3,8,180,47,1,1
crown-vs-base,red,70,draw,round-limit,30,1,2,3,9,174,72,0,1
crown-vs-base,red,71,draw,round-limit,30,2,4,2,9,145,36,1,1
crown-vs-base,red,72,draw,round-limit,30,2,1,2,12,116,20,0,1
crown-vs-base,red,73,draw,round-limit,30,2,5,6,15,149,60,1,2
crown-vs-base,red,74,draw,round-limit,30,2,4,4,5,171,38,2,1
crown-vs-base,red,75,draw,round-limit,30,2,4,1,9,155,42,1,0
crown-vs-base,red,76,draw,round-limit,30,1,2,1,6,169,31,1,1
crown-vs-base,red,77,draw,round-limit,30,1,4,6,12,129,36,0,2
crown-vs-base,red,78,draw,round-limit,30,2,4,2,14,126,36,1,1
crown-vs-base,red,79,draw,round-limit,30,2,1,1,2,129,31,0,0
crown-vs-base,red,80,draw,round-limit,30,2,4,1,7,166,50,1,0
crown-vs-base,red,81,draw,round-limit,30,2,7,8,15,131,68,1,2
crown-vs-base,red,82,draw,round-limit,30,1,2,2,3,140,32,1,1
crown-vs-base,red,83,draw,round-limit,30,2,6,6,11,158,64,3,2
crown-vs-base,red,84,draw,round-limit,30,1,4,1,10,135,45,2,1
crown-vs-base,red,85,draw,round-limit,30,2,3,4,13,136,29,0,0
crown-vs-base,red,86,draw,round-limit,30,2,3,2,7,155,39,0,0
crown-vs-base,red,87,draw,round-limit,30,2,2,1,5,121,23,1,1
crown-vs-base,red,88,draw,round-limit,30,1,3,4,12,163,49,1,1
crown-vs-base,red,89,draw,round-limit,30,1,6,5,10,153,49,2,2
crown-vs-base,red,90,draw,round-limit,30,2,4,1,15,131,31,1,0
crown-vs-base,red,91,draw,round-limit,30,2,8,3,14,139,52,2,0
crown-vs-base,red,92,draw,round-limit,30,1,2,1,7,101,37,0,1
crown-vs-base,red,93,draw,round-limit,30,1,5,8,12,143,49,1,2
crown-vs-base,red,94,draw,round-limit,30,1,6,1,3,154,45,2,0
crown-vs-base,red,95,draw,round-limit,30,1,3,5,1,134,41,1,1
crown-vs-base,red,96,draw,round-limit,30,1,5,2,12,177,52,1,0
crown-vs-base,red,97,draw,round-limit,30,2,0,2,5,108,19,0,1
crown-vs-base,red,98,draw,round-limit,30,2,3,3,7,133,25,0,2
crown-vs-base,red,99,draw,round-limit,30,1,6,11,15,130,58,2,1
crown-vs-base,red,100,draw,round-limit,30,0,2,2,11,138,19,1,1
crown-vs-base,red,101,draw,round-limit,30,1,5,4,3,181,33,1,1
crown-vs-base,red,102,draw,round-limit,30,2,5,3,10,125,32,1,1
crown-vs-base,red,103,draw,round-limit,30,2,3,1,5,121,17,1,0
crown-vs-base,red,104,draw,round-limit,30,1,4,6,16,151,52,1,2
crown-vs-base,red,105,draw,round-limit,30,1,2,2,9,143,25,1,0
crown-vs-base,red,106,draw,round-limit,30,2,3,1,7,151,20,0,0
crown-vs-base,red,107,draw,round-limit,30,2,3,1,2,128,21,0,0
crown-vs-base,red,108,draw,round-limit,30,2,1,1,3,130,32,0,1
crown-vs-base,red,109,draw,round-limit,30,1,5,4,5,140,29,2,1
crown-vs-base,red,110,draw,round-limit,30,2,2,0,6,144,14,0,0
crown-vs-base,red,111,draw,round-limit,30,2,2,0,3,147,10,0,0
crown-vs-base,red,112,draw,round-limit,30,1,3,4,13,135,63,1,1
crown-vs-base,red,113,draw,round-limit,30,1,4,6,8,145,55,2,1
crown-vs-base,red,114,draw,round-limit,30,1,3,2,7,139,18,1,1
crown-vs-base,red,115,draw,round-limit,30,1,7,6,13,143,46,2,2
crown-vs-base,red,116,draw,round-limit,30,1,4,1,9,166,48,1,0
crown-vs-base,red,117,draw,round-limit,30,1,4,3,5,183,42,2,1
crown-vs-base,red,118,draw,round-limit,30,2,0,0,4,111,13,0,0
crown-vs-base,red,119,draw,round-limit,30,1,4,2,4,180,35,2,1
crown-vs-base,red,120,draw,round-limit,30,1,2,1,1,119,14,1,0
crown-vs-base,red,121,draw,round-limit,30,1,1,0,5,132,34,0,0
crown-vs-base,red,122,draw,round-limit,30,1,5,3,6,156,43,1,2
crown-vs-base,red,123,draw,round-limit,30,1,4,6,8,154,45,1,2
crown-vs-base,red,124,draw,round-limit,30,0,6,3,8,162,46,1,1
crown-vs-base,red,125,draw,round-limit,30,2,4,4,9,140,41,1,1
crown-vs-base,red,126,draw,round-limit,30,2,1,2,6,110,32,0,0
crown-vs-base,red,127,draw,round-limit,30,1,4,3,3,136,44,1,2
crown-vs-base,red,128,draw,round-limit,30,2,4,3,7,159,41,2,0
crown-vs-base,red,129,draw,round-limit,30,2,6,7,14,167,66,2,2
crown-vs-base,red,130,draw,round-limit,30,2,3,1,4,124,29,1,0
crown-vs-base,red,131,draw,round-limit,30,1,3,2,12,137,51,1,0
crown-vs-base,red,132,draw,round-limit,30,1,2,3,17,129,44,1,1
crown-vs-base,red,133,draw,round-limit,30,2,2,2,4,114,27,1,2
crown-vs-base,red,134,draw,round-limit,30,1,3,1,17,133,54,1,1
crown-vs-base,red,135,draw,round-limit,30,1,2,3,9,139,42,0,2
crown-vs-base,red,136,draw,round-limit,30,1,7,4,12,145,46,2,0
crown-vs-base,red,137,draw,round-limit,30,1,5,4,13,142,46,2,0
crown-vs-base,red,138,draw,round-limit,30,1,4,1,10,151,47,1,0
crown-vs-base,red,139,draw,round-limit,30,1,4,2,11,154,35,1,0
crown-vs-base,red,140,draw,round-limit,30,1,8,7,12,161,50,2,2
crown-vs-base,red,141,draw,round-limit,30,2,4,3,13,149,32,1,1
crown-vs-base,red,142,draw,round-limit,30,2,5,2,9,161,51,1,0
crown-vs-base,red,143,draw,round-limit,30,1,4,2,7,114,49,1,1
crown-vs-base,red,144,draw,round-limit,30,2,2,1,6,144,30,0,0
crown-vs-base,red,145,draw,round-limit,30,1,3,3,12,178,50,1,1
crown-vs-base,red,146,draw,round-limit,30,1,3,4,8,173,58,1,1
crown-vs-base,red,147,draw,round-limit,30,2,4,1,9,156,36,1,1
crown-vs-base,red,148,draw,round-limit,30,2,2,0,7,155,30,1,0
crown-vs-base,red,149,draw,round-limit,30,1,3,0,6,148,47,1,0
crown-vs-base,red,150,draw,round-limit,30,1,4,3,18,150,49,1,1
crown-vs-base,red,151,draw,round-limit,30,2,3,3,13,116,43,1,1
crown-vs-base,red,152,draw,round-limit,30,2,3,3,9,119,45,1,1
crown-vs-base,red,153,draw,round-limit,30,2,4,2,12,111,50,1,1
crown-vs-base,red,154,draw,round-limit,30,1,2,5,8,137,40,1,1
crown-vs-base,red,155,draw,round-limit,30,2,5,6,13,177,40,2,0
crown-vs-base,red,156,draw,round-limit,30,1,5,5,10,145,41,2,1
crown-vs-base,red,157,draw,round-limit,30,2,3,3,6,176,44,1,2
crown-vs-base,red,158,draw,round-limit,30,2,3,0,16,151,23,0,0
crown-vs-base,red,159,draw,round-limit,30,1,3,1,9,165,51,1,0
crown-vs-base,red,160,draw,round-limit,30,1,3,1,10,152,31,1,1
crown-vs-base,red,161,draw,round-limit,30,1,4,1,7,130,44,1,0
crown-vs-base,red,162,draw,round-limit,30,1,3,4,7,126,41,1,2
crown-vs-base,red,163,draw,round-limit,30,2,5,5,13,127,56,2,1
crown-vs-base,red,164,draw,round-limit,30,2,7,3,11,125,41,1,1
crown-vs-base,red,165,draw,round-limit,30,2,2,2,6,142,41,1,1
crown-vs-base,red,166,draw,round-limit,30,1,6,6,9,138,52,1,1
crown-vs-base,red,167,draw,round-limit,30,1,0,0,3,116,10,0,0
crown-vs-base,red,168,draw,round-limit,30,1,3,2,4,148,27,1,1
crown-vs-base,red,169,draw,round-limit,30,2,1,1,6,130,34,0,0
crown-vs-base,red,170,draw,round-limit,30,1,5,3,3,140,43,2,2
crown-vs-base,red,171,draw,round-limit,30,2,7,6,12,146,74,2,1
crown-vs-base,red,172,draw,round-limit,30,1,6,7,14,128,51,1,2
crown-vs-base,red,173,draw,round-limit,30,1,6,2,7,171,50,1,0
crown-vs-base,red,174,draw,round-limit,30,2,2,4,3,193,43,1,1
crown-vs-base,red,175,draw,round-limit,30,2,7,3,14,161,40,2,1
crown-vs-base,red,176,draw,round-limit,30,2,2,3,13,149,32,1,0
crown-vs-base,red,177,draw,round-limit,30,2,2,4,8,115,33,1,0
crown-vs-base,red,178,draw,round-limit,30,1,4,5,11,134,52,2,1
crown-vs-base,red,179,draw,round-limit,30,2,2,3,9,129,43,1,1
crown-vs-base,red,180,draw,round-limit,30,2,1,2,6,132,17,0,0
crown-vs-base,red,181,draw,round-limit,30,1,3,2,6,170,52,1,1
crown-vs-base,red,182,draw,round-limit,30,0,2,1,10,156,44,0,1
crown-vs-base,red,183,draw,round-limit,30,1,3,10,13,130,56,2,2
crown-vs-base,red,184,draw,round-limit,30,1,4,3,6,186,50,1,2
crown-vs-base,red,185,draw,round-limit,30,1,7,3,5,132,39,1,1
crown-vs-base,red,186,draw,round-limit,30,1,3,4,5,108,37,1,2
crown-vs-base,red,187,draw,round-limit,30,2,4,3,11,177,38,1,1
crown-vs-base,red,188,draw,round-limit,30,1,3,0,4,173,43,1,0
crown-vs-base,red,189,draw,round-limit,30,1,4,2,13,184,48,1,1
crown-vs-base,red,190,draw,round-limit,30,1,7,5,5,147,34,3,1
crown-vs-base,red,191,draw,round-limit,30,0,5,2,3,163,53,1,1
crown-vs-base,red,192,draw,round-limit,30,2,0,0,4,148,19,0,0
crown-vs-base,red,193,draw,round-limit,30,2,5,6,14,143,50,1,1
crown-vs-base,red,194,draw,round-limit,30,2,2,2,9,151,22,2,1
crown-vs-base,red,195,draw,round-limit,30,1,2,4,15,168,58,1,1
crown-vs-base,red,196,draw,round-limit,30,2,3,1,4,126,22,1,0
crown-vs-base,red,197,draw,round-limit,30,2,2,4,4,140,34,1,1
crown-vs-base,red,198,draw,round-limit,30,1,5,5,11,182,54,1,1
crown-vs-base,red,199,draw,round-limit,30,3,6,5,10,140,62,2,1
crown-vs-base,red,200,draw,round-limit,30,1,5,5,15,130,41,1,1
crownplain-vs-base,blue,1,draw,round-limit,30,1,4,6,4,72,48,1,2
crownplain-vs-base,blue,2,draw,round-limit,30,2,4,7,5,68,43,1,1
crownplain-vs-base,blue,3,draw,round-limit,30,1,1,5,6,39,33,1,1
crownplain-vs-base,blue,4,draw,round-limit,30,2,2,3,8,53,49,1,1
crownplain-vs-base,blue,5,draw,round-limit,30,2,3,4,7,45,42,2,1
crownplain-vs-base,blue,6,draw,round-limit,30,2,4,3,2,47,46,0,1
crownplain-vs-base,blue,7,draw,round-limit,30,1,1,3,7,41,37,1,1
crownplain-vs-base,blue,8,draw,round-limit,30,1,7,5,3,44,38,3,1
crownplain-vs-base,blue,9,draw,round-limit,30,1,1,2,5,30,30,0,1
crownplain-vs-base,blue,10,draw,round-limit,30,2,2,4,4,57,49,1,1
crownplain-vs-base,blue,11,draw,round-limit,30,1,3,4,2,56,42,1,1
crownplain-vs-base,blue,12,draw,round-limit,30,1,3,3,3,75,44,0,1
crownplain-vs-base,blue,13,draw,round-limit,30,1,7,5,7,59,60,1,1
crownplain-vs-base,blue,14,draw,round-limit,30,1,5,5,7,46,48,1,2
crownplain-vs-base,blue,15,draw,round-limit,30,1,4,4,1,43,39,1,1
crownplain-vs-base,blue,16,draw,round-limit,30,0,3,3,3,62,47,2,1
crownplain-vs-base,blue,17,draw,round-limit,30,2,4,5,6,54,45,1,2
crownplain-vs-base,blue,18,draw,round-limit,30,2,6,5,4,61,39,2,1
crownplain-vs-base,blue,19,draw,round-limit,30,1,5,5,5,40,44,1,2
crownplain-vs-base,blue,20,draw,round-limit,30,1,5,5,2,36,51,2,2
crownplain-vs-base,blue,21,draw,round-limit,30,2,4,6,6,55,51,1,2
crownplain-vs-base,blue,22,draw,round-limit,30,1,0,4,4,41,41,0,2
crownplain-vs-base,blue,23,draw,round-limit,30,1,5,3,3,33,33,1,1
crownplain-vs-base,blue,24,draw,round-limit,30,1,5,4,1,41,35,0,1
crownplain-vs-base,blue,25,draw,round-limit,30,2,6,5,3,76,61,1,3
crownplain-vs-base,blue,26,draw,round-limit,30,1,4,3,4,51,48,2,1
crownplain-vs-base,blue,27,draw,round-limit,30,1,1,1,7,40,46,0,1
crownplain-vs-base,blue,28,draw,round-limit,30,1,0,4,3,37,39,0,1
crownplain-vs-base,blue,29,draw,round-limit,30,0,3,7,9,54,44,1,2
crownplain-vs-base,blue,30,draw,round-limit,30,1,3,3,8,46,59,1,1
crownplain-vs-base,blue,31,draw,round-limit,30,1,5,8,7,50,44,2,3
crownplain-vs-base,blue,32,draw,round-limit,30,1,4,2,4,42,58,2,1
crownplain-vs-base,blue,33,draw,round-limit,30,1,6,2,7,45,55,1,1
crownplain-vs-base,blue,34,draw,round-limit,30,2,4,6,3,43,37,1,2
crownplain-vs-base,blue,35,draw,round-limit,30,1,3,5,2,56,43,1,3
crownplain-vs-base,blue,36,draw,round-limit,30,1,7,4,12,41,42,1,1
crownplain-vs-base,blue,37,draw,round-limit,30,2,4,4,1,65,45,1,2
crownplain-vs-base,blue,38,draw,round-limit,30,1,2,4,4,45,36,1,1
crownplain-vs-base,blue,39,draw,round-limit,30,2,3,4,1,40,47,1,1
crownplain-vs-base,blue,40,draw,round-limit,30,3,7,6,11,50,43,1,1
crownplain-vs-base,blue,41,draw,round-limit,30,1,2,2,3,43,35,1,1
crownplain-vs-base,blue,42,draw,round-limit,30,1,2,3,11,38,24,1,1
crownplain-vs-base,blue,43,draw,round-limit,30,2,4,4,7,51,48,1,2
crownplain-vs-base,blue,44,draw,round-limit,30,2,4,5,5,63,51,1,2
crownplain-vs-base,blue,45,draw,round-limit,30,1,0,3,10,42,36,0,2
crownplain-vs-base,blue,46,draw,round-limit,30,1,2,2,2,48,43,0,1
crownplain-vs-base,blue,47,draw,round-limit,30,2,12,6,6,55,46,1,2
crownplain-vs-base,blue,48,draw,round-limit,30,1,2,1,4,41,23,1,1
crownplain-vs-base,blue,49,draw,round-limit,30,1,4,5,3,59,37,2,2
crownplain-vs-base,blue,50,draw,round-limit,30,1,4,2,10,49,42,0,1
crownplain-vs-base,blue,51,draw,round-limit,30,1,5,4,5,35,35,1,2
crownplain-vs-base,blue,52,draw,round-limit,30,1,3,3,11,46,39,2,2
crownplain-vs-base,blue,53,draw,round-limit,30,1,3,3,8,53,52,1,0
crownplain-vs-base,blue,54,draw,round-limit,30,1,5,4,2,60,41,2,1
crownplain-vs-base,blue,55,draw,round-limit,30,1,2,5,2,47,36,1,3
crownplain-vs-base,blue,56,draw,round-limit,30,0,1,3,8,39,47,1,1
crownplain-vs-base,blue,57,draw,round-limit,30,1,7,8,8,63,39,1,2
crownplain-vs-base,blue,58,draw,round-limit,30,1,5,6,8,39,45,2,1
crownplain-vs-base,blue,59,draw,round-limit,30,2,2,3,6,34,33,0,1
crownplain-vs-base,blue,60,draw,round-limit,30,2,7,5,6,50,56,2,2
crownplain-vs-base,blue,61,draw,round-limit,30,1,3,9,5,45,38,2,3
crownplain-vs-base,blue,62,draw,round-limit,30,1,2,4,4,52,40,0,3
crownplain-vs-base,blue,63,draw,round-limit,30,1,4,4,3,52,40,1,2
crownplain-vs-base,blue,64,draw,round-limit,30,0,9,3,8,53,55,1,1
crownplain-vs-base,blue,65,draw,round-limit,30,1,2,4,3,48,35,0,1
crownplain-vs-base,blue,66,draw,round-limit,30,1,3,5,3,46,51,1,2
crownplain-vs-base,blue,67,draw,round-limit,30,1,1,2,6,41,36,0,1
crownplain-vs-base,blue,68,draw,round-limit,30,1,1,5,3,51,31,0,2
crownplain-vs-base,blue,69,draw,round-limit,30,2,1,2,5,46,28,1,1
crownplain-vs-base,blue,70,draw,round-limit,30,1,3,4,3,33,44,1,2
crownplain-vs-base,blue,71,draw,round-limit,30,1,3,5,10,44,40,0,2
crownplain-vs-base,blue,72,draw,round-limit,30,1,3,3,5,42,46,1,1
crownplain-vs-base,blue,73,draw,round-limit,30,1,2,5,3,65,46,1,2
crownplain-vs-base,blue,74,draw,round-limit,30,1,6,4,3,54,30,2,2
crownplain-vs-base,blue,75,draw,round-limit,30,1,1,2,3,45,31,1,1
crownplain-vs-base,blue,76,draw,round-limit,30,1,3,4,8,42,65,3,1
crownplain-vs-base,blue,77,draw,round-limit,30,1,1,2,2,74,47,0,2
crownplain-vs-base,blue,78,draw,round-limit,30,1,2,3,5,56,46,1,1
crownplain-vs-base,blue,79,draw,round-limit,30,1,5,5,6,57,55,1,2
crownplain-vs-base,blue,80,draw,round-limit,30,2,4,7,5,39,39,1,1
crownplain-vs-base,blue,81,draw,round-limit,30,1,6,5,3,44,38,2,1
crownplain-vs-base,blue,82,draw,round-limit,30,1,1,4,2,38,38,1,2
crownplain-vs-base,blue,83,draw,round-limit,30,1,1,5,4,62,52,1,2
crownplain-vs-base,blue,84,draw,round-limit,30,1,5,6,10,33,46,2,2
crownplain-vs-base,blue,85,draw,round-limit,30,1,3,4,4,42,34,1,1
crownplain-vs-base,blue,86,draw,round-limit,30,2,1,5,3,58,41,0,1
crownplain-vs-base,blue,87,draw,round-limit,30,0,5,4,6,32,44,0,2
crownplain-vs-base,blue,88,draw,round-limit,30,1,2,2,4,43,32,0,1
crownplain-vs-base,blue,89,draw,round-limit,30,2,2,5,6,54,39,1,1
crownplain-vs-base,blue,90,draw,round-limit,30,0,4,5,8,51,55,2,2
crownplain-vs-base,blue,91,draw,round-limit,30,1,2,4,1,55,34,1,3
crownplain-vs-base,blue,92,draw,round-limit,30,2,4,4,4,39,32,1,1
crownplain-vs-base,blue,93,draw,round-limit,30,1,2,2,0,46,34,1,1
crownplain-vs-base,blue,94,draw,round-limit,30,2,2,6,8,65,51,1,2
crownplain-vs-base,blue,95,draw,round-limit,30,1,3,6,6,43,41,0,2
crownplain-vs-base,blue,96,draw,round-limit,30,1,2,4,8,37,30,0,3
crownplain-vs-base,blue,97,draw,round-limit,30,1,4,6,3,54,49,1,1
crownplain-vs-base,blue,98,draw,round-limit,30,1,4,4,3,54,44,1,2
crownplain-vs-base,blue,99,draw,round-limit,30,1,8,3,6,23,35,2,1
crownplain-vs-base,blue,100,draw,round-limit,30,1,3,4,4,66,53,1,1
crownplain-vs-base,blue,101,draw,round-limit,30,1,1,3,6,41,38,0,1
crownplain-vs-base,blue,102,draw,round-limit,30,1,1,5,6,64,47,0,1
crownplain-vs-base,blue,103,draw,round-limit,30,1,3,5,6,50,35,1,1
crownplain-vs-base,blue,104,draw,round-limit,30,2,6,5,2,39,24,2,1
crownplain-vs-base,blue,105,draw,round-limit,30,0,4,2,3,25,34,1,1
crownplain-vs-base,blue,106,draw,round-limit,30,1,2,2,4,50,39,2,1
crownplain-vs-base,blue,107,draw,round-limit,30,1,4,4,6,44,55,2,1
crownplain-vs-base,blue,108,draw,round-limit,30,2,3,7,1,58,47,2,2
crownplain-vs-base,blue,109,draw,round-limit,30,1,4,3,6,25,48,1,1
crownplain-vs-base,blue,110,draw,round-limit,30,1,3,3,3,47,45,1,1
crownplain-vs-base,blue,111,draw,round-limit,30,1,5,5,7,40,51,1,3
crownplain-vs-base,blue,112,draw,round-limit,30,2,6,7,9,47,61,1,3
crownplain-vs-base,blue,113,draw,round-limit,30,1,7,3,5,39,37,1,1
crownplain-vs-base,blue,114,draw,round-limit,30,1,7,4,10,49,57,2,2
crownplain-vs-base,blue,115,draw,round-limit,30,1,6,4,7,48,45,2,1
crownplain-vs-base,blue,116,draw,round-limit,30,1,3,2,4,62,52,1,1
crownplain-vs-base,blue,117,draw,round-limit,30,2,6,4,5,56,56,3,2
crownplain-vs-base,blue,118,draw,round-limit,30,2,2,4,8,49,42,1,2
crownplain-vs-base,blue,119,draw,round-limit,30,1,3,3,11,38,51,1,1
crownplain-vs-base,blue,120,draw,round-limit,30,1,3,4,6,57,53,2,2
crownplain-vs-base,blue,121,draw,round-limit,30,1,4,5,7,38,41,1,3
crownplain-vs-base,blue,122,draw,round-limit,30,0,0,3,3,32,31,0,1
crownplain-vs-base,blue,123,draw,round-limit,30,1,1,2,4,50,54,1,1
crownplain-vs-base,blue,124,draw,round-limit,30,1,2,4,3,59,45,0,2
crownplain-vs-base,blue,125,draw,round-limit,30,1,5,4,1,70,41,1,1
crownplain-vs-base,blue,126,draw,round-limit,30,1,5,2,6,33,44,0,2
crownplain-vs-base,blue,127,draw,round-limit,30,1,6,2,5,31,41,1,2
crownplain-vs-base,blue,128,draw,round-limit,30,1,5,5,3,32,33,0,1
crownplain-vs-base,blue,129,draw,round-limit,30,0,3,3,5,65,50,2,1
crownplain-vs-base,blue,130,draw,round-limit,30,2,3,4,6,41,49,1,2
crownplain-vs-base,blue,131,draw,round-limit,30,0,2,3,9,54,48,1,1
crownplain-vs-base,blue,132,draw,round-limit,30,2,3,5,6,46,32,0,2
crownplain-vs-base,blue,133,draw,round-limit,30,2,8,4,7,38,34,3,1
crownplain-vs-base,blue,134,draw,round-limit,30,2,5,2,4,61,60,1,1
crownplain-vs-base,blue,135,a,keep-captured,22,1,2,4,4,30,27,1,1
crownplain-vs-base,blue,136,draw,round-limit,30,1,4,4,9,47,35,1,1
crownplain-vs-base,blue,137,draw,round-limit,30,1,2,4,8,46,42,0,2
crownplain-vs-base,blue,138,draw,round-limit,30,1,2,4,2,48,31,1,1
crownplain-vs-base,blue,139,draw,round-limit,30,1,8,6,2,51,52,1,2
crownplain-vs-base,blue,140,draw,round-limit,30,1,2,1,3,33,32,1,1
crownplain-vs-base,blue,141,draw,round-limit,30,1,3,3,1,44,38,1,1
crownplain-vs-base,blue,142,draw,round-limit,30,2,3,4,3,51,51,1,1
crownplain-vs-base,blue,143,draw,round-limit,30,1,3,5,13,57,37,0,2
crownplain-vs-base,blue,144,draw,round-limit,30,1,1,4,2,40,25,0,2
crownplain-vs-base,blue,145,draw,round-limit,30,1,2,5,1,50,50,1,3
crownplain-vs-base,blue,146,draw,round-limit,30,2,6,6,4,60,55,0,2
crownplain-vs-base,blue,147,b,keep-captured,30,2,4,6,8,45,45,1,3
crownplain-vs-base,blue,148,draw,round-limit,30,1,3,6,4,51,49,1,2
crownplain-vs-base,blue,149,draw,round-limit,30,2,2,3,7,47,42,1,2
crownplain-vs-base,blue,150,draw,round-limit,30,1,2,3,7,35,40,1,1
crownplain-vs-base,blue,151,draw,round-limit,30,2,2,3,8,48,48,1,1
crownplain-vs-base,blue,152,draw,round-limit,30,1,2,2,3,49,45,1,1
crownplain-vs-base,blue,153,draw,round-limit,30,2,5,3,5,40,38,1,1
crownplain-vs-base,blue,154,draw,round-limit,30,1,4,4,1,36,29,2,1
crownplain-vs-base,blue,155,draw,round-limit,30,1,3,5,8,41,44,1,2
crownplain-vs-base,blue,156,draw,round-limit,30,2,7,5,3,64,49,3,2
crownplain-vs-base,blue,157,draw,round-limit,30,1,6,4,5,35,34,2,2
crownplain-vs-base,blue,158,draw,round-limit,30,0,7,3,9,67,45,1,1
crownplain-vs-base,blue,159,draw,round-limit,30,1,6,4,5,65,38,1,2
crownplain-vs-base,blue,160,draw,round-limit,30,1,1,9,10,36,40,0,3
crownplain-vs-base,blue,161,draw,round-limit,30,2,7,3,5,44,50,2,2
crownplain-vs-base,blue,162,draw,round-limit,30,1,3,6,4,50,25,1,3
crownplain-vs-base,blue,163,draw,round-limit,30,1,4,2,2,46,44,1,1
crownplain-vs-base,blue,164,draw,round-limit,30,2,6,5,7,48,51,2,3
crownplain-vs-base,blue,165,draw,round-limit,30,0,1,2,4,34,33,0,1
crownplain-vs-base,blue,166,draw,round-limit,30,1,3,2,3,52,35,1,1
crownplain-vs-base,blue,167,draw,round-limit,30,2,3,5,6,44,44,0,1
crownplain-vs-base,blue,168,draw,round-limit,30,1,5,3,3,41,27,1,1
crownplain-vs-base,blue,169,draw,round-limit,30,1,5,4,5,48,47,2,1
crownplain-vs-base,blue,170,draw,round-limit,30,1,3,5,8,30,41,1,2
crownplain-vs-base,blue,171,draw,round-limit,30,1,1,3,6,43,50,0,1
crownplain-vs-base,blue,172,draw,round-limit,30,1,3,3,3,45,35,1,1
crownplain-vs-base,blue,173,draw,round-limit,30,3,2,2,2,34,50,1,1
crownplain-vs-base,blue,174,draw,round-limit,30,2,2,5,8,45,44,1,2
crownplain-vs-base,blue,175,draw,round-limit,30,2,5,5,3,45,48,1,3
crownplain-vs-base,blue,176,draw,round-limit,30,1,2,8,8,53,36,1,3
crownplain-vs-base,blue,177,draw,round-limit,30,2,2,5,6,53,32,1,1
crownplain-vs-base,blue,178,draw,round-limit,30,1,7,4,1,55,33,2,3
crownplain-vs-base,blue,179,draw,round-limit,30,1,3,5,7,59,45,1,2
crownplain-vs-base,blue,180,draw,round-limit,30,2,4,4,7,44,31,1,1
crownplain-vs-base,blue,181,draw,round-limit,30,1,10,7,3,45,58,3,2
crownplain-vs-base,blue,182,draw,round-limit,30,0,3,3,6,41,35,0,1
crownplain-vs-base,blue,183,draw,round-limit,30,2,4,4,3,60,38,1,1
crownplain-vs-base,blue,184,draw,round-limit,30,0,3,3,10,34,40,1,1
crownplain-vs-base,blue,185,draw,round-limit,30,2,4,3,8,60,60,2,2
crownplain-vs-base,blue,186,draw,round-limit,30,1,6,5,4,57,50,2,2
crownplain-vs-base,blue,187,draw,round-limit,30,1,5,2,6,50,55,0,1
crownplain-vs-base,blue,188,draw,round-limit,30,1,4,2,6,36,52,0,1
crownplain-vs-base,blue,189,draw,round-limit,30,3,6,5,6,62,55,1,2
crownplain-vs-base,blue,190,draw,round-limit,30,2,1,6,8,39,39,1,1
crownplain-vs-base,blue,191,draw,round-limit,30,1,3,5,3,29,34,1,2
crownplain-vs-base,blue,192,draw,round-limit,30,2,2,5,3,46,38,0,1
crownplain-vs-base,blue,193,draw,round-limit,30,2,4,5,5,57,35,1,2
crownplain-vs-base,blue,194,draw,round-limit,30,1,1,6,6,36,33,0,1
crownplain-vs-base,blue,195,draw,round-limit,30,1,4,3,3,37,42,2,1
crownplain-vs-base,blue,196,draw,round-limit,30,1,1,2,5,57,38,0,1
crownplain-vs-base,blue,197,draw,round-limit,30,2,5,5,6,75,66,1,1
crownplain-vs-base,blue,198,draw,round-limit,30,1,4,5,10,52,43,1,2
crownplain-vs-base,blue,199,draw,round-limit,30,2,3,5,3,56,37,1,1
crownplain-vs-base,blue,200,draw,round-limit,30,2,5,3,4,56,54,0,1
crownplain-vs-base,red,1,draw,round-limit,30,1,4,1,9,29,44,2,0
crownplain-vs-base,red,2,draw,round-limit,30,1,4,4,10,30,56,2,1
crownplain-vs-base,red,3,draw,round-limit,30,1,7,4,5,37,57,2,1
crownplain-vs-base,red,4,draw,round-limit,30,1,2,2,3,45,51,1,1
crownplain-vs-base,red,5,draw,round-limit,30,0,4,2,7,32,35,2,1
crownplain-vs-base,red,6,draw,round-limit,30,2,2,3,4,42,38,1,2
crownplain-vs-base,red,7,draw,round-limit,30,1,5,2,3,28,33,2,0
crownplain-vs-base,red,8,draw,round-limit,30,1,6,3,6,34,33,2,1
crownplain-vs-base,red,9,draw,round-limit,30,1,5,3,5,32,35,2,1
crownplain-vs-base,red,10,draw,round-limit,30,1,6,3,8,22,37,2,1
crownplain-vs-base,red,11,draw,round-limit,30,1,3,3,6,36,38,2,1
crownplain-vs-base,red,12,draw,round-limit,30,1,3,2,8,31,42,1,0
crownplain-vs-base,red,13,draw,round-limit,30,1,1,3,3,45,41,1,1
crownplain-vs-base,red,14,draw,round-limit,30,0,1,2,2,37,32,1,1
crownplain-vs-base,red,15,draw,round-limit,30,1,5,6,7,35,45,2,0
crownplain-vs-base,red,16,draw,round-limit,30,1,1,0,2,32,31,1,0
crownplain-vs-base,red,17,draw,round-limit,30,1,3,4,8,43,45,2,1
crownplain-vs-base,red,18,draw,round-limit,30,2,2,2,2,15,29,2,0
crownplain-vs-base,red,19,draw,round-limit,30,1,2,1,0,41,46,1,1
crownplain-vs-base,red,20,draw,round-limit,30,1,1,1,2,33,32,0,1
crownplain-vs-base,red,21,draw,round-limit,30,1,2,1,6,24,36,1,1
crownplain-vs-base,red,22,draw,round-limit,30,1,7,7,7,40,49,2,2
crownplain-vs-base,red,23,draw,round-limit,30,1,3,0,3,26,27,1,0
crownplain-vs-base,red,24,draw,round-limit,30,1,4,3,7,33,31,2,2
crownplain-vs-base,red,25,draw,round-limit,30,1,4,2,4,38,41,2,1
crownplain-vs-base,red,26,draw,round-limit,30,2,2,3,7,29,35,1,1
crownplain-vs-base,red,27,draw,round-limit,30,2,4,2,2,51,43,3,1
crownplain-vs-base,red,28,draw,round-limit,30,1,4,3,3,44,51,1,1
crownplain-vs-base,red,29,draw,round-limit,30,3,9,5,5,64,53,2,2
crownplain-vs-base,red,30,draw,round-limit,30,1,6,2,5,38,57,2,2
crownplain-vs-base,red,31,draw,round-limit,30,1,4,3,0,26,29,2,1
crownplain-vs-base,red,32,draw,round-limit,30,1,2,5,3,31,28,1,2
crownplain-vs-base,red,33,draw,round-limit,30,1,2,0,1,27,28,1,0
crownplain-vs-base,red,34,draw,round-limit,30,1,5,2,3,30,49,2,1
crownplain-vs-base,red,35,draw,round-limit,30,1,4,3,3,22,34,2,1
crownplain-vs-base,red,36,draw,round-limit,30,1,2,0,8,41,51,1,0
crownplain-vs-base,red,37,draw,round-limit,30,2,3,4,4,41,48,1,1
crownplain-vs-base,red,38,draw,round-limit,30,1,3,5,5,36,30,1,1
crownplain-vs-base,red,39,draw,round-limit,30,1,4,3,5,28,37,2,2
crownplain-vs-base,red,40,draw,round-limit,30,1,1,1,7,28,27,1,1
crownplain-vs-base,red,41,draw,round-limit,30,2,7,2,4,30,47,3,1
crownplain-vs-base,red,42,a,keep-captured,20,2,2,2,6,20,30,1,0
crownplain-vs-base,red,43,draw,round-limit,30,1,2,2,6,26,37,1,1
crownplain-vs-base,red,44,draw,round-limit,30,1,2,1,3,31,27,1,1
crownplain-vs-base,red,45,draw,round-limit,30,2,3,2,3,30,36,1,1
crownplain-vs-base,red,46,draw,round-limit,30,1,5,4,3,31,34,2,2
crownplain-vs-base,red,47,draw,round-limit,30,1,4,1,13,35,46,1,1
crownplain-vs-base,red,48,draw,round-limit,30,1,1,1,6,25,20,1,1
crownplain-vs-base,red,49,draw,round-limit,30,1,4,4,4,32,43,2,1
crownplain-vs-base,red,50,draw,round-limit,30,1,5,4,7,34,45,2,2
crownplain-vs-base,red,51,draw,round-limit,30,1,3,1,2,38,25,1,1
crownplain-vs-base,red,52,draw,round-limit,30,1,4,3,3,42,48,2,1
crownplain-vs-base,red,53,draw,round-limit,30,0,5,3,9,25,37,1,1
crownplain-vs-base,red,54,draw,round-limit,30,1,3,6,3,42,29,2,2
crownplain-vs-base,red,55,draw,round-limit,30,1,4,1,5,11,27,1,1
crownplain-vs-base,red,56,draw,round-limit,30,2,5,2,3,32,36,1,0
crownplain-vs-base,red,57,draw,round-limit,30,1,2,4,5,19,29,1,2
crownplain-vs-base,red,58,draw,round-limit,30,2,6,3,7,26,37,1,2
crownplain-vs-base,red,59,draw,round-limit,30,2,8,6,7,54,64,2,1
crownplain-vs-base,red,60,draw,round-limit,30,1,4,0,3,21,33,2,0
crownplain-vs-base,red,61,draw,round-limit,30,1,4,4,2,33,39,3,2
crownplain-vs-base,red,62,draw,round-limit,30,1,0,1,2,26,17,0,1
crownplain-vs-base,red,63,draw,round-limit,30,1,2,4,4,31,34,1,2
crownplain-vs-base,red,64,draw,round-limit,30,1,6,4,6,32,43,2,1
crownplain-vs-base,red,65,draw,round-limit,30,1,2,2,5,43,29,1,1
crownplain-vs-base,red,66,draw,round-limit,30,1,6,6,5,31,33,2,3
crownplain-vs-base,red,67,draw,round-limit,30,1,4,1,1,31,35,1,1
crownplain-vs-base,red,68,draw,round-limit,30,2,4,3,7,26,41,1,1
crownplain-vs-base,red,69,draw,round-limit,30,1,6,3,6,41,48,1,1
crownplain-vs-base,red,70,draw,round-limit,30,1,4,6,5,51,47,2,0
crownplain-vs-base,red,71,draw,round-limit,30,0,9,2,9,55,72,2,1
crownplain-vs-base,red,72,draw,round-limit,30,2,2,2,9,25,27,1,2
crownplain-vs-base,red,73,draw,round-limit,30,2,4,4,5,47,45,2,1
crownplain-vs-base,red,74,draw,round-limit,30,2,3,4,2,42,39,1,1
crownplain-vs-base,red,75,draw,round-limit,30,1,2,2,8,35,47,1,1
crownplain-vs-base,red,76,draw,round-limit,30,1,1,0,2,36,29,1,0
crownplain-vs-base,red,77,draw,round-limit,30,2,6,3,8,35,60,1,1
crownplain-vs-base,red,78,draw,round-limit,30,1,1,0,8,20,38,1,0
crownplain-vs-base,red,79,draw,round-limit,30,1,9,2,4,34,41,2,1
crownplain-vs-base,red,80,draw,round-limit,30,2,1,2,6,48,55,1,1
crownplain-vs-base,red,81,draw,round-limit,30,1,8,5,11,46,56,1,2
crownplain-vs-base,red,82,draw,round-limit,30,2,3,2,2,21,30,1,1
crownplain-vs-base,red,83,draw,round-limit,30,1,4,3,5,43,62,2,1
crownplain-vs-base,red,84,draw,round-limit,30,2,5,3,7,45,46,1,2
crownplain-vs-base,red,85,draw,round-limit,30,1,4,1,10,18,31,2,0
crownplain-vs-base,red,86,draw,round-limit,30,1,8,6,6,40,46,3,1
crownplain-vs-base,red,87,draw,round-limit,30,1,4,1,4,26,35,2,0
crownplain-vs-base,red,88,draw,round-limit,30,1,6,3,7,34,45,1,2
crownplain-vs-base,red,89,draw,round-limit,30,1,0,1,6,28,22,0,1
crownplain-vs-base,red,90,draw,round-limit,30,1,1,2,5,18,17,1,2
crownplain-vs-base,red,91,draw,round-limit,30,0,1,2,10,12,36,0,1
crownplain-vs-base,red,92,draw,round-limit,30,2,4,4,5,28,41,1,2
crownplain-vs-base,red,93,draw,round-limit,30,1,2,0,3,26,30,1,0
crownplain-vs-base,red,94,draw,round-limit,30,2,4,1,3,36,64,2,1
crownplain-vs-base,red,95,draw,round-limit,30,1,5,5,1,48,48,2,1
crownplain-vs-base,red,96,draw,round-limit,30,1,10,2,6,36,38,3,1
crownplain-vs-base,red,97,draw,round-limit,30,1,0,1,4,25,30,0,1
crownplain-vs-base,red,98,draw,round-limit,30,2,3,1,6,15,18,1,1
crownplain-vs-base,red,99,draw,round-limit,30,1,3,4,5,33,35,2,1
crownplain-vs-base,red,100,draw,round-limit,30,0,2,0,7,23,41,1,0
crownplain-vs-base,red,101,draw,round-limit,30,1,8,5,4,39,37,2,1
crownplain-vs-base,red,102,draw,round-limit,30,1,5,6,8,38,43,2,2
crownplain-vs-base,red,103,draw,round-limit,30,1,3,3,3,33,41,1,1
crownplain-vs-base,red,104,draw,round-limit,30,2,6,3,9,26,41,1,1
crownplain-vs-base,red,105,draw,round-limit,30,2,4,4,6,29,33,2,1
crownplain-vs-base,red,106,draw,round-limit,30,1,3,6,4,49,51,1,1
crownplain-vs-base,red,107,draw,round-limit,30,2,2,2,1,42,35,1,1
crownplain-vs-base,red,108,draw,round-limit,30,2,7,4,2,61,65,2,2
crownplain-vs-base,red,109,draw,round-limit,30,1,5,7,6,59,60,1,2
crownplain-vs-base,red,110,draw,round-limit,30,2,1,1,5,15,19,1,1
crownplain-vs-base,red,111,draw,round-limit,30,1,3,2,3,42,24,2,1
crownplain-vs-base,red,112,draw,round-limit,30,2,6,2,11,38,65,2,1
crownplain-vs-base,red,113,draw,round-limit,30,1,5,2,1,18,29,2,1
crownplain-vs-base,red,114,draw,round-limit,30,1,5,4,5,37,49,3,0
crownplain-vs-base,red,115,draw,round-limit,30,1,4,3,7,41,38,2,1
crownplain-vs-base,red,116,draw,round-limit,30,1,2,2,2,27,34,1,1
crownplain-vs-base,red,117,draw,round-limit,30,0,3,2,1,36,32,1,1
crownplain-vs-base,red,118,draw,round-limit,30,1,2,2,5,27,37,1,1
crownplain-vs-base,red,119,draw,round-limit,30,1,2,4,3,28,25,1,3
crownplain-vs-base,red,120,draw,round-limit,30,2,5,4,1,42,53,2,2
crownplain-vs-base,red,121,draw,round-limit,30,1,5,3,4,22,40,2,1
crownplain-vs-base,red,122,draw,round-limit,30,0,5,2,3,40,58,2,0
crownplain-vs-base,red,123,draw,round-limit,30,1,5,3,4,28,62,2,1
crownplain-vs-base,red,124,draw,round-limit,30,2,3,1,5,23,25,1,1
crownplain-vs-base,red,125,draw,round-limit,30,1,4,4,10,34,48,1,1
crownplain-vs-base,red,126,draw,round-limit,30,1,3,2,5,37,46,2,1
crownplain-vs-base,red,127,draw,round-limit,30,1,4,4,3,50,54,2,2
crownplain-vs-base,red,128,draw,round-limit,30,2,2,1,4,42,38,1,1
crownplain-vs-base,red,129,draw,round-limit,30,1,6,4,7,31,37,1,1
crownplain-vs-base,red,130,draw,round-limit,30,1,6,1,4,39,43,3,1
crownplain-vs-base,red,131,draw,round-limit,30,1,8,6,11,43,65,2,1
crownplain-vs-base,red,132,draw,round-limit,30,1,2,0,4,25,42,1,0
crownplain-vs-base,red,133,draw,round-limit,30,2,3,4,0,32,18,1,2
crownplain-vs-base,red,134,draw,round-limit,30,1,4,3,14,17,45,2,2
crownplain-vs-base,red,135,draw,round-limit,30,1,6,1,8,21,33,1,1
crownplain-vs-base,red,136,draw,round-limit,30,1,3,4,4,16,18,1,2
crownplain-vs-base,red,137,draw,round-limit,30,1,6,1,5,31,24,2,1
crownplain-vs-base,red,138,draw,round-limit,30,2,1,2,6,26,37,1,1
crownplain-vs-base,red,139,draw,round-limit,30,1,2,2,6,31,22,1,0
crownplain-vs-base,red,140,draw,round-limit,30,2,5,4,6,46,66,2,0
crownplain-vs-base,red,141,draw,round-limit,30,1,7,4,7,40,66,2,2
crownplain-vs-base,red,142,draw,round-limit,30,1,4,3,5,25,36,1,0
crownplain-vs-base,red,143,draw,round-limit,30,1,4,2,6,38,43,2,1
crownplain-vs-base,red,144,draw,round-limit,30,1,4,3,2,23,29,2,1
crownplain-vs-base,red,145,draw,round-limit,30,1,3,1,6,11,39,2,1
crownplain-vs-base,red,146,draw,round-limit,30,1,2,5,8,41,49,1,2
crownplain-vs-base,red,147,draw,round-limit,30,1,3,2,4,29,39,1,1
crownplain-vs-base,red,148,draw,round-limit,30,1,3,2,8,30,45,2,1
crownplain-vs-base,red,149,draw,round-limit,30,1,6,5,4,59,48,3,3
crownplain-vs-base,red,150,draw,round-limit,30,0,5,4,8,48,52,2,1
crownplain-vs-base,red,151,draw,round-limit,30,2,4,2,7,36,44,1,1
crownplain-vs-base,red,152,draw,round-limit,30,1,5,2,4,20,43,2,1
crownplain-vs-base,red,153,draw,round-limit,30,1,4,1,7,30,33,2,0
crownplain-vs-base,red,154,draw,round-limit,30,2,4,2,5,23,37,1,1
crownplain-vs-base,red,155,draw,round-limit,30,1,3,4,2,36,33,1,1
crownplain-vs-base,red,156,draw,round-limit,30,1,2,1,5,23,38,1,0
crownplain-vs-base,red,157,draw,round-limit,30,1,7,2,3,57,62,2,0
crownplain-vs-base,red,158,draw,round-limit,30,1,8,4,12,39,61,2,1
crownplain-vs-base,red,159,draw,round-limit,30,0,2,1,4,33,28,1,1
crownplain-vs-base,red,160,draw,round-limit,30,1,2,1,5,32,37,1,0
crownplain-vs-base,red,161,draw,round-limit,30,1,7,5,5,38,62,2,1
crownplain-vs-base,red,162,draw,round-limit,30,1,3,5,6,33,29,1,2
crownplain-vs-base,red,163,draw,round-limit,30,1,4,6,10,35,59,3,2
crownplain-vs-base,red,164,draw,round-limit,30,1,1,1,5,34,30,1,1
crownplain-vs-base,red,165,draw,round-limit,30,2,7,2,3,43,44,2,2
crownplain-vs-base,red,166,draw,round-limit,30,0,0,1,2,34,29,0,1
crownplain-vs-base,red,167,draw,round-limit,30,1,6,2,4,29,36,3,1
crownplain-vs-base,red,168,draw,round-limit,30,1,4,2,2,23,38,1,1
crownplain-vs-base,red,169,draw,round-limit,30,1,8,2,7,34,71,2,1
crownplain-vs-base,red,170,draw,round-limit,30,1,0,2,2,30,20,0,1
crownplain-vs-base,red,171,draw,round-limit,30,3,2,1,2,19,14,1,1
crownplain-vs-base,red,172,draw,round-limit,30,1,4,5,5,29,31,1,1
crownplain-vs-base,red,173,draw,round-limit,30,1,1,2,4,55,52,1,1
crownplain-vs-base,red,174,draw,round-limit,30,2,1,3,1,47,47,1,0
crownplain-vs-base,red,175,draw,round-limit,30,1,2,1,7,24,35,1,1
crownplain-vs-base,red,176,draw,round-limit,30,2,9,4,9,49,47,3,1
crownplain-vs-base,red,177,draw,round-limit,30,1,2,1,7,16,32,1,1
crownplain-vs-base,red,178,draw,round-limit,30,1,4,2,9,26,45,2,1
crownplain-vs-base,red,179,draw,round-limit,30,1,6,2,9,27,32,2,1
crownplain-vs-base,red,180,draw,round-limit,30,2,5,3,5,47,54,1,2
crownplain-vs-base,red,181,draw,round-limit,30,1,1,1,6,27,35,1,1
crownplain-vs-base,red,182,draw,round-limit,30,1,4,4,7,37,32,1,3
crownplain-vs-base,red,183,draw,round-limit,30,1,5,2,7,28,55,2,1
crownplain-vs-base,red,184,draw,round-limit,30,0,2,0,5,30,28,1,0
crownplain-vs-base,red,185,draw,round-limit,30,2,6,2,2,39,52,2,1
crownplain-vs-base,red,186,draw,round-limit,30,2,4,3,3,34,32,2,1
crownplain-vs-base,red,187,draw,round-limit,30,0,7,3,7,38,37,2,2
crownplain-vs-base,red,188,draw,round-limit,30,1,3,1,1,29,27,1,1
crownplain-vs-base,red,189,draw,round-limit,30,2,6,4,8,46,62,2,2
crownplain-vs-base,red,190,draw,round-limit,30,1,1,1,2,32,37,1,1
crownplain-vs-base,red,191,draw,round-limit,30,1,5,3,5,42,60,2,1
crownplain-vs-base,red,192,draw,round-limit,30,1,6,4,7,34,45,2,2
crownplain-vs-base,red,193,draw,round-limit,30,1,1,2,6,50,48,1,1
crownplain-vs-base,red,194,draw,round-limit,30,2,5,4,8,48,56,1,1
crownplain-vs-base,red,195,draw,round-limit,30,1,9,3,10,35,64,2,0
crownplain-vs-base,red,196,draw,round-limit,30,1,5,2,3,15,33,2,1
crownplain-vs-base,red,197,draw,round-limit,30,1,4,1,3,20,48,1,0
crownplain-vs-base,red,198,draw,round-limit,30,1,4,1,3,32,29,1,0
crownplain-vs-base,red,199,draw,round-limit,30,0,2,1,5,23,34,2,1
crownplain-vs-base,red,200,draw,round-limit,30,3,4,3,11,31,53,2,1
crown-vs-crownplain,blue,1,draw,round-limit,30,1,3,7,6,158,40,1,3
crown-vs-crownplain,blue,2,draw,round-limit,30,0,4,2,8,138,42,2,1
crown-vs-crownplain,blue,3,draw,round-limit,30,1,3,6,7,131,32,1,3
crown-vs-crownplain,blue,4,draw,round-limit,30,1,2,6,8,167,27,1,1
crown-vs-crownplain,blue,5,draw,round-limit,30,1,5,7,10,159,68,2,1
crown-vs-crownplain,blue,6,draw,round-limit,30,1,5,8,6,154,44,1,3
crown-vs-crownplain,blue,7,draw,round-limit,30,0,2,4,12,128,53,0,1
crown-vs-crownplain,blue,8,draw,round-limit,30,1,6,1,10,165,50,2,1
crown-vs-crownplain,blue,9,draw,round-limit,30,3,4,9,10,138,45,1,3
crown-vs-crownplain,blue,10,draw,round-limit,30,0,3,6,15,155,37,1,1
crown-vs-crownplain,blue,11,draw,round-limit,30,1,3,6,9,146,24,1,3
crown-vs-crownplain,blue,12,draw,round-limit,30,1,1,6,10,149,27,0,2
crown-vs-crownplain,blue,13,draw,round-limit,30,1,4,5,12,163,49,2,2
crown-vs-crownplain,blue,14,draw,round-limit,30,1,3,7,7,144,32,1,2
crown-vs-crownplain,blue,15,draw,round-limit,30,1,1,2,5,200,57,0,1
crown-vs-crownplain,blue,16,draw,round-limit,30,1,3,8,11,146,44,0,3
crown-vs-crownplain,blue,17,draw,round-limit,30,1,3,4,4,169,44,1,1
crown-vs-crownplain,blue,18,draw,round-limit,30,1,3,7,7,147,46,0,3
crown-vs-crownplain,blue,19,draw,round-limit,30,1,5,6,5,162,47,2,2
crown-vs-crownplain,blue,20,draw,round-limit,30,1,3,5,4,184,39,2,2
crown-vs-crownplain,blue,21,draw,round-limit,30,1,4,2,8,167,41,1,1
crown-vs-crownplain,blue,22,draw,round-limit,30,1,6,7,6,166,30,1,3
crown-vs-crownplain,blue,23,draw,round-limit,30,1,3,5,4,169,52,1,3
crown-vs-crownplain,blue,24,draw,round-limit,30,1,1,9,8,180,35,0,1
crown-vs-crownplain,blue,25,draw,round-limit,30,1,6,5,5,179,42,1,2
crown-vs-crownplain,blue,26,draw,round-limit,30,1,3,2,6,150,44,0,1
crown-vs-crownplain,blue,27,draw,round-limit,30,0,2,7,13,175,49,0,2
crown-vs-crownplain,blue,28,draw,round-limit,30,1,2,6,4,176,39,1,1
crown-vs-crownplain,blue,29,draw,round-limit,30,1,1,4,8,181,37,0,2
crown-vs-crownplain,blue,30,draw,round-limit,30,1,2,5,8,166,27,0,2
crown-vs-crownplain,blue,31,draw,round-limit,30,1,3,10,8,153,22,1,2
crown-vs-crownplain,blue,32,draw,round-limit,30,2,3,3,10,152,78,0,1
crown-vs-crownplain,blue,33,draw,round-limit,30,1,1,4,8,125,37,0,2
crown-vs-crownplain,blue,34,draw,round-limit,30,1,3,6,3,153,26,1,2
crown-vs-crownplain,blue,35,draw,round-limit,30,0,3,7,2,156,44,1,2
crown-vs-crownplain,blue,36,draw,round-limit,30,2,6,7,15,121,69,1,3
crown-vs-crownplain,blue,37,draw,round-limit,30,1,2,4,3,173,38,1,2
crown-vs-crownplain,blue,38,draw,round-limit,30,1,5,3,12,149,46,0,2
crown-vs-crownplain,blue,39,draw,round-limit,30,1,4,3,2,154,31,0,1
crown-vs-crownplain,blue,40,draw,round-limit,30,1,2,2,13,147,40,1,1
crown-vs-crownplain,blue,41,draw,round-limit,30,1,4,2,6,123,27,1,1
crown-vs-crownplain,blue,42,draw,round-limit,30,1,1,5,10,142,42,0,2
crown-vs-crownplain,blue,43,draw,round-limit,30,1,3,9,7,176,35,1,2
crown-vs-crownplain,blue,44,draw,round-limit,30,1,3,8,8,161,38,0,2
crown-vs-crownplain,blue,45,draw,round-limit,30,1,2,5,12,132,33,0,1
crown-vs-crownplain,blue,46,draw,round-limit,30,3,5,10,8,164,35,1,3
crown-vs-crownplain,blue,47,draw,round-limit,30,1,5,6,16,145,47,2,1
crown-vs-crownplain,blue,48,draw,round-limit,30,1,2,7,9,176,60,1,1
crown-vs-crownplain,blue,49,draw,round-limit,30,1,2,6,8,139,31,0,2
crown-vs-crownplain,blue,50,draw,round-limit,30,1,5,3,13,149,44,1,2
crown-vs-crownplain,blue,51,draw,round-limit,30,1,3,3,13,158,47,1,2
crown-vs-crownplain,blue,52,draw,round-limit,30,0,3,4,12,168,39,0,2
crown-vs-crownplain,blue,53,draw,round-limit,30,1,1,6,15,159,25,0,2
crown-vs-crownplain,blue,54,b,keep-captured,8,0,0,1,4,40,12,0,0
crown-vs-crownplain,blue,55,draw,round-limit,30,1,4,4,8,162,34,0,2
crown-vs-crownplain,blue,56,draw,round-limit,30,0,4,6,12,161,53,1,3
crown-vs-crownplain,blue,57,draw,round-limit,30,1,4,8,13,151,40,1,2
crown-vs-crownplain,blue,58,draw,round-limit,30,0,3,7,9,167,36,1,2
crown-vs-crownplain,blue,59,draw,round-limit,30,1,2,9,14,160,36,1,2
crown-vs-crownplain,blue,60,draw,round-limit,30,1,4,5,15,141,32,0,3
crown-vs-crownplain,blue,61,draw,round-limit,30,1,4,7,6,168,33,0,3
crown-vs-crownplain,blue,62,draw,round-limit,30,1,3,5,6,167,35,0,1
crown-vs-crownplain,blue,63,draw,round-limit,30,1,4,4,7,167,33,1,2
crown-vs-crownplain,blue,64,draw,round-limit,30,1,2,5,8,168,52,0,1
crown-vs-crownplain,blue,65,draw,round-limit,30,1,6,2,12,149,35,1,1
crown-vs-crownplain,blue,66,draw,round-limit,30,1,3,6,5,150,37,0,1
crown-vs-crownplain,blue,67,draw,round-limit,30,1,5,2,13,182,65,1,2
crown-vs-crownplain,blue,68,draw,round-limit,30,2,1,4,17,155,66,0,1
crown-vs-crownplain,blue,69,draw,round-limit,30,1,2,8,6,169,27,1,3
crown-vs-crownplain,blue,70,draw,round-limit,30,0,3,6,5,163,36,1,1
crown-vs-crownplain,blue,71,draw,round-limit,30,1,5,6,18,152,42,0,1
crown-vs-crownplain,blue,72,draw,round-limit,30,1,5,2,8,150,43,0,1
crown-vs-crownplain,blue,73,draw,round-limit,30,1,1,7,6,136,40,0,2
crown-vs-crownplain,blue,74,draw,round-limit,30,1,5,7,10,157,46,0,2
crown-vs-crownplain,blue,75,draw,round-limit,30,1,5,6,5,148,50,2,1
crown-vs-crownplain,blue,76,draw,round-limit,30,1,3,2,15,190,46,1,1
crown-vs-crownplain,blue,77,draw,round-limit,30,0,4,6,3,159,37,1,2
crown-vs-crownplain,blue,78,draw,round-limit,30,2,3,6,10,163,54,1,2
crown-vs-crownplain,blue,79,draw,round-limit,30,1,1,7,9,172,44,0,2
crown-vs-crownplain,blue,80,draw,round-limit,30,1,4,4,14,167,39,1,1
crown-vs-crownplain,blue,81,draw,round-limit,30,1,1,6,5,149,37,0,2
crown-vs-crownplain,blue,82,draw,round-limit,30,1,1,5,4,192,47,0,2
crown-vs-crownplain,blue,83,draw,round-limit,30,1,1,6,3,192,38,0,2
crown-vs-crownplain,blue,84,draw,round-limit,30,1,2,4,15,148,36,1,1
crown-vs-crownplain,blue,85,draw,round-limit,30,1,6,3,11,184,52,1,1
crown-vs-crownplain,blue,86,draw,round-limit,30,1,3,8,3,178,46,1,2
crown-vs-crownplain,blue,87,draw,round-limit,30,1,4,7,8,153,40,1,3
crown-vs-crownplain,blue,88,draw,round-limit,30,0,4,9,12,160,38,0,1
crown-vs-crownplain,blue,89,draw,round-limit,30,1,5,6,21,152,59,0,2
crown-vs-crownplain,blue,90,draw,round-limit,30,1,2,6,8,193,41,0,1
crown-vs-crownplain,blue,91,draw,round-limit,30,1,3,2,8,177,40,0,1
crown-vs-crownplain,blue,92,draw,round-limit,30,1,3,8,10,146,48,1,2
crown-vs-crownplain,blue,93,draw,round-limit,30,2,8,7,1,160,61,1,2
crown-vs-crownplain,blue,94,draw,round-limit,30,1,3,7,9,169,43,0,2
crown-vs-crownplain,blue,95,draw,round-limit,30,1,5,6,7,154,40,0,2
crown-vs-crownplain,blue,96,draw,round-limit,30,2,0,8,13,133,34,0,2
crown-vs-crownplain,blue,97,draw,round-limit,30,1,1,4,6,164,30,0,1
crown-vs-crownplain,blue,98,draw,round-limit,30,3,4,6,6,155,44,1,2
crown-vs-crownplain,blue,99,draw,round-limit,30,0,4,3,6,106,30,0,1
crown-vs-crownplain,blue,100,draw,round-limit,30,0,5,3,6,140,23,0,1
crown-vs-crownplain,blue,101,draw,round-limit,30,2,5,3,13,161,49,0,1
crown-vs-crownplain,blue,102,draw,round-limit,30,1,4,6,11,194,46,1,1
crown-vs-crownplain,blue,103,draw,round-limit,30,2,4,6,9,164,69,2,2
crown-vs-crownplain,blue,104,draw,round-limit,30,1,4,4,3,159,30,1,1
crown-vs-crownplain,blue,105,draw,round-limit,30,1,4,7,5,155,29,1,2
crown-vs-crownplain,blue,106,draw,round-limit,30,1,2,4,7,171,47,0,1
crown-vs-crownplain,blue,107,draw,round-limit,30,1,2,4,11,137,18,0,1
crown-vs-crownplain,blue,108,draw,round-limit,30,2,2,7,2,194,35,0,3
crown-vs-crownplain,blue,109,draw,round-limit,30,1,4,4,5,155,35,1,1
crown-vs-crownplain,blue,110,draw,round-limit,30,1,4,4,4,126,46,1,2
crown-vs-crownplain,blue,111,draw,round-limit,30,0,1,5,14,155,29,0,2
crown-vs-crownplain,blue,112,draw,round-limit,30,1,3,7,12,161,34,0,1
crown-vs-crownplain,blue,113,b,keep-captured,23,1,2,3,10,107,46,0,2
crown-vs-crownplain,blue,114,draw,round-limit,30,1,4,6,12,145,37,1,2
crown-vs-crownplain,blue,115,draw,round-limit,30,0,4,5,14,186,52,1,2
crown-vs-crownplain,blue,116,draw,round-limit,30,1,2,4,7,172,38,2,2
crown-vs-crownplain,blue,117,draw,round-limit,30,2,1,5,12,155,32,0,1
crown-vs-crownplain,blue,118,draw,round-limit,30,1,3,6,11,106,29,0,1
crown-vs-crownplain,blue,119,draw,round-limit,30,1,3,3,18,136,31,1,1
crown-vs-crownplain,blue,120,draw,round-limit,30,2,0,3,4,155,11,0,1
crown-vs-crownplain,blue,121,draw,round-limit,30,0,0,2,5,136,25,0,1
crown-vs-crownplain,blue,122,draw,round-limit,30,1,9,4,10,156,44,1,1
crown-vs-crownplain,blue,123,draw,round-limit,30,1,3,4,6,137,39,1,2
crown-vs-crownplain,blue,124,draw,round-limit,30,1,3,9,10,154,41,0,3
crown-vs-crownplain,blue,125,draw,round-limit,30,1,4,8,4,180,29,1,1
crown-vs-crownplain,blue,126,draw,round-limit,30,1,3,6,5,178,34,0,2
crown-vs-crownplain,blue,127,draw,round-limit,30,1,3,4,11,146,40,1,1
crown-vs-crownplain,blue,128,draw,round-limit,30,1,3,4,7,187,54,0,2
crown-vs-crownplain,blue,129,draw,round-limit,30,1,5,4,9,134,45,2,1
crown-vs-crownplain,blue,130,draw,round-limit,30,1,3,5,9,133,31,0,1
crown-vs-crownplain,blue,131,draw,round-limit,30,1,2,5,14,118,17,1,1
crown-vs-crownplain,blue,132,draw,round-limit,30,2,1,8,7,179,38,0,2
crown-vs-crownplain,blue,133,draw,round-limit,30,1,2,4,10,108,25,0,2
crown-vs-crownplain,blue,134,draw,round-limit,30,0,3,4,7,149,39,1,2
crown-vs-crownplain,blue,135,draw,round-limit,30,1,6,3,12,152,45,1,1
crown-vs-crownplain,blue,136,draw,round-limit,30,2,0,6,10,175,38,0,2
crown-vs-crownplain,blue,137,draw,round-limit,30,2,3,7,10,184,44,1,2
crown-vs-crownplain,blue,138,draw,round-limit,30,1,3,7,6,156,28,1,2
crown-vs-crownplain,blue,139,draw,round-limit,30,1,3,4,7,169,38,1,1
crown-vs-crownplain,blue,140,draw,round-limit,30,2,5,8,7,189,45,1,2
crown-vs-crownplain,blue,141,draw,round-limit,30,1,3,5,7,170,38,0,1
crown-vs-crownplain,blue,142,draw,round-limit,30,1,2,5,5,174,31,0,2
crown-vs-crownplain,blue,143,draw,round-limit,30,1,3,8,14,162,39,1,2
crown-vs-crownplain,blue,144,draw,round-limit,30,1,5,5,5,128,26,1,1
crown-vs-crownplain,blue,145,draw,round-limit,30,2,3,4,1,169,44,1,2
crown-vs-crownplain,blue,146,draw,round-limit,30,1,2,4,2,171,43,0,2
crown-vs-crownplain,blue,147,draw,round-limit,30,1,2,4,5,152,24,0,1
crown-vs-crownplain,blue,148,draw,round-limit,30,1,3,4,8,167,47,0,1
crown-vs-crownplain,blue,149,draw,round-limit,30,1,1,6,13,144,49,0,1
crown-vs-crownplain,blue,150,draw,round-limit,30,0,2,4,7,175,35,0,1
crown-vs-crownplain,blue,151,draw,round-limit,30,1,4,6,13,177,62,1,2
crown-vs-crownplain,blue,152,draw,round-limit,30,1,2,6,11,141,38,1,2
crown-vs-crownplain,blue,153,draw,round-limit,30,2,3,11,7,194,50,1,2
crown-vs-crownplain,blue,154,draw,round-limit,30,1,5,5,5,167,36,0,1
crown-vs-crownplain,blue,155,draw,round-limit,30,1,4,9,15,148,49,1,2
crown-vs-crownplain,blue,156,draw,round-limit,30,1,6,7,13,137,38,1,2
crown-vs-crownplain,blue,157,draw,round-limit,30,0,2,6,10,193,45,0,2
crown-vs-crownplain,blue,158,draw,round-limit,30,1,1,6,7,160,31,0,1
crown-vs-crownplain,blue,159,draw,round-limit,30,1,2,2,6,165,70,0,1
crown-vs-crownplain,blue,160,draw,round-limit,30,2,2,4,10,157,39,1,1
crown-vs-crownplain,blue,161,draw,round-limit,30,0,2,4,3,182,38,1,1
crown-vs-crownplain,blue,162,draw,round-limit,30,1,3,7,6,117,28,1,1
crown-vs-crownplain,blue,163,draw,round-limit,30,1,6,6,5,165,38,1,1
crown-vs-crownplain,blue,164,draw,round-limit,30,0,3,4,7,183,49,1,2
crown-vs-crownplain,blue,165,draw,round-limit,30,1,4,9,13,164,54,0,2
crown-vs-crownplain,blue,166,draw,round-limit,30,1,4,4,8,138,41,0,2
crown-vs-crownplain,blue,167,draw,round-limit,30,1,2,7,9,172,41,0,2
crown-vs-crownplain,blue,168,draw,round-limit,30,1,2,3,4,174,46,1,1
crown-vs-crownplain,blue,169,draw,round-limit,30,1,1,5,4,165,23,0,2
crown-vs-crownplain,blue,170,draw,round-limit,30,1,5,6,13,164,37,1,2
crown-vs-crownplain,blue,171,draw,round-limit,30,1,3,6,9,166,53,2,2
crown-vs-crownplain,blue,172,draw,round-limit,30,1,2,3,8,157,35,1,1
crown-vs-crownplain,blue,173,draw,round-limit,30,1,4,4,6,124,47,2,2
crown-vs-crownplain,blue,174,draw,round-limit,30,1,1,7,9,152,22,0,2
crown-vs-crownplain,blue,175,draw,round-limit,30,1,4,4,16,111,43,2,1
crown-vs-crownplain,blue,176,draw,round-limit,30,0,4,7,12,169,48,1,2
crown-vs-crownplain,blue,177,draw,round-limit,30,1,3,5,10,164,32,1,2
crown-vs-crownplain,blue,178,draw,round-limit,30,2,6,3,8,138,36,0,1
crown-vs-crownplain,blue,179,draw,round-limit,30,1,4,4,7,166,27,0,2
crown-vs-crownplain,blue,180,draw,round-limit,30,1,5,8,8,133,30,1,2
crown-vs-crownplain,blue,181,draw,round-limit,30,1,4,6,6,121,29,1,2
crown-vs-crownplain,blue,182,draw,round-limit,30,1,4,3,7,160,37,1,2
crown-vs-crownplain,blue,183,draw,round-limit,30,1,2,5,8,162,25,0,2
crown-vs-crownplain,blue,184,draw,round-limit,30,1,5,6,17,130,45,0,2
crown-vs-crownplain,blue,185,draw,round-limit,30,1,3,10,8,164,47,1,2
crown-vs-crownplain,blue,186,draw,round-limit,30,1,2,8,11,126,33,0,1
crown-vs-crownplain,blue,187,draw,round-limit,30,1,5,7,12,126,38,3,2
crown-vs-crownplain,blue,188,draw,round-limit,30,1,5,7,7,147,47,1,2
crown-vs-crownplain,blue,189,draw,round-limit,30,1,2,9,9,149,47,1,1
crown-vs-crownplain,blue,190,draw,round-limit,30,1,0,4,13,141,34,0,1
crown-vs-crownplain,blue,191,draw,round-limit,30,1,2,5,6,171,48,0,2
crown-vs-crownplain,blue,192,draw,round-limit,30,1,2,7,5,196,40,1,2
crown-vs-crownplain,blue,193,draw,round-limit,30,0,1,5,5,133,64,1,2
crown-vs-crownplain,blue,194,draw,round-limit,30,1,5,7,9,155,43,1,2
crown-vs-crownplain,blue,195,draw,round-limit,30,1,3,8,4,133,43,2,3
crown-vs-crownplain,blue,196,draw,round-limit,30,1,1,3,8,129,43,1,1
crown-vs-crownplain,blue,197,draw,round-limit,30,1,3,4,11,189,42,1,2
crown-vs-crownplain,blue,198,draw,round-limit,30,0,3,11,16,149,25,1,3
crown-vs-crownplain,blue,199,draw,round-limit,30,2,0,6,7,179,33,0,2
crown-vs-crownplain,blue,200,draw,round-limit,30,1,6,6,18,144,39,1,2
crown-vs-crownplain,red,1,draw,round-limit,30,2,3,3,14,120,30,1,1
crown-vs-crownplain,red,2,draw,round-limit,30,2,0,1,5,119,14,0,0
crown-vs-crownplain,red,3,draw,round-limit,30,2,2,4,7,146,23,1,1
crown-vs-crownplain,red,4,draw,round-limit,30,2,4,4,5,129,27,2,0
crown-vs-crownplain,red,5,draw,round-limit,30,2,3,3,8,137,46,1,1
crown-vs-crownplain,red,6,draw,round-limit,30,2,4,6,8,137,33,1,1
crown-vs-crownplain,red,7,draw,round-limit,30,1,1,4,10,127,46,1,1
crown-vs-crownplain,red,8,draw,round-limit,30,1,1,1,10,149,22,0,0
crown-vs-crownplain,red,9,draw,round-limit,30,1,3,8,10,159,43,1,1
crown-vs-crownplain,red,10,draw,round-limit,30,2,3,4,7,115,34,0,2
crown-vs-crownplain,red,11,draw,round-limit,30,1,3,4,10,131,37,1,1
crown-vs-crownplain,red,12,draw,round-limit,30,2,3,5,10,142,27,1,1
crown-vs-crownplain,red,13,draw,round-limit,30,1,5,2,12,164,46,1,1
crown-vs-crownplain,red,14,draw,round-limit,30,1,3,0,6,137,44,0,0
crown-vs-crownplain,red,15,draw,round-limit,30,1,0,3,3,152,23,0,1
crown-vs-crownplain,red,16,draw,round-limit,30,1,3,0,9,123,11,0,0
crown-vs-crownplain,red,17,draw,round-limit,30,2,2,3,10,142,31,0,0
crown-vs-crownplain,red,18,draw,round-limit,30,1,4,7,4,148,44,1,2
crown-vs-crownplain,red,19,draw,round-limit,30,2,2,2,1,153,20,0,0
crown-vs-crownplain,red,20,draw,round-limit,30,1,2,0,8,126,33,0,0
crown-vs-crownplain,red,21,draw,round-limit,30,2,3,4,13,151,35,0,1
crown-vs-crownplain,red,22,draw,round-limit,30,1,5,4,11,133,38,1,2
crown-vs-crownplain,red,23,draw,round-limit,30,1,4,5,8,159,48,0,1
crown-vs-crownplain,red,24,draw,round-limit,30,1,2,2,8,137,31,0,1
crown-vs-crownplain,red,25,draw,round-limit,30,1,4,4,8,184,65,2,3
crown-vs-crownplain,red,26,draw,round-limit,30,2,2,2,14,150,27,1,1
crown-vs-crownplain,red,27,draw,round-limit,30,0,2,0,8,130,31,1,0
crown-vs-crownplain,red,28,draw,round-limit,30,2,3,2,9,129,30,1,0
crown-vs-crownplain,red,29,draw,round-limit,30,1,3,2,3,133,15,1,1
crown-vs-crownplain,red,30,draw,round-limit,30,1,4,1,13,154,38,1,1
crown-vs-crownplain,red,31,draw,round-limit,30,1,8,3,2,126,38,2,0
crown-vs-crownplain,red,32,draw,round-limit,30,1,3,2,7,144,33,1,1
crown-vs-crownplain,red,33,draw,round-limit,30,2,3,3,3,158,29,1,0
crown-vs-crownplain,red,34,draw,round-limit,30,2,2,1,4,129,37,1,1
crown-vs-crownplain,red,35,draw,round-limit,30,2,3,4,8,139,42,1,2
crown-vs-crownplain,red,36,draw,round-limit,30,1,4,2,13,155,68,2,1
crown-vs-crownplain,red,37,draw,round-limit,30,1,2,0,5,154,25,1,0
crown-vs-crownplain,red,38,draw,round-limit,30,1,4,5,10,134,34,1,1
crown-vs-crownplain,red,39,draw,round-limit,30,0,3,2,5,150,34,0,1
crown-vs-crownplain,red,40,draw,round-limit,30,2,1,2,9,97,15,0,1
crown-vs-crownplain,red,41,draw,round-limit,30,1,2,1,6,109,18,1,1
crown-vs-crownplain,red,42,draw,round-limit,30,1,6,1,8,128,30,2,0
crown-vs-crownplain,red,43,draw,round-limit,30,1,1,0,10,184,42,1,0
crown-vs-crownplain,red,44,draw,round-limit,30,2,3,4,6,139,22,1,1
crown-vs-crownplain,red,45,draw,round-limit,30,1,7,2,4,175,37,1,1
crown-vs-crownplain,red,46,draw,round-limit,30,2,2,1,7,163,60,0,0
crown-vs-crownplain,red,47,draw,round-limit,30,1,1,3,9,77,19,0,0
crown-vs-crownplain,red,48,draw,round-limit,30,2,0,3,8,117,23,0,0
crown-vs-crownplain,red,49,draw,round-limit,30,2,2,5,6,94,24,0,2
crown-vs-crownplain,red,50,draw,round-limit,30,1,4,4,8,157,27,1,1
crown-vs-crownplain,red,51,draw,round-limit,30,2,4,4,8,160,33,1,1
crown-vs-crownplain,red,52,draw,round-limit,30,1,4,2,6,125,27,0,0
crown-vs-crownplain,red,53,draw,round-limit,30,1,6,4,20,137,45,1,1
crown-vs-crownplain,red,54,draw,round-limit,30,1,3,6,8,161,44,2,2
crown-vs-crownplain,red,55,draw,round-limit,30,1,2,4,6,131,36,1,1
crown-vs-crownplain,red,56,draw,round-limit,30,1,0,0,5,143,10,0,0
crown-vs-crownplain,red,57,draw,round-limit,30,1,3,3,9,121,43,1,2
crown-vs-crownplain,red,58,draw,round-limit,30,2,5,5,6,163,33,1,0
crown-vs-crownplain,red,59,draw,round-limit,30,1,4,3,8,115,29,1,2
crown-vs-crownplain,red,60,draw,round-limit,30,2,4,3,3,150,27,2,2
crown-vs-crownplain,red,61,draw,round-limit,30,1,4,0,8,135,39,1,0
crown-vs-crownplain,red,62,draw,round-limit,30,2,2,2,7,90,24,0,0
crown-vs-crownplain,red,63,draw,round-limit,30,2,2,3,6,117,42,1,1
crown-vs-crownplain,red,64,draw,round-limit,30,2,3,5,7,124,36,2,1
crown-vs-crownplain,red,65,draw,round-limit,30,1,3,1,11,142,16,0,0
crown-vs-crownplain,red,66,draw,round-limit,30,2,1,1,8,150,15,0,0
crown-vs-crownplain,red,67,draw,round-limit,30,1,6,3,5,154,34,2,0
crown-vs-crownplain,red,68,draw,round-limit,30,2,3,3,9,128,26,1,1
crown-vs-crownplain,red,69,draw,round-limit,30,0,4,3,8,171,44,2,1
crown-vs-crownplain,red,70,draw,round-limit,30,1,3,2,11,142,32,0,1
crown-vs-crownplain,red,71,draw,round-limit,30,1,3,1,9,150,50,1,0
crown-vs-crownplain,red,72,draw,round-limit,30,1,3,4,12,121,34,2,1
crown-vs-crownplain,red,73,draw,round-limit,30,1,2,1,10,131,28,1,1
crown-vs-crownplain,red,74,draw,round-limit,30,2,4,4,5,165,34,1,1
crown-vs-crownplain,red,75,draw,round-limit,30,1,5,4,9,156,42,1,1
crown-vs-crownplain,red,76,draw,round-limit,30,1,4,7,6,134,40,1,1
crown-vs-crownplain,red,77,draw,round-limit,30,1,3,1,11,173,45,1,0
crown-vs-crownplain,red,78,draw,round-limit,30,1,5,4,13,139,36,1,1
crown-vs-crownplain,red,79,draw,round-limit,30,2,1,4,2,132,24,0,1
crown-vs-crownplain,red,80,draw,round-limit,30,1,5,5,8,114,30,1,1
crown-vs-crownplain,red,81,draw,round-limit,30,2,6,8,17,144,75,1,2
crown-vs-crownplain,red,82,draw,round-limit,30,0,1,3,3,163,40,0,0
crown-vs-crownplain,red,83,draw,round-limit,30,1,5,4,13,136,47,1,1
crown-vs-crownplain,red,84,draw,round-limit,30,1,4,2,9,140,42,1,1
crown-vs-crownplain,red,85,draw,round-limit,30,1,3,1,13,129,62,1,1
crown-vs-crownplain,red,86,draw,round-limit,30,2,2,3,7,166,33,0,1
crown-vs-crownplain,red,87,draw,round-limit,30,1,0,1,5,131,16,0,1
crown-vs-crownplain,red,88,draw,round-limit,30,1,3,3,11,162,46,1,1
crown-vs-crownplain,red,89,draw,round-limit,30,1,4,6,9,149,32,0,1
crown-vs-crownplain,red,90,draw,round-limit,30,2,5,3,16,130,52,2,1
crown-vs-crownplain,red,91,draw,round-limit,30,2,6,7,15,155,56,1,1
crown-vs-crownplain,red,92,draw,round-limit,30,2,2,6,7,116,23,0,2
crown-vs-crownplain,red,93,draw,round-limit,30,2,1,1,8,119,11,0,1
crown-vs-crownplain,red,94,draw,round-limit,30,2,3,2,3,149,22,0,1
crown-vs-crownplain,red,95,draw,round-limit,30,1,1,2,1,160,42,1,1
crown-vs-crownplain,red,96,draw,round-limit,30,1,4,2,11,155,53,1,0
crown-vs-crownplain,red,97,draw,round-limit,30,2,2,3,5,122,19,0,0
crown-vs-crownplain,red,98,draw,round-limit,30,1,2,3,7,129,30,0,2
crown-vs-crownplain,red,99,draw,round-limit,30,2,7,3,15,130,39,1,1
crown-vs-crownplain,red,100,draw,round-limit,30,1,4,4,17,104,52,1,1
crown-vs-crownplain,red,101,draw,round-limit,30,1,4,2,3,141,26,1,0
crown-vs-crownplain,red,102,draw,round-limit,30,1,8,5,9,141,41,2,2
crown-vs-crownplain,red,103,draw,round-limit,30,0,4,2,4,173,45,2,1
crown-vs-crownplain,red,104,draw,round-limit,30,1,3,4,13,150,39,1,2
crown-vs-crownplain,red,105,draw,round-limit,30,1,1,0,7,129,28,0,0
crown-vs-crownplain,red,106,draw,round-limit,30,2,4,1,7,156,59,0,1
crown-vs-crownplain,red,107,draw,round-limit,30,1,4,3,2,142,46,2,2
crown-vs-crownplain,red,108,draw,round-limit,30,2,1,2,3,133,29,0,1
crown-vs-crownplain,red,109,draw,round-limit,30,1,3,1,5,153,29,1,0
crown-vs-crownplain,red,110,draw,round-limit,30,2,1,0,5,134,22,0,0
crown-vs-crownplain,red,111,draw,round-limit,30,2,3,5,5,182,25,0,0
crown-vs-crownplain,red,112,draw,round-limit,30,1,6,0,13,136,40,1,0
crown-vs-crownplain,red,113,draw,round-limit,30,1,3,2,8,164,58,1,0
crown-vs-crownplain,red,114,draw,round-limit,30,0,4,2,7,114,28,2,1
crown-vs-crownplain,red,115,draw,round-limit,30,2,5,5,14,142,54,2,1
crown-vs-crownplain,red,116,draw,round-limit,30,1,0,2,9,129,28,0,0
crown-vs-crownplain,red,117,draw,round-limit,30,0,5,5,3,186,31,1,2
crown-vs-crownplain,red,118,draw,round-limit,30,1,0,1,6,89,15,0,0
crown-vs-crownplain,red,119,draw,round-limit,30,2,5,0,4,170,28,3,0
crown-vs-crownplain,red,120,draw,round-limit,30,1,1,1,1,132,42,0,1
crown-vs-crownplain,red,121,draw,round-limit,30,1,0,0,3,91,9,0,0
crown-vs-crownplain,red,122,draw,round-limit,30,1,1,2,6,155,32,1,2
crown-vs-crownplain,red,123,draw,round-limit,30,0,3,2,13,122,45,0,1
crown-vs-crownplain,red,124,draw,round-limit,30,0,3,3,8,173,59,1,0
crown-vs-crownplain,red,125,draw,round-limit,30,1,1,1,6,154,44,0,0
crown-vs-crownplain,red,126,draw,round-limit,30,1,4,4,8,127,47,1,1
crown-vs-crownplain,red,127,draw,round-limit,30,1,4,1,3,129,23,1,0
crown-vs-crownplain,red,128,draw,round-limit,30,2,2,5,5,167,29,0,0
crown-vs-crownplain,red,129,draw,round-limit,30,1,6,3,16,166,48,1,1
crown-vs-crownplain,red,130,draw,round-limit,30,2,4,2,6,138,45,1,0
crown-vs-crownplain,red,131,draw,round-limit,30,0,2,2,12,97,28,1,1
crown-vs-crownplain,red,132,draw,round-limit,30,2,6,4,16,157,37,1,1
crown-vs-crownplain,red,133,draw,round-limit,30,0,3,5,2,132,27,1,2
crown-vs-crownplain,red,134,draw,round-limit,30,0,3,4,17,153,55,1,1
crown-vs-crownplain,red,135,draw,round-limit,30,1,2,5,11,121,36,0,2
crown-vs-crownplain,red,136,draw,round-limit,30,1,4,1,11,150,62,2,1
crown-vs-crownplain,red,137,draw,round-limit,30,0,2,4,7,157,40,1,0
crown-vs-crownplain,red,138,draw,round-limit,30,0,3,3,9,131,38,1,1
crown-vs-crownplain,red,139,draw,round-limit,30,1,4,4,12,146,32,1,2
crown-vs-crownplain,red,140,draw,round-limit,30,1,1,1,7,122,19,1,1
crown-vs-crownplain,red,141,draw,round-limit,30,2,3,2,13,163,51,1,1
crown-vs-crownplain,red,142,draw,round-limit,30,1,5,5,13,142,39,1,2
crown-vs-crownplain,red,143,draw,round-limit,30,2,5,3,7,113,50,2,0
crown-vs-crownplain,red,144,draw,round-limit,30,0,3,1,7,119,28,0,0
crown-vs-crownplain,red,145,draw,round-limit,30,1,4,3,12,171,39,1,1
crown-vs-crownplain,red,146,draw,round-limit,30,1,2,7,9,128,32,1,1
crown-vs-crownplain,red,147,draw,round-limit,30,0,3,1,9,167,18,1,1
crown-vs-crownplain,red,148,draw,round-limit,30,2,3,2,10,180,41,0,1
crown-vs-crownplain,red,149,draw,round-limit,30,1,2,2,6,149,23,0,0
crown-vs-crownplain,red,150,draw,round-limit,30,1,5,3,19,135,42,1,0
crown-vs-crownplain,red,151,draw,round-limit,30,1,3,3,14,130,65,2,0
crown-vs-crownplain,red,152,draw,round-limit,30,1,1,2,7,132,26,0,0
crown-vs-crownplain,red,153,draw,round-limit,30,2,2,3,7,182,34,0,1
crown-vs-crownplain,red,154,draw,round-limit,30,2,3,3,7,115,50,1,1
crown-vs-crownplain,red,155,draw,round-limit,30,0,5,5,13,150,40,2,2
crown-vs-crownplain,red,156,draw,round-limit,30,1,5,3,10,154,61,2,1
crown-vs-crownplain,red,157,draw,round-limit,30,1,3,1,7,152,28,0,0
crown-vs-crownplain,red,158,draw,round-limit,30,1,2,0,19,133,28,0,0
crown-vs-crownplain,red,159,draw,round-limit,30,1,2,5,3,164,32,1,0
crown-vs-crownplain,red,160,draw,round-limit,30,2,2,4,10,165,30,1,1
crown-vs-crownplain,red,161,draw,round-limit,30,0,4,5,7,123,45,1,1
crown-vs-crownplain,red,162,draw,round-limit,30,1,4,6,10,145,27,1,1
crown-vs-crownplain,red,163,draw,round-limit,30,2,2,5,13,136,38,1,2
crown-vs-crownplain,red,164,draw,round-limit,30,0,4,1,10,132,62,1,1
crown-vs-crownplain,red,165,draw,round-limit,30,1,0,0,3,141,7,0,0
crown-vs-crownplain,red,166,draw,round-limit,30,2,4,6,8,140,47,1,1
crown-vs-crownplain,red,167,draw,round-limit,30,1,0,1,3,130,9,0,1
crown-vs-crownplain,red,168,draw,round-limit,30,1,4,0,4,143,42,1,0
crown-vs-crownplain,red,169,draw,round-limit,30,1,2,0,8,117,21,0,0
crown-vs-crownplain,red,170,draw,round-limit,30,1,4,5,3,123,30,2,1
crown-vs-crownplain,red,171,draw,round-limit,30,0,5,4,10,129,29,1,0
crown-vs-crownplain,red,172,draw,round-limit,30,1,4,5,14,119,35,1,1
crown-vs-crownplain,red,173,draw,round-limit,30,1,5,1,5,182,61,1,0
crown-vs-crownplain,red,174,draw,round-limit,30,1,4,1,3,159,34,2,0
crown-vs-crownplain,red,175,draw,round-limit,30,1,3,2,11,166,28,1,0
crown-vs-crownplain,red,176,draw,round-limit,30,2,4,2,14,144,28,1,0
crown-vs-crownplain,red,177,draw,round-limit,30,2,3,0,6,144,13,1,0
crown-vs-crownplain,red,178,draw,round-limit,30,1,3,4,11,132,56,1,1
crown-vs-crownplain,red,179,draw,round-limit,30,2,0,3,9,137,34,0,0
crown-vs-crownplain,red,180,draw,round-limit,30,1,4,5,8,165,27,2,2
crown-vs-crownplain,red,181,draw,round-limit,30,1,2,1,6,155,30,1,0
crown-vs-crownplain,red,182,draw,round-limit,30,0,2,1,10,158,39,0,0
crown-vs-crownplain,red,183,draw,round-limit,30,2,2,2,13,113,38,1,1
crown-vs-crownplain,red,184,draw,round-limit,30,2,4,3,6,179,40,1,1
crown-vs-crownplain,red,185,draw,round-limit,30,2,7,4,5,113,39,2,1
crown-vs-crownplain,red,186,draw,round-limit,30,1,5,7,6,153,63,1,2
crown-vs-crownplain,red,187,draw,round-limit,30,2,4,4,11,139,27,1,1
crown-vs-crownplain,red,188,draw,round-limit,30,1,2,3,3,143,18,1,0
crown-vs-crownplain,red,189,draw,round-limit,30,1,3,4,13,152,47,1,0
crown-vs-crownplain,red,190,draw,round-limit,30,2,3,4,5,152,21,1,2
crown-vs-crownplain,red,191,draw,round-limit,30,2,4,5,4,126,41,1,2
crown-vs-crownplain,red,192,draw,round-limit,30,2,0,0,4,145,13,0,0
crown-vs-crownplain,red,193,draw,round-limit,30,1,5,5,14,127,36,1,1
crown-vs-crownplain,red,194,draw,round-limit,30,2,3,3,10,157,34,3,1
crown-vs-crownplain,red,195,draw,round-limit,30,1,4,5,17,163,45,1,1
crown-vs-crownplain,red,196,draw,round-limit,30,2,4,4,4,152,31,2,1
crown-vs-crownplain,red,197,draw,round-limit,30,2,0,3,5,122,12,0,1
crown-vs-crownplain,red,198,draw,round-limit,30,2,4,3,11,172,26,1,0
crown-vs-crownplain,red,199,draw,round-limit,30,1,1,5,9,151,50,0,1
crown-vs-crownplain,red,200,draw,round-limit,30,1,3,7,15,150,51,1,1
line-vs-noline,blue,1,draw,round-limit,30,1,4,7,6,160,115,1,2
line-vs-noline,blue,2,draw,round-limit,30,1,5,2,8,184,133,2,0
line-vs-noline,blue,3,draw,round-limit,30,1,2,5,8,156,113,0,2
line-vs-noline,blue,4,draw,round-limit,30,1,1,0,7,134,116,0,0
line-vs-noline,blue,5,draw,round-limit,30,1,2,4,8,172,147,0,1
line-vs-noline,blue,6,draw,round-limit,30,1,6,9,6,164,139,2,3
line-vs-noline,blue,7,draw,round-limit,30,1,3,4,11,154,157,0,2
line-vs-noline,blue,8,draw,round-limit,30,1,5,5,9,152,128,1,1
line-vs-noline,blue,9,draw,round-limit,30,1,4,7,9,142,127,1,3
line-vs-noline,blue,10,draw,round-limit,30,2,5,7,16,144,124,1,3
line-vs-noline,blue,11,draw,round-limit,30,1,4,4,9,140,127,1,1
line-vs-noline,blue,12,draw,round-limit,30,1,2,4,10,129,130,1,1
line-vs-noline,blue,13,draw,round-limit,30,2,4,5,14,185,162,1,2
line-vs-noline,blue,14,draw,round-limit,30,1,1,4,7,147,154,0,0
line-vs-noline,blue,15,draw,round-limit,30,1,0,3,5,170,140,0,1
line-vs-noline,blue,16,draw,round-limit,30,1,5,7,9,157,116,0,1
line-vs-noline,blue,17,draw,round-limit,30,1,2,7,4,183,117,1,3
line-vs-noline,blue,18,draw,round-limit,30,1,4,4,7,148,129,1,2
line-vs-noline,blue,19,draw,round-limit,30,2,0,9,3,185,148,0,1
line-vs-noline,blue,20,draw,round-limit,30,1,4,5,4,163,133,1,1
line-vs-noline,blue,21,draw,round-limit,30,1,5,7,8,154,107,2,2
line-vs-noline,blue,22,draw,round-limit,30,1,2,8,6,177,120,1,2
line-vs-noline,blue,23,draw,round-limit,30,1,4,6,4,162,124,1,2
line-vs-noline,blue,24,draw,round-limit,30,1,2,6,12,186,160,0,3
line-vs-noline,blue,25,draw,round-limit,30,2,4,9,3,160,153,1,2
line-vs-noline,blue,26,draw,round-limit,30,3,3,7,6,147,134,1,2
line-vs-noline,blue,27,draw,round-limit,30,1,2,3,12,176,135,0,1
line-vs-noline,blue,28,draw,round-limit,30,1,1,4,4,157,132,1,2
line-vs-noline,blue,29,draw,round-limit,30,0,1,4,8,172,120,0,1
line-vs-noline,blue,30,draw,round-limit,30,1,4,4,8,181,147,1,1
line-vs-noline,blue,31,draw,round-limit,30,1,4,6,8,161,156,1,2
line-vs-noline,blue,32,draw,round-limit,30,1,0,3,10,114,125,0,0
line-vs-noline,blue,33,draw,round-limit,30,2,5,6,10,143,129,1,2
line-vs-noline,blue,34,draw,round-limit,30,2,0,3,4,141,156,0,1
line-vs-noline,blue,35,draw,round-limit,30,4,4,5,4,166,155,1,2
line-vs-noline,blue,36,draw,round-limit,30,2,2,4,16,124,154,1,2
line-vs-noline,blue,37,draw,round-limit,30,1,1,2,3,189,131,0,1
line-vs-noline,blue,38,draw,round-limit,30,1,5,5,10,149,138,1,2
line-vs-noline,blue,39,draw,round-limit,30,1,3,6,2,174,148,0,2
line-vs-noline,blue,40,draw,round-limit,30,1,1,4,12,104,98,0,0
line-vs-noline,blue,41,draw,round-limit,30,2,5,3,6,150,102,2,2
line-vs-noline,blue,42,draw,round-limit,30,2,8,4,12,148,105,0,1
line-vs-noline,blue,43,draw,round-limit,30,3,2,5,7,168,163,0,1
line-vs-noline,blue,44,draw,round-limit,30,1,3,5,8,155,150,1,2
line-vs-noline,blue,45,draw,round-limit,30,1,2,7,12,162,154,0,2
line-vs-noline,blue,46,draw,round-limit,30,1,2,3,5,168,145,1,1
line-vs-noline,blue,47,draw,round-limit,30,1,7,5,15,146,116,1,1
line-vs-noline,blue,48,draw,round-limit,30,1,1,5,10,164,130,0,1
line-vs-noline,blue,49,draw,round-limit,30,2,1,3,8,101,95,0,1
line-vs-noline,blue,50,draw,round-limit,30,1,2,5,12,134,155,1,1
line-vs-noline,blue,51,draw,round-limit,30,1,5,5,12,154,106,2,2
line-vs-noline,blue,52,draw,round-limit,30,1,1,4,15,154,138,0,1
line-vs-noline,blue,53,draw,round-limit,30,3,5,8,16,142,132,2,2
line-vs-noline,blue,54,draw,round-limit,30,1,6,5,14,145,129,0,2
line-vs-noline,blue,55,draw,round-limit,30,1,3,4,6,156,158,0,2
line-vs-noline,blue,56,draw,round-limit,30,0,1,4,12,142,148,0,0
line-vs-noline,blue,57,draw,round-limit,30,1,1,2,13,128,121,1,1
line-vs-noline,blue,58,draw,round-limit,30,4,4,8,9,173,176,1,2
line-vs-noline,blue,59,draw,round-limit,30,1,4,6,14,172,147,2,2
line-vs-noline,blue,60,draw,round-limit,30,1,2,4,10,121,135,1,2
line-vs-noline,blue,61,draw,round-limit,30,1,5,7,8,170,153,1,1
line-vs-noline,blue,62,draw,round-limit,30,2,3,5,6,144,99,1,3
line-vs-noline,blue,63,draw,round-limit,30,2,3,2,6,157,117,1,1
line-vs-noline,blue,64,draw,round-limit,30,1,3,7,7,159,135,1,3
line-vs-noline,blue,65,draw,round-limit,30,1,3,8,8,187,139,1,2
line-vs-noline,blue,66,draw,round-limit,30,1,2,2,3,141,122,1,0
line-vs-noline,blue,67,draw,round-limit,30,2,2,3,7,151,136,0,1
line-vs-noline,blue,68,draw,round-limit,30,1,1,7,15,167,141,1,3
line-vs-noline,blue,69,draw,round-limit,30,0,5,8,8,173,174,1,3
line-vs-noline,blue,70,draw,round-limit,30,5,3,7,6,166,147,1,1
line-vs-noline,blue,71,draw,round-limit,30,1,4,6,17,146,134,1,1
line-vs-noline,blue,72,draw,round-limit,30,0,5,5,6,168,152,1,1
line-vs-noline,blue,73,draw,round-limit,30,1,3,6,10,160,162,1,1
line-vs-noline,blue,74,draw,round-limit,30,1,3,5,5,174,167,0,1
line-vs-noline,blue,75,draw,round-limit,30,1,3,3,5,172,181,1,1
line-vs-noline,blue,76,draw,round-limit,30,1,4,9,19,153,137,0,3
line-vs-noline,blue,77,draw,round-limit,30,1,5,3,4,168,144,2,1
line-vs-noline,blue,78,draw,round-limit,30,1,3,5,11,176,135,1,1
line-vs-noline,blue,79,draw,round-limit,30,1,3,5,11,151,150,0,2
line-vs-noline,blue,80,draw,round-limit,30,1,2,5,14,165,157,1,1
line-vs-noline,blue,81,draw,round-limit,30,1,4,10,7,173,140,1,1
line-vs-noline,blue,82,draw,round-limit,30,1,2,6,8,141,152,0,2
line-vs-noline,blue,83,draw,round-limit,30,1,2,5,3,185,134,0,1
line-vs-noline,blue,84,draw,round-limit,30,1,1,4,10,181,126,0,1
line-vs-noline,blue,85,draw,round-limit,30,1,2,5,12,158,136,0,2
line-vs-noline,blue,86,draw,round-limit,30,2,1,0,3,138,93,0,0
line-vs-noline,blue,87,draw,round-limit,30,1,4,9,5,168,123,0,3
line-vs-noline,blue,88,draw,round-limit,30,2,1,5,11,189,154,0,3
line-vs-noline,blue,89,draw,round-limit,30,1,2,8,18,156,122,1,3
line-vs-noline,blue,90,draw,round-limit,30,3,3,5,7,194,138,1,1
line-vs-noline,blue,91,draw,round-limit,30,1,8,5,8,166,133,2,2
line-vs-noline,blue,92,draw,round-limit,30,1,2,4,6,131,74,1,1
line-vs-noline,blue,93,draw,round-limit,30,1,4,3,1,137,111,1,0
line-vs-noline,blue,94,draw,round-limit,30,1,1,4,9,151,121,0,1
line-vs-noline,blue,95,draw,round-limit,30,1,4,3,8,161,132,1,1
line-vs-noline,blue,96,draw,round-limit,30,1,3,7,13,130,150,1,1
line-vs-noline,blue,97,draw,round-limit,30,1,1,3,5,171,98,0,1
line-vs-noline,blue,98,draw,round-limit,30,1,2,3,7,132,125,0,1
line-vs-noline,blue,99,draw,round-limit,30,1,8,8,6,118,111,2,2
line-vs-noline,blue,100,draw,round-limit,30,1,5,6,6,126,133,1,2
line-vs-noline,blue,101,draw,round-limit,30,2,3,2,10,127,146,0,0
line-vs-noline,blue,102,draw,round-limit,30,1,4,4,11,188,136,2,1
line-vs-noline,blue,103,draw,round-limit,30,2,6,6,12,148,123,1,2
line-vs-noline,blue,104,draw,round-limit,30,1,4,6,4,181,147,2,2
line-vs-noline,blue,105,draw,round-limit,30,1,2,6,5,129,116,0,1
line-vs-noline,blue,106,a,keep-captured,26,1,2,5,5,149,129,0,1
line-vs-noline,blue,107,draw,round-limit,30,1,1,1,6,140,113,0,0
line-vs-noline,blue,108,draw,round-limit,30,0,2,3,2,165,139,0,1
line-vs-noline,blue,109,draw,round-limit,30,2,1,4,5,157,139,1,1
line-vs-noline,blue,110,draw,round-limit,30,1,4,7,4,137,111,1,4
line-vs-noline,blue,111,draw,round-limit,30,2,3,5,11,114,176,1,2
line-vs-noline,blue,112,draw,round-limit,30,1,8,5,14,140,121,0,1
line-vs-noline,blue,113,draw,round-limit,30,1,3,5,10,140,124,0,1
line-vs-noline,blue,114,draw,round-limit,30,0,5,2,13,132,119,2,0
line-vs-noline,blue,115,draw,round-limit,30,1,4,6,14,156,148,1,2
line-vs-noline,blue,116,draw,round-limit,30,1,2,4,10,159,142,0,0
line-vs-noline,blue,117,draw,round-limit,30,0,5,7,18,189,168,1,3
line-vs-noline,blue,118,draw,round-limit,30,1,2,4,9,149,161,0,1
line-vs-noline,blue,119,draw,round-limit,30,1,3,5,14,160,162,1,3
line-vs-noline,blue,120,draw,round-limit,30,0,2,3,6,145,135,0,1
line-vs-noline,blue,121,draw,round-limit,30,1,5,4,14,114,122,2,0
line-vs-noline,blue,122,draw,round-limit,30,1,4,3,9,128,168,0,1
line-vs-noline,blue,123,draw,round-limit,30,1,6,4,8,174,151,1,2
line-vs-noline,blue,124,draw,round-limit,30,2,2,6,10,155,136,1,2
line-vs-noline,blue,125,draw,round-limit,30,1,3,7,4,191,139,2,2
line-vs-noline,blue,126,draw,round-limit,30,1,2,2,5,161,109,1,1
line-vs-noline,blue,127,draw,round-limit,30,1,3,8,10,156,130,1,4
line-vs-noline,blue,128,draw,round-limit,30,1,0,3,5,152,116,0,0
line-vs-noline,blue,129,draw,round-limit,30,1,3,5,10,137,138,1,1
line-vs-noline,blue,130,draw,round-limit,30,1,3,4,10,179,123,1,1
line-vs-noline,blue,131,draw,round-limit,30,1,4,5,12,143,157,2,0
line-vs-noline,blue,132,draw,round-limit,30,1,2,6,8,159,134,0,2
line-vs-noline,blue,133,draw,round-limit,30,1,1,6,10,123,127,0,2
line-vs-noline,blue,134,draw,round-limit,30,1,3,6,7,169,141,1,4
line-vs-noline,blue,135,draw,round-limit,30,1,0,2,8,161,112,0,0
line-vs-noline,blue,136,draw,round-limit,30,1,2,6,10,154,146,0,2
line-vs-noline,blue,137,draw,round-limit,30,1,3,7,9,164,154,1,1
line-vs-noline,blue,138,draw,round-limit,30,1,4,5,6,141,135,2,1
line-vs-noline,blue,139,draw,round-limit,30,1,4,5,8,135,138,1,1
line-vs-noline,blue,140,draw,round-limit,30,1,4,5,7,173,148,1,2
line-vs-noline,blue,141,draw,round-limit,30,3,6,6,8,157,143,2,2
line-vs-noline,blue,142,draw,round-limit,30,1,3,7,6,154,134,0,1
line-vs-noline,blue,143,draw,round-limit,30,1,3,4,15,189,105,1,1
line-vs-noline,blue,144,draw,round-limit,30,1,3,10,4,201,107,2,1
line-vs-noline,blue,145,draw,round-limit,30,1,2,6,1,192,122,1,1
line-vs-noline,blue,146,draw,round-limit,30,1,3,4,4,155,130,1,2
line-vs-noline,blue,147,draw,round-limit,30,1,4,3,5,164,152,1,1
line-vs-noline,blue,148,draw,round-limit,30,1,4,6,8,163,132,2,2
line-vs-noline,blue,149,draw,round-limit,30,1,3,4,12,181,164,1,2
line-vs-noline,blue,150,draw,round-limit,30,1,6,9,15,144,145,3,1
line-vs-noline,blue,151,draw,round-limit,30,1,2,4,13,171,121,0,2
line-vs-noline,blue,152,draw,round-limit,30,1,2,3,11,147,119,0,1
line-vs-noline,blue,153,draw,round-limit,30,1,4,7,13,160,113,1,2
line-vs-noline,blue,154,draw,round-limit,30,1,6,5,8,143,110,0,2
line-vs-noline,blue,155,draw,round-limit,30,1,4,4,16,148,139,1,1
line-vs-noline,blue,156,draw,round-limit,30,1,5,6,5,152,132,1,2
line-vs-noline,blue,157,draw,round-limit,30,1,2,6,10,190,145,1,2
line-vs-noline,blue,158,draw,round-limit,30,0,1,1,5,146,148,0,0
line-vs-noline,blue,159,draw,round-limit,30,1,2,1,6,189,159,0,0
line-vs-noline,blue,160,draw,round-limit,30,1,9,8,14,149,145,2,3
line-vs-noline,blue,161,draw,round-limit,30,2,2,3,3,169,113,0,1
line-vs-noline,blue,162,draw,round-limit,30,1,3,4,6,131,152,1,1
line-vs-noline,blue,163,draw,round-limit,30,1,3,1,3,188,121,1,0
line-vs-noline,blue,164,draw,round-limit,30,1,6,4,7,151,125,2,1
line-vs-noline,blue,165,draw,round-limit,30,1,3,2,10,121,152,0,1
line-vs-noline,blue,166,draw,round-limit,30,1,3,6,8,143,127,2,1
line-vs-noline,blue,167,draw,round-limit,30,1,1,3,8,177,129,1,1
line-vs-noline,blue,168,draw,round-limit,30,1,2,6,4,166,117,0,2
line-vs-noline,blue,169,draw,round-limit,30,1,3,4,5,140,128,1,2
line-vs-noline,blue,170,draw,round-limit,30,1,3,10,8,159,158,0,2
line-vs-noline,blue,171,draw,round-limit,30,1,3,10,9,174,134,1,2
line-vs-noline,blue,172,draw,round-limit,30,1,3,6,8,192,163,1,2
line-vs-noline,blue,173,draw,round-limit,30,1,5,4,7,146,117,2,1
line-vs-noline,blue,174,draw,round-limit,30,1,3,4,16,123,153,0,1
line-vs-noline,blue,175,draw,round-limit,30,1,6,7,18,151,112,2,1
line-vs-noline,blue,176,draw,round-limit,30,2,5,3,13,136,157,2,1
line-vs-noline,blue,177,draw,round-limit,30,2,2,4,10,149,120,0,1
line-vs-noline,blue,178,draw,round-limit,30,2,4,7,6,148,116,1,3
line-vs-noline,blue,179,draw,round-limit,30,1,2,3,9,141,146,0,0
line-vs-noline,blue,180,draw,round-limit,30,1,7,6,10,132,162,1,2
line-vs-noline,blue,181,draw,round-limit,30,1,2,6,4,128,107,1,1
line-vs-noline,blue,182,draw,round-limit,30,0,6,5,7,179,150,2,1
line-vs-noline,blue,183,draw,round-limit,30,1,3,4,9,183,136,0,1
line-vs-noline,blue,184,draw,round-limit,30,1,7,9,17,130,142,3,2
line-vs-noline,blue,185,draw,round-limit,30,3,5,9,11,129,155,2,3
line-vs-noline,blue,186,draw,round-limit,30,1,4,8,10,149,134,0,2
line-vs-noline,blue,187,draw,round-limit,30,1,3,6,10,128,145,1,1
line-vs-noline,blue,188,draw,round-limit,30,2,6,5,8,161,178,2,1
line-vs-noline,blue,189,draw,round-limit,30,1,1,3,9,126,113,1,1
line-vs-noline,blue,190,draw,round-limit,30,1,2,6,13,148,144,1,1
line-vs-noline,blue,191,draw,round-limit,30,1,5,7,8,154,138,1,1
line-vs-noline,blue,192,draw,round-limit,30,1,5,5,8,152,122,1,2
line-vs-noline,blue,193,draw,round-limit,30,1,8,9,8,158,119,1,2
line-vs-noline,blue,194,draw,round-limit,30,1,2,6,8,118,146,1,2
line-vs-noline,blue,195,draw,round-limit,30,1,2,5,3,140,145,2,1
line-vs-noline,blue,196,draw,round-limit,30,1,6,5,10,140,144,2,2
line-vs-noline,blue,197,draw,round-limit,30,1,4,6,9,160,129,1,2
line-vs-noline,blue,198,draw,round-limit,30,1,2,4,15,149,141,0,1
line-vs-noline,blue,199,draw,round-limit,30,1,1,7,7,193,137,0,2
line-vs-noline,blue,200,draw,round-limit,30,1,6,7,16,155,117,2,2
line-vs-noline,red,1,draw,round-limit,30,1,7,7,16,126,173,2,1
line-vs-noline,red,2,draw,round-limit,30,1,8,3,17,146,165,3,1
line-vs-noline,red,3,draw,round-limit,30,1,7,6,10,101,152,1,2
line-vs-noline,red,4,draw,round-limit,30,1,1,0,5,126,134,1,0
line-vs-noline,red,5,draw,round-limit,30,1,4,6,10,172,190,1,1
line-vs-noline,red,6,draw,round-limit,30,1,6,11,9,133,180,1,3
line-vs-noline,red,7,draw,round-limit,30,1,2,2,10,128,136,1,0
line-vs-noline,red,8,draw,round-limit,30,1,7,5,12,132,159,0,1
line-vs-noline,red,9,draw,round-limit,30,1,6,5,11,136,150,1,1
line-vs-noline,red,10,draw,round-limit,30,1,7,8,7,128,163,1,2
line-vs-noline,red,11,draw,round-limit,30,1,5,3,12,125,146,2,1
line-vs-noline,red,12,draw,round-limit,30,1,3,5,9,100,157,1,2
line-vs-noline,red,13,draw,round-limit,30,1,4,3,7,119,137,2,2
line-vs-noline,red,14,draw,round-limit,30,1,4,2,8,140,139,0,0
line-vs-noline,red,15,draw,round-limit,30,1,5,2,9,135,201,1,0
line-vs-noline,red,16,draw,round-limit,30,2,9,5,11,106,145,2,1
line-vs-noline,red,17,draw,round-limit,30,2,6,3,9,124,169,2,1
line-vs-noline,red,18,draw,round-limit,30,3,4,8,5,113,190,1,1
line-vs-noline,red,19,draw,round-limit,30,3,7,6,3,137,175,2,0
line-vs-noline,red,20,draw,round-limit,30,1,5,3,9,120,174,1,0
line-vs-noline,red,21,draw,round-limit,30,1,4,7,13,131,162,1,1
line-vs-noline,red,22,draw,round-limit,30,1,5,5,13,97,171,1,2
line-vs-noline,red,23,draw,round-limit,30,1,6,2,8,127,172,3,0
line-vs-noline,red,24,draw,round-limit,30,1,4,3,8,149,190,1,1
line-vs-noline,red,25,draw,round-limit,30,1,5,2,7,137,145,1,1
line-vs-noline,red,26,draw,round-limit,30,1,5,4,20,133,173,1,1
line-vs-noline,red,27,draw,round-limit,30,1,4,4,8,115,164,2,1
line-vs-noline,red,28,draw,round-limit,30,0,3,1,10,130,147,1,1
line-vs-noline,red,29,draw,round-limit,30,1,5,1,4,123,174,1,0
line-vs-noline,red,30,draw,round-limit,30,1,5,6,11,151,170,2,1
line-vs-noline,red,31,draw,round-limit,30,1,4,4,2,119,161,2,1
line-vs-noline,red,32,draw,round-limit,30,1,6,4,7,133,124,1,1
line-vs-noline,red,33,draw,round-limit,30,1,4,2,4,104,142,1,1
line-vs-noline,red,34,draw,round-limit,30,1,3,2,4,153,151,1,1
line-vs-noline,red,35,draw,round-limit,30,2,7,4,9,154,167,3,0
line-vs-noline,red,36,draw,round-limit,30,1,6,5,7,144,122,3,1
line-vs-noline,red,37,draw,round-limit,30,1,5,3,8,136,157,3,0
line-vs-noline,red,38,draw,round-limit,30,0,4,4,7,146,139,1,0
line-vs-noline,red,39,draw,round-limit,30,1,4,5,6,147,174,1,1
line-vs-noline,red,40,draw,round-limit,30,1,4,3,10,129,135,2,1
line-vs-noline,red,41,draw,round-limit,30,1,5,4,8,105,161,2,1
line-vs-noline,red,42,draw,round-limit,30,1,4,5,8,134,142,1,1
line-vs-noline,red,43,draw,round-limit,30,1,4,4,10,159,174,1,2
line-vs-noline,red,44,draw,round-limit,30,1,3,6,6,145,183,0,2
line-vs-noline,red,45,draw,round-limit,30,1,7,2,4,160,163,3,0
line-vs-noline,red,46,draw,round-limit,30,1,6,2,7,130,174,1,1
line-vs-noline,red,47,draw,round-limit,30,2,2,5,12,64,107,1,0
line-vs-noline,red,48,draw,round-limit,30,1,4,3,11,151,162,1,0
line-vs-noline,red,49,draw,round-limit,30,2,3,1,7,95,101,1,0
line-vs-noline,red,50,draw,round-limit,30,1,3,3,9,126,161,1,0
line-vs-noline,red,51,draw,round-limit,30,1,6,2,8,126,178,2,0
line-vs-noline,red,52,draw,round-limit,30,1,7,4,10,148,146,1,1
line-vs-noline,red,53,draw,round-limit,30,1,3,2,15,131,146,1,0
line-vs-noline,red,54,draw,round-limit,30,1,2,6,8,131,124,1,1
line-vs-noline,red,55,draw,round-limit,30,1,2,5,5,164,163,0,1
line-vs-noline,red,56,draw,round-limit,30,1,4,2,5,152,141,0,0
line-vs-noline,red,57,draw,round-limit,30,1,6,2,14,110,150,2,1
line-vs-noline,red,58,draw,round-limit,30,1,4,5,5,146,173,1,1
line-vs-noline,red,59,draw,round-limit,30,1,2,1,5,99,137,1,0
line-vs-noline,red,60,draw,round-limit,30,1,4,9,3,134,146,2,3
line-vs-noline,red,61,draw,round-limit,30,2,3,3,9,117,152,1,0
line-vs-noline,red,62,draw,round-limit,30,1,6,5,8,97,142,2,1
line-vs-noline,red,63,draw,round-limit,30,1,1,3,6,117,155,0,0
line-vs-noline,red,64,draw,round-limit,30,1,3,4,7,167,164,1,2
line-vs-noline,red,65,draw,round-limit,30,1,3,4,10,122,178,0,1
line-vs-noline,red,66,draw,round-limit,30,1,2,3,8,139,135,1,1
line-vs-noline,red,67,draw,round-limit,30,1,6,4,5,132,192,3,1
line-vs-noline,red,68,draw,round-limit,30,2,7,4,9,114,179,2,2
line-vs-noline,red,69,draw,round-limit,30,0,4,3,10,169,177,1,1
line-vs-noline,red,70,draw,round-limit,30,3,7,5,12,125,156,2,1
line-vs-noline,red,71,draw,round-limit,30,1,5,6,9,135,151,2,1
line-vs-noline,red,72,draw,round-limit,30,2,5,3,12,135,171,1,1
line-vs-noline,red,73,draw,round-limit,30,1,6,5,12,135,160,1,1
line-vs-noline,red,74,draw,round-limit,30,1,8,7,5,168,179,2,0
line-vs-noline,red,75,draw,round-limit,30,1,3,3,9,168,184,1,1
line-vs-noline,red,76,draw,round-limit,30,1,5,7,6,112,149,1,1
line-vs-noline,red,77,draw,round-limit,30,1,1,4,11,129,157,0,2
line-vs-noline,red,78,draw,round-limit,30,1,4,3,14,124,173,1,1
line-vs-noline,red,79,draw,round-limit,30,1,3,1,4,112,122,1,0
line-vs-noline,red,80,draw,round-limit,30,1,6,4,10,158,168,2,2
line-vs-noline,red,81,draw,round-limit,30,1,7,3,17,108,159,1,2
line-vs-noline,red,82,draw,round-limit,30,2,4,3,3,133,167,1,0
line-vs-noline,red,83,draw,round-limit,30,1,6,2,13,147,202,1,1
line-vs-noline,red,84,draw,round-limit,30,1,6,7,11,144,152,2,1
line-vs-noline,red,85,draw,round-limit,30,1,3,2,13,111,163,1,0
line-vs-noline,red,86,draw,round-limit,30,1,2,4,7,151,175,0,0
line-vs-noline,red,87,draw,round-limit,30,1,5,4,8,151,169,2,1
line-vs-noline,red,88,draw,round-limit,30,1,5,2,12,141,165,1,1
line-vs-noline,red,89,draw,round-limit,30,2,6,5,8,148,150,1,1
line-vs-noline,red,90,draw,round-limit,30,1,6,5,16,117,152,1,1
line-vs-noline,red,91,draw,round-limit,30,1,1,7,13,131,184,0,1
line-vs-noline,red,92,draw,round-limit,30,1,5,6,8,99,159,1,1
line-vs-noline,red,93,draw,round-limit,30,1,4,4,12,110,145,0,2
line-vs-noline,red,94,draw,round-limit,30,1,6,2,3,135,142,2,1
line-vs-noline,red,95,draw,round-limit,30,1,4,6,1,134,177,1,1
line-vs-noline,red,96,draw,round-limit,30,1,6,2,12,159,166,2,0
line-vs-noline,red,97,draw,round-limit,30,1,3,2,6,97,164,1,0
line-vs-noline,red,98,draw,round-limit,30,1,3,3,8,124,139,2,1
line-vs-noline,red,99,draw,round-limit,30,1,4,10,8,105,112,1,2
line-vs-noline,red,100,draw,round-limit,30,1,3,1,14,128,119,1,1
line-vs-noline,red,101,draw,round-limit,30,1,1,1,3,152,114,0,0
line-vs-noline,red,102,draw,round-limit,30,0,4,6,9,150,194,1,3
line-vs-noline,red,103,draw,round-limit,30,1,7,5,7,115,137,2,1
line-vs-noline,red,104,draw,round-limit,30,2,8,5,13,150,152,2,1
line-vs-noline,red,105,draw,round-limit,30,1,3,5,9,147,153,1,1
line-vs-noline,red,106,draw,round-limit,30,1,5,3,7,153,168,1,0
line-vs-noline,red,107,draw,round-limit,30,1,3,2,2,149,152,0,1
line-vs-noline,red,108,draw,round-limit,30,0,2,3,3,152,169,0,0
line-vs-noline,red,109,draw,round-limit,30,1,5,3,6,135,179,2,1
line-vs-noline,red,110,draw,round-limit,30,2,4,2,8,98,120,1,1
line-vs-noline,red,111,draw,round-limit,30,1,3,1,6,173,135,1,0
line-vs-noline,red,112,draw,round-limit,30,1,13,5,13,152,158,2,1
line-vs-noline,red,113,draw,round-limit,30,1,5,3,9,124,161,2,1
line-vs-noline,red,114,draw,round-limit,30,0,3,6,7,124,146,1,1
line-vs-noline,red,115,draw,round-limit,30,1,3,3,8,157,161,1,0
line-vs-noline,red,116,draw,round-limit,30,1,1,1,9,145,160,0,0
line-vs-noline,red,117,draw,round-limit,30,0,7,1,6,125,184,2,0
line-vs-noline,red,118,draw,round-limit,30,0,6,5,5,142,138,1,1
line-vs-noline,red,119,draw,round-limit,30,2,4,1,4,166,145,1,0
line-vs-noline,red,120,draw,round-limit,30,0,7,5,2,163,142,2,0
line-vs-noline,red,121,draw,round-limit,30,1,5,3,6,115,104,1,1
line-vs-noline,red,122,draw,round-limit,30,1,3,1,6,161,132,1,1
line-vs-noline,red,123,draw,round-limit,30,1,5,9,9,151,177,0,2
line-vs-noline,red,124,draw,round-limit,30,3,6,3,8,140,184,2,1
line-vs-noline,red,125,draw,round-limit,30,1,5,3,9,79,198,1,1
line-vs-noline,red,126,draw,round-limit,30,2,1,3,5,83,156,1,1
line-vs-noline,red,127,draw,round-limit,30,1,6,3,3,149,162,3,1
line-vs-noline,red,128,draw,round-limit,30,2,6,5,5,146,163,2,1
line-vs-noline,red,129,draw,round-limit,30,1,5,3,15,138,138,1,1
line-vs-noline,red,130,draw,round-limit,30,1,7,3,11,105,157,3,1
line-vs-noline,red,131,draw,round-limit,30,0,6,4,14,122,154,2,2
line-vs-noline,red,132,draw,round-limit,30,1,5,6,17,121,149,2,1
line-vs-noline,red,133,draw,round-limit,30,1,4,5,4,130,136,2,1
line-vs-noline,red,134,draw,round-limit,30,1,5,5,17,128,192,1,2
line-vs-noline,red,135,draw,round-limit,30,1,2,0,9,111,162,0,0
line-vs-noline,red,136,draw,round-limit,30,1,5,2,9,123,166,2,1
line-vs-noline,red,137,draw,round-limit,30,1,4,4,14,114,168,2,1
line-vs-noline,red,138,draw,round-limit,30,1,4,2,7,171,155,2,1
line-vs-noline,red,139,draw,round-limit,30,1,6,6,11,138,140,2,2
line-vs-noline,red,140,draw,round-limit,30,1,7,6,11,133,175,2,2
line-vs-noline,red,141,draw,round-limit,30,1,4,14,13,141,159,1,1
line-vs-noline,red,142,draw,round-limit,30,1,6,1,9,136,156,2,0
line-vs-noline,red,143,draw,round-limit,30,1,6,3,9,104,133,2,1
line-vs-noline,red,144,draw,round-limit,30,1,7,4,8,102,202,1,1
line-vs-noline,red,145,draw,round-limit,30,2,5,3,13,118,171,1,2
line-vs-noline,red,146,draw,round-limit,30,2,5,8,9,149,178,1,1
line-vs-noline,red,147,draw,round-limit,30,1,2,2,8,114,159,0,0
line-vs-noline,red,148,draw,round-limit,30,1,7,3,11,118,155,2,1
line-vs-noline,red,149,draw,round-limit,30,1,4,1,6,124,150,1,0
line-vs-noline,red,150,draw,round-limit,30,1,5,5,21,113,152,1,1
line-vs-noline,red,151,draw,round-limit,30,1,5,5,14,128,198,1,1
line-vs-noline,red,152,draw,round-limit,30,1,4,2,10,124,161,1,1
line-vs-noline,red,153,draw,round-limit,30,1,5,2,12,96,152,2,0
line-vs-noline,red,154,draw,round-limit,30,2,5,9,7,115,164,1,1
line-vs-noline,red,155,draw,round-limit,30,3,4,3,13,135,162,0,0
line-vs-noline,red,156,draw,round-limit,30,2,4,6,12,137,157,1,1
line-vs-noline,red,157,draw,round-limit,30,1,4,4,7,133,164,0,1
line-vs-noline,red,158,draw,round-limit,30,0,0,1,12,130,145,0,0
line-vs-noline,red,159,draw,round-limit,30,0,3,3,11,152,192,1,1
line-vs-noline,red,160,draw,round-limit,30,1,8,12,15,131,154,2,1
line-vs-noline,red,161,draw,round-limit,30,2,7,4,7,119,179,1,2
line-vs-noline,red,162,draw,round-limit,30,1,4,3,9,149,134,1,1
line-vs-noline,red,163,draw,round-limit,30,1,3,4,11,123,204,0,1
line-vs-noline,red,164,draw,round-limit,30,1,3,5,10,104,124,0,1
line-vs-noline,red,165,draw,round-limit,30,1,0,2,4,149,138,0,0
line-vs-noline,red,166,draw,round-limit,30,2,6,4,7,82,140,1,1
line-vs-noline,red,167,draw,round-limit,30,7,6,4,9,162,180,1,1
line-vs-noline,red,168,draw,round-limit,30,2,3,2,4,113,168,1,0
line-vs-noline,red,169,draw,round-limit,30,1,1,0,7,124,140,0,0
line-vs-noline,red,170,draw,round-limit,30,1,6,0,3,137,163,1,0
line-vs-noline,red,171,draw,round-limit,30,1,4,4,9,126,160,2,1
line-vs-noline,red,172,draw,round-limit,30,1,6,4,12,172,167,2,0
line-vs-noline,red,173,draw,round-limit,30,1,4,2,6,111,194,1,0
line-vs-noline,red,174,draw,round-limit,30,1,2,2,3,121,160,0,2
line-vs-noline,red,175,draw,round-limit,30,1,5,6,11,147,143,2,2
line-vs-noline,red,176,draw,round-limit,30,2,2,3,11,139,134,1,1
line-vs-noline,red,177,draw,round-limit,30,2,4,3,8,118,144,1,0
line-vs-noline,red,178,draw,round-limit,30,1,5,3,12,107,154,2,1
line-vs-noline,red,179,draw,round-limit,30,1,3,9,16,148,138,0,2
line-vs-noline,red,180,draw,round-limit,30,0,3,5,8,128,136,1,1
line-vs-noline,red,181,draw,round-limit,30,1,5,4,7,113,138,3,2
line-vs-noline,red,182,draw,round-limit,30,0,4,3,9,146,178,1,0
line-vs-noline,red,183,draw,round-limit,30,1,3,2,15,131,196,1,0
line-vs-noline,red,184,draw,round-limit,30,0,4,5,6,155,151,1,1
line-vs-noline,red,185,draw,round-limit,30,1,6,5,5,108,152,2,2
line-vs-noline,red,186,a,keep-captured,20,2,7,8,6,100,100,1,1
line-vs-noline,red,187,draw,round-limit,30,2,4,1,11,132,116,1,0
line-vs-noline,red,188,draw,round-limit,30,1,4,5,3,172,170,2,1
line-vs-noline,red,189,draw,round-limit,30,2,7,6,12,157,162,2,2
line-vs-noline,red,190,draw,round-limit,30,1,4,4,5,143,144,1,1
line-vs-noline,red,191,draw,round-limit,30,1,5,8,4,131,167,1,3
line-vs-noline,red,192,draw,round-limit,30,3,5,6,9,133,158,1,1
line-vs-noline,red,193,draw,round-limit,30,1,5,5,13,128,162,1,1
line-vs-noline,red,194,draw,round-limit,30,1,9,7,11,129,153,3,3
line-vs-noline,red,195,draw,round-limit,30,1,4,6,17,141,129,0,2
line-vs-noline,red,196,draw,round-limit,30,2,6,3,9,125,138,2,1
line-vs-noline,red,197,draw,round-limit,30,1,2,2,5,120,169,0,1
line-vs-noline,red,198,draw,round-limit,30,1,5,8,11,175,158,2,3
line-vs-noline,red,199,draw,round-limit,30,1,5,5,10,120,153,1,2
line-vs-noline,red,200,draw,round-limit,30,1,8,4,12,125,208,2,2
mirror,blue,1,draw,round-limit,30,1,3,3,7,135,109,0,1
mirror,blue,2,draw,round-limit,30,1,5,2,8,180,131,1,0
mirror,blue,3,draw,round-limit,30,1,2,6,8,172,100,0,1
mirror,blue,4,draw,round-limit,30,1,1,0,7,134,116,0,0
mirror,blue,5,draw,round-limit,30,1,4,5,8,172,152,2,2
mirror,blue,6,draw,round-limit,30,1,3,3,5,147,116,2,1
mirror,blue,7,draw,round-limit,30,1,2,2,9,134,128,0,1
mirror,blue,8,draw,round-limit,30,1,5,6,9,150,133,1,1
mirror,blue,9,draw,round-limit,30,1,5,6,9,143,142,1,1
mirror,blue,10,draw,round-limit,30,1,4,6,16,167,120,1,2
mirror,blue,11,draw,round-limit,30,1,5,6,10,157,138,2,2
mirror,blue,12,draw,round-limit,30,1,5,4,11,141,119,1,2
mirror,blue,13,draw,round-limit,30,1,0,6,11,199,104,0,2
mirror,blue,14,draw,round-limit,30,1,2,4,8,147,138,0,0
mirror,blue,15,draw,round-limit,30,1,1,4,5,164,131,0,1
mirror,blue,16,draw,round-limit,30,1,1,5,7,141,125,0,1
mirror,blue,17,draw,round-limit,30,2,2,5,4,181,114,0,1
mirror,blue,18,draw,round-limit,30,1,3,5,5,143,131,1,2
mirror,blue,19,draw,round-limit,30,1,2,5,5,166,147,0,2
mirror,blue,20,draw,round-limit,30,1,3,5,4,173,120,0,1
mirror,blue,21,draw,round-limit,30,1,4,6,8,145,134,0,2
mirror,blue,22,draw,round-limit,30,1,4,4,6,167,97,1,1
mirror,blue,23,draw,round-limit,30,1,6,6,4,169,134,2,2
mirror,blue,24,draw,round-limit,30,1,3,4,6,195,149,1,1
mirror,blue,25,draw,round-limit,30,1,2,6,3,164,161,0,2
mirror,blue,26,draw,round-limit,30,1,6,5,8,150,142,1,2
mirror,blue,27,draw,round-limit,30,1,4,3,15,172,139,2,1
mirror,blue,28,draw,round-limit,30,0,2,3,4,148,111,1,1
mirror,blue,29,draw,round-limit,30,1,5,7,8,178,139,1,2
mirror,blue,30,draw,round-limit,30,1,2,4,8,157,165,0,1
mirror,blue,31,draw,round-limit,30,1,5,6,9,171,133,2,2
mirror,blue,32,draw,round-limit,30,2,0,3,10,104,104,0,0
mirror,blue,33,draw,round-limit,30,1,2,4,8,139,105,1,1
mirror,blue,34,draw,round-limit,30,2,3,4,6,149,141,1,2
mirror,blue,35,draw,round-limit,30,2,4,7,3,159,154,0,3
mirror,blue,36,draw,round-limit,30,1,0,3,11,143,142,0,2
mirror,blue,37,draw,round-limit,30,1,4,6,9,187,147,1,3
mirror,blue,38,draw,round-limit,30,0,4,5,11,139,151,0,2
mirror,blue,39,draw,round-limit,30,1,3,5,2,177,158,1,2
mirror,blue,40,draw,round-limit,30,1,2,3,12,129,125,1,1
mirror,blue,41,draw,round-limit,30,1,3,5,6,150,102,1,2
mirror,blue,42,draw,round-limit,30,1,8,5,12,159,145,1,1
mirror,blue,43,draw,round-limit,30,1,2,4,7,177,161,1,1
mirror,blue,44,draw,round-limit,30,1,3,6,8,166,129,1,2
mirror,blue,45,draw,round-limit,30,1,3,6,12,166,160,1,2
mirror,blue,46,draw,round-limit,30,1,2,4,5,173,145,1,1
mirror,blue,47,draw,round-limit,30,1,3,2,15,123,69,0,1
mirror,blue,48,draw,round-limit,30,1,2,4,10,147,133,1,1
mirror,blue,49,draw,round-limit,30,2,1,3,8,101,95,0,1
mirror,blue,50,draw,round-limit,30,1,3,3,12,161,126,0,1
mirror,blue,51,draw,round-limit,30,1,4,4,12,181,116,2,1
mirror,blue,52,draw,round-limit,30,1,3,5,17,168,146,0,2
mirror,blue,53,draw,round-limit,30,1,4,2,16,125,60,1,0
mirror,blue,54,draw,round-limit,30,1,4,2,13,116,134,0,1
mirror,blue,55,draw,round-limit,30,1,5,4,7,160,142,0,1
mirror,blue,56,draw,round-limit,30,0,1,4,12,142,147,0,0
mirror,blue,57,draw,round-limit,30,1,3,3,13,159,133,2,1
mirror,blue,58,draw,round-limit,30,1,5,6,10,172,149,2,2
mirror,blue,59,draw,round-limit,30,1,1,3,13,111,91,0,1
mirror,blue,60,draw,round-limit,30,1,1,4,10,120,133,0,2
mirror,blue,61,draw,round-limit,30,2,3,7,6,180,148,1,2
mirror,blue,62,draw,round-limit,30,2,4,4,6,148,96,1,2
mirror,blue,63,draw,round-limit,30,1,3,1,6,155,117,0,0
mirror,blue,64,draw,round-limit,30,1,3,4,8,165,179,1,1
mirror,blue,65,draw,round-limit,30,1,4,3,9,174,122,1,0
mirror,blue,66,draw,round-limit,30,1,3,2,4,136,139,1,1
mirror,blue,67,a,keep-captured,30,2,4,5,13,163,142,0,2
mirror,blue,68,draw,round-limit,30,1,3,7,19,175,123,1,1
mirror,blue,69,draw,round-limit,30,0,3,4,6,168,167,1,1
mirror,blue,70,draw,round-limit,30,3,3,5,6,160,175,1,1
mirror,blue,71,draw,round-limit,30,1,3,6,19,129,129,1,2
mirror,blue,72,draw,round-limit,30,1,4,7,7,178,135,0,3
mirror,blue,73,draw,round-limit,30,1,3,6,10,167,140,2,2
mirror,blue,74,draw,round-limit,30,1,4,4,5,152,163,1,1
mirror,blue,75,draw,round-limit,30,1,4,4,5,181,171,1,2
mirror,blue,76,draw,round-limit,30,1,5,3,15,147,126,1,1
mirror,blue,77,draw,round-limit,30,1,3,2,2,163,134,2,1
mirror,blue,78,draw,round-limit,30,0,3,6,11,174,147,1,2
mirror,blue,79,draw,round-limit,30,1,2,5,11,140,138,0,1
mirror,blue,80,draw,round-limit,30,1,2,4,14,153,145,1,2
mirror,blue,81,draw,round-limit,30,1,2,6,5,165,134,1,1
mirror,blue,82,draw,round-limit,30,1,4,6,8,132,145,1,1
mirror,blue,83,draw,round-limit,30,1,1,4,3,192,151,0,1
mirror,blue,84,draw,round-limit,30,1,4,5,11,166,141,1,1
mirror,blue,85,draw,round-limit,30,1,2,3,12,161,111,0,1
mirror,blue,86,a,keep-captured,14,1,2,2,3,70,58,0,0
mirror,blue,87,draw,round-limit,30,1,5,4,5,180,152,0,1
mirror,blue,88,draw,round-limit,30,1,2,6,11,169,132,1,2
mirror,blue,89,draw,round-limit,30,1,3,7,17,153,146,1,1
mirror,blue,90,draw,round-limit,30,1,2,5,6,186,141,1,1
mirror,blue,91,draw,round-limit,30,1,7,5,8,191,130,1,1
mirror,blue,92,draw,round-limit,30,1,2,4,6,131,74,1,1
mirror,blue,93,draw,round-limit,30,1,4,4,0,141,119,1,1
mirror,blue,94,draw,round-limit,30,1,1,4,9,151,121,0,1
mirror,blue,95,draw,round-limit,30,1,3,4,8,187,148,0,2
mirror,blue,96,draw,round-limit,30,1,4,6,13,151,171,0,2
mirror,blue,97,draw,round-limit,30,1,1,3,5,171,95,0,1
mirror,blue,98,draw,round-limit,30,1,2,3,6,141,128,1,2
mirror,blue,99,draw,round-limit,30,1,6,7,6,125,108,1,2
mirror,blue,100,draw,round-limit,30,1,3,3,6,120,126,1,1
mirror,blue,101,draw,round-limit,30,2,3,2,10,127,146,0,0
mirror,blue,102,draw,round-limit,30,1,4,4,11,183,148,1,1
mirror,blue,103,draw,round-limit,30,1,5,5,12,132,127,1,1
mirror,blue,104,draw,round-limit,30,2,5,9,4,144,161,1,2
mirror,blue,105,draw,round-limit,30,1,4,6,5,161,155,1,2
mirror,blue,106,draw,round-limit,30,2,3,6,7,172,147,0,2
mirror,blue,107,draw,round-limit,30,1,1,1,6,140,113,0,0
mirror,blue,108,draw,round-limit,30,1,5,4,3,164,139,0,1
mirror,blue,109,draw,round-limit,30,1,2,2,5,147,123,0,1
mirror,blue,110,draw,round-limit,30,2,7,3,5,134,121,0,1
mirror,blue,111,draw,round-limit,30,1,1,4,9,131,166,0,1
mirror,blue,112,draw,round-limit,30,1,4,6,12,126,145,1,2
mirror,blue,113,draw,round-limit,30,2,2,4,10,139,110,0,1
mirror,blue,114,draw,round-limit,30,1,4,1,10,133,95,1,0
mirror,blue,115,draw,round-limit,30,1,5,6,16,167,155,2,1
mirror,blue,116,draw,round-limit,30,1,4,1,10,173,139,1,0
mirror,blue,117,draw,round-limit,30,1,3,4,13,202,175,0,2
mirror,blue,118,draw,round-limit,30,1,1,4,9,136,122,1,1
mirror,blue,119,draw,round-limit,30,1,0,7,13,167,134,0,2
mirror,blue,120,draw,round-limit,30,0,2,4,6,167,158,0,1
mirror,blue,121,draw,round-limit,30,1,6,3,14,111,122,2,0
mirror,blue,122,draw,round-limit,30,1,5,3,10,138,170,1,1
mirror,blue,123,draw,round-limit,30,1,4,4,6,173,145,2,1
mirror,blue,124,draw,round-limit,30,2,2,6,10,145,127,0,2
mirror,blue,125,draw,round-limit,30,2,3,8,4,199,139,2,2
mirror,blue,126,draw,round-limit,30,1,3,3,5,167,94,1,1
mirror,blue,127,draw,round-limit,30,1,5,7,12,163,125,2,2
mirror,blue,128,draw,round-limit,30,1,2,4,5,170,138,0,1
mirror,blue,129,draw,round-limit,30,1,3,5,10,137,138,1,1
mirror,blue,130,draw,round-limit,30,1,6,6,10,156,128,2,2
mirror,blue,131,draw,round-limit,30,1,4,5,11,152,118,1,1
mirror,blue,132,draw,round-limit,30,1,4,5,9,152,128,2,1
mirror,blue,133,draw,round-limit,30,1,1,5,10,123,120,0,2
mirror,blue,134,draw,round-limit,30,2,3,3,7,188,119,1,1
mirror,blue,135,draw,round-limit,30,1,0,2,8,161,112,0,0
mirror,blue,136,draw,round-limit,30,1,5,5,10,163,147,2,2
mirror,blue,137,draw,round-limit,30,1,2,3,9,166,141,0,1
mirror,blue,138,draw,round-limit,30,1,1,3,4,180,148,0,0
mirror,blue,139,draw,round-limit,30,1,3,6,8,141,109,0,2
mirror,blue,140,draw,round-limit,30,2,2,4,3,188,139,1,1
mirror,blue,141,draw,round-limit,30,1,12,5,8,160,152,3,2
mirror,blue,142,draw,round-limit,30,1,2,5,5,148,141,0,1
mirror,blue,143,draw,round-limit,30,1,4,4,17,184,123,1,1
mirror,blue,144,draw,round-limit,30,3,2,8,5,201,121,0,1
mirror,blue,145,draw,round-limit,30,1,2,4,1,166,144,1,1
mirror,blue,146,draw,round-limit,30,1,6,7,4,150,157,1,1
mirror,blue,147,draw,round-limit,30,1,4,4,5,162,173,0,1
mirror,blue,148,draw,round-limit,30,1,1,7,8,132,109,0,2
mirror,blue,149,draw,round-limit,30,1,1,3,12,133,126,0,2
mirror,blue,150,draw,round-limit,30,5,9,5,12,171,162,2,2
mirror,blue,151,draw,round-limit,30,1,4,4,13,176,119,1,2
mirror,blue,152,draw,round-limit,30,0,4,5,11,141,131,2,2
mirror,blue,153,draw,round-limit,30,1,1,6,13,126,115,0,2
mirror,blue,154,draw,round-limit,30,1,5,5,6,116,105,1,1
mirror,blue,155,draw,round-limit,30,1,4,5,15,150,141,1,2
mirror,blue,156,draw,round-limit,30,1,4,4,5,172,136,1,1
mirror,blue,157,draw,round-limit,30,1,2,5,10,183,144,0,1
mirror,blue,158,draw,round-limit,30,0,1,0,6,145,130,0,0
mirror,blue,159,draw,round-limit,30,1,3,3,7,160,140,0,2
mirror,blue,160,draw,round-limit,30,1,9,7,13,146,130,3,2
mirror,blue,161,draw,round-limit,30,1,3,5,3,182,125,1,1
mirror,blue,162,draw,round-limit,30,1,3,4,6,131,149,1,1
mirror,blue,163,draw,round-limit,30,1,3,2,3,189,148,1,0
mirror,blue,164,draw,round-limit,30,1,6,4,7,151,123,2,1
mirror,blue,165,draw,round-limit,30,1,2,0,10,130,149,0,0
mirror,blue,166,draw,round-limit,30,1,4,8,8,148,127,1,1
mirror,blue,167,draw,round-limit,30,3,2,6,9,191,136,1,2
mirror,blue,168,draw,round-limit,30,1,1,6,4,175,117,0,2
mirror,blue,169,draw,round-limit,30,1,4,3,5,154,119,1,1
mirror,blue,170,draw,round-limit,30,1,1,9,6,166,159,0,1
mirror,blue,171,draw,round-limit,30,1,0,5,8,161,130,0,1
mirror,blue,172,draw,round-limit,30,1,4,5,8,179,165,1,1
mirror,blue,173,draw,round-limit,30,1,6,5,7,143,134,2,3
mirror,blue,174,draw,round-limit,30,1,6,4,16,143,145,1,1
mirror,blue,175,draw,round-limit,30,2,2,4,6,201,119,0,1
mirror,blue,176,draw,round-limit,30,1,6,3,13,128,162,2,0
mirror,blue,177,draw,round-limit,30,2,2,4,10,149,120,0,1
mirror,blue,178,draw,round-limit,30,1,6,4,5,150,99,2,1
mirror,blue,179,draw,round-limit,30,2,3,3,9,150,132,1,0
mirror,blue,180,draw,round-limit,30,1,7,6,10,133,161,1,2
mirror,blue,181,draw,round-limit,30,1,3,3,4,129,112,1,1
mirror,blue,182,draw,round-limit,30,1,1,5,7,199,159,0,2
mirror,blue,183,draw,round-limit,30,1,2,3,8,194,131,0,1
mirror,blue,184,draw,round-limit,30,0,3,4,16,138,173,1,0
mirror,blue,185,draw,round-limit,30,1,2,6,10,140,106,1,2
mirror,blue,186,draw,round-limit,30,1,5,5,10,142,129,2,1
mirror,blue,187,draw,round-limit,30,2,1,4,9,116,132,0,1
mirror,blue,188,draw,round-limit,30,1,5,3,8,142,166,1,1
mirror,blue,189,draw,round-limit,30,1,4,2,9,140,150,0,0
mirror,blue,190,draw,round-limit,30,1,2,6,13,148,144,1,1
mirror,blue,191,draw,round-limit,30,1,4,6,8,155,149,1,2
mirror,blue,192,draw,round-limit,30,1,5,3,8,156,131,1,1
mirror,blue,193,draw,round-limit,30,1,3,9,8,139,137,1,3
mirror,blue,194,draw,round-limit,30,1,6,4,10,150,126,2,2
mirror,blue,195,draw,round-limit,30,1,5,6,4,143,161,2,2
mirror,blue,196,draw,round-limit,30,1,4,4,10,127,145,2,1
mirror,blue,197,draw,round-limit,30,1,6,4,11,156,133,1,1
mirror,blue,198,draw,round-limit,30,1,4,5,16,149,163,1,1
mirror,blue,199,draw,round-limit,30,1,5,5,10,151,120,2,1
mirror,blue,200,draw,round-limit,30,1,3,5,16,137,108,1,1
base-mirror,blue,1,draw,round-limit,30,2,3,4,6,57,34,2,1
base-mirror,blue,2,draw,round-limit,30,1,3,5,7,46,37,2,2
base-mirror,blue,3,draw,round-limit,30,2,4,3,8,50,44,1,1
base-mirror,blue,4,draw,round-limit,30,1,3,5,9,58,42,1,2
base-mirror,blue,5,draw,round-limit,30,1,1,2,6,59,44,1,1
base-mirror,blue,6,draw,round-limit,30,1,2,1,3,24,18,1,1
base-mirror,blue,7,draw,round-limit,30,1,0,2,6,31,30,0,1
base-mirror,blue,8,draw,round-limit,30,1,3,4,10,32,30,2,2
base-mirror,blue,9,draw,round-limit,30,1,1,0,5,24,23,1,0
base-mirror,blue,10,draw,round-limit,30,1,4,3,6,41,40,2,1
base-mirror,blue,11,draw,round-limit,30,0,1,1,4,59,37,1,1
base-mirror,blue,12,draw,round-limit,30,1,6,6,5,53,41,1,2
base-mirror,blue,13,draw,round-limit,30,1,2,2,11,39,42,1,0
base-mirror,blue,14,draw,round-limit,30,1,2,1,8,33,36,1,1
base-mirror,blue,15,draw,round-limit,30,1,2,3,5,36,28,1,1
base-mirror,blue,16,draw,round-limit,30,1,1,4,4,42,36,1,2
base-mirror,blue,17,draw,round-limit,30,1,3,5,6,38,38,1,1
base-mirror,blue,18,draw,round-limit,30,1,3,5,8,53,35,2,2
base-mirror,blue,19,draw,round-limit,30,2,1,2,7,29,20,0,1
base-mirror,blue,20,draw,round-limit,30,1,2,2,7,36,29,1,0
base-mirror,blue,21,draw,round-limit,30,1,1,3,9,40,29,0,1
base-mirror,blue,22,draw,round-limit,30,1,5,5,7,47,42,1,3
base-mirror,blue,23,draw,round-limit,30,1,2,2,4,38,31,1,1
base-mirror,blue,24,draw,round-limit,30,1,0,2,4,25,27,0,1
base-mirror,blue,25,draw,round-limit,30,1,3,3,2,31,23,1,1
base-mirror,blue,26,draw,round-limit,30,1,3,2,8,40,32,1,1
base-mirror,blue,27,draw,round-limit,30,0,1,0,15,21,28,1,0
base-mirror,blue,28,draw,round-limit,30,1,7,4,6,40,44,1,1
base-mirror,blue,29,draw,round-limit,30,1,4,9,20,47,56,1,3
base-mirror,blue,30,draw,round-limit,30,1,4,5,8,40,31,2,1
base-mirror,blue,31,draw,round-limit,30,1,3,2,11,26,30,2,1
base-mirror,blue,32,draw,round-limit,30,1,2,4,3,49,32,1,2
base-mirror,blue,33,draw,round-limit,30,1,1,2,3,32,22,0,1
base-mirror,blue,34,draw,round-limit,30,1,1,6,7,57,40,1,2
base-mirror,blue,35,draw,round-limit,30,1,2,3,5,34,37,1,1
base-mirror,blue,36,draw,round-limit,30,1,2,5,15,50,42,1,2
base-mirror,blue,37,draw,round-limit,30,1,2,0,1,27,32,1,0
base-mirror,blue,38,draw,round-limit,30,1,1,1,6,26,29,1,1
base-mirror,blue,39,draw,round-limit,30,1,2,4,6,47,34,0,1
base-mirror,blue,40,draw,round-limit,30,2,2,4,11,36,31,1,1
base-mirror,blue,41,draw,round-limit,30,0,4,2,5,42,42,2,1
base-mirror,blue,42,draw,round-limit,30,1,4,5,11,54,45,2,3
base-mirror,blue,43,draw,round-limit,30,1,2,4,6,36,29,1,2
base-mirror,blue,44,draw,round-limit,30,1,1,2,9,38,45,1,1
base-mirror,blue,45,draw,round-limit,30,2,8,2,9,34,47,1,1
base-mirror,blue,46,draw,round-limit,30,1,3,3,6,50,48,1,2
base-mirror,blue,47,draw,round-limit,30,1,3,2,11,42,31,2,1
base-mirror,blue,48,draw,round-limit,30,1,1,1,12,27,37,1,0
base-mirror,blue,49,draw,round-limit,30,1,3,2,7,41,36,1,1
base-mirror,blue,50,draw,round-limit,30,1,1,0,8,21,29,1,0
base-mirror,blue,51,draw,round-limit,30,0,5,1,11,37,53,1,1
base-mirror,blue,52,draw,round-limit,30,1,1,0,11,18,8,1,0
base-mirror,blue,53,draw,round-limit,30,1,4,3,19,42,32,2,1
base-mirror,blue,54,draw,round-limit,30,1,7,5,8,55,46,3,1
base-mirror,blue,55,draw,round-limit,30,1,4,4,5,51,38,1,1
base-mirror,blue,56,draw,round-limit,30,1,5,2,13,41,51,3,1
base-mirror,blue,57,draw,round-limit,30,1,4,4,11,49,36,2,1
base-mirror,blue,58,draw,round-limit,30,0,2,5,13,41,48,1,2
base-mirror,blue,59,draw,round-limit,30,1,4,4,11,52,49,1,1
base-mirror,blue,60,draw,round-limit,30,1,5,5,10,50,50,1,1
base-mirror,blue,61,draw,round-limit,30,1,2,1,7,31,31,1,1
base-mirror,blue,62,draw,round-limit,30,1,1,1,3,29,23,1,1
base-mirror,blue,63,draw,round-limit,30,1,2,3,4,55,41,1,2
base-mirror,blue,64,draw,round-limit,30,1,0,2,4,46,36,0,1
base-mirror,blue,65,draw,round-limit,30,1,4,4,8,45,46,1,2
base-mirror,blue,66,draw,round-limit,30,1,3,3,4,64,52,1,1
base-mirror,blue,67,draw,round-limit,30,1,2,2,7,49,64,1,1
base-mirror,blue,68,draw,round-limit,30,2,3,3,16,28,43,2,1
base-mirror,blue,69,draw,round-limit,30,2,2,5,3,49,30,1,1
base-mirror,blue,70,draw,round-limit,30,1,1,2,8,37,39,0,1
base-mirror,blue,71,draw,round-limit,30,1,3,6,21,48,56,1,2
base-mirror,blue,72,draw,round-limit,30,1,4,5,9,54,54,2,2
base-mirror,blue,73,draw,round-limit,30,1,5,2,6,66,61,1,1
base-mirror,blue,74,draw,round-limit,30,2,3,5,6,44,41,1,1
base-mirror,blue,75,draw,round-limit,30,1,4,2,5,59,32,1,2
base-mirror,blue,76,draw,round-limit,30,1,0,2,8,43,47,0,1
base-mirror,blue,77,draw,round-limit,30,1,1,2,2,37,21,1,1
base-mirror,blue,78,draw,round-limit,30,1,1,3,5,42,29,1,2
base-mirror,blue,79,draw,round-limit,30,1,2,3,5,38,38,1,1
base-mirror,blue,80,draw,round-limit,30,2,2,3,10,46,51,1,1
base-mirror,blue,81,draw,round-limit,30,1,4,3,4,41,42,2,1
base-mirror,blue,82,draw,round-limit,30,2,3,2,11,42,51,1,1
base-mirror,blue,83,draw,round-limit,30,1,6,4,6,49,41,2,2
base-mirror,blue,84,draw,round-limit,30,0,4,1,10,35,40,1,1
base-mirror,blue,85,draw,round-limit,30,1,7,2,5,46,35,1,1
base-mirror,blue,86,draw,round-limit,30,1,7,2,3,46,45,1,1
base-mirror,blue,87,draw,round-limit,30,1,1,4,15,35,25,0,2
base-mirror,blue,88,draw,round-limit,30,1,3,5,12,44,39,2,2
base-mirror,blue,89,draw,round-limit,30,1,1,2,8,31,27,1,1
base-mirror,blue,90,draw,round-limit,30,1,3,3,7,35,32,2,1
base-mirror,blue,91,draw,round-limit,30,1,5,2,5,46,38,2,1
base-mirror,blue,92,draw,round-limit,30,1,2,2,11,40,35,1,1
base-mirror,blue,93,draw,round-limit,30,1,0,2,4,33,28,0,1
base-mirror,blue,94,draw,round-limit,30,1,0,2,8,35,28,0,1
base-mirror,blue,95,draw,round-limit,30,2,9,3,11,53,64,2,2
base-mirror,blue,96,draw,round-limit,30,1,1,0,18,39,33,1,0
base-mirror,blue,97,draw,round-limit,30,1,1,2,3,52,42,1,1
base-mirror,blue,98,draw,round-limit,30,3,5,1,6,32,33,1,1
base-mirror,blue,99,draw,round-limit,30,1,1,2,6,36,29,0,1
base-mirror,blue,100,draw,round-limit,30,1,2,6,8,50,43,2,1
base-mirror,blue,101,draw,round-limit,30,0,3,4,13,54,52,0,1
base-mirror,blue,102,draw,round-limit,30,1,2,4,9,49,36,1,1
base-mirror,blue,103,draw,round-limit,30,1,2,1,10,21,19,1,1
base-mirror,blue,104,draw,round-limit,30,1,6,4,6,47,33,1,2
base-mirror,blue,105,draw,round-limit,30,1,2,2,9,34,41,1,1
base-mirror,blue,106,draw,round-limit,30,1,7,2,6,54,44,1,1
base-mirror,blue,107,draw,round-limit,30,2,1,5,7,42,48,1,1
base-mirror,blue,108,draw,round-limit,30,1,2,3,3,33,27,1,1
base-mirror,blue,109,draw,round-limit,30,1,1,4,5,50,49,1,2
base-mirror,blue,110,draw,round-limit,30,1,3,6,5,44,36,2,2
base-mirror,blue,111,draw,round-limit,30,0,1,1,6,16,22,1,1
base-mirror,blue,112,draw,round-limit,30,1,0,3,14,51,25,0,2
base-mirror,blue,113,draw,round-limit,30,1,2,4,8,37,28,1,1
base-mirror,blue,114,draw,round-limit,30,2,4,5,12,57,63,2,2
base-mirror,blue,115,draw,round-limit,30,1,1,0,7,32,34,1,0
base-mirror,blue,116,draw,round-limit,30,2,4,5,6,61,42,2,1
base-mirror,blue,117,draw,round-limit,30,0,0,2,11,38,38,0,1
base-mirror,blue,118,draw,round-limit,30,1,5,2,5,33,31,2,2
base-mirror,blue,119,draw,round-limit,30,0,5,3,16,44,46,1,2
base-mirror,blue,120,draw,round-limit,30,2,5,7,5,58,46,2,1
base-mirror,blue,121,draw,round-limit,30,1,3,3,7,45,40,1,2
base-mirror,blue,122,draw,round-limit,30,1,6,6,7,52,37,2,2
base-mirror,blue,123,draw,round-limit,30,1,3,5,5,36,37,1,2
base-mirror,blue,124,draw,round-limit,30,1,2,2,6,22,16,1,1
base-mirror,blue,125,draw,round-limit,30,1,4,5,7,47,39,1,1
base-mirror,blue,126,draw,round-limit,30,1,2,2,7,36,35,1,2
base-mirror,blue,127,draw,round-limit,30,1,2,1,12,23,24,1,1
base-mirror,blue,128,draw,round-limit,30,1,0,2,8,39,30,0,1
base-mirror,blue,129,draw,round-limit,30,1,4,5,7,48,41,2,2
base-mirror,blue,130,draw,round-limit,30,1,2,4,9,26,29,1,2
base-mirror,blue,131,draw,round-limit,30,1,8,4,14,35,49,1,1
base-mirror,blue,132,draw,round-limit,30,1,2,2,7,33,26,1,1
base-mirror,blue,133,draw,round-limit,30,2,0,2,18,61,65,0,1
base-mirror,blue,134,draw,round-limit,30,1,3,4,5,69,40,1,2
base-mirror,blue,135,draw,round-limit,30,1,4,5,12,45,40,2,1
base-mirror,blue,136,draw,round-limit,30,1,3,2,5,57,35,2,1
base-mirror,blue,137,draw,round-limit,30,1,1,1,9,30,37,1,1
base-mirror,blue,138,draw,round-limit,30,1,2,3,6,51,42,2,2
base-mirror,blue,139,draw,round-limit,30,1,3,2,7,43,33,1,1
base-mirror,blue,140,draw,round-limit,30,1,2,4,11,40,39,0,1
base-mirror,blue,141,draw,round-limit,30,1,2,4,1,29,24,1,2
base-mirror,blue,142,draw,round-limit,30,1,1,2,5,38,26,0,1
base-mirror,blue,143,draw,round-limit,30,1,1,3,11,39,34,1,1
base-mirror,blue,144,draw,round-limit,30,1,1,1,12,21,25,1,1
base-mirror,blue,145,draw,round-limit,30,1,4,2,4,56,68,1,1
base-mirror,blue,146,draw,round-limit,30,1,3,4,3,46,25,1,2
base-mirror,blue,147,draw,round-limit,30,1,2,5,10,61,45,1,3
base-mirror,blue,148,draw,round-limit,30,1,2,2,5,45,26,1,1
base-mirror,blue,149,draw,round-limit,30,1,4,4,14,32,40,2,2
base-mirror,blue,150,draw,round-limit,30,1,1,0,10,31,31,1,0
base-mirror,blue,151,draw,round-limit,30,1,3,3,8,47,39,2,2
base-mirror,blue,152,draw,round-limit,30,1,3,4,4,55,52,2,2
base-mirror,blue,153,draw,round-limit,30,1,2,2,14,43,36,1,1
base-mirror,blue,154,draw,round-limit,30,1,2,3,6,39,26,1,2
base-mirror,blue,155,draw,round-limit,30,1,2,1,9,26,36,1,1
base-mirror,blue,156,draw,round-limit,30,1,0,2,4,39,31,0,1
base-mirror,blue,157,draw,round-limit,30,1,2,3,8,52,37,1,1
base-mirror,blue,158,draw,round-limit,30,1,2,1,9,54,45,1,1
base-mirror,blue,159,draw,round-limit,30,0,0,2,12,36,26,0,1
base-mirror,blue,160,draw,round-limit,30,2,5,5,11,40,34,3,2
base-mirror,blue,161,draw,round-limit,30,2,3,4,9,62,55,1,1
base-mirror,blue,162,draw,round-limit,30,1,2,1,6,40,39,1,1
base-mirror,blue,163,draw,round-limit,30,2,6,3,2,40,34,2,1
base-mirror,blue,164,draw,round-limit,30,1,2,5,11,48,40,1,2
base-mirror,blue,165,draw,round-limit,30,1,6,3,11,36,35,2,1
base-mirror,blue,166,draw,round-limit,30,1,1,0,4,31,31,1,0
base-mirror,blue,167,draw,round-limit,30,1,2,5,2,54,50,1,2
base-mirror,blue,168,draw,round-limit,30,2,3,3,8,32,31,1,1
base-mirror,blue,169,draw,round-limit,30,1,3,2,14,42,41,2,1
base-mirror,blue,170,draw,round-limit,30,1,4,1,14,24,35,2,1
base-mirror,blue,171,draw,round-limit,30,1,1,3,9,30,23,1,2
base-mirror,blue,172,draw,round-limit,30,1,1,2,5,30,30,1,1
base-mirror,blue,173,draw,round-limit,30,1,3,3,7,30,37,1,3
base-mirror,blue,174,draw,round-limit,30,1,1,3,10,31,28,1,3
base-mirror,blue,175,draw,round-limit,30,1,1,2,6,36,28,1,2
base-mirror,blue,176,draw,round-limit,30,1,5,5,14,40,29,1,1
base-mirror,blue,177,draw,round-limit,30,1,3,4,10,53,40,1,2
base-mirror,blue,178,draw,round-limit,30,1,3,3,2,42,37,1,1
base-mirror,blue,179,draw,round-limit,30,1,4,4,7,51,41,1,2
base-mirror,blue,180,draw,round-limit,30,1,3,3,10,53,48,2,1
base-mirror,blue,181,draw,round-limit,30,1,2,2,6,31,24,1,1
base-mirror,blue,182,draw,round-limit,30,0,3,2,7,51,24,1,1
base-mirror,blue,183,draw,round-limit,30,1,4,2,4,70,41,1,1
base-mirror,blue,184,draw,round-limit,30,0,1,4,12,33,40,1,2
base-mirror,blue,185,draw,round-limit,30,2,6,6,12,48,44,2,3
base-mirror,blue,186,draw,round-limit,30,1,3,2,9,25,33,2,1
base-mirror,blue,187,draw,round-limit,30,2,4,7,13,44,50,2,4
base-mirror,blue,188,draw,round-limit,30,0,1,2,12,30,23,0,1
base-mirror,blue,189,draw,round-limit,30,0,2,2,9,40,23,1,1
base-mirror,blue,190,draw,round-limit,30,1,1,1,12,28,33,1,1
base-mirror,blue,191,draw,round-limit,30,1,2,4,6,38,23,1,1
base-mirror,blue,192,draw,round-limit,30,0,2,2,4,38,29,1,1
base-mirror,blue,193,draw,round-limit,30,1,4,4,5,48,32,2,3
base-mirror,blue,194,draw,round-limit,30,1,2,5,9,36,42,1,1
base-mirror,blue,195,draw,round-limit,30,1,7,2,6,52,42,1,1
base-mirror,blue,196,draw,round-limit,30,1,8,6,8,52,52,2,2
base-mirror,blue,197,draw,round-limit,30,1,3,4,7,65,48,0,1
base-mirror,blue,198,draw,round-limit,30,0,5,4,13,52,33,2,1
base-mirror,blue,199,draw,round-limit,30,1,6,4,8,30,28,2,3
base-mirror,blue,200,draw,round-limit,30,1,5,2,12,28,26,3,2
